session_ID,trial_ID,subject_ID,cohort_ID,response_time_sec,response_decision,trial_condition,shape_description,angular_disparity,object_angles,thumbstick_angle,thumbstick_time_sec,action_count,action_angles,action_durations,first_action_onset,last_action_offset,action_time_intervals,vr_setup
2,0,0xFB,-1,1.737671,Match,Match,bbbdddrrb,0,"{'1': 217.10683158902316, '2': 217.10683158902316}",[],[],0.0,{},{},0.0,1.737671,{},Action
2,1,0xFB,-1,1.372925,Match,Match,uuuuubbul,0,"{'1': 334.0002298146077, '2': 334.0002298146077}",[],[],0.0,{},{},0.0,1.372925,{},Action
2,2,0xFB,-1,2.54248,Match,Match,lbbddllll,120,"{'1': 147.56902852488014, '2': 27.56902852488014}",[],[],0.0,{},{},0.0,2.54248,{},Action
2,3,0xFB,-1,10.05225,Match,Match,bdddllbbb,120,"{'1': 131.9737633310424, '2': 251.9737633310424}","[0.0, 2.53, 6.31, 10.21, 14.16, 18.27, 22.55, 26.9, 31.43, 36.09, 40.86, 45.66, 50.5, 55.41, 60.32, 65.25, 70.18, 75.11, 80.04, 84.97, 89.91, 94.85, 99.8, 104.76, 109.75, 114.75, 119.75, 124.75, 129.75, 134.75, 139.75, 144.75, 149.74, 154.74, 159.74, 164.74, 169.74, 174.74, 179.74, 184.73, 189.7, 194.62, 195.74, 195.74, 197.08, 200.05, 204.97, 209.88, 214.8, 219.71, 224.64, 229.57, 234.5, 239.44, 244.38, 249.34, 254.34, 256.34]","[7.385864, 7.39978, 7.41394, 7.427734, 7.441772, 7.4552, 7.46936, 7.483276, 7.496704, 7.510864, 7.524902, 7.538452, 7.552734, 7.56665, 7.580322, 7.593872, 7.608032, 7.621948, 7.635376, 7.65271, 7.663696, 7.67688, 7.691162, 7.705078, 7.71875, 7.733032, 7.746826, 7.760864, 7.774292, 7.788452, 7.802612, 7.815918, 7.830566, 7.844116, 7.857544, 7.871826, 7.885864, 7.899536, 7.913574, 7.927612, 7.941406, 7.954834, 8.941162, 8.955078, 8.969849, 8.983643, 8.996582, 9.011475, 9.02478, 9.038452, 9.052612, 9.066284, 9.080322, 9.093628, 9.107788, 9.121948, 9.135376, 9.149536]",2.0,"{'1': 165.37413387838527, '2': -59.25442682456239}","{'1': 0.5899999999999999, '2': 0.20000000000000107}",7.37,9.14,"{'1': {'start': 7.37, 'end': 7.96}, '2': {'start': 8.94, 'end': 9.14}}",Action
2,4,0xFB,-1,4.593872,Match,Match,bddrddddd,120,"{'1': 156.52053618903795, '2': 36.520536189037955}",[],[],0.0,{},{},0.0,4.593872,{},Action
2,5,0xFB,-1,5.864868,Match,Match,lbbddllll,60,"{'1': 74.39855280945892, '2': 14.39855280945892}",[],[],0.0,{},{},0.0,5.864868,{},Action
2,6,0xFB,-1,9.308594,Match,Match,bddddddrd,120,"{'1': 69.21344489697128, '2': 189.21344489697128}","[0.0, 3.75, 7.7, 11.7, 15.82, 20.04, 24.38, 28.78, 33.25, 37.86, 42.51, 47.2, 51.93, 56.65, 61.4, 66.16, 70.94, 75.73, 80.53, 85.33, 90.13, 94.93, 99.73, 104.53, 109.31, 114.09, 118.85, 123.59, 128.33, 133.07, 137.79, 142.52, 147.24, 151.96, 156.68, 161.4, 166.12, 170.77, 175.28, 179.67, 179.67, 180.23, 181.28, 182.75, 185.87, 190.48, 195.42, 200.33, 205.24, 210.15, 215.06, 219.97, 224.89, 229.83, 234.8, 239.68]","[5.6698, 5.68396, 5.697632, 5.71167, 5.725586, 5.739502, 5.75293, 5.767212, 5.781128, 5.794556, 5.808838, 5.822754, 5.836304, 5.850464, 5.86438, 5.878418, 5.891846, 5.906128, 5.920044, 5.933472, 5.947754, 5.961792, 5.97522, 5.989258, 6.003174, 6.016968, 6.031006, 6.044922, 6.05896, 6.072388, 6.086548, 6.100464, 6.114014, 6.128296, 6.142212, 6.155762, 6.169922, 6.183838, 6.19751, 7.475098, 7.489502, 7.50354, 7.517212, 7.531372, 7.545044, 7.55896, 7.572388, 7.58667, 7.600464, 7.614014, 7.628174, 7.642212, 7.655762, 7.6698, 7.683716, 7.697388]",2.0,"{'1': 175.28855604467168, '2': -56.71652001242806}","{'1': 0.54, '2': 0.20000000000000018}",5.66,7.69,"{'1': {'start': 5.66, 'end': 6.2}, '2': {'start': 7.49, 'end': 7.69}}",Action
2,7,0xFB,-1,10.58618,Match,Match,uubbbbruu,60,"{'1': 206.58551918301131, '2': 146.58551918301131}","[0.0, 3.58, 7.5, 11.55, 15.64, 19.8, 24.0, 28.24, 32.53, 36.87, 41.22, 45.63, 50.06, 54.49, 58.96, 63.45, 67.97, 72.54, 77.23, 82.14, 84.86, 85.98, 85.98, 85.98, 86.29, 87.33, 88.37, 90.64, 93.75, 97.09, 101.95, 106.82, 111.68, 116.54, 121.4, 126.26, 131.15, 136.06, 139.18, 141.51, 141.95, 139.64, 135.41, 130.41, 125.43, 120.45, 115.48, 110.52, 105.56, 100.62, 95.68, 90.75, 87.43]","[7.51709, 7.53125, 7.544922, 7.55896, 7.57312, 7.586426, 7.60083, 7.614746, 7.628296, 7.642334, 7.656128, 7.6698, 7.683838, 7.697754, 7.711792, 7.725098, 7.73938, 7.753296, 7.766724, 7.78125, 7.795044, 7.808472, 7.975464, 7.989258, 8.003418, 8.017456, 8.031494, 8.044678, 8.05896, 8.072876, 8.086182, 8.100586, 8.114624, 8.128052, 8.142212, 8.15625, 8.169556, 8.183838, 8.197754, 8.211792, 9.072876, 9.086548, 9.100586, 9.114502, 9.12793, 9.142456, 9.157471, 9.170044, 9.183472, 9.197754, 9.211792, 9.22522, 9.239502]",3.0,"{'1': 85.98, '2': 55.517949804991574, '3': -52.304581474043516}","{'1': 0.3100000000000005, '2': 0.23000000000000043, '3': 0.16999999999999993}",7.5,9.23,"{'1': {'start': 7.5, 'end': 7.8100000000000005}, '2': {'start': 7.99, 'end': 8.22}, '3': {'start': 9.06, 'end': 9.23}}",Action
2,8,0xFB,-1,3.2677,Match,Match,rrrbbbddb,60,"{'1': 55.77940051323838, '2': 115.77940051323839}",[],[],0.0,{},{},0.0,3.2677,{},Action
2,9,0xFB,-1,3.140747,Match,Match,ffuuuurrf,0,"{'1': 344.3973199539442, '2': 344.3973199539442}",[],[],0.0,{},{},0.0,3.140747,{},Action
2,10,0xFB,-1,1.499512,Match,Match,lllllbbul,0,"{'1': 48.88592489101419, '2': 48.88592489101419}",[],[],0.0,{},{},0.0,1.499512,{},Action
2,11,0xFB,-1,4.119141,Match,Match,bdddllbbb,60,"{'1': 36.15915843374441, '2': 336.15915843374444}",[],[],0.0,{},{},0.0,4.119141,{},Action
2,12,0xFB,-1,1.671997,Match,Match,rrrrbbbdr,0,"{'1': 67.90641730513417, '2': 67.90641730513417}",[],[],0.0,{},{},0.0,1.671997,{},Action
2,13,0xFB,-1,4.211548,Match,Match,dbbbblllu,60,"{'1': 288.08002615997464, '2': 228.08002615997466}","[0.0, 0.62, 1.68, 4.09, 7.64, 11.2, 15.67, 20.15, 24.68, 29.25, 33.89, 38.61, 43.36, 48.16, 52.96, 57.77, 62.58, 67.39, 72.21, 77.12, 82.03]","[2.489014, 2.503296, 2.516968, 2.531006, 2.544922, 2.55835, 2.572388, 2.586304, 2.600098, 2.614136, 2.628174, 2.642212, 2.655518, 2.669556, 2.683594, 2.697144, 2.711304, 2.725342, 2.739014, 2.75293, 2.766968]",1.0,{'1': 79.59283801111279},{'1': 0.28000000000000025},2.48,2.76,"{'1': {'start': 2.48, 'end': 2.7600000000000002}}",Action
2,14,0xFB,-1,2.541382,Match,Match,bddrddddd,60,"{'1': 314.37211754166, '2': 14.372117541659968}",[],[],0.0,{},{},0.0,2.541382,{},Action
2,15,0xFB,-1,7.650757,Match,Match,ffuulllbb,180,"{'1': 313.7304945010443, '2': 133.7304945010443}",[],[],0.0,{},{},0.0,7.650757,{},Action
2,16,0xFB,-1,1.641846,Match,Match,uuuuubbul,60,"{'1': 40.43748436218127, '2': 100.43748436218127}",[],[],0.0,{},{},0.0,1.641846,{},Action
2,17,0xFB,-1,3.517334,Match,Match,uubbbbruu,60,"{'1': 214.38208170396663, '2': 154.38208170396663}",[],[],0.0,{},{},0.0,3.517334,{},Action
2,18,0xFB,-1,1.592407,Match,Match,dbbbblllu,0,"{'1': 148.45875498110837, '2': 148.45875498110837}",[],[],0.0,{},{},0.0,1.592407,{},Action
2,19,0xFB,-1,4.405518,Match,Match,bdddbllll,180,"{'1': 118.33444845966783, '2': 298.33444845966784}",[],[],0.0,{},{},0.0,4.405518,{},Action
2,20,0xFB,-1,1.389038,Match,Match,bbbdddrrb,0,"{'1': 223.81530946512058, '2': 223.81530946512058}",[],[],0.0,{},{},0.0,1.389038,{},Action
2,21,0xFB,-1,4.150879,Match,Match,uuuuubbul,180,"{'1': 240.83319332182907, '2': 60.833193321829086}",[],[],0.0,{},{},0.0,4.150879,{},Action
2,22,0xFB,-1,3.321411,Match,Match,uuuubbbur,0,"{'1': 238.85679465416692, '2': 238.85679465416692}",[],[],0.0,{},{},0.0,3.321411,{},Action
2,23,0xFB,-1,9.433838,Match,Match,bdddbllll,180,"{'1': 232.8212418432721, '2': 52.821241843272105}",[],[],0.0,{},{},0.0,9.433838,{},Action
2,24,0xFB,-1,2.222778,Match,Match,uuubbrrrf,60,"{'1': 150.00883209073515, '2': 90.00883209073515}",[],[],0.0,{},{},0.0,2.222778,{},Action
2,25,0xFB,-1,5.621338,Mismatch,Mismatch,uubbbbruu,120,"{'1': 52.57266050221438, '2': 292.5726605022144}",[],[],0.0,{},{},0.0,5.621338,{},Action
2,26,0xFB,-1,5.670288,Mismatch,Mismatch,rbbbbbldd,0,"{'1': 343.83454466454566, '2': 343.83454466454566}",[],[],0.0,{},{},0.0,5.670288,{},Action
2,27,0xFB,-1,3.030518,Mismatch,Mismatch,rbbbbbbub,120,"{'1': 161.73957628770705, '2': 41.73957628770705}",[],[],0.0,{},{},0.0,3.030518,{},Action
2,28,0xFB,-1,6.068848,Mismatch,Mismatch,ffffuulff,60,"{'1': 299.5500606228896, '2': 359.5500606228896}",[],[],0.0,{},{},0.0,6.068848,{},Action
2,29,0xFB,-1,3.306641,Mismatch,Mismatch,bbddbblll,60,"{'1': 21.984312631901275, '2': 321.9843126319013}",[],[],0.0,{},{},0.0,3.306641,{},Action
2,30,0xFB,-1,6.807739,Mismatch,Mismatch,llbbbrruu,0,"{'1': 324.7645386565817, '2': 324.7645386565817}","[0.0, 0.49, 3.4, 6.74, 10.31, 14.24, 18.52, 23.18, 27.98, 32.87, 37.77, 42.68, 47.59, 52.5, 57.41, 62.32, 67.24, 72.23, 73.3, 73.3, 73.3, 73.49, 73.69, 73.94, 74.26, 74.62, 75.06, 75.68, 76.55, 77.57, 78.63, 79.69, 80.76, 81.84, 82.92, 84.0, 85.1, 86.19, 87.18, 87.38, 90.93, 94.52, 98.11, 101.73, 105.37, 109.05, 112.95, 116.93, 120.95, 125.09, 129.38, 133.76, 138.13, 142.62, 147.15, 151.75, 156.42, 161.17, 165.96, 170.76, 175.58, 180.46, 185.37, 190.3, 195.27, 199.36, 202.34, 205.09, 207.59, 209.71, 211.56, 213.03]","[1.887207, 1.901123, 1.915039, 1.928833, 1.942627, 1.956543, 1.970337, 1.984131, 1.998291, 2.012207, 2.025879, 2.039917, 2.053955, 2.067505, 2.081543, 2.096191, 2.123779, 2.137817, 2.932251, 2.946411, 2.960205, 2.973633, 2.987793, 3.001587, 3.015381, 3.029663, 3.043579, 3.057251, 3.070679, 3.084961, 3.099121, 3.112549, 3.126587, 3.140747, 3.154297, 3.168091, 3.182373, 3.196289, 3.209717, 4.793091, 4.807495, 4.821411, 4.835083, 4.849121, 4.863037, 4.877075, 4.890381, 4.904541, 4.918457, 4.932007, 4.946289, 4.960083, 4.973755, 4.987915, 5.001709, 5.015381, 5.029419, 5.043457, 5.057495, 5.070923, 5.085327, 5.099121, 5.112549, 5.126831, 5.141724, 5.154419, 5.168335, 5.182739, 5.196289, 5.209595, 5.223877, 5.238037]",2.0,"{'1': 72.23294021907421, '2': 60.42600313380082}","{'1': 0.26, '2': 0.4500000000000002}",1.88,5.23,"{'1': {'start': 1.8800000000000001, 'end': 2.14}, '2': {'start': 4.78, 'end': 5.23}}",Action
2,31,0xFB,-1,6.446289,Mismatch,Mismatch,ffuubrrrr,60,"{'1': 39.45211153867348, '2': 99.45211153867348}",[],[],0.0,{},{},0.0,6.446289,{},Action
2,32,0xFB,-1,6.558228,Mismatch,Mismatch,ddbbddddl,120,"{'1': 300.9607029537999, '2': 180.9607029537999}",[],[],0.0,{},{},0.0,6.558228,{},Action
2,33,0xFB,-1,14.46545,Mismatch,Mismatch,bbbdddrrb,0,"{'1': 311.07339910705457, '2': 311.07339910705457}","[0.0, 1.98, 5.9, 10.01, 14.28, 18.63, 23.06, 27.56, 32.12, 36.77, 41.57, 46.41, 51.31, 56.21, 61.12, 66.03, 70.93, 75.85, 80.78, 85.73, 90.69, 95.67, 100.65, 105.65, 110.65, 115.65, 120.65, 125.65, 130.65, 135.65, 140.64, 145.64, 150.64, 155.63, 160.62, 165.62, 170.61, 175.6, 180.59, 185.57, 190.55, 195.53, 200.5, 205.44, 208.22, 208.22, 209.03, 210.71, 213.64, 218.51, 223.47, 228.42, 233.37, 238.32, 243.27, 248.22, 253.17, 258.12, 263.07, 268.03, 273.02, 278.02]","[9.285034, 9.299927, 9.313965, 9.327881, 9.340942, 9.35498, 9.369019, 9.382324, 9.396606, 9.410522, 9.424072, 9.438354, 9.452026, 9.46582, 9.479858, 9.493774, 9.50769, 9.52124, 9.535522, 9.549561, 9.562866, 9.577148, 9.591064, 9.604492, 9.618774, 9.632813, 9.646362, 9.6604, 9.674316, 9.688354, 9.70166, 9.715942, 9.72998, 9.74353, 9.75769, 9.771484, 9.785034, 9.799316, 9.813232, 9.826904, 9.84082, 9.854858, 9.868774, 9.882202, 11.54895, 11.56262, 11.5769, 11.59082, 11.60425, 11.61853, 11.63245, 11.64612, 11.6604, 11.67419, 11.68823, 11.70142, 11.71594, 11.72998, 11.74316, 11.75757, 11.77148, 11.78479]",2.0,"{'1': 154.54699357071374, '2': -68.0006010518406}","{'1': 0.620000000000001, '2': 0.22999999999999865}",9.27,11.78,"{'1': {'start': 9.27, 'end': 9.89}, '2': {'start': 11.55, 'end': 11.78}}",Action
2,34,0xFB,-1,2.808228,Mismatch,Mismatch,bddrddddd,60,"{'1': 334.75424494544546, '2': 274.75424494544546}",[],[],0.0,{},{},0.0,2.808228,{},Action
2,35,0xFB,-1,6.486938,Mismatch,Mismatch,bdddllbbb,0,"{'1': 158.66733192120256, '2': 158.66733192120256}",[],[],0.0,{},{},0.0,6.486938,{},Action
2,36,0xFB,-1,9.156372,Mismatch,Mismatch,rbbbbbbub,0,"{'1': 155.13026934030677, '2': 155.13026934030677}",[],[],0.0,{},{},0.0,9.156372,{},Action
2,37,0xFB,-1,4.656372,Mismatch,Mismatch,uuubbrrrf,180,"{'1': 152.58248904596337, '2': 332.58248904596337}",[],[],0.0,{},{},0.0,4.656372,{},Action
2,38,0xFB,-1,6.718628,Mismatch,Mismatch,lllbbbubb,60,"{'1': 54.775586312017374, '2': 114.77558631201737}",[],[],0.0,{},{},0.0,6.718628,{},Action
2,39,0xFB,-1,12.06958,Mismatch,Mismatch,uuuuubbul,60,"{'1': 253.04931586615646, '2': 193.04931586615646}","[0.0, 0.0, 359.45, 358.57, 356.65, 354.2, 350.85, 345.85, 340.85, 335.85, 330.85, 325.85, 320.85, 315.85, 310.85, 305.85, 300.88, 295.92, 290.98, 286.04, 281.13, 276.24, 271.36, 266.48, 261.6, 256.71, 251.83, 246.95, 242.07, 237.18, 232.3, 227.42, 222.54, 217.67, 212.81, 207.96, 203.14, 199.06, 197.49, 197.31, 197.06, 196.8, 196.54, 196.28, 196.08, 196.08, 196.68, 197.71, 199.29, 202.14, 205.23, 208.95, 213.22, 217.95, 222.8, 227.6, 232.26, 233.57]","[3.611084, 3.625488, 3.639526, 3.65271, 3.666992, 3.68103, 3.694336, 3.708496, 3.722534, 3.736328, 3.750488, 3.764648, 3.77832, 3.791626, 3.805786, 3.819824, 3.833374, 3.847534, 3.861938, 3.875244, 3.889282, 3.90332, 3.91748, 3.930542, 3.94458, 3.95874, 3.97229, 3.98645, 4.000488, 4.013794, 4.028198, 4.042114, 4.055542, 4.069702, 4.08374, 4.098022, 4.111328, 4.125366, 6.055908, 6.07019, 6.084229, 6.098267, 6.114624, 6.125977, 9.820068, 9.833984, 9.848267, 9.862427, 9.87561, 9.889648, 9.903564, 9.917603, 9.93103, 9.945313, 9.959106, 9.972412, 9.986694, 10.00061]",2.0,"{'1': 160.9437685686196, '2': -37.43257320835565}","{'1': 0.5099999999999998, '2': 0.17999999999999972}",3.62,10.0,"{'1': {'start': 3.62, 'end': 4.13}, '2': {'start': 9.82, 'end': 10.0}}",Action
2,40,0xFB,-1,3.129028,Mismatch,Mismatch,bbbdddrrb,180,"{'1': 294.278615462114, '2': 114.27861546211398}",[],[],0.0,{},{},0.0,3.129028,{},Action
2,41,0xFB,-1,3.43335,Mismatch,Mismatch,llbbbrruu,180,"{'1': 286.9098219050356, '2': 106.90982190503559}",[],[],0.0,{},{},0.0,3.43335,{},Action
2,42,0xFB,-1,8.565308,Mismatch,Mismatch,ffuuuurrf,180,"{'1': 221.09142116161618, '2': 41.09142116161618}",[],[],0.0,{},{},0.0,8.565308,{},Action
2,43,0xFB,-1,18.06592,Mismatch,Mismatch,ffuulllbb,0,"{'1': 47.84840650985955, '2': 47.84840650985955}","[0.0, 0.0, 0.3, 0.76, 1.56, 2.39, 3.24, 4.26, 5.9, 8.16, 10.43, 13.36, 16.28, 19.23, 22.18, 25.79, 30.74, 35.68, 40.62, 45.56, 50.5, 55.44, 60.37, 65.31, 70.25, 75.19, 80.13, 85.07, 90.01, 94.96, 99.96, 102.04, 104.13]","[15.58044, 15.59436, 15.60815, 15.62207, 15.63574, 15.6499, 15.66528, 15.67773, 15.69128, 15.70544, 15.71936, 15.73254, 15.74695, 15.76099, 15.77429, 15.7887, 15.80249, 15.81616, 15.83044, 15.84412, 15.85779, 15.87195, 15.88574, 15.8999, 15.91345, 15.92773, 15.94141, 15.95508, 15.96948, 15.98328, 15.99683, 16.01099, 16.02576]",1.0,{'1': 103.19224484395258},{'1': 0.41999999999999993},15.6,16.02,"{'1': {'start': 15.6, 'end': 16.02}}",Action
2,44,0xFB,-1,2.676392,Mismatch,Mismatch,uuubbrrrf,180,"{'1': 303.2958236702114, '2': 123.29582367021138}",[],[],0.0,{},{},0.0,2.676392,{},Action
2,45,0xFB,-1,9.023438,Mismatch,Mismatch,bdddllbbb,60,"{'1': 162.30384336327114, '2': 222.30384336327114}",[],[],0.0,{},{},0.0,9.023438,{},Action
2,46,0xFB,-1,8.476807,Mismatch,Mismatch,ddbbddddl,60,"{'1': 20.532961757513526, '2': 80.53296175751353}",[],[],0.0,{},{},0.0,8.476807,{},Action
2,47,0xFB,-1,11.22144,Mismatch,Mismatch,bbddbblll,0,"{'1': 117.10174008489184, '2': 117.10174008489184}","[0.0, 0.46, 3.31, 7.58, 11.86, 16.15, 20.46, 24.81, 29.22, 33.65, 38.12, 42.6, 47.09, 51.62, 56.2, 60.87, 65.66, 70.56, 75.48, 80.4, 85.33, 90.26, 95.19, 100.12, 105.05, 109.98, 114.91, 119.84, 124.76, 129.69, 134.62, 139.55, 144.48, 149.41, 154.34, 159.27, 164.2, 169.2]","[9.610352, 9.625244, 9.63916, 9.652588, 9.666016, 9.680176, 9.694092, 9.70752, 9.721924, 9.73584, 9.749268, 9.763428, 9.777344, 9.791992, 9.804688, 9.818848, 9.833008, 9.846436, 9.860596, 9.874512, 9.887939, 9.902344, 9.91626, 9.929688, 9.943848, 9.957764, 9.971924, 9.985352, 9.999512, 10.01343, 10.02686, 10.04126, 10.05518, 10.0686, 10.08276, 10.09692, 10.1106, 10.12451]",1.0,{'1': 167.57886412652786},{'1': 0.5200000000000014},9.6,10.12,"{'1': {'start': 9.6, 'end': 10.120000000000001}}",Action
2,48,0xFB,-1,2.238647,Mismatch,Mismatch,ddbbddddl,180,"{'1': 21.67230921467345, '2': 201.67230921467345}",[],[],0.0,{},{},0.0,2.238647,{},Action
2,49,0xFB,-1,4.738281,Mismatch,Mismatch,ffffuulff,180,"{'1': 333.8587752913037, '2': 153.8587752913037}",[],[],0.0,{},{},0.0,4.738281,{},Action
3,0,0xFB,1,2.359619,Match,Match,bdddbllll,0,"{'1': 52.91861761483567, '2': 52.91861761483567}",[],[],0.0,{},{},0.0,2.359619,{},Action
3,1,0xFB,1,4.830811,Match,Match,lllbbbubb,120,"{'1': 17.648447864990295, '2': 137.6484478649903}",[],[],0.0,{},{},0.0,4.830811,{},Action
3,2,0xFB,1,3.131348,Match,Match,bdddllbbb,0,"{'1': 323.68654722111233, '2': 323.68654722111233}",[],[],0.0,{},{},0.0,3.131348,{},Action
3,3,0xFB,1,2.234863,Match,Match,rbbbdddff,0,"{'1': 209.7655225309319, '2': 209.7655225309319}",[],[],0.0,{},{},0.0,2.234863,{},Action
3,4,0xFB,1,7.793945,Match,Match,rrrrbbbdr,180,"{'1': 304.09194055990326, '2': 124.09194055990326}",[],[],0.0,{},{},0.0,7.793945,{},Action
3,5,0xFB,1,7.262695,Match,Match,ddbbddddl,60,"{'1': 51.39973507264532, '2': 351.39973507264534}",[],[],0.0,{},{},0.0,7.262695,{},Action
3,6,0xFB,1,1.674072,Match,Match,rrrrbbbdr,0,"{'1': 128.50402536639388, '2': 128.50402536639388}",[],[],0.0,{},{},0.0,1.674072,{},Action
3,7,0xFB,1,7.379639,Match,Match,ffuulllbb,0,"{'1': 151.05211282187008, '2': 151.05211282187008}",[],[],0.0,{},{},0.0,7.379639,{},Action
3,8,0xFB,1,1.596436,Match,Match,rbbbbbbub,0,"{'1': 67.47656459594786, '2': 67.47656459594786}",[],[],0.0,{},{},0.0,1.596436,{},Action
3,9,0xFB,1,4.951416,Match,Match,lllbbbluu,180,"{'1': 223.27059667450027, '2': 43.27059667450027}",[],[],0.0,{},{},0.0,4.951416,{},Action
3,10,0xFB,1,1.512939,Match,Match,rrrrbbbdr,0,"{'1': 119.39171623680613, '2': 119.39171623680613}",[],[],0.0,{},{},0.0,1.512939,{},Action
3,11,0xFB,1,4.434082,Match,Match,llbbbbbru,180,"{'1': 320.5405542825008, '2': 140.5405542825008}",[],[],0.0,{},{},0.0,4.434082,{},Action
3,12,0xFB,1,3.973389,Match,Match,bbbdddrrb,0,"{'1': 339.6540141721071, '2': 339.6540141721071}",[],[],0.0,{},{},0.0,3.973389,{},Action
3,13,0xFB,1,11.83447,Match,Match,ffuulllbb,60,"{'1': 238.25576979704107, '2': 298.25576979704107}","[0.0, 0.0, 0.96, 4.39, 9.03, 13.63, 18.23, 22.82, 27.42, 32.01, 36.6, 41.19, 45.78, 50.37, 54.96, 59.55, 64.15, 68.74, 73.33, 77.93, 82.52, 87.11, 91.71, 96.3, 100.89, 105.48, 110.07, 114.66, 119.25, 123.84, 128.43, 133.02, 137.61, 142.2, 146.79, 151.38, 155.97, 160.56, 165.2, 169.88, 174.6, 179.39, 184.24, 189.17, 189.17, 189.61, 190.99, 193.12, 197.5, 202.07, 206.64, 211.2, 215.77, 220.33, 224.91, 229.5, 234.1, 238.73, 243.37, 248.02, 252.69, 257.41, 262.17, 266.97, 269.92, 270.18, 270.18, 270.71, 272.73, 276.09, 280.86, 285.62, 290.38, 295.14, 299.9, 304.67, 309.46, 314.28, 319.12, 324.03, 328.95, 333.91, 338.54]","[7.487305, 7.501465, 7.515625, 7.529297, 7.542725, 7.560059, 7.571045, 7.584229, 7.598389, 7.612549, 7.626221, 7.639893, 7.654053, 7.667969, 7.681641, 7.695801, 7.709717, 7.723145, 7.737305, 7.751221, 7.764893, 7.779053, 7.792969, 7.806885, 7.820557, 7.834717, 7.848877, 7.862305, 7.876465, 7.890381, 7.903809, 7.917969, 7.932129, 7.945557, 7.959717, 7.973633, 7.987305, 8.000977, 8.015137, 8.029053, 8.04248, 8.056885, 8.070801, 9.015137, 9.029053, 9.042725, 9.056885, 9.070801, 9.084229, 9.099121, 9.112549, 9.126221, 9.139893, 9.154053, 9.167725, 9.181396, 9.195557, 9.209717, 9.223145, 9.237305, 9.251221, 9.264648, 9.279053, 9.292969, 9.306641, 10.01514, 10.02905, 10.04272, 10.05688, 10.0708, 10.08423, 10.09839, 10.1123, 10.12646, 10.13989, 10.1543, 10.16846, 10.1814, 10.1958, 10.20972, 10.2229, 10.23755, 10.25146]",3.0,"{'1': 175.71197570568103, '2': -80.7512326622903, '3': -67.87403306973405}","{'1': 0.5899999999999999, '2': 0.2900000000000009, '3': 0.23000000000000043}",7.49,10.25,"{'1': {'start': 7.49, 'end': 8.08}, '2': {'start': 9.02, 'end': 9.31}, '3': {'start': 10.02, 'end': 10.25}}",Action
3,14,0xFB,1,1.75708,Match,Match,bbddbblll,0,"{'1': 56.46258018039333, '2': 56.46258018039333}",[],[],0.0,{},{},0.0,1.75708,{},Action
3,15,0xFB,1,4.89209,Match,Match,ffuulllbb,180,"{'1': 324.4405639480044, '2': 144.4405639480044}",[],[],0.0,{},{},0.0,4.89209,{},Action
3,16,0xFB,1,1.375732,Match,Match,llbbbbbru,0,"{'1': 59.737230314385215, '2': 59.737230314385215}",[],[],0.0,{},{},0.0,1.375732,{},Action
3,17,0xFB,1,5.001465,Match,Match,ffffuulff,60,"{'1': 128.11380594667577, '2': 68.11380594667577}",[],[],0.0,{},{},0.0,5.001465,{},Action
3,18,0xFB,1,2.222168,Match,Match,bbbdddrrb,0,"{'1': 62.962237572266424, '2': 62.962237572266424}",[],[],0.0,{},{},0.0,2.222168,{},Action
3,19,0xFB,1,8.761719,Match,Match,bdddbllll,120,"{'1': 105.49823388367147, '2': 225.49823388367147}",[],[],0.0,{},{},0.0,8.761719,{},Action
3,20,0xFB,1,3.529053,Match,Match,bbbdddrrb,180,"{'1': 198.73080974903075, '2': 18.730809749030755}",[],[],0.0,{},{},0.0,3.529053,{},Action
3,21,0xFB,1,5.168457,Match,Match,rrrbbbddb,120,"{'1': 74.4947671598909, '2': 314.4947671598909}",[],[],0.0,{},{},0.0,5.168457,{},Action
3,22,0xFB,1,2.364014,Match,Match,rbbbbbbub,120,"{'1': 72.4788232515303, '2': 312.4788232515303}",[],[],0.0,{},{},0.0,2.364014,{},Action
3,23,0xFB,1,2.862305,Match,Match,bbbdddrrb,60,"{'1': 33.12076335100871, '2': 93.12076335100872}",[],[],0.0,{},{},0.0,2.862305,{},Action
3,24,0xFB,1,2.042236,Match,Match,ffuubllll,0,"{'1': 206.2812260441882, '2': 206.2812260441882}",[],[],0.0,{},{},0.0,2.042236,{},Action
3,25,0xFB,1,7.374512,Mismatch,Mismatch,uuubbrrrf,120,"{'1': 213.93424797895204, '2': 333.93424797895204}",[],[],0.0,{},{},0.0,7.374512,{},Action
3,26,0xFB,1,4.362305,Mismatch,Mismatch,ddbbddddl,120,"{'1': 160.85579308718528, '2': 280.85579308718525}",[],[],0.0,{},{},0.0,4.362305,{},Action
3,27,0xFB,1,3.446289,Mismatch,Mismatch,uuubbrrrf,180,"{'1': 144.22180622868865, '2': 324.22180622868865}",[],[],0.0,{},{},0.0,3.446289,{},Action
3,28,0xFB,1,3.85083,Mismatch,Mismatch,rbbbbbbub,0,"{'1': 322.20147016789804, '2': 322.20147016789804}",[],[],0.0,{},{},0.0,3.85083,{},Action
3,29,0xFB,1,6.251709,Mismatch,Mismatch,bbdddbrrr,180,"{'1': 55.07087187033835, '2': 235.07087187033835}",[],[],0.0,{},{},0.0,6.251709,{},Action
3,30,0xFB,1,6.401611,Mismatch,Mismatch,llbbbbbru,60,"{'1': 292.7549137362043, '2': 232.7549137362043}",[],[],0.0,{},{},0.0,6.401611,{},Action
3,31,0xFB,1,5.217041,Mismatch,Mismatch,ffuulllbb,0,"{'1': 216.3213066188214, '2': 216.3213066188214}",[],[],0.0,{},{},0.0,5.217041,{},Action
3,32,0xFB,1,14.48608,Mismatch,Mismatch,bddrddddd,0,"{'1': 304.54398590382146, '2': 304.54398590382146}","[0.0, 3.57, 7.14, 10.88, 14.74, 18.69, 22.66, 26.67, 30.74, 34.87, 39.11, 43.44, 47.87, 52.4, 56.99, 61.7, 64.49, 65.63, 65.84, 66.4, 68.79, 72.15, 76.83, 81.52, 86.27, 91.04, 95.85, 100.66, 105.51, 110.38, 115.26, 120.16, 125.06, 129.96, 134.87, 139.77, 144.68, 149.58, 154.48, 159.39, 164.3, 169.2, 174.11, 179.01, 183.92, 188.86, 193.86, 198.86, 202.4, 206.16, 210.01, 211.75, 211.75, 215.29, 218.83, 222.37, 225.92, 229.48, 233.04, 236.64, 240.26, 243.9, 247.59, 251.31, 255.08, 258.95, 262.92, 266.92, 270.92, 275.0, 279.14, 283.36, 287.73, 292.27, 297.19]","[9.069336, 9.083984, 9.098389, 9.111328, 9.125488, 9.139404, 9.153076, 9.166748, 9.180908, 9.194824, 9.208252, 9.222656, 9.236572, 9.25, 9.26416, 9.27832, 9.291504, 9.305908, 9.375244, 9.388916, 9.403076, 9.417236, 9.430664, 9.444824, 9.45874, 9.472168, 9.486572, 9.501221, 9.514648, 9.527832, 9.541992, 9.555908, 9.569336, 9.583496, 9.597656, 9.611084, 9.625244, 9.639404, 9.653076, 9.666748, 9.680908, 9.694824, 9.708252, 9.722412, 9.736572, 9.75, 9.76416, 11.97192, 12.13916, 12.15308, 12.16699, 12.18066, 12.55542, 12.56934, 12.5835, 12.59766, 12.61108, 12.62573, 12.63916, 12.65283, 12.66675, 12.68066, 12.69458, 12.70825, 12.72217, 12.73633, 12.75, 12.76416, 12.77783, 12.79175, 12.80566, 12.81958, 12.83325, 12.84717, 12.86133]",4.0,"{'1': 65.64239356178608, '2': 100.30265658306124, '3': -9.67155448403065, '4': -84.9778813559318}","{'1': 0.25, '2': 0.3999999999999986, '3': 0.05999999999999872, '4': 0.3199999999999985}",9.06,12.86,"{'1': {'start': 9.06, 'end': 9.31}, '2': {'start': 9.370000000000001, 'end': 9.77}, '3': {'start': 12.120000000000001, 'end': 12.18}, '4': {'start': 12.540000000000001, 'end': 12.86}}",Action
3,33,0xFB,1,9.501709,Mismatch,Mismatch,ffuubrrrr,60,"{'1': 138.43345805264732, '2': 198.43345805264732}","[0.0, 3.68, 7.66, 11.97, 16.41, 20.9, 25.44, 30.1, 34.78, 39.46, 44.14, 48.82, 53.49, 58.17, 62.84, 67.52, 72.19, 76.87, 81.55, 86.23, 90.93, 95.66, 100.43, 105.22, 110.02, 114.81, 119.61, 124.41, 129.21, 134.01, 138.9, 143.8, 148.78, 153.73, 153.73, 153.98, 156.53, 160.65, 164.74, 168.84, 172.93, 177.01, 181.08, 185.14, 189.19, 193.25, 197.3, 201.35, 205.41, 209.51, 213.65, 217.94, 222.37, 226.86, 231.4, 236.03, 240.72, 245.46, 250.22, 254.98, 259.75, 264.53, 269.31, 274.09, 278.9, 283.71, 288.62, 293.55, 298.42]","[6.321045, 6.334961, 6.349121, 6.363037, 6.376465, 6.390625, 6.404785, 6.418213, 6.432373, 6.446533, 6.459717, 6.474121, 6.488037, 6.501709, 6.515381, 6.529541, 6.543457, 6.557129, 6.571289, 6.585205, 6.598877, 6.613037, 6.626953, 6.640869, 6.654297, 6.668701, 6.682373, 6.696045, 6.710205, 6.724121, 6.737549, 6.751709, 6.765869, 6.779297, 6.793457, 7.654541, 7.668945, 7.682861, 7.696289, 7.710449, 7.724365, 7.738037, 7.752197, 7.766113, 7.779541, 7.793701, 7.807617, 7.821533, 7.835205, 7.849365, 7.863281, 7.876953, 7.890869, 7.904785, 7.918457, 7.932617, 7.946533, 7.959961, 7.974365, 7.988281, 8.001953, 8.015625, 8.029785, 8.044922, 8.057373, 8.071533, 8.085449, 8.098877, 8.113281]",2.0,"{'1': 153.73, '2': -91.28647045528061}","{'1': 0.46999999999999975, '2': 0.46999999999999886}",6.3100000000000005,8.11,"{'1': {'start': 6.3100000000000005, 'end': 6.78}, '2': {'start': 7.640000000000001, 'end': 8.11}}",Action
3,34,0xFB,1,4.696533,Mismatch,Mismatch,uubbbbruu,180,"{'1': 72.32518596984758, '2': 252.32518596984758}",[],[],0.0,{},{},0.0,4.696533,{},Action
3,35,0xFB,1,4.64209,Mismatch,Mismatch,ffuubrrrr,0,"{'1': 250.0897994531973, '2': 250.0897994531973}",[],[],0.0,{},{},0.0,4.64209,{},Action
3,36,0xFB,1,9.267334,Mismatch,Mismatch,dbbbblllu,180,"{'1': 58.95692502486601, '2': 238.956925024866}","[0.0, 3.03, 6.77, 10.62, 14.47, 18.31, 22.16, 26.02, 29.9, 33.77, 37.66, 41.55, 45.44, 49.33, 53.25, 57.22, 61.23, 65.32, 69.49, 73.8, 78.2, 82.67, 87.15, 91.63, 96.12, 100.61, 105.12, 109.63, 114.14, 118.67, 123.2, 127.73, 132.26, 136.79, 141.33, 145.87, 150.41, 154.95, 159.49, 164.05, 168.73, 173.56, 175.24, 175.24, 174.36, 172.65, 169.02, 164.55, 160.08, 155.61, 151.14, 146.67, 142.2, 137.72, 133.25, 128.78, 124.31, 119.83, 115.36, 110.89, 106.42, 101.91]","[4.572998, 4.586426, 4.600586, 4.614746, 4.628174, 4.642334, 4.65625, 4.670166, 4.683594, 4.697754, 4.71167, 4.725342, 4.739258, 4.753418, 4.766846, 4.78125, 4.795166, 4.808594, 4.822754, 4.83667, 4.850586, 4.864258, 4.878418, 4.892334, 4.905762, 4.920166, 4.934082, 4.94751, 4.96167, 4.975586, 4.989502, 5.003174, 5.017334, 5.031494, 5.044678, 5.059082, 5.072998, 5.086426, 5.100586, 5.114746, 5.128174, 5.142334, 5.15625, 6.461914, 6.476318, 6.48999, 6.503418, 6.517822, 6.531738, 6.545166, 6.559326, 6.573242, 6.58667, 6.601074, 6.61499, 6.628418, 6.642578, 6.656494, 6.67041, 6.683838, 6.698242, 6.712402]",2.0,"{'1': 175.24, '2': -72.56495621468929}","{'1': 0.5999999999999996, '2': 0.2599999999999998}",4.5600000000000005,6.71,"{'1': {'start': 4.5600000000000005, 'end': 5.16}, '2': {'start': 6.45, 'end': 6.71}}",Action
3,37,0xFB,1,4.122803,Mismatch,Mismatch,bbbdddrrb,180,"{'1': 331.09243267668626, '2': 151.09243267668626}",[],[],0.0,{},{},0.0,4.122803,{},Action
3,38,0xFB,1,10.55396,Mismatch,Mismatch,ffuubrrrr,180,"{'1': 290.2919120531361, '2': 110.29191205313612}",[],[],0.0,{},{},0.0,10.55396,{},Action
3,39,0xFB,1,4.752197,Mismatch,Mismatch,uuuubbbur,0,"{'1': 217.9391467494666, '2': 217.9391467494666}",[],[],0.0,{},{},0.0,4.752197,{},Action
3,40,0xFB,1,4.40625,Mismatch,Mismatch,bdddddfll,60,"{'1': 29.99475420499872, '2': 329.99475420499874}",[],[],0.0,{},{},0.0,4.40625,{},Action
3,41,0xFB,1,12.07129,Mismatch,Mismatch,rrrbbbddb,0,"{'1': 286.7657186054479, '2': 286.7657186054479}",[],[],0.0,{},{},0.0,12.07129,{},Action
3,42,0xFB,1,8.891357,Mismatch,Mismatch,rrrrbbbdr,120,"{'1': 340.8552567991119, '2': 220.8552567991119}",[],[],0.0,{},{},0.0,8.891357,{},Action
3,43,0xFB,1,5.154541,Mismatch,Mismatch,bbdddbrrr,180,"{'1': 162.4504655746141, '2': 342.4504655746141}",[],[],0.0,{},{},0.0,5.154541,{},Action
3,44,0xFB,1,8.206787,Mismatch,Mismatch,lllllbbul,180,"{'1': 203.17578337818736, '2': 23.17578337818736}","[0.0, 3.61, 7.15, 10.69, 14.24, 17.79, 21.34, 24.9, 28.46, 32.01, 35.57, 39.13, 42.68, 46.24, 49.8, 53.36, 56.91, 60.47, 64.03, 67.59, 71.15, 74.72, 78.28, 81.84, 85.4, 88.96, 92.53, 96.09, 99.66, 103.23, 106.8, 110.38, 113.97, 117.58, 121.19, 124.82, 128.45, 132.09, 135.72, 139.37, 143.03, 146.69, 150.37, 154.07, 157.81, 161.71]","[5.484375, 5.706543, 5.720703, 5.734619, 5.748291, 5.762451, 5.776123, 5.789795, 5.803955, 5.817871, 5.831299, 5.845703, 5.859619, 5.873047, 5.887451, 5.901367, 5.915039, 5.928711, 5.942871, 5.956787, 5.970215, 5.984375, 5.998535, 6.011963, 6.026123, 6.040039, 6.053711, 6.067627, 6.081787, 6.095459, 6.109131, 6.123291, 6.137207, 6.150879, 6.165039, 6.179199, 6.192383, 6.206787, 6.220703, 6.234619, 6.248047, 6.262207, 6.276367, 6.289795, 6.303955, 6.318115]",1.0,{'1': 156.1337430644943},{'1': 0.6200000000000001},5.69,6.3100000000000005,"{'1': {'start': 5.69, 'end': 6.3100000000000005}}",Action
3,45,0xFB,1,3.678955,Mismatch,Mismatch,lllbbbubb,180,"{'1': 337.03440975231257, '2': 157.03440975231257}",[],[],0.0,{},{},0.0,3.678955,{},Action
3,46,0xFB,1,13.37915,Match,Mismatch,ffffuulff,60,"{'1': 134.33201062548548, '2': 74.33201062548548}",[],[],0.0,{},{},0.0,13.37915,{},Action
3,47,0xFB,1,10.49878,Mismatch,Mismatch,dbbbblllu,60,"{'1': 201.79349342356906, '2': 261.7934934235691}",[],[],0.0,{},{},0.0,10.49878,{},Action
3,48,0xFB,1,6.000977,Mismatch,Mismatch,bddddddrd,60,"{'1': 200.01843252943627, '2': 260.01843252943627}",[],[],0.0,{},{},0.0,6.000977,{},Action
3,49,0xFB,1,2.363281,Mismatch,Mismatch,rbbbbbbub,120,"{'1': 328.5853477843259, '2': 88.5853477843259}",[],[],0.0,{},{},0.0,2.363281,{},Action
6,0,0xBA,2,2.511169,Match,Match,bbddbblll,180,"{'1': 315.30876705875914, '2': 135.30876705875914}","[0.0, 0.31, 1.56, 4.98, 9.07, 13.12, 17.17, 21.21, 25.23, 29.22, 33.19, 37.14, 41.07, 44.98, 48.87, 52.76, 56.64, 60.52, 64.4, 68.28, 72.16, 76.03, 79.91, 83.79, 87.66, 91.54, 95.41, 99.28, 103.16, 107.03, 110.9, 114.76, 118.61, 122.45, 126.28, 130.11, 133.94, 137.76, 141.59, 145.42, 149.24, 153.06, 156.89, 160.71, 164.53]","[1.091858, 1.105713, 1.119446, 1.133362, 1.1474, 1.161743, 1.174988, 1.188904, 1.20282, 1.216675, 1.230713, 1.244629, 1.258362, 1.272156, 1.286255, 1.299927, 1.313843, 1.32782, 1.341553, 1.355652, 1.369507, 1.383545, 1.3974, 1.411194, 1.424988, 1.438843, 1.452698, 1.466797, 1.48053, 1.494324, 1.50824, 1.522766, 1.536011, 1.549866, 1.563904, 1.577759, 1.591736, 1.605591, 1.619324, 1.63324, 1.647278, 1.661072, 1.674927, 1.688904, 1.71698]",1.0,{'1': 163.58030631144038},{'1': 0.6199999999999999},1.09,1.71,"{'1': {'start': 1.09, 'end': 1.71}}",Action
6,1,0xBA,2,4.848938,Match,Match,ffuulllbb,120,"{'1': 197.3107371694543, '2': 77.31073716945434}","[0.0, 0.0, 2.09, 5.98, 10.0, 14.0, 17.98, 21.94, 25.89, 29.76, 33.53, 37.28, 41.03, 44.75, 48.47, 52.19, 55.89, 59.57, 63.21, 66.82, 68.4, 71.21, 74.92, 78.5, 81.44, 85.31, 89.11, 92.82, 96.52, 100.2, 103.88, 107.54, 111.19, 114.8, 118.37, 121.93, 125.47]","[1.262451, 1.276245, 1.290222, 1.304138, 1.317932, 1.331848, 1.346069, 1.35968, 1.373474, 1.401611, 1.415649, 1.430481, 1.444458, 1.458862, 1.473022, 1.486938, 1.500671, 1.514832, 1.528809, 2.140381, 2.154358, 2.168396, 2.182007, 2.640381, 2.65448, 2.668579, 2.681885, 2.695984, 2.7099, 2.723633, 2.737915, 2.752136, 2.765503, 2.778809, 2.793213, 2.80719, 2.820862]",3.0,"{'1': 63.21703025972412, '2': 8.22370424142484, '3': 46.82788592835348}","{'1': 0.27, '2': 0.06000000000000005, '3': 0.18999999999999995}",1.26,2.82,"{'1': {'start': 1.26, 'end': 1.53}, '2': {'start': 2.13, 'end': 2.19}, '3': {'start': 2.63, 'end': 2.82}}",Action
6,2,0xBA,2,3.182861,Match,Match,uuuubbbur,60,"{'1': 231.27511620163756, '2': 291.27511620163756}",[],[],0.0,{},{},0.0,3.182861,{},Action
6,3,0xBA,2,3.649231,Match,Match,lbbddllll,60,"{'1': 40.56839166257606, '2': 340.56839166257606}","[0.0, 0.0, 0.47, 1.59, 4.69, 9.53, 14.33, 19.09, 23.82, 28.54, 33.16, 37.74, 42.22, 46.66, 51.1, 55.53, 59.96, 63.68, 67.4, 67.4, 68.33, 69.82, 72.34, 76.86, 81.31, 85.75, 90.19, 94.72, 97.61]","[1.812927, 1.826904, 1.840637, 1.854431, 1.86853, 1.882324, 1.89624, 1.910034, 1.92395, 1.937866, 1.951843, 1.980164, 1.99408, 2.009033, 2.022949, 2.037231, 2.051208, 2.064941, 2.329712, 2.343628, 2.357727, 2.371765, 2.38562, 2.399109, 2.41333, 2.427307, 2.440857, 2.454956, 2.468933]",2.0,"{'1': 63.75107832806462, '2': 28.36293911425912}","{'1': 0.24999999999999978, '2': 0.1299999999999999}",1.82,2.46,"{'1': {'start': 1.82, 'end': 2.07}, '2': {'start': 2.33, 'end': 2.46}}",Action
6,4,0xBA,2,4.07312,Match,Match,lbbddllll,0,"{'1': 50.10220194008181, '2': 50.10220194008181}",[],[],0.0,{},{},0.0,4.07312,{},Action
6,5,0xBA,2,3.135864,Match,Match,bddrddddd,120,"{'1': 66.78189000657758, '2': 306.78189000657756}","[0.0, 0.42, 2.53, 6.15, 10.96, 15.72, 20.33, 24.85, 29.35, 33.77, 38.19, 42.61, 45.86, 47.07, 47.38, 48.69, 53.28, 57.78, 62.23, 66.59, 70.92, 75.2, 79.46, 83.71, 87.95, 92.2, 96.45, 100.7, 104.95, 109.2, 113.42, 113.42, 113.7, 114.33, 115.67, 117.23, 119.4, 122.12, 125.29, 128.58, 131.88, 135.18, 137.68, 138.8]","[1.118774, 1.13269, 1.146423, 1.160278, 1.174255, 1.202209, 1.216614, 1.231018, 1.245483, 1.259949, 1.273865, 1.287415, 1.301758, 2.080139, 2.094421, 2.107971, 2.121765, 2.135864, 2.149414, 2.163635, 2.177673, 2.191223, 2.205139, 2.219238, 2.232788, 2.246704, 2.260803, 2.274841, 2.288269, 2.302246, 2.761292, 2.775452, 2.788635, 2.802673, 2.816772, 2.829956, 2.844238, 2.858093, 2.87146, 2.885742, 2.902771, 2.914001, 2.927063, 2.941223]",3.0,"{'1': 45.87281226031982, '2': 62.201498431848044, '3': 25.1866684040523}","{'1': 0.19999999999999996, '2': 0.22999999999999998, '3': 0.1599999999999997}",1.11,2.94,"{'1': {'start': 1.11, 'end': 1.31}, '2': {'start': 2.08, 'end': 2.31}, '3': {'start': 2.7800000000000002, 'end': 2.94}}",Action
6,6,0xBA,2,7.670776,Match,Match,ffuulllbb,60,"{'1': 109.34564071492241, '2': 169.3456407149224}","[0.0, 358.28, 353.83, 348.9, 344.04, 339.35, 334.67, 330.19, 326.02, 322.01, 318.03, 314.19, 310.39, 306.61, 303.03, 303.03, 303.55, 306.17, 310.16, 314.21, 318.23, 322.16, 326.02, 329.84, 333.65, 337.46, 341.27, 345.08, 348.9, 352.65, 354.63, 354.63, 353.54, 351.74, 348.17, 344.05, 339.84, 335.62, 331.39, 327.16, 322.84, 318.44, 313.98, 309.53]","[3.018005, 3.031982, 3.045776, 3.059875, 3.073608, 3.087463, 3.101624, 3.115723, 3.128784, 3.142822, 3.156982, 3.170654, 3.18457, 3.198669, 4.184631, 4.199158, 4.212708, 4.226929, 4.240845, 4.253784, 4.267883, 4.282104, 4.296387, 4.309509, 4.323608, 4.337952, 4.351135, 4.365234, 4.379272, 4.392822, 5.657349, 5.670837, 5.684875, 5.698792, 5.712219, 5.726563, 5.740784, 5.754089, 5.768188, 5.782104, 5.796326, 5.809326, 5.823486, 5.837646]",3.0,"{'1': 53.39483282317167, '2': -49.631239332967986, '3': 42.69712570621467}","{'1': 0.18999999999999995, '2': 0.20999999999999996, '3': 0.16999999999999993}",3.01,5.83,"{'1': {'start': 3.0100000000000002, 'end': 3.2}, '2': {'start': 4.19, 'end': 4.4}, '3': {'start': 5.66, 'end': 5.83}}",Action
6,7,0xBA,2,2.228455,Match,Match,rbbbdddff,120,"{'1': 130.49995340204288, '2': 10.499953402042877}","[0.0, 0.62, 2.91, 7.43, 11.85, 16.24, 20.51, 24.67, 28.84, 32.94, 36.95, 40.95, 44.91, 48.79, 52.65, 56.51, 60.36, 64.21, 68.05, 71.89, 75.71, 79.53, 83.35, 87.16, 90.97, 94.78, 98.59, 102.4, 106.21, 110.01, 113.82, 117.63, 121.43, 125.24, 129.04, 132.84]","[1.073059, 1.086914, 1.10083, 1.114624, 1.128418, 1.142212, 1.156189, 1.170105, 1.18396, 1.197754, 1.211914, 1.22583, 1.23938, 1.253296, 1.267395, 1.281128, 1.295105, 1.309143, 1.322754, 1.336731, 1.350647, 1.364441, 1.378296, 1.392334, 1.406067, 1.420105, 1.43396, 1.447876, 1.461548, 1.475647, 1.489441, 1.503296, 1.517212, 1.531128, 1.544983, 1.558838]",1.0,{'1': 130.4160086611332},{'1': 0.49},1.06,1.55,"{'1': {'start': 1.06, 'end': 1.55}}",Action
6,8,0xBA,2,2.016174,Mismatch,Match,rrrbbbddb,0,"{'1': 74.03304278999094, '2': 74.03304278999094}",[],[],0.0,{},{},0.0,2.016174,{},Action
6,9,0xBA,2,3.22406,Match,Match,bdddddfll,60,"{'1': 124.18790901317558, '2': 64.18790901317558}","[0.0, 0.0, 0.22, 0.83, 2.63, 5.76, 10.51, 15.18, 19.81, 24.39, 28.91, 33.4, 37.85, 42.29, 46.73, 51.16]","[1.735229, 1.749084, 1.763, 1.776978, 1.790833, 1.804626, 1.818665, 1.832397, 1.846313, 1.860718, 1.874146, 1.888, 1.901978, 1.91571, 1.929626, 1.943604]",1.0,{'1': 50.0033153646651},{'1': 0.18999999999999995},1.75,1.94,"{'1': {'start': 1.75, 'end': 1.94}}",Action
6,10,0xBA,2,1.164978,Match,Match,rbbbbbldd,0,"{'1': 204.65238846055797, '2': 204.65238846055797}",[],[],0.0,{},{},0.0,1.164978,{},Action
6,11,0xBA,2,3.029236,Match,Match,ffuuuurrf,60,"{'1': 339.30144148243784, '2': 279.30144148243784}","[0.0, 0.0, 0.89, 3.37, 7.02, 11.53, 15.98, 20.43, 24.86, 29.29, 33.69, 38.04, 42.38, 46.71, 51.04, 55.35, 59.15, 61.43, 65.12, 68.81, 72.43, 76.04, 79.65, 83.27, 86.88]","[0.9020386, 0.9158936, 0.9300537, 0.9436646, 0.9577026, 0.9716187, 0.9854126, 0.9993896, 1.013245, 1.027039, 1.040833, 1.054871, 1.068604, 1.082642, 1.096558, 1.110535, 1.807617, 1.822083, 1.835999, 1.84967, 1.863281, 1.877319, 1.891235, 1.904419, 1.91864]",2.0,"{'1': 55.18502539886959, '2': 25.63277199000789}","{'1': 0.21000000000000008, '2': 0.1200000000000001}",0.9,1.91,"{'1': {'start': 0.9, 'end': 1.11}, '2': {'start': 1.79, 'end': 1.9100000000000001}}",Action
6,12,0xBA,2,1.205078,Match,Match,bdddbllll,0,"{'1': 227.23092463341032, '2': 227.23092463341032}",[],[],0.0,{},{},0.0,1.205078,{},Action
6,13,0xBA,2,7.67749,Match,Match,ffuuuurrf,120,"{'1': 66.24986329575583, '2': 186.24986329575583}","[0.0, 1.82, 5.54, 9.74, 13.96, 18.17, 22.38, 26.59, 30.79, 35.0, 39.21, 43.41, 47.6, 51.78, 55.97, 60.15, 64.34, 68.52, 72.7, 76.89, 80.3, 82.23, 84.17, 84.43, 86.0, 90.25, 94.38, 98.42, 102.39, 106.25, 110.07, 113.85, 117.6, 121.33, 125.04, 128.74, 132.42, 136.06, 139.61, 140.07, 143.76, 147.77, 151.6, 155.28, 158.87, 159.64, 162.1, 166.1, 169.9, 173.7, 177.44, 177.44, 177.44, 178.1, 181.2, 185.78, 190.22, 194.61, 198.91, 203.15, 207.35, 211.56, 215.76, 219.95, 224.11, 228.28, 232.44, 236.6, 240.76, 244.93, 249.09, 253.25, 257.41, 261.56, 265.71, 269.86, 273.99, 278.07, 282.15, 286.19, 290.23, 294.27, 298.31, 302.35, 306.19, 306.19, 306.19, 304.58, 300.59, 295.6, 290.61, 285.62, 280.64, 275.65, 270.7, 265.76, 260.85, 256.05, 251.28, 246.53, 241.76]","[1.771973, 1.786072, 1.800049, 1.81366, 1.827576, 1.841553, 1.855347, 1.869202, 1.883179, 1.896973, 1.911011, 1.939148, 1.952881, 1.967957, 1.982239, 1.996094, 2.010376, 2.024597, 2.038269, 2.052307, 2.066223, 2.079956, 2.44165, 2.455566, 2.469666, 2.483704, 2.497131, 2.511353, 2.525391, 2.53894, 2.552612, 2.566711, 2.580627, 2.594116, 2.608459, 2.622437, 2.635986, 2.650208, 3.149841, 3.164185, 3.177795, 3.19165, 3.205688, 3.219421, 3.64978, 3.664063, 3.677551, 3.691406, 3.705505, 3.719299, 4.316284, 4.330383, 4.344543, 4.358032, 4.371948, 4.385803, 4.399414, 4.41449, 4.427734, 4.441711, 4.455017, 4.469177, 4.483093, 4.496521, 4.510559, 4.524719, 4.538574, 4.552673, 4.566467, 4.5802, 4.593628, 4.607849, 4.621948, 4.635437, 4.649597, 4.663879, 4.677368, 4.691284, 4.7052, 4.718811, 4.732788, 4.747009, 4.760864, 4.774353, 6.052612, 6.06665, 6.080627, 6.093872, 6.108154, 6.12207, 6.13562, 6.14978, 6.163757, 6.177246, 6.191467, 6.205383, 6.218933, 6.233093, 6.24707, 6.260986, 6.274475]",6.0,"{'1': 82.23023600059719, '2': 51.8456141905847, '3': 15.744752367360832, '4': 14.915975149788949, '5': -119.80696407379102, '6': 62.847543924679584}","{'1': 0.32000000000000006, '2': 0.20999999999999996, '3': 0.08000000000000007, '4': 0.08000000000000007, '5': 0.4500000000000002, '6': 0.20000000000000018}",1.76,6.2700000000000005,"{'1': {'start': 1.76, 'end': 2.08}, '2': {'start': 2.44, 'end': 2.65}, '3': {'start': 3.14, 'end': 3.22}, '4': {'start': 3.64, 'end': 3.72}, '5': {'start': 4.33, 'end': 4.78}, '6': {'start': 6.07, 'end': 6.2700000000000005}}",Action
6,14,0xBA,2,5.059143,Match,Match,bddrddddd,180,"{'1': 324.1287128877964, '2': 144.12871288779638}","[0.0, 0.0, 359.18, 357.26, 353.83, 349.39, 344.92, 340.48, 336.06, 331.67, 327.34, 323.05, 318.77, 314.53, 310.3, 306.07, 301.85, 297.64, 293.72, 289.81, 289.81, 287.94, 286.08, 281.57, 277.09, 272.62, 268.15, 263.7, 259.35, 255.13, 250.97, 246.93, 244.02, 242.66, 242.66, 242.66, 242.06, 241.3, 238.34, 233.81, 229.3, 224.78, 220.27, 215.75, 211.23, 206.72, 203.7, 203.7, 203.47, 199.76, 195.29, 190.81, 186.35, 181.9, 177.47, 173.03, 168.62, 164.26, 159.9, 155.62, 152.15, 150.66, 151.66, 156.28, 160.86, 165.36, 169.79, 174.19, 178.59]","[1.362061, 1.376221, 1.389832, 1.403687, 1.417786, 1.431519, 1.445496, 1.459595, 1.473328, 1.486938, 1.501038, 1.515015, 1.528748, 1.542603, 1.556763, 1.570435, 1.584106, 1.598206, 1.611938, 1.889771, 1.903503, 1.917542, 1.931458, 1.94519, 1.959106, 1.973022, 1.986877, 2.000732, 2.014771, 2.028564, 2.042419, 2.056396, 2.070129, 2.084106, 2.583984, 2.598083, 2.611877, 2.625549, 2.639587, 2.653687, 2.66748, 2.681152, 2.695313, 2.709045, 2.722717, 2.750977, 2.764832, 3.240112, 3.254211, 3.2677, 3.281799, 3.295776, 3.308777, 3.322571, 3.336548, 3.350159, 3.364502, 3.378967, 3.392273, 3.405396, 3.419861, 4.031006, 4.045166, 4.059326, 4.07312, 4.086426, 4.100464, 4.115295, 4.128479]",5.0,"{'1': 66.39345815651846, '2': 47.150000000000006, '3': 38.96000000000001, '4': -4.150338888479837, '5': 25.073403509414305}","{'1': 0.25, '2': 0.19999999999999973, '3': 0.18000000000000016, '4': 0.17999999999999972, '5': 0.09999999999999964}",1.37,4.12,"{'1': {'start': 1.37, 'end': 1.62}, '2': {'start': 1.8900000000000001, 'end': 2.09}, '3': {'start': 2.59, 'end': 2.77}, '4': {'start': 3.24, 'end': 3.42}, '5': {'start': 4.0200000000000005, 'end': 4.12}}",Action
6,15,0xBA,2,3.543945,Match,Match,rrrbbbddb,60,"{'1': 20.78654450879716, '2': 320.7865445087972}","[0.0, 0.0, 0.24, 2.26, 5.91, 10.47, 14.98, 19.47, 23.95, 28.41, 32.85, 37.28, 41.71, 45.94, 49.02, 51.14, 51.51, 53.51, 57.3, 61.68, 66.01, 70.29, 74.49, 78.65, 82.79, 86.94, 91.09, 95.22]","[1.360352, 1.374146, 1.387939, 1.401794, 1.41571, 1.429626, 1.443481, 1.457458, 1.471191, 1.485229, 1.499084, 1.512939, 1.526672, 1.540771, 1.554626, 2.165649, 2.179626, 2.193298, 2.207214, 2.221191, 2.234863, 2.249207, 2.263, 2.276733, 2.290344, 2.304382, 2.318359, 2.332092]",2.0,"{'1': 49.0386455828995, '2': 43.4704611491443}","{'1': 0.18999999999999995, '2': 0.16999999999999993}",1.37,2.33,"{'1': {'start': 1.37, 'end': 1.56}, '2': {'start': 2.16, 'end': 2.33}}",Action
6,16,0xBA,2,4.151672,Match,Match,llbbbbbru,120,"{'1': 337.1362721077407, '2': 217.13627210774067}","[0.0, 0.18, 0.84, 2.17, 6.23, 10.71, 15.15, 19.48, 23.73, 27.92, 31.97, 36.02, 40.06, 44.11, 48.15, 51.95, 55.61, 58.09, 62.61, 67.11, 71.56, 75.9, 80.14, 84.34, 88.53, 92.71, 96.9, 101.07, 105.23, 109.4, 113.56, 116.9, 116.9, 118.78, 123.52, 128.19, 132.79, 137.3, 141.8, 146.25, 150.69]","[1.385071, 1.39917, 1.412964, 1.42688, 1.440857, 1.454773, 1.468506, 1.482422, 1.496277, 1.510193, 1.524048, 1.537964, 1.55188, 1.565613, 1.579712, 1.593689, 1.926697, 1.940491, 1.954651, 1.968262, 1.9823, 1.996155, 2.01001, 2.023865, 2.037842, 2.051514, 2.06543, 2.079468, 2.093201, 2.107117, 2.121094, 2.999268, 3.012634, 3.027039, 3.041016, 3.054504, 3.068726, 3.082825, 3.096375, 3.110107, 3.124207]",3.0,"{'1': 51.956434610553686, '2': 58.16738477171063, '3': 32.46524255319147}","{'1': 0.20999999999999996, '2': 0.21999999999999975, '3': 0.1200000000000001}",1.39,3.12,"{'1': {'start': 1.3900000000000001, 'end': 1.6}, '2': {'start': 1.9100000000000001, 'end': 2.13}, '3': {'start': 3.0, 'end': 3.12}}",Action
6,17,0xBA,2,2.385498,Match,Match,ffuubrrrr,60,"{'1': 222.1015434796796, '2': 282.1015434796796}","[0.0, 0.0, 359.53, 358.97, 357.49, 354.82, 351.39, 347.29, 343.09, 338.9, 334.71, 330.53, 326.49, 323.56]","[1.368896, 1.383057, 1.396667, 1.410461, 1.424377, 1.438354, 1.452332, 1.466187, 1.480042, 1.493774, 1.507629, 1.522278, 1.535645, 1.549438]",1.0,{'1': 34.435117813383606},{'1': 0.15999999999999992},1.38,1.54,"{'1': {'start': 1.3800000000000001, 'end': 1.54}}",Action
6,18,0xBA,2,4.286377,Match,Match,bbddbblll,180,"{'1': 323.8362123068004, '2': 143.8362123068004}","[0.0, 359.38, 357.61, 355.51, 351.98, 347.53, 343.06, 338.59, 334.13, 329.67, 325.2, 320.74, 316.28, 311.81, 307.35, 302.89, 298.43, 293.96, 289.5, 285.03, 280.57, 276.11, 272.9, 270.21, 267.52, 264.85, 262.27, 260.05, 258.21, 257.26, 257.01, 255.68, 251.54, 246.87, 242.2, 237.53, 232.87, 228.2, 223.54, 218.88, 214.22, 209.56, 204.99, 200.45, 195.91, 193.85]","[1.908691, 1.922913, 1.936646, 1.950378, 1.96698, 1.978271, 1.992188, 2.006042, 2.019958, 2.033752, 2.047668, 2.06189, 2.0896, 2.103821, 2.118225, 2.13269, 2.147156, 2.161194, 2.174683, 2.188904, 2.202942, 2.216431, 2.230774, 2.244751, 2.258301, 2.272461, 2.286499, 2.300476, 2.313965, 3.092407, 3.10675, 3.120911, 3.13385, 3.147827, 3.161743, 3.175537, 3.189758, 3.203857, 3.217346, 3.231262, 3.245361, 3.259338, 3.272949, 3.286682, 3.30072, 3.314331]",2.0,"{'1': 101.79736503169153, '2': 62.757448527205185}","{'1': 0.4199999999999997, '2': 0.2200000000000002}",1.9,3.31,"{'1': {'start': 1.9000000000000001, 'end': 2.32}, '2': {'start': 3.09, 'end': 3.31}}",Action
6,19,0xBA,2,2.958923,Match,Match,ffuuuurrf,120,"{'1': 299.1264029932808, '2': 59.12640299328079}","[0.0, 0.0, 359.15, 355.9, 351.56, 346.65, 341.75, 336.86, 331.96, 327.06, 322.17, 317.27, 312.38, 307.48, 302.58, 299.8, 298.44, 298.44, 298.44, 297.24, 294.74, 289.75, 284.75, 279.76, 274.77, 269.78, 264.79, 259.81, 254.83, 249.84, 244.86, 241.96]","[1.139893, 1.153687, 1.167603, 1.181458, 1.195374, 1.209167, 1.223083, 1.237061, 1.250793, 1.264648, 1.279114, 1.292603, 1.306335, 1.320251, 1.334106, 1.348022, 1.361877, 1.959167, 1.972961, 1.986755, 2.000732, 2.014587, 2.028442, 2.042358, 2.056335, 2.070068, 2.084045, 2.097961, 2.111694, 2.125671, 2.139648, 2.153442]",2.0,"{'1': 61.375754601227, '2': 55.75636653617509}","{'1': 0.21999999999999997, '2': 0.18999999999999995}",1.14,2.15,"{'1': {'start': 1.1400000000000001, 'end': 1.36}, '2': {'start': 1.96, 'end': 2.15}}",Action
6,20,0xBA,2,4.825134,Match,Match,rbbbbbbub,120,"{'1': 161.8952181803216, '2': 41.89521818032159}","[0.0, 0.0, 0.62, 3.04, 7.14, 11.26, 15.43, 19.58, 23.73, 27.88, 32.02, 36.17, 39.58, 39.58, 39.58, 39.2, 38.33, 36.44, 33.83, 29.34, 24.8, 20.27, 15.74, 11.21, 6.67, 2.14, 357.61, 353.08, 348.54, 344.01, 339.48, 334.94, 330.32, 328.35, 327.84, 328.16, 331.36, 335.88, 340.27, 344.54, 348.68, 352.76, 356.82, 0.87, 4.9, 8.92, 12.91, 16.88, 20.82, 24.69, 28.55, 32.41, 36.26, 40.12, 43.97, 47.82, 51.67, 55.49, 59.31, 63.11, 66.88, 70.64, 74.38, 78.12, 81.84, 85.56, 89.28, 92.92, 96.53, 100.14, 103.74, 107.33, 110.91, 114.48, 118.02, 118.91, 123.26, 127.61, 131.95, 136.21, 140.33, 144.38, 148.38, 152.36, 156.33, 160.31, 164.28]","[1.225098, 1.23877, 1.252625, 1.266724, 1.280334, 1.294189, 1.308167, 1.322021, 1.335815, 1.349915, 1.363708, 1.377625, 1.65509, 1.669128, 1.682983, 1.696777, 1.710938, 1.724731, 1.738586, 1.752319, 1.766418, 1.78009, 1.793945, 1.807922, 1.821716, 1.835632, 1.84967, 1.863647, 1.877441, 1.891174, 1.905273, 1.919006, 1.932922, 1.94696, 3.018982, 3.033569, 3.047791, 3.060852, 3.074768, 3.088806, 3.102478, 3.116699, 3.131836, 3.144897, 3.157715, 3.171875, 3.185852, 3.199524, 3.213806, 3.227905, 3.241516, 3.255432, 3.269592, 3.283142, 3.297058, 3.311218, 3.325195, 3.338867, 3.352722, 3.369629, 3.380371, 3.393799, 3.407959, 3.421692, 3.436035, 3.450073, 3.463806, 3.477966, 3.492126, 3.505737, 3.519043, 3.533142, 3.547302, 3.560852, 4.144897, 4.158386, 4.172546, 4.186584, 4.199951, 4.214111, 4.228088, 4.241455, 4.255615, 4.269714, 4.283081, 4.297119, 4.311279]",4.0,"{'1': 36.19918836610023, '2': -7.928553761023583, '3': 82.39777985891615, '4': 45.99170366141824}","{'1': 0.15000000000000013, '2': 0.27, '3': 0.5500000000000003, '4': 0.1800000000000006}",1.23,4.3100000000000005,"{'1': {'start': 1.23, 'end': 1.3800000000000001}, '2': {'start': 1.68, 'end': 1.95}, '3': {'start': 3.02, 'end': 3.5700000000000003}, '4': {'start': 4.13, 'end': 4.3100000000000005}}",Action
6,21,0xBA,2,4.959351,Match,Match,llbbbbbru,120,"{'1': 344.9475495811423, '2': 224.94754958114234}","[0.0, 0.73, 3.47, 7.32, 11.32, 15.3, 19.27, 23.24, 27.17, 31.06, 34.92, 38.74, 42.5, 46.19, 47.29, 49.07, 53.23, 57.27, 61.31, 65.32, 69.29, 73.23, 77.15, 81.04, 84.93, 88.81, 92.69, 96.57, 100.45, 104.33, 108.21, 111.89, 115.41, 119.19, 123.07, 126.85, 130.63, 134.36, 138.07, 141.75, 145.43, 149.07]","[1.317688, 1.331787, 1.345581, 1.359375, 1.373352, 1.387268, 1.401001, 1.414856, 1.428894, 1.44281, 1.456787, 1.470642, 1.484436, 1.887329, 1.901184, 1.914917, 1.928894, 1.942688, 1.956482, 1.970337, 1.984436, 1.998108, 2.012146, 2.026062, 2.039795, 2.053711, 2.067871, 2.081543, 2.095459, 2.109314, 2.123169, 2.775818, 2.789673, 2.803528, 2.831909, 2.845825, 2.860657, 2.874878, 2.889038, 2.903259, 2.916992, 2.93103]",3.0,"{'1': 42.550959336598055, '2': 62.21722913710253, '3': 37.00211564693997}","{'1': 0.17999999999999994, '2': 0.2599999999999998, '3': 0.16999999999999993}",1.31,2.93,"{'1': {'start': 1.31, 'end': 1.49}, '2': {'start': 1.87, 'end': 2.13}, '3': {'start': 2.7600000000000002, 'end': 2.93}}",Action
6,22,0xBA,2,1.12384,Match,Match,bddddddrd,0,"{'1': 50.36266026622357, '2': 50.36266026622357}",[],[],0.0,{},{},0.0,1.12384,{},Action
6,23,0xBA,2,2.788391,Match,Match,bbbdddrrb,0,"{'1': 201.43893210030396, '2': 201.43893210030396}",[],[],0.0,{},{},0.0,2.788391,{},Action
6,24,0xBA,2,5.267029,Match,Match,uubbbrrrb,180,"{'1': 55.070875370514074, '2': 235.07087537051407}","[0.0, 2.17, 5.73, 9.27, 9.27, 9.64, 12.64, 17.36, 22.01, 26.64, 31.24, 35.84, 40.44, 45.03, 49.63, 54.23, 58.84, 63.44, 68.05, 72.67, 74.11, 74.11, 75.05, 79.82, 84.55, 89.28, 93.94, 98.39, 102.77, 107.13, 111.45, 113.36, 117.71, 122.06, 126.39, 130.72, 135.05, 139.36, 143.61, 147.83, 152.05, 156.27, 156.73, 156.73, 160.0, 164.2, 168.84, 173.35, 177.77, 182.16]","[1.29248, 1.306335, 1.32019, 2.070129, 2.083923, 2.097656, 2.111633, 2.12561, 2.139404, 2.153198, 2.167114, 2.18103, 2.195007, 2.208923, 2.222656, 2.23645, 2.25061, 2.264343, 2.278137, 2.292053, 2.653198, 2.667236, 2.68103, 2.694885, 2.708923, 2.722412, 2.736328, 2.750549, 2.764099, 2.777954, 3.09967, 3.114075, 3.128174, 3.141663, 3.155884, 3.169922, 3.18335, 3.197571, 3.211548, 3.225342, 3.238953, 3.253113, 4.419617, 4.433777, 4.447815, 4.461121, 4.475159, 4.489258, 4.502808, 4.516785]",5.0,"{'1': 5.6811800793937435, '2': 63.43168721704579, '3': 33.04747367243159, '4': 44.952564510796876, '5': 21.076019174357896}","{'1': 0.040000000000000036, '2': 0.2200000000000002, '3': 0.1200000000000001, '4': 0.17000000000000037, '5': 0.08999999999999986}",1.28,4.51,"{'1': {'start': 1.28, 'end': 1.32}, '2': {'start': 2.08, 'end': 2.3000000000000003}, '3': {'start': 2.66, 'end': 2.7800000000000002}, '4': {'start': 3.09, 'end': 3.2600000000000002}, '5': {'start': 4.42, 'end': 4.51}}",Action
6,25,0xBA,2,2.154602,Mismatch,Mismatch,bddddddrd,180,"{'1': 128.12205955971416, '2': 308.12205955971416}",[],[],0.0,{},{},0.0,2.154602,{},Action
6,26,0xBA,2,6.394714,Mismatch,Mismatch,rrrrbbbdr,0,"{'1': 124.92721490562091, '2': 124.92721490562091}","[0.0, 3.21, 6.93, 10.73, 14.67, 18.61, 22.56, 26.53, 30.51, 34.49, 38.47, 42.45, 46.43, 50.42, 54.4, 58.38, 62.35, 66.33, 70.31, 74.29, 78.11, 80.56, 84.71, 88.72, 92.6, 96.4, 100.2, 103.96, 107.69, 111.4, 115.03, 118.59, 118.95, 120.81, 124.84, 128.82, 132.72, 136.58, 140.39, 144.17, 147.89, 151.57, 155.21, 158.79, 162.35, 165.91, 169.46, 173.01, 176.55, 180.1, 183.65, 187.2, 190.75, 194.3, 197.85, 201.4, 204.95, 208.5, 212.05, 215.6, 219.14, 219.8, 223.85, 228.49, 232.97, 237.29, 241.49, 245.64, 249.77, 253.91, 258.04, 262.17, 266.36, 266.89, 267.42, 269.4, 274.31, 279.19, 284.04, 288.85, 293.58, 298.21, 302.74, 307.26, 308.86, 310.46, 313.09, 317.87, 322.64, 327.39, 332.11, 336.8, 341.36, 345.85, 350.32, 354.79]","[1.002991, 1.016968, 1.030701, 1.044617, 1.058777, 1.07251, 1.086426, 1.100403, 1.114258, 1.128052, 1.141968, 1.156067, 1.169739, 1.183472, 1.197571, 1.211426, 1.22522, 1.239136, 1.253052, 1.266907, 1.630371, 1.644775, 1.658813, 1.672729, 1.686218, 1.700317, 1.714355, 1.727966, 1.742004, 1.755981, 1.769592, 2.242371, 2.256897, 2.269653, 2.283447, 2.297546, 2.311035, 2.325256, 2.339355, 2.352844, 2.366089, 2.380188, 2.394226, 2.407837, 2.422119, 2.436157, 2.449768, 2.463684, 2.477783, 2.491699, 2.505249, 2.519714, 2.533813, 2.54718, 2.561035, 2.575195, 2.58844, 2.602417, 2.616577, 2.630188, 3.38031, 3.394714, 3.408447, 3.422302, 3.436401, 3.449768, 3.463745, 3.477966, 3.492004, 3.50531, 3.519409, 3.533569, 3.547241, 3.561096, 3.686035, 3.700134, 3.714417, 3.727722, 3.74176, 3.755798, 3.769226, 3.783264, 3.797424, 3.81073, 3.824829, 3.949768, 3.96405, 3.978333, 3.991943, 4.005432, 4.019531, 4.03363, 4.046936, 4.060974, 4.075439, 4.088989]",6.0,"{'1': 74.32250737349504, '2': 37.03207123821038, '3': 25.876887369925498, '4': -47.75672962679991, '5': -41.5742427104427, '6': -41.48971653687592}","{'1': 0.28, '2': 0.1499999999999999, '3': 0.3899999999999997, '4': 0.18999999999999995, '5': 0.16000000000000014, '6': 0.14000000000000012}",0.99,4.08,"{'1': {'start': 0.99, 'end': 1.27}, '2': {'start': 1.62, 'end': 1.77}, '3': {'start': 2.24, 'end': 2.63}, '4': {'start': 3.37, 'end': 3.56}, '5': {'start': 3.67, 'end': 3.83}, '6': {'start': 3.94, 'end': 4.08}}",Action
6,27,0xBA,2,4.476746,Mismatch,Mismatch,ffuubrrrr,60,"{'1': 206.20660411733138, '2': 266.2066041173314}","[0.0, 2.76, 6.67, 10.76, 14.84, 18.93, 23.01, 27.1, 31.19, 35.27, 39.36, 43.44, 47.59, 51.85, 56.35, 58.96, 59.91, 60.27, 63.47, 67.52, 71.9, 76.04, 80.06, 83.94, 87.78, 91.61, 95.43, 99.26, 103.08, 106.91, 110.74, 114.56, 118.39, 122.22, 126.04, 129.87, 133.7, 137.53, 141.36, 145.19, 149.01, 152.84, 156.67, 160.5, 164.33, 168.16, 171.99, 175.82, 179.65, 183.23, 185.37, 190.28, 195.13, 199.94, 204.72, 209.44, 214.07, 218.66, 223.19, 227.72, 232.25, 232.74, 233.76, 236.22, 240.43, 244.57, 248.65, 252.72, 256.76, 260.77, 264.76, 268.74, 272.71, 276.66, 280.6, 284.54, 288.48, 292.42, 296.35, 300.28]","[0.987915, 1.001953, 1.015869, 1.029602, 1.043579, 1.057617, 1.071411, 1.085144, 1.099121, 1.113281, 1.126709, 1.140686, 1.154663, 1.168457, 1.182434, 1.196411, 1.57251, 1.586853, 1.604004, 1.615112, 1.628479, 1.642639, 1.656677, 1.670776, 1.684509, 1.698364, 1.712097, 1.726257, 1.740173, 1.75415, 1.767578, 1.781799, 1.795776, 1.809387, 1.823547, 1.837524, 1.851135, 1.865234, 1.879456, 1.893127, 1.906677, 1.921021, 1.934937, 1.948486, 1.962463, 1.976379, 1.989807, 2.004089, 2.018188, 2.865662, 2.879944, 2.893311, 2.906555, 2.920776, 2.934753, 2.948425, 2.962402, 2.976563, 2.990112, 3.004395, 3.018616, 3.351501, 3.365601, 3.379822, 3.393738, 3.407104, 3.421265, 3.435181, 3.448303, 3.462341, 3.476501, 3.490234, 3.504517, 3.518677, 3.531921, 3.545898, 3.560059, 3.574097, 3.587524, 3.601501]",4.0,"{'1': 58.969065565183634, '2': 119.74018230415635, '3': -49.07526193255954, '4': -67.1348837365007}","{'1': 0.22999999999999998, '2': 0.44999999999999996, '3': 0.16999999999999993, '4': 0.26000000000000023}",0.97,3.6,"{'1': {'start': 0.97, 'end': 1.2}, '2': {'start': 1.57, 'end': 2.02}, '3': {'start': 2.85, 'end': 3.02}, '4': {'start': 3.34, 'end': 3.6}}",Action
6,28,0xBA,2,2.871948,Mismatch,Mismatch,rbbbdddff,60,"{'1': 289.5332092130355, '2': 349.5332092130355}","[0.0, 359.61, 358.45, 355.53, 351.76, 347.88, 343.99, 340.1, 336.21, 332.32, 328.43, 324.52, 320.57, 319.14, 319.14, 318.25, 316.13, 311.22, 306.29, 301.35, 296.42, 291.48, 286.55]","[1.136414, 1.150024, 1.164001, 1.17804, 1.191895, 1.205933, 1.219666, 1.233521, 1.247437, 1.261414, 1.275757, 1.289063, 1.302673, 1.71936, 1.733459, 1.74707, 1.760986, 1.774963, 1.788757, 1.802612, 1.81665, 1.830383, 1.844482]",2.0,"{'1': 39.455145036922204, '2': 31.022778211220654}","{'1': 0.17999999999999994, '2': 0.1200000000000001}",1.13,1.84,"{'1': {'start': 1.1300000000000001, 'end': 1.31}, '2': {'start': 1.72, 'end': 1.84}}",Action
6,29,0xBA,2,8.440491,Mismatch,Mismatch,uubbbbruu,0,"{'1': 62.74224955292495, '2': 62.74224955292495}","[0.0, 3.75, 7.65, 11.76, 16.01, 20.4, 24.93, 29.69, 34.5, 39.4, 44.32, 49.25, 54.2, 59.17, 64.14, 69.11, 74.1, 79.09, 84.08, 89.07, 94.06, 99.06, 104.05, 109.05, 114.05, 119.05, 124.05, 129.05, 134.05, 139.05, 144.04, 149.01, 153.97, 158.91, 163.85, 168.79, 173.77, 178.77, 183.72, 188.62, 193.4, 197.94, 202.39, 206.67, 210.72, 214.27, 214.27, 214.27, 214.49, 214.49, 214.68, 215.07, 217.12, 222.03, 226.9, 231.73, 236.5, 241.25, 245.99, 250.73, 255.46, 260.21, 263.3, 263.47, 263.47, 264.79, 267.23, 271.98, 276.73, 281.48, 286.22, 290.97, 295.71, 300.45, 305.18, 306.81, 308.43, 309.9, 313.64, 318.22, 322.64, 326.98, 331.21, 335.38, 339.51, 343.62, 347.72, 349.09]","[1.330078, 1.343384, 1.357361, 1.371338, 1.384949, 1.399048, 1.413147, 1.427002, 1.44043, 1.454712, 1.46875, 1.482361, 1.497742, 1.510437, 1.523499, 1.537598, 1.551697, 1.565247, 1.579407, 1.593506, 1.607422, 1.621094, 1.635315, 1.649292, 1.663025, 1.677185, 1.69104, 1.704773, 1.718811, 1.73291, 1.746765, 1.760315, 1.774536, 1.788452, 1.802002, 1.816162, 1.8302, 1.843811, 1.85791, 1.871887, 1.885498, 1.899292, 1.913269, 1.927185, 1.940857, 6.274536, 6.288635, 6.302185, 6.316162, 6.330078, 6.34375, 6.357666, 6.371643, 6.385254, 6.399353, 6.413269, 6.427063, 6.440613, 6.454834, 6.46875, 6.482361, 6.496521, 6.510376, 7.162964, 7.177246, 7.191162, 7.204773, 7.21875, 7.232727, 7.246521, 7.260071, 7.274292, 7.288208, 7.301819, 7.315857, 7.329834, 7.843506, 7.857788, 7.872803, 7.885681, 7.898987, 7.913147, 7.927063, 7.940613, 7.954712, 7.968689, 7.982361, 7.99646]",4.0,"{'1': 149.27251037051892, '2': -48.58825671794237, '3': -43.34129565049112, '4': -40.07487645181875}","{'1': 0.6299999999999999, '2': 0.16999999999999993, '3': 0.16999999999999993, '4': 0.16000000000000014}",1.32,7.99,"{'1': {'start': 1.32, 'end': 1.95}, '2': {'start': 6.34, 'end': 6.51}, '3': {'start': 7.16, 'end': 7.33}, '4': {'start': 7.83, 'end': 7.99}}",Action
6,30,0xBA,2,19.54443,Mismatch,Mismatch,rrrrbbbdr,120,"{'1': 246.8747450391303, '2': 6.874745039130275}",[],[],0.0,{},{},0.0,19.54443,{},Action
6,31,0xBA,2,2.225464,Mismatch,Mismatch,bbdddbrrr,180,"{'1': 242.4605042219436, '2': 62.46050422194361}",[],[],0.0,{},{},0.0,2.225464,{},Action
6,32,0xBA,2,5.529114,Mismatch,Mismatch,lllllbbul,0,"{'1': 226.33120364797915, '2': 226.33120364797915}","[0.0, 1.49, 4.44, 8.17, 11.8, 15.42, 19.04, 22.66, 26.29, 29.92, 33.55, 37.17, 40.8, 44.44, 48.06, 48.43, 51.12, 55.07, 58.99, 62.81, 66.59, 70.34, 74.03, 77.6, 81.16, 84.7, 88.23, 91.77, 95.31, 98.85, 102.39, 105.92, 107.85, 111.72, 115.72, 119.68, 123.55, 127.34, 131.04, 134.67, 134.67, 137.58, 142.11, 146.61, 150.98, 155.29, 159.49, 163.63, 167.59]","[2.040344, 2.05426, 2.06842, 2.082153, 2.096008, 2.109924, 2.123535, 2.137573, 2.151489, 2.16571, 2.179077, 2.193054, 2.20697, 2.220947, 2.581848, 2.595703, 2.609741, 2.623596, 2.637512, 2.651428, 2.665161, 2.679077, 2.693176, 2.70697, 2.720947, 2.734558, 2.748596, 2.762512, 2.776428, 2.804016, 2.818115, 3.557129, 3.571289, 3.5849, 3.599121, 3.612976, 3.626892, 3.640381, 3.654724, 3.932434, 3.946289, 3.960083, 3.97406, 3.988037, 4.001221, 4.015503, 4.029541, 4.043152, 4.057434]",4.0,"{'1': 44.53080567801142, '2': 54.35754023111407, '3': 25.270782572836183, '4': 30.89057455233919}","{'1': 0.19999999999999973, '2': 0.23999999999999977, '3': 0.1200000000000001, '4': 0.11999999999999966}",2.03,4.05,"{'1': {'start': 2.0300000000000002, 'end': 2.23}, '2': {'start': 2.58, 'end': 2.82}, '3': {'start': 3.54, 'end': 3.66}, '4': {'start': 3.93, 'end': 4.05}}",Action
6,33,0xBA,2,7.822449,Mismatch,Mismatch,ffuubrrrr,0,"{'1': 113.72457940279365, '2': 113.72457940279365}","[0.0, 359.65, 357.72, 353.46, 349.2, 344.26, 339.32, 334.38, 329.44, 324.5, 319.57, 314.63, 309.69, 304.76, 299.84, 294.91, 289.99, 285.07, 280.15, 275.23, 270.32, 265.4, 260.49, 255.57, 250.66, 245.74, 240.83, 235.91, 231.0, 226.08, 221.17, 216.25, 211.34, 206.42, 201.51, 196.59, 192.68, 188.77, 186.71, 186.34, 186.34, 184.93, 182.25, 177.59, 172.72, 167.9, 163.07, 158.25, 153.43, 148.61, 143.79, 138.98, 134.16, 129.37, 124.59, 119.81, 115.03, 110.26, 105.49, 100.72, 95.94, 91.17, 86.4, 81.63, 76.86, 72.08, 67.31, 62.54, 57.77, 53.0, 48.23, 43.47, 41.29, 40.55, 40.31, 38.17, 33.93, 29.03, 24.12, 19.22, 14.32, 9.42, 4.52, 359.62, 354.73, 349.85, 344.99, 341.36, 339.95, 340.99, 343.18, 346.75, 351.23, 355.58, 359.87, 4.13]","[3.323059, 3.336731, 3.35083, 3.364685, 3.378296, 3.391602, 3.405701, 3.419922, 3.433716, 3.447632, 3.461914, 3.475403, 3.489319, 3.503601, 3.51709, 3.53064, 3.544861, 3.559204, 3.572632, 3.586609, 3.600769, 3.614197, 3.628174, 3.642456, 3.655762, 3.669861, 3.684082, 3.697693, 3.71106, 3.72522, 3.739563, 3.753113, 3.767151, 3.781311, 3.794678, 3.80896, 3.822998, 3.836182, 3.850403, 4.725525, 4.739746, 4.753235, 4.767395, 4.781372, 4.796143, 4.809021, 4.823059, 4.836426, 4.850708, 4.864624, 4.87854, 4.891968, 4.906067, 4.920105, 4.933655, 4.947815, 4.961731, 4.975281, 4.989441, 5.003479, 5.017334, 5.030823, 5.045044, 5.059082, 5.072632, 5.08667, 5.100769, 5.114258, 5.128479, 5.142456, 5.156006, 5.170044, 5.184082, 5.517029, 5.531372, 5.545593, 5.559326, 5.573181, 5.586914, 5.600891, 5.614441, 5.628479, 5.642456, 5.656067, 5.670166, 5.684204, 5.69812, 5.711487, 6.323242, 6.336548, 6.350708, 6.364685, 6.37854, 6.391968, 6.406128, 6.420166]",4.0,"{'1': 173.23162295197244, '2': -136.44333278530385, '3': -21.84066541174924, '4': -15.93677943752667}","{'1': 0.5299999999999998, '2': 0.41999999999999993, '3': 0.1999999999999993, '4': 0.10999999999999943}",3.3200000000000003,6.42,"{'1': {'start': 3.3200000000000003, 'end': 3.85}, '2': {'start': 4.7700000000000005, 'end': 5.19}, '3': {'start': 5.5200000000000005, 'end': 5.72}, '4': {'start': 6.3100000000000005, 'end': 6.42}}",Action
6,34,0xBA,2,2.778625,Mismatch,Mismatch,bddrddddd,120,"{'1': 65.08273868907158, '2': 185.08273868907156}","[0.0, 0.0, 0.46, 1.56, 2.97, 5.13, 9.73, 14.21, 18.62, 22.94, 27.15, 31.36, 35.57, 39.78, 42.74, 45.69, 45.88, 47.73, 51.77, 55.81, 59.76, 63.63, 67.46, 71.28, 75.09, 78.9]","[1.320862, 1.334412, 1.348511, 1.362427, 1.37616, 1.389832, 1.40387, 1.417725, 1.431763, 1.445679, 1.459595, 1.473328, 1.487183, 1.50116, 1.515015, 1.903748, 1.917603, 1.931396, 1.945313, 1.959351, 1.973022, 1.986877, 2.000977, 2.014709, 2.028625, 2.042664]",2.0,"{'1': 42.77782995012001, '2': 32.5154680877474}","{'1': 0.18999999999999995, '2': 0.1399999999999999}",1.33,2.04,"{'1': {'start': 1.33, 'end': 1.52}, '2': {'start': 1.9000000000000001, 'end': 2.04}}",Action
6,35,0xBA,2,7.524231,Mismatch,Mismatch,bdddllbbb,60,"{'1': 308.5883654121912, '2': 248.58836541219117}","[0.0, 0.18, 0.75, 1.77, 2.83, 3.9, 5.26, 7.45, 12.45, 17.45, 22.45, 27.44, 32.44, 37.43, 42.42, 47.41, 52.41, 53.25, 58.19, 63.11, 68.02, 72.89, 77.71, 82.52, 87.32, 88.5, 93.25, 97.97, 102.56, 106.97, 111.17, 115.33, 118.0, 119.2, 122.79, 126.37, 130.57, 134.62, 138.66, 142.43, 142.71, 143.79, 145.53, 149.42, 153.6, 157.75, 161.89, 165.94, 169.98, 173.93, 177.77, 181.56, 185.34, 189.12, 192.88, 196.49, 196.81, 199.26, 203.35, 207.39, 211.31]","[3.802856, 3.8172, 3.831238, 3.844604, 3.858582, 3.872681, 3.88623, 3.899719, 3.914063, 3.928223, 3.941895, 3.95575, 3.969604, 3.983215, 3.997192, 4.011292, 4.677917, 4.692139, 4.705933, 4.71936, 4.733643, 4.747681, 4.761169, 4.778076, 5.163696, 5.17804, 5.192078, 5.205811, 5.219543, 5.233704, 5.247559, 5.26123, 5.594604, 5.608765, 5.622437, 5.636475, 5.650574, 5.664063, 5.678162, 6.219604, 6.233948, 6.247803, 6.261475, 6.275574, 6.28949, 6.30304, 6.317139, 6.331116, 6.344727, 6.358826, 6.372925, 6.38678, 6.400269, 6.414429, 6.428345, 6.733704, 6.747925, 6.761536, 6.775696, 6.789612, 6.803162]",6.0,"{'1': 47.385665448555116, '2': 30.19333017662833, '3': 28.250719915017726, '4': 20.789761558548733, '5': 24.662704279868365, '6': -13.949026145159422}","{'1': 0.2100000000000004, '2': 0.11000000000000032, '3': 0.1200000000000001, '4': 0.09999999999999964, '5': 0.20999999999999996, '6': 0.0699999999999994}",3.81,6.8,"{'1': {'start': 3.81, 'end': 4.0200000000000005}, '2': {'start': 4.67, 'end': 4.78}, '3': {'start': 5.15, 'end': 5.2700000000000005}, '4': {'start': 5.58, 'end': 5.68}, '5': {'start': 6.22, 'end': 6.43}, '6': {'start': 6.73, 'end': 6.8}}",Action
6,36,0xBA,2,3.975342,Mismatch,Mismatch,ddbbddddl,0,"{'1': 125.21857502276171, '2': 125.21857502276171}","[0.0, 4.63, 9.12, 13.42, 17.54, 21.59, 25.59, 29.57, 33.54, 37.52, 41.5, 45.48, 49.45, 53.43, 57.41, 61.39, 65.37, 69.34, 73.32, 77.3, 81.28, 85.26, 89.23, 93.21, 97.19, 101.17, 105.14, 108.94, 110.81, 110.47, 109.54, 106.8, 102.07, 97.4, 92.84, 88.33, 83.83, 79.32, 74.83, 70.34, 65.84, 61.35, 56.86, 52.36, 47.87, 43.37, 38.84, 34.26, 31.16, 28.51, 26.07, 24.16, 22.99]","[1.347839, 1.361511, 1.375244, 1.38916, 1.403198, 1.416992, 1.430908, 1.444946, 1.458618, 1.472473, 1.486572, 1.500244, 1.51416, 1.52832, 1.541931, 1.555908, 1.569885, 1.583862, 1.597534, 1.611511, 1.639893, 1.653564, 1.668457, 1.6828, 1.69635, 1.710754, 1.724976, 1.738464, 2.878235, 2.892639, 2.906921, 2.920044, 2.93396, 2.947998, 2.961853, 2.975098, 2.989624, 3.003601, 3.016785, 3.030884, 3.044983, 3.058533, 3.072937, 3.087097, 3.100586, 3.114563, 3.128723, 3.142578, 3.155823, 3.169922, 3.18396, 3.197571, 3.211548]",2.0,"{'1': 108.942520085175, '2': -87.64875650642941}","{'1': 0.4099999999999999, '2': 0.33000000000000007}",1.33,3.21,"{'1': {'start': 1.33, 'end': 1.74}, '2': {'start': 2.88, 'end': 3.21}}",Action
6,37,0xBA,2,7.538879,Mismatch,Mismatch,bddrbbbbb,60,"{'1': 314.67934070945427, '2': 254.67934070945427}","[0.0, 0.23, 1.79, 4.74, 8.72, 13.66, 18.57, 23.44, 28.2, 32.92, 37.58, 42.19, 46.71, 51.08, 55.28, 59.4, 63.44, 67.45, 71.45, 75.45, 77.72, 79.98, 79.98, 82.45, 86.24, 90.04, 93.94, 97.82, 101.63, 105.43, 109.16, 112.87, 116.56, 120.25, 123.94, 127.63, 131.31, 134.92, 134.92, 135.96, 138.46, 142.24, 145.95, 149.65, 153.31, 156.96, 160.61, 164.25, 167.9, 171.54, 175.19, 178.84, 182.48, 186.12, 189.75, 193.38, 197.01, 200.61, 201.5, 205.65, 209.74, 213.78, 217.74, 221.59, 225.42, 229.25, 233.07, 236.89, 240.71, 240.71, 241.55, 244.89, 249.43, 253.95, 258.47, 262.97, 267.42, 271.85, 276.29, 280.72, 285.15, 289.21]","[1.885742, 1.900085, 1.913635, 1.927307, 1.941345, 1.955322, 1.970154, 1.983154, 1.99646, 2.010071, 2.024536, 2.038452, 2.052246, 2.066284, 2.080261, 2.093933, 2.108032, 2.12207, 2.135986, 2.149597, 2.163757, 3.121948, 3.13623, 3.150024, 3.163757, 3.177612, 3.191406, 3.205322, 3.219238, 3.233215, 3.247009, 3.26123, 3.275085, 3.28833, 3.30249, 3.316772, 3.3302, 3.60791, 3.622375, 3.636414, 3.649658, 3.663818, 3.677734, 3.69104, 3.705078, 3.719177, 3.733032, 3.74707, 3.760986, 3.774353, 3.78833, 3.802673, 3.81665, 3.830139, 3.844299, 3.858215, 3.872131, 4.399963, 4.413696, 4.427734, 4.441711, 4.455627, 4.469238, 4.483154, 4.497009, 4.510742, 4.524719, 4.538757, 5.163818, 5.177979, 5.19165, 5.205688, 5.219604, 5.233215, 5.247131, 5.26123, 5.275024, 5.288574, 5.302734, 5.316772, 5.330994, 5.344543]",5.0,"{'1': 77.66644481235184, '2': 51.27978373155352, '3': 43.23977619744832, '4': -36.35554764086423, '5': -47.13867591704185}","{'1': 0.2799999999999998, '2': 0.20999999999999996, '3': 0.1900000000000004, '4': 0.15000000000000036, '5': 0.16999999999999993}",1.89,5.34,"{'1': {'start': 1.8900000000000001, 'end': 2.17}, '2': {'start': 3.12, 'end': 3.33}, '3': {'start': 3.61, 'end': 3.8000000000000003}, '4': {'start': 4.39, 'end': 4.54}, '5': {'start': 5.17, 'end': 5.34}}",Action
6,38,0xBA,2,4.627441,Mismatch,Mismatch,ffuulllbb,0,"{'1': 142.60164994117167, '2': 142.60164994117167}","[0.0, 0.0, 1.47, 4.77, 9.28, 13.7, 18.03, 22.28, 26.49, 30.65, 34.79, 38.92, 43.02, 47.12, 51.2, 55.28, 59.36, 63.44, 67.53, 71.6, 75.69, 79.77, 83.85, 87.95, 91.78, 95.37, 99.13, 102.99, 106.86, 110.72, 114.58, 118.43, 122.27, 126.12, 129.96, 133.81, 137.65, 141.49, 145.32, 149.14, 152.94, 153.43, 155.88, 160.0, 164.05, 168.08, 172.07, 176.0, 179.86, 183.7, 187.5, 191.28, 195.05, 198.79, 202.5, 206.2]","[1.45752, 1.471252, 1.485168, 1.499146, 1.512878, 1.526733, 1.540833, 1.554626, 1.568359, 1.582336, 1.59613, 1.624817, 1.638733, 1.653564, 1.667908, 1.684631, 1.695496, 1.708923, 1.723083, 1.736694, 1.750854, 1.765076, 1.778931, 1.793152, 1.904541, 1.918518, 1.932617, 1.946716, 1.960571, 1.97406, 1.988342, 2.002136, 2.015808, 2.029968, 2.043884, 2.057617, 2.071655, 2.085632, 2.099304, 2.113281, 2.48822, 2.50238, 2.515991, 2.529785, 2.543823, 2.557556, 2.571411, 2.585388, 2.59906, 2.613281, 2.627319, 2.641235, 2.65448, 2.668579, 2.682617, 2.696289]",2.0,"{'1': 149.2080969437695, '2': 2.6452770765554874}","{'1': 0.6600000000000001, '2': 0.20999999999999996}",1.46,2.69,"{'1': {'start': 1.46, 'end': 2.12}, '2': {'start': 2.48, 'end': 2.69}}",Action
6,39,0xBA,2,4.37677,Mismatch,Mismatch,bddrbbbbb,60,"{'1': 297.9093840424906, '2': 237.90938404249061}","[0.0, 0.2, 2.3, 6.44, 10.47, 14.43, 18.29, 22.09, 25.87, 29.63, 33.33, 37.02, 40.7, 44.29, 47.86, 51.43, 54.98, 56.69, 60.57, 64.45, 68.83, 73.18, 77.49, 81.74, 85.9, 89.99, 94.04, 98.09, 102.13, 106.17, 110.21, 114.26, 118.3, 122.34, 126.37, 130.41, 134.44, 138.47, 142.5, 146.52, 150.54, 154.54, 158.54, 162.5, 166.44, 170.37, 174.3, 178.22, 182.14, 186.05, 189.95, 193.83, 197.69, 201.55, 205.4, 209.25, 213.09, 216.92, 220.74, 224.54, 228.32, 232.08]","[1.807617, 1.822021, 1.835938, 1.849365, 1.863159, 1.87738, 1.891174, 1.904724, 1.919067, 1.933044, 1.946594, 1.960266, 1.974304, 1.987915, 2.002197, 2.016174, 2.710266, 2.724731, 2.738831, 2.752441, 2.765625, 2.779785, 2.793823, 2.807617, 2.821899, 2.835999, 2.849243, 2.864502, 2.87738, 2.890686, 2.904602, 2.919006, 2.932861, 2.946472, 2.96051, 2.974609, 2.988281, 3.002319, 3.016357, 3.03009, 3.043823, 3.057983, 3.072266, 3.085388, 3.099426, 3.113525, 3.127136, 3.141113, 3.155151, 3.168518, 3.182556, 3.196716, 3.210449, 3.224731, 3.238953, 3.252625, 3.265869, 3.279785, 3.293823, 3.307739, 3.321167, 3.3349]",2.0,"{'1': 51.41648041227391, '2': 122.98035361757444}","{'1': 0.20999999999999996, '2': 0.43999999999999995}",1.81,3.14,"{'1': {'start': 1.81, 'end': 2.02}, '2': {'start': 2.7, 'end': 3.14}}",Action
6,40,0xBA,2,3.219543,Mismatch,Mismatch,bddddddrd,120,"{'1': 130.6822540982511, '2': 250.6822540982511}","[0.0, 0.45, 3.46, 6.46, 11.36, 16.17, 20.95, 25.72, 30.47, 35.21, 39.94, 44.66, 49.39, 53.0, 53.29, 53.29, 55.58, 60.39, 65.2, 70.0, 74.73, 79.34, 83.85]","[1.078064, 1.091858, 1.105835, 1.119751, 1.133545, 1.147461, 1.161621, 1.175354, 1.189026, 1.203064, 1.21698, 1.230774, 1.244629, 1.258728, 2.052307, 2.066528, 2.080322, 2.094421, 2.108459, 2.122375, 2.135986, 2.150085, 2.164063]",2.0,"{'1': 53.0004648308486, '2': 29.249916598203505}","{'1': 0.18999999999999995, '2': 0.11000000000000032}",1.07,2.16,"{'1': {'start': 1.07, 'end': 1.26}, '2': {'start': 2.05, 'end': 2.16}}",Action
6,41,0xBA,2,5.863159,Mismatch,Mismatch,ddbbddddl,0,"{'1': 147.1610739618407, '2': 147.1610739618407}","[0.0, 0.0, 359.48, 357.79, 355.16, 351.04, 346.37, 341.7, 336.99, 332.25, 327.48, 322.71, 317.95, 313.18, 308.41, 303.64, 298.87, 294.11, 289.34, 284.72, 283.6, 282.48, 282.48, 283.81, 285.61, 289.71, 293.78, 297.83, 301.88, 305.92, 309.96, 314.0, 318.03, 322.07, 326.11, 330.14, 334.18, 338.22, 342.26, 346.29, 350.33, 354.36, 358.4, 2.43, 6.47, 10.51, 14.54, 18.58, 22.33, 24.64, 29.04, 33.43, 37.72, 41.91, 46.02, 50.07, 54.11, 58.14, 62.17, 66.19, 70.22, 74.24, 76.32, 78.43, 83.28, 88.1, 92.9, 97.69, 102.47, 107.24, 112.01, 113.94, 111.98, 107.38, 102.78, 97.8, 92.81, 87.83, 82.84, 77.86, 72.87, 67.89, 62.9, 57.92, 52.93, 47.95, 42.97, 37.98, 33.0, 28.02, 23.04, 18.06, 13.08, 10.46]","[1.138428, 1.152405, 1.16626, 1.180054, 1.193909, 1.207886, 1.23584, 1.250305, 1.264709, 1.28064, 1.293701, 1.307312, 1.320923, 1.335266, 1.349243, 1.362854, 1.377075, 1.391174, 1.404785, 1.418884, 1.432922, 2.363708, 2.378113, 2.392212, 2.405334, 2.419312, 2.433411, 2.447327, 2.460876, 2.475403, 2.489258, 2.502441, 2.516357, 2.530457, 2.544128, 2.55835, 2.572449, 2.585938, 2.599854, 2.614136, 2.628052, 2.641235, 2.655212, 2.669373, 2.682922, 2.697266, 2.711609, 2.72467, 3.141174, 3.155457, 3.1698, 3.183289, 3.197266, 3.211426, 3.224976, 3.238892, 3.252625, 3.26593, 3.279968, 3.294067, 3.308167, 3.321472, 3.51593, 3.530334, 3.544128, 3.558044, 3.571838, 3.585266, 3.599243, 3.613525, 3.627563, 4.46051, 4.474915, 4.488831, 4.502014, 4.516235, 4.53009, 4.543518, 4.557678, 4.572205, 4.585327, 4.599426, 4.613525, 4.627258, 4.640686, 4.654907, 4.669067, 4.682617, 4.696655, 4.710693, 4.724304, 4.738342, 4.752625, 4.765991]",5.0,"{'1': 76.16687277389939, '2': -58.89201126519792, '3': 52.10182415132686, '4': 35.866040316660374, '5': -102.28129321831739}","{'1': 0.2899999999999998, '2': 0.3599999999999999, '3': 0.20000000000000018, '4': 0.1299999999999999, '5': 0.3099999999999996}",1.14,4.76,"{'1': {'start': 1.1400000000000001, 'end': 1.43}, '2': {'start': 2.37, 'end': 2.73}, '3': {'start': 3.13, 'end': 3.33}, '4': {'start': 3.5, 'end': 3.63}, '5': {'start': 4.45, 'end': 4.76}}",Action
6,42,0xBA,2,3.92804,Match,Mismatch,lllbbbluu,60,"{'1': 148.3178032386795, '2': 88.31780323867949}","[0.0, 0.43, 3.18, 7.25, 11.97, 16.59, 21.21, 25.73, 30.23, 34.69, 39.13, 43.55, 47.95, 52.33, 56.55, 60.76, 63.14, 63.99, 68.76, 73.54, 78.25, 82.88, 87.48, 92.06, 96.58, 101.06, 105.52, 109.97, 114.41, 118.86, 123.3, 127.74, 130.66, 131.02, 131.02, 131.44, 132.98, 137.46, 141.9, 146.34, 150.73, 155.05, 159.26, 163.4, 167.49, 171.54, 175.59, 179.64, 183.69]","[1.17511, 1.189087, 1.203003, 1.216736, 1.230713, 1.244507, 1.258606, 1.272461, 1.286133, 1.30011, 1.313965, 1.32782, 1.341675, 1.355713, 1.369751, 1.383545, 1.661072, 1.675049, 1.689026, 1.70282, 1.716736, 1.730652, 1.744446, 1.758301, 1.772217, 1.786072, 1.80011, 1.813843, 1.827881, 1.856262, 1.870239, 1.884583, 1.89917, 2.219727, 2.233887, 2.247559, 2.261597, 2.275574, 2.289124, 2.302917, 2.316956, 2.330933, 2.34436, 2.358582, 2.37262, 2.386292, 2.400513, 2.414368, 2.42804]",3.0,"{'1': 60.81535641577216, '2': 67.61588274493295, '3': 47.34317574882715}","{'1': 0.2200000000000002, '2': 0.25, '3': 0.18000000000000016}",1.17,2.41,"{'1': {'start': 1.17, 'end': 1.3900000000000001}, '2': {'start': 1.6500000000000001, 'end': 1.9000000000000001}, '3': {'start': 2.23, 'end': 2.41}}",Action
6,43,0xBA,2,2.962158,Mismatch,Mismatch,bdddddfll,120,"{'1': 32.4001609445189, '2': 152.40016094451892}","[0.0, 0.27, 0.93, 2.59, 7.3, 12.11, 16.92, 21.69, 26.45, 31.18, 35.9, 40.62, 45.35, 50.07, 50.71, 51.48, 55.29, 59.81, 64.17, 68.45, 72.69, 76.94]","[0.9318848, 0.9459229, 0.9595947, 0.9735718, 0.9875488, 1.001465, 1.015137, 1.029236, 1.043213, 1.056885, 1.07074, 1.084961, 1.098511, 1.112366, 2.015137, 2.028992, 2.042786, 2.056641, 2.070557, 2.084534, 2.098328, 2.112183]",2.0,"{'1': 50.075411959400554, '2': 25.57109914734029}","{'1': 0.19000000000000006, '2': 0.10999999999999988}",0.93,2.11,"{'1': {'start': 0.93, 'end': 1.12}, '2': {'start': 2.0, 'end': 2.11}}",Action
6,44,0xBA,2,5.586121,Mismatch,Mismatch,bddddddrd,60,"{'1': 247.26635162871762, '2': 187.26635162871762}","[0.0, 0.51, 1.88, 3.59, 6.41, 9.26, 12.17, 15.11, 18.06, 21.02, 23.96, 26.33, 27.38, 27.63, 27.63, 29.75, 34.72, 39.69, 44.62, 49.53, 54.42, 59.3, 64.18, 69.06, 73.93, 78.82, 81.33, 86.14, 90.88, 95.58, 100.09, 104.55, 108.99, 113.38, 117.74, 122.08, 126.43, 130.76, 135.1, 139.41, 143.72, 148.03, 152.33, 156.64, 160.94, 165.25, 169.56, 173.86, 178.16, 182.46, 186.56, 187.57, 191.55, 195.54, 199.54, 203.43, 207.21, 210.96, 214.62, 218.21, 221.76, 223.14, 225.76, 229.73, 233.77, 237.81, 241.73, 245.55, 249.32, 252.91]","[2.558105, 2.572144, 2.586121, 2.599976, 2.614136, 2.627808, 2.641296, 2.655151, 2.669312, 2.683289, 2.696838, 2.710876, 2.724976, 3.169373, 3.183655, 3.197266, 3.210999, 3.224792, 3.238647, 3.253052, 3.266968, 3.280334, 3.29425, 3.308411, 3.322144, 3.335999, 3.821838, 3.836182, 3.850403, 3.864014, 3.877502, 3.891479, 3.905579, 3.919128, 3.933105, 3.947266, 3.961182, 3.975037, 3.989136, 4.002869, 4.016235, 4.030518, 4.044556, 4.058105, 4.072205, 4.086121, 4.09967, 4.11377, 4.127808, 4.141357, 4.530396, 4.544556, 4.55835, 4.572388, 4.586304, 4.599915, 4.613892, 4.627869, 4.641541, 4.655579, 4.989075, 5.003113, 5.016541, 5.03186, 5.0448, 5.058533, 5.072266, 5.08606, 5.099731, 5.113831]",5.0,"{'1': 27.382826301707706, '2': 51.21067044844074, '3': 96.33325499808758, '4': -31.80662193659981, '5': -30.27119097011723}","{'1': 0.17999999999999972, '2': 0.16999999999999993, '3': 0.3299999999999996, '4': 0.13999999999999968, '5': 0.1299999999999999}",2.5500000000000003,5.11,"{'1': {'start': 2.5500000000000003, 'end': 2.73}, '2': {'start': 3.17, 'end': 3.34}, '3': {'start': 3.81, 'end': 4.14}, '4': {'start': 4.5200000000000005, 'end': 4.66}, '5': {'start': 4.98, 'end': 5.11}}",Action
6,45,0xBA,2,1.896912,Mismatch,Mismatch,bbddbblll,180,"{'1': 299.70333809089504, '2': 119.70333809089502}",[],[],0.0,{},{},0.0,1.896912,{},Action
6,46,0xBA,2,3.357971,Mismatch,Mismatch,bdddbllll,60,"{'1': 120.74459856735571, '2': 60.74459856735571}","[0.0, 0.0, 0.98, 3.08, 6.68, 11.4, 16.03, 20.65, 25.26, 29.85, 34.42, 38.95, 43.46, 47.97, 52.49, 57.0, 61.51, 66.01]","[2.038391, 2.052368, 2.066467, 2.080566, 2.094299, 2.107849, 2.122009, 2.136047, 2.149658, 2.163757, 2.177734, 2.191162, 2.205322, 2.21936, 2.233215, 2.246704, 2.261047, 2.274902]",1.0,{'1': 64.41786719595815},{'1': 0.22999999999999998},2.04,2.27,"{'1': {'start': 2.04, 'end': 2.27}}",Action
6,47,0xBA,2,7.668152,Mismatch,Mismatch,bdddllbbb,180,"{'1': 29.840007912279223, '2': 209.84000791227922}","[0.0, 1.09, 4.02, 8.97, 13.9, 18.81, 23.71, 28.52, 33.29, 38.02, 42.67, 47.2, 51.71, 56.23, 60.73, 65.24, 69.74, 74.25, 78.75, 83.26, 87.76, 90.82, 91.11, 91.47, 94.64, 99.39, 104.07, 108.7, 113.32, 117.92, 122.5, 127.07, 131.62, 136.18, 140.74, 145.29, 149.85, 154.46, 156.07, 160.6, 165.0, 169.25, 173.44, 177.58, 181.62, 185.67, 189.71, 193.74, 197.78, 201.81, 205.85, 209.88, 213.92, 217.94, 221.96, 225.97, 229.97, 233.97, 237.96, 241.62, 243.61, 247.93, 252.16, 256.21, 260.24, 264.18, 267.98, 271.73, 275.4, 278.93, 279.42, 280.66, 283.32, 287.95, 292.52, 297.03, 301.42, 305.74, 309.99, 314.19, 318.38]","[2.72406, 2.738525, 2.752441, 2.765503, 2.779541, 2.793579, 2.807251, 2.821472, 2.83551, 2.84906, 2.863037, 2.877075, 2.891113, 2.904602, 2.918884, 2.932983, 2.946045, 2.960266, 2.974304, 2.987854, 3.00177, 3.015869, 3.279663, 3.294128, 3.307495, 3.321411, 3.335876, 3.348999, 3.362915, 3.377136, 3.391174, 3.404602, 3.418945, 3.432983, 3.446594, 3.460388, 3.474487, 4.640381, 4.654785, 4.668457, 4.682434, 4.696228, 4.709717, 4.723755, 4.739258, 4.752319, 4.765381, 4.779358, 4.793579, 4.807007, 4.821106, 4.8349, 4.848755, 4.862549, 4.876465, 4.89032, 4.904297, 4.918274, 4.932129, 5.362732, 5.377075, 5.390991, 5.404175, 5.418274, 5.432556, 5.445862, 5.459961, 5.474243, 5.487549, 6.362549, 6.376953, 6.390747, 6.404175, 6.418335, 6.432312, 6.445862, 6.460022, 6.473999, 6.487732, 6.501709, 6.515625]",5.0,"{'1': 90.82454138456522, '2': 58.75341152128141, '3': 23.48330717252017, '4': -33.898106323521944, '5': -37.80698224452996}","{'1': 0.31000000000000005, '2': 0.19999999999999973, '3': 0.10000000000000053, '4': 0.13999999999999968, '5': 0.15999999999999925}",2.71,6.51,"{'1': {'start': 2.71, 'end': 3.02}, '2': {'start': 3.2800000000000002, 'end': 3.48}, '3': {'start': 4.63, 'end': 4.73}, '4': {'start': 5.3500000000000005, 'end': 5.49}, '5': {'start': 6.3500000000000005, 'end': 6.51}}",Action
6,48,0xBA,2,3.360657,Mismatch,Mismatch,bbdddbrrr,120,"{'1': 115.24259211799024, '2': 355.2425921179902}","[0.0, 0.8, 4.8, 8.83, 12.84, 16.78, 20.65, 24.51, 28.38, 32.24, 36.1, 39.96, 43.83, 47.66, 47.66, 48.36, 51.02, 54.61, 58.51, 62.37, 66.29, 70.21, 74.12, 78.03, 81.93, 85.82, 89.72, 93.61, 97.51, 101.4, 105.29, 109.19, 113.09, 116.98, 120.88, 124.78, 128.68]","[0.7741089, 0.7880249, 0.8019409, 0.8157349, 0.8297729, 0.8438721, 0.8574219, 0.8713379, 0.8853149, 0.8991089, 0.9129639, 0.9269409, 0.9407349, 1.163208, 1.176758, 1.190674, 1.204651, 1.218445, 1.2323, 1.246338, 1.260193, 1.288147, 1.302673, 1.316895, 1.331665, 1.345825, 1.359741, 1.373413, 1.387756, 1.401672, 1.4151, 1.429443, 1.443359, 1.456909, 1.47113, 1.485168, 1.498657]",2.0,"{'1': 43.98950392654213, '2': 78.51704944769813}","{'1': 0.19000000000000006, '2': 0.32000000000000006}",0.76,1.49,"{'1': {'start': 0.76, 'end': 0.9500000000000001}, '2': {'start': 1.17, 'end': 1.49}}",Action
6,49,0xBA,2,3.64325,Mismatch,Mismatch,uuuuubbul,60,"{'1': 66.18386454615198, '2': 126.18386454615198}","[0.0, 0.0, 1.11, 2.62, 4.24, 6.15, 8.95, 11.74, 15.91, 20.05, 24.2, 28.34, 32.48, 36.62, 40.76, 44.91, 49.05, 53.19, 57.34, 61.38, 63.69, 66.47, 70.57, 74.65, 78.63, 82.6, 86.49, 90.33, 94.15, 97.84, 98.49, 101.04, 104.8, 109.5, 114.2, 118.89, 123.54, 126.15, 127.99, 129.84, 133.56, 137.61, 141.65, 145.7, 149.75, 153.79, 157.84, 161.88, 165.93, 169.98, 174.03, 178.07, 182.12, 186.17, 190.22, 194.27, 198.31, 202.36, 206.41, 210.45, 214.5, 218.55, 222.59, 226.64, 230.69, 234.74, 238.78, 242.83, 246.88, 250.93, 254.97, 258.61, 258.8, 261.51, 265.94, 270.31, 274.52, 278.67, 282.79, 286.9]","[0.862915, 0.8769531, 0.8908081, 0.9046021, 0.918457, 0.9325562, 0.946228, 0.960083, 0.973999, 0.987915, 1.00177, 1.015808, 1.029785, 1.043518, 1.057495, 1.071411, 1.085205, 1.098999, 1.113037, 1.12677, 1.515686, 1.529541, 1.543335, 1.557556, 1.571167, 1.584961, 1.598755, 1.612854, 1.64093, 1.823425, 1.83783, 1.85199, 1.865479, 1.879578, 1.893555, 1.907471, 1.921021, 1.935181, 1.949219, 1.962646, 1.97699, 1.990845, 2.004333, 2.018555, 2.032593, 2.046021, 2.060303, 2.074341, 2.088196, 2.101807, 2.115967, 2.129883, 2.143433, 2.157349, 2.171326, 2.184875, 2.199219, 2.213257, 2.226624, 2.240112, 2.254517, 2.268555, 2.282104, 2.296326, 2.310364, 2.323975, 2.338135, 2.352173, 2.365967, 2.379578, 2.393616, 3.046631, 3.060181, 3.074768, 3.088684, 3.101746, 3.115784, 3.129822, 3.143494, 3.157837]",5.0,"{'1': 61.39918486254101, '2': 30.736561314505806, '3': 80.49980931233114, '4': -73.07394474836885, '5': -25.99705976516823}","{'1': 0.2600000000000001, '2': 0.15000000000000013, '3': 0.31999999999999984, '4': 0.27, '5': 0.09999999999999964}",0.87,3.15,"{'1': {'start': 0.87, 'end': 1.1300000000000001}, '2': {'start': 1.5, 'end': 1.6500000000000001}, '3': {'start': 1.81, 'end': 2.13}, '4': {'start': 2.13, 'end': 2.4}, '5': {'start': 3.0500000000000003, 'end': 3.15}}",Action
7,0,0xBA,1,3.336304,Match,Match,uubbbrrrb,180,"{'1': 160.83256037875475, '2': 340.83256037875475}","[0.0, 1.1, 6.0, 10.89, 15.77, 20.65, 25.53, 30.39, 35.25, 40.09, 44.92, 49.76, 54.59, 59.43, 64.26, 69.1, 73.94, 78.77, 83.61, 88.44, 93.28, 98.12, 102.95, 107.78, 112.62, 117.45, 122.28, 127.11, 131.94, 136.77, 141.6, 146.43, 151.26, 156.09, 160.92, 161.5, 161.5, 162.38, 165.84, 170.23, 174.57, 178.9, 183.22, 187.54, 191.86, 196.18, 200.54]","[1.027954, 1.04187, 1.055786, 1.06958, 1.083374, 1.097412, 1.11145, 1.125122, 1.139038, 1.153076, 1.166748, 1.180664, 1.194702, 1.208496, 1.222412, 1.236328, 1.25, 1.264038, 1.278076, 1.29187, 1.305664, 1.319702, 1.333618, 1.34729, 1.361206, 1.375122, 1.403564, 1.417358, 1.433594, 1.446289, 1.460449, 1.474121, 1.488403, 1.502319, 1.516235, 1.961548, 1.975342, 1.989624, 2.003174, 2.016479, 2.030884, 2.0448, 2.05835, 2.072754, 2.086548, 2.100464, 2.114136]",2.0,"{'1': 160.92490374186247, '2': -0.7190136421714044}","{'1': 0.5, '2': 0.1499999999999999}",1.02,2.11,"{'1': {'start': 1.02, 'end': 1.52}, '2': {'start': 1.96, 'end': 2.11}}",Action
7,1,0xBA,1,4.626099,Match,Match,bbbdddrrb,60,"{'1': 297.0526715508145, '2': 237.05267155081452}","[0.0, 0.76, 4.88, 9.55, 14.23, 18.83, 23.33, 27.83, 32.17, 36.42, 40.64, 44.83, 49.02, 52.97, 55.59, 57.39, 60.23, 63.64, 67.11, 70.59]","[1.012695, 1.026611, 1.040527, 1.054565, 1.068237, 1.082153, 1.096069, 1.109863, 1.123901, 1.137817, 1.151489, 1.165283, 1.179443, 1.193115, 1.793335, 1.807129, 1.821533, 1.835327, 1.848877, 1.862549]",2.0,"{'1': 53.00005348039052, '2': 14.409398911836497}","{'1': 0.19999999999999996, '2': 0.08000000000000007}",1.0,1.86,"{'1': {'start': 1.0, 'end': 1.2}, '2': {'start': 1.78, 'end': 1.86}}",Action
7,2,0xBA,1,2.41626,Match,Match,lllbbbubb,180,"{'1': 73.56548998781912, '2': 253.56548998781912}","[0.0, 0.95, 5.2, 9.24, 13.27, 17.3, 21.27, 25.22, 29.17, 33.11, 37.06, 41.01, 44.95, 48.9, 52.85, 56.79, 60.74, 64.69, 68.63, 72.58, 76.53, 80.48, 84.43, 88.38, 92.33, 96.27, 100.22, 104.17, 108.12, 112.07, 116.01, 119.96, 123.91, 127.86, 131.81, 135.76, 139.7, 143.64, 147.56, 151.48, 155.4, 159.31, 163.22, 167.13, 171.04]","[1.372559, 1.38623, 1.400146, 1.414063, 1.427856, 1.441772, 1.455811, 1.469604, 1.483398, 1.497314, 1.51123, 1.525024, 1.539063, 1.552979, 1.56665, 1.580566, 1.594604, 1.608521, 1.622437, 1.636353, 1.650024, 1.664063, 1.677979, 1.69165, 1.705444, 1.719604, 1.733521, 1.747192, 1.761108, 1.775269, 1.78894, 1.804565, 1.816772, 1.830444, 1.844482, 1.858154, 1.872314, 1.885986, 1.900024, 1.913818, 1.927612, 1.941406, 1.955444, 1.969238, 1.983154]",1.0,{'1': 170.15381575165273},{'1': 0.6199999999999999},1.36,1.98,"{'1': {'start': 1.36, 'end': 1.98}}",Action
7,3,0xBA,1,2.181396,Match,Match,ffuuuurrf,0,"{'1': 23.282554720997183, '2': 23.282554720997183}","[0.0, 358.27, 355.76, 352.31, 348.2, 344.02, 339.85, 335.67, 331.47, 327.25, 322.95, 318.64, 314.28, 311.86, 312.57, 314.93, 319.81, 324.67, 329.5, 334.28, 338.95, 343.57, 348.19, 352.81]","[1.081543, 1.095581, 1.109253, 1.123291, 1.137207, 1.151123, 1.164917, 1.178833, 1.192749, 1.206665, 1.220459, 1.234375, 1.248169, 1.498169, 1.511963, 1.526123, 1.539917, 1.553711, 1.567505, 1.581543, 1.595459, 1.609375, 1.623047, 1.637085]",2.0,"{'1': 45.73772408000003, '2': -38.53920303711645}","{'1': 0.17999999999999994, '2': 0.14000000000000012}",1.07,1.63,"{'1': {'start': 1.07, 'end': 1.25}, '2': {'start': 1.49, 'end': 1.6300000000000001}}",Action
7,4,0xBA,1,2.960205,Match,Match,bdddddfll,60,"{'1': 320.8989396087263, '2': 260.8989396087263}","[0.0, 0.0, 358.96, 357.69, 356.22, 354.55, 352.87, 351.2, 349.52, 347.84, 346.16, 344.71, 344.4, 344.08, 344.84, 347.27, 350.83, 354.88, 358.93, 2.98, 7.03, 11.08, 15.12, 19.17, 23.22, 27.27, 31.32, 35.37, 39.42, 43.47, 47.52, 51.57, 55.61, 59.66, 63.77]","[1.276855, 1.290527, 1.304688, 1.318359, 1.332275, 1.346436, 1.360229, 1.374023, 1.387939, 1.401733, 1.415527, 1.429565, 1.443481, 1.790649, 1.804443, 1.818359, 1.832275, 1.846069, 1.860352, 1.874023, 1.887817, 1.901733, 1.915527, 1.929321, 1.943359, 1.957153, 1.971069, 1.985107, 1.998779, 2.012573, 2.026733, 2.040527, 2.054321, 2.068481, 2.082153]",1.0,{'1': 47.21259286010622},{'1': 0.30000000000000004},1.78,2.08,"{'1': {'start': 1.78, 'end': 2.08}}",Action
7,5,0xBA,1,2.151245,Match,Match,llbbbbbru,60,"{'1': 154.53545241524535, '2': 94.53545241524535}","[0.0, 0.0, 2.21, 6.84, 11.36, 15.8, 20.13, 24.32, 28.37, 32.36, 36.34, 40.27, 44.19, 48.1, 52.0]","[1.012451, 1.026367, 1.040405, 1.054077, 1.067993, 1.082031, 1.095703, 1.109619, 1.123657, 1.137451, 1.151367, 1.165161, 1.179077, 1.193115, 1.207031]",1.0,{'1': 50.02954153492383},{'1': 0.18999999999999995},1.01,1.2,"{'1': {'start': 1.01, 'end': 1.2}}",Action
7,6,0xBA,1,1.360962,Match,Match,lllllbbul,0,"{'1': 235.19481536945403, '2': 235.19481536945403}",[],[],0.0,{},{},0.0,1.360962,{},Action
7,7,0xBA,1,2.608154,Match,Match,bddrbbbbb,0,"{'1': 293.9502017183571, '2': 293.9502017183571}","[0.0, 0.23, 0.93, 1.85, 3.0, 4.18, 5.35, 6.5]","[1.161011, 1.174927, 1.188843, 1.202759, 1.216675, 1.230347, 1.244385, 1.258423]",0.0,{},{},0.0,2.608154,{},Action
7,8,0xBA,1,2.268066,Match,Match,lllbbbluu,120,"{'1': 49.004933720925365, '2': 169.00493372092535}","[0.0, 0.0, 0.77, 1.94, 3.32, 4.77, 6.23, 7.67, 8.97, 9.39, 9.39, 9.0, 4.55, 0.08, 355.61, 351.13, 346.66, 342.18, 337.71, 333.23, 328.76, 324.28, 319.81, 315.32, 310.82, 306.29, 301.77, 297.24, 292.71, 288.18, 283.65, 279.1, 274.43, 272.49, 270.55, 270.55, 268.67, 264.69, 260.71, 255.71, 250.71, 245.71, 240.72, 235.72, 230.73, 226.75]","[0.6536865, 0.6677246, 0.6815186, 0.6953125, 0.7093506, 0.7232666, 0.7370605, 0.7508545, 0.7650146, 0.7786865, 0.9593506, 0.9730225, 0.9869385, 1.000977, 1.014771, 1.028564, 1.042725, 1.056396, 1.070313, 1.084473, 1.098022, 1.111938, 1.125854, 1.139771, 1.153564, 1.167603, 1.181396, 1.195435, 1.209229, 1.223145, 1.236816, 1.250977, 1.265015, 1.278687, 1.586792, 1.601074, 1.61499, 1.628906, 1.642456, 1.656494, 1.670532, 1.684082, 1.698242, 1.712158, 1.72583, 1.73999]",2.0,"{'1': 78.12826737638142, '2': 40.99207627118648}","{'1': 0.32999999999999996, '2': 0.1399999999999999}",0.95,1.73,"{'1': {'start': 0.9500000000000001, 'end': 1.28}, '2': {'start': 1.59, 'end': 1.73}}",Action
7,9,0xBA,1,4.613525,Match,Match,lllbbbubb,180,"{'1': 312.57481992843844, '2': 132.57481992843842}","[0.0, 0.49, 2.25, 5.36, 10.13, 14.85, 19.54, 24.23, 28.91, 33.59, 38.27, 42.96, 47.64, 52.32, 57.0, 61.68, 66.37, 71.04, 75.72, 80.39, 85.05, 89.71, 94.37, 99.02, 103.65, 108.29, 112.92, 117.56, 122.19, 126.81, 131.44, 136.06, 140.68, 145.3, 149.91, 154.52, 159.11, 163.69, 168.27, 172.85, 177.43, 182.0, 186.58, 191.16, 193.87, 193.54, 192.39, 190.54, 188.04, 185.29, 182.43, 179.59]","[1.277344, 1.29126, 1.304932, 1.31897, 1.333008, 1.34668, 1.360718, 1.374634, 1.38855, 1.402222, 1.416138, 1.429932, 1.44397, 1.457886, 1.471802, 1.485718, 1.499756, 1.513306, 1.527222, 1.541138, 1.555176, 1.56897, 1.582886, 1.597046, 1.610718, 1.624268, 1.638428, 1.652222, 1.666138, 1.680054, 1.69397, 1.707886, 1.72168, 1.735718, 1.74939, 1.763306, 1.777222, 1.79126, 1.804932, 1.81897, 1.832764, 1.861084, 1.875122, 1.889771, 2.488281, 2.502563, 2.516113, 2.530396, 2.545776, 2.55835, 2.571289, 2.585205]",2.0,"{'1': 177.5756398305085, '2': 12.664740387832836}","{'1': 0.5700000000000001, '2': 0.08999999999999986}",1.27,2.58,"{'1': {'start': 1.27, 'end': 1.84}, '2': {'start': 2.49, 'end': 2.58}}",Action
7,10,0xBA,1,3.053101,Match,Match,rrrbbbddb,180,"{'1': 130.03348319557549, '2': 310.0334831955755}","[0.0, 0.0, 0.0, 359.42, 358.21, 355.03, 351.29, 347.04, 342.67, 338.28, 333.88, 329.49, 325.09, 320.69, 316.3, 311.9, 307.5, 303.17, 301.32, 301.12, 298.95, 295.16, 290.16, 285.16, 280.16, 275.16, 270.16, 265.16, 260.16, 255.16, 250.16, 245.16, 240.16, 235.16, 230.16, 225.16, 223.07, 222.46, 222.46, 221.97, 220.46, 217.74, 212.78, 207.82, 202.87, 197.91, 192.95, 187.98]","[0.8977051, 0.9116211, 0.9396973, 0.9532471, 0.9671631, 0.9810791, 0.9949951, 1.008789, 1.023071, 1.036621, 1.050659, 1.064697, 1.078369, 1.092041, 1.105957, 1.119873, 1.133789, 1.147705, 1.494873, 1.508667, 1.522705, 1.536621, 1.550293, 1.564209, 1.578613, 1.592041, 1.605957, 1.619873, 1.633667, 1.647461, 1.661499, 1.675293, 1.689331, 1.703247, 1.716919, 1.730835, 1.744873, 1.994629, 2.008545, 2.022949, 2.036865, 2.050293, 2.064209, 2.078003, 2.092041, 2.105957, 2.119751, 2.133545]",3.0,"{'1': 56.84222966978522, '2': 78.28848950064017, '3': 33.202730897491705}","{'1': 0.22000000000000008, '2': 0.26, '3': 0.1299999999999999}",0.93,2.13,"{'1': {'start': 0.93, 'end': 1.1500000000000001}, '2': {'start': 1.49, 'end': 1.75}, '3': {'start': 2.0, 'end': 2.13}}",Action
7,11,0xBA,1,4.303589,Match,Match,rbbbbbldd,120,"{'1': 333.4370891178977, '2': 93.43708911789771}","[0.0, 0.0, 1.83, 5.94, 10.04, 14.76, 19.4, 24.03, 28.66, 33.28, 37.83, 42.34, 46.85, 51.33, 55.8, 60.26, 64.73, 67.76, 69.03, 70.33, 71.62, 75.09, 79.6, 84.04, 88.47, 92.85, 97.19, 101.51, 105.79, 110.05, 114.31, 118.57, 122.82, 127.08, 131.33, 135.59, 139.85, 144.1, 148.36, 152.62, 156.88, 161.13, 165.38, 169.63, 173.88, 178.11, 182.32, 186.54, 190.75, 194.95, 199.15, 203.35, 207.49, 209.16, 209.88, 212.75, 217.59, 222.41, 227.22, 232.04, 236.85, 241.67]","[0.9261475, 0.9399414, 0.9538574, 0.9677734, 0.9815674, 0.9953613, 1.009399, 1.023315, 1.037109, 1.050903, 1.065063, 1.078857, 1.092651, 1.106567, 1.120605, 1.134277, 1.148193, 1.162231, 1.637207, 1.651367, 1.665405, 1.678955, 1.692993, 1.706909, 1.720581, 1.735107, 1.748535, 1.761719, 1.775879, 1.789917, 1.803467, 1.817749, 1.831665, 1.845703, 1.859253, 1.873413, 1.887329, 1.901123, 1.915283, 1.929199, 1.942627, 1.956543, 1.970459, 1.984253, 1.998657, 2.012451, 2.026367, 2.039917, 2.053589, 2.067749, 2.081421, 2.095581, 2.109497, 3.039795, 3.055786, 3.068481, 3.081909, 3.095825, 3.109863, 3.123657, 3.137451, 3.151489]",3.0,"{'1': 67.7807729022098, '2': 83.52510546161824, '3': -32.01632949692021}","{'1': 0.23999999999999988, '2': 0.48999999999999977, '3': 0.11999999999999966}",0.93,3.15,"{'1': {'start': 0.93, 'end': 1.17}, '2': {'start': 1.62, 'end': 2.11}, '3': {'start': 3.0300000000000002, 'end': 3.15}}",Action
7,12,0xBA,1,4.402466,Match,Match,llbbbrruu,180,"{'1': 48.150524802825046, '2': 228.15052480282503}","[0.0, 0.28, 2.52, 6.92, 11.16, 15.35, 19.51, 23.64, 27.74, 31.84, 35.95, 40.05, 44.15, 48.26, 52.36, 56.46, 60.55, 64.63, 68.69, 72.75, 76.8, 80.86, 84.91, 88.96, 93.01, 97.06, 101.11, 105.15, 109.19, 113.22, 117.14, 120.75, 125.11, 129.34, 133.52, 137.66, 141.78, 145.88, 149.95, 154.0, 158.06, 162.11, 166.15, 170.2, 174.25, 178.3, 182.34, 186.39, 190.43, 194.47, 198.51, 202.33, 202.33, 199.86, 195.66, 190.71, 185.77, 180.84, 175.92, 171.01, 170.2, 170.96, 175.46, 180.33, 185.14, 189.89, 194.61, 199.29]","[1.177979, 1.191772, 1.205566, 1.219727, 1.233643, 1.24707, 1.261108, 1.275146, 1.28894, 1.302734, 1.31665, 1.330566, 1.34436, 1.358276, 1.372314, 1.385986, 1.400024, 1.414063, 1.427612, 1.441528, 1.455566, 1.46936, 1.483276, 1.497192, 1.51123, 1.524902, 1.53894, 1.552856, 1.566528, 1.580322, 1.594482, 2.024902, 2.039063, 2.053955, 2.068237, 2.082153, 2.095947, 2.110229, 2.124268, 2.138062, 2.155396, 2.166016, 2.180054, 2.193604, 2.207764, 2.221802, 2.235474, 2.249878, 2.26416, 2.2771, 2.291016, 2.819946, 2.83374, 2.847412, 2.861206, 2.874756, 2.88916, 2.902954, 2.916138, 2.930664, 3.708374, 3.722778, 3.736328, 3.750366, 3.764038, 3.777466, 3.791992, 3.80603]",4.0,"{'1': 117.1452537231401, '2': 57.15510366006308, '3': 13.564441690761385, '4': -7.488435317310461}","{'1': 0.42000000000000015, '2': 0.20999999999999996, '3': 0.11000000000000032, '4': 0.10000000000000009}",1.18,3.8,"{'1': {'start': 1.18, 'end': 1.6}, '2': {'start': 2.0100000000000002, 'end': 2.22}, '3': {'start': 2.82, 'end': 2.93}, '4': {'start': 3.7, 'end': 3.8000000000000003}}",Action
7,13,0xBA,1,3.974365,Match,Match,lllllbbul,60,"{'1': 117.20635363661125, '2': 57.206353636611254}","[0.0, 359.73, 358.52, 353.57, 348.62, 343.66, 338.71, 333.77, 328.85, 323.93, 319.1, 314.31, 309.52, 307.3, 307.3, 310.24, 315.22, 320.16, 325.06, 329.94, 334.79, 339.48, 344.03, 348.57, 352.99, 357.35, 1.69, 6.02, 10.34, 14.66, 18.98, 23.29, 27.61, 31.93, 36.24, 40.55, 44.85, 49.15, 53.46, 57.76, 62.05, 66.34, 70.63, 74.9, 79.16, 83.19]","[1.595947, 1.609863, 1.623657, 1.637573, 1.651611, 1.665405, 1.679321, 1.693115, 1.706909, 1.720947, 1.734985, 1.748657, 1.762451, 1.776367, 2.640259, 2.654663, 2.668579, 2.683838, 2.695923, 2.709717, 2.723511, 2.737061, 2.751465, 2.765381, 2.778931, 2.793213, 2.807129, 2.821167, 2.834717, 2.848877, 2.862915, 2.876465, 2.890869, 2.904785, 2.917969, 2.932373, 2.946167, 2.959717, 2.973999, 2.987915, 3.001953, 3.015503, 3.029419, 3.043335, 3.056885, 3.071411]",2.0,"{'1': 52.621363179074436, '2': 30.098541236403804}","{'1': 0.17999999999999994, '2': 0.4400000000000004}",1.6,3.0700000000000003,"{'1': {'start': 1.6, 'end': 1.78}, '2': {'start': 2.63, 'end': 3.0700000000000003}}",Action
7,14,0xBA,1,3.30542,Match,Match,lllllbbul,180,"{'1': 247.03421990315496, '2': 67.03421990315496}","[0.0, 1.92, 5.79, 10.5, 15.13, 19.67, 24.2, 28.72, 33.23, 37.73, 42.17, 46.54, 50.88, 55.21, 59.51, 63.76, 68.01, 72.26, 76.5, 80.74, 84.99, 89.23, 93.47, 97.71, 101.95, 106.19, 110.43, 114.66, 118.9, 123.14, 127.38, 131.61, 135.85, 140.09, 144.33, 148.57, 152.8, 157.03, 161.25, 163.87, 164.99, 169.81, 174.54, 179.21, 183.72, 188.13, 192.5, 196.83]","[1.150391, 1.164307, 1.178223, 1.192017, 1.205933, 1.219849, 1.233521, 1.247559, 1.275513, 1.289795, 1.304321, 1.31897, 1.333252, 1.347168, 1.36084, 1.375, 1.389038, 1.402588, 1.41687, 1.430786, 1.444214, 1.459961, 1.472656, 1.48584, 1.499512, 1.513672, 1.52771, 1.541382, 1.555664, 1.56958, 1.583252, 1.597534, 1.611572, 1.625122, 1.639404, 1.653198, 1.667114, 1.680786, 1.694946, 2.18042, 2.194946, 2.209229, 2.222656, 2.236938, 2.250854, 2.26416, 2.278442, 2.292358]",2.0,"{'1': 161.27727536387118, '2': 0.08993242712875826}","{'1': 0.5599999999999998, '2': 0.1200000000000001}",1.14,2.29,"{'1': {'start': 1.1400000000000001, 'end': 1.7}, '2': {'start': 2.17, 'end': 2.29}}",Action
7,15,0xBA,1,5.725098,Match,Match,rrrrbbbdr,60,"{'1': 60.6720246388287, '2': 0.6720246388287023}","[0.0, 359.84, 358.76, 356.09, 351.79, 347.29, 342.75, 338.22, 333.69, 329.17, 324.64, 320.11, 315.61, 314.96, 314.31, 314.71, 316.19, 320.22, 324.38, 328.51, 332.53, 336.51, 340.47, 344.43, 348.39, 352.36, 356.32, 0.28, 4.24, 8.21, 12.17, 16.14, 20.1, 24.07, 28.03, 31.99, 35.95, 39.91, 43.88, 47.84, 51.8, 55.77, 59.73, 63.69, 67.66, 71.62, 75.58, 79.54, 83.51, 87.47, 91.43, 95.4, 99.34, 100.38, 104.7, 109.46, 114.18, 118.76, 123.28, 127.79, 132.26, 136.72, 141.17, 145.63, 150.08, 154.53, 158.98, 163.46, 165.48, 165.48, 163.49, 159.25, 154.5, 149.75, 145.01, 140.27, 135.53, 130.8, 127.92, 127.76, 125.46, 122.44, 117.59, 112.74, 107.89, 103.05, 98.2, 93.35, 88.51, 83.66, 78.81, 74.16, 72.27]","[1.02771, 1.041504, 1.055298, 1.069336, 1.083008, 1.096924, 1.110962, 1.124756, 1.138672, 1.15271, 1.166382, 1.180176, 1.194092, 1.20813, 1.654663, 1.668701, 1.682739, 1.696655, 1.710327, 1.724487, 1.738403, 1.752319, 1.765991, 1.780029, 1.794067, 1.807617, 1.821777, 1.835815, 1.849487, 1.863647, 1.877441, 1.891113, 1.905396, 1.919189, 1.933105, 1.946655, 1.960938, 1.974731, 1.988403, 2.002563, 2.016479, 2.030151, 2.044922, 2.058228, 2.071411, 2.085571, 2.099609, 2.113525, 2.127197, 2.141479, 2.155518, 2.168945, 2.668945, 2.683228, 2.697266, 2.71106, 2.725098, 2.739014, 2.753174, 2.767944, 2.780518, 2.794067, 2.807861, 2.822144, 2.83606, 2.849731, 2.863647, 2.877686, 3.683105, 3.697388, 3.711426, 3.72522, 3.739014, 3.752686, 3.766235, 3.78064, 3.794556, 3.807983, 4.585815, 4.600098, 4.614258, 4.627808, 4.641846, 4.65564, 4.669189, 4.683472, 4.697266, 4.710693, 4.724854, 4.738892, 4.752808, 4.766235, 4.780396]",6.0,"{'1': 45.016159809798076, '2': -43.99482075102628, '3': 93.7199218912381, '4': 64.19629013828255, '5': -34.679680766954135, '6': -55.55026689292427}","{'1': 0.17999999999999994, '2': 0.17999999999999994, '3': 0.33999999999999986, '4': 0.21999999999999975, '5': 0.1299999999999999, '6': 0.1900000000000004}",1.03,4.78,"{'1': {'start': 1.03, 'end': 1.21}, '2': {'start': 1.6500000000000001, 'end': 1.83}, '3': {'start': 1.83, 'end': 2.17}, '4': {'start': 2.66, 'end': 2.88}, '5': {'start': 3.68, 'end': 3.81}, '6': {'start': 4.59, 'end': 4.78}}",Action
7,16,0xBA,1,2.16394,Match,Match,uuuuubbul,60,"{'1': 206.5426578330488, '2': 266.5426578330488}","[0.0, 0.0, 359.18, 358.0, 356.05, 352.17, 347.46, 342.76, 338.08, 333.4, 328.89]","[1.344604, 1.358521, 1.372437, 1.386353, 1.400024, 1.414063, 1.427979, 1.441772, 1.455688, 1.469604, 1.483643]",1.0,{'1': 29.93969371037824},{'1': 0.1299999999999999},1.35,1.48,"{'1': {'start': 1.35, 'end': 1.48}}",Action
7,17,0xBA,1,4.533813,Match,Match,bddrbbbbb,120,"{'1': 288.7000593936109, '2': 48.7000593936109}","[0.0, 0.0, 1.1, 3.92, 8.1, 12.41, 16.7, 21.0, 25.3, 29.6, 33.9, 38.19, 42.49, 46.79, 51.09, 55.39, 59.69, 63.99, 68.48, 69.85, 70.26, 70.26, 71.95, 76.25, 80.44, 84.4, 88.23, 92.04, 95.82, 99.59, 103.36, 107.12, 110.86, 114.57, 118.15, 119.26, 122.93, 127.31, 131.69, 136.05, 140.41, 144.77, 149.12, 153.47, 157.82, 162.17, 166.52, 170.87, 175.22, 179.56, 183.91, 188.25, 192.6, 196.94, 201.28, 205.62, 209.96, 214.29, 218.61, 222.9, 227.19, 231.48, 235.77, 240.05, 244.34, 248.63, 252.91, 257.19, 261.46]","[0.9206543, 0.9345703, 0.9486084, 0.9622803, 0.9763184, 0.9906006, 1.004028, 1.017944, 1.03186, 1.045654, 1.05957, 1.073486, 1.087402, 1.101318, 1.115112, 1.12915, 1.143066, 1.15686, 1.170776, 1.184448, 1.559326, 1.573242, 1.587158, 1.600952, 1.615112, 1.628906, 1.6427, 1.656616, 1.670532, 1.684326, 1.701172, 1.71228, 1.726074, 1.73999, 2.492554, 2.506958, 2.520874, 2.534424, 2.548706, 2.562622, 2.575684, 2.589966, 2.60376, 2.617432, 2.631714, 2.64563, 2.659546, 2.673218, 2.687378, 2.701416, 2.714844, 2.729248, 2.743042, 2.756226, 2.77063, 2.784424, 2.798462, 2.812012, 2.825928, 2.839966, 2.853516, 2.86792, 2.881836, 2.895386, 2.90979, 2.923706, 2.93689, 2.95105, 2.964722]",3.0,"{'1': 69.8560721621434, '2': 44.31004757070494, '3': -18.07551818053996}","{'1': 0.2699999999999999, '2': 0.17999999999999994, '3': 0.48}",0.92,2.96,"{'1': {'start': 0.92, 'end': 1.19}, '2': {'start': 1.56, 'end': 1.74}, '3': {'start': 2.48, 'end': 2.96}}",Action
7,18,0xBA,1,2.889893,Match,Match,rrrrbbbdr,0,"{'1': 22.276631744938747, '2': 22.276631744938747}",[],[],0.0,{},{},0.0,2.889893,{},Action
7,19,0xBA,1,3.960815,Match,Match,bdddbllll,120,"{'1': 120.91586715760242, '2': 0.9158671576024204}","[0.0, 0.0, 358.69, 355.95, 352.47, 348.15, 343.78, 339.41, 335.03, 330.65, 326.28, 321.9, 317.53, 313.18, 309.16, 307.03, 307.31, 310.17, 313.42, 317.53, 322.16, 326.65, 331.13, 335.6, 340.08, 344.55, 349.03, 353.5, 357.98, 2.45, 6.93, 11.4, 15.87, 20.34, 24.81, 29.27, 33.73, 38.19, 42.64, 47.09, 51.54, 55.98, 60.42, 64.85, 69.27, 73.67, 78.07, 82.47, 86.87, 91.27, 95.66, 100.04, 104.4, 108.75, 113.09, 117.43, 121.77, 126.11, 130.45, 134.79, 139.1, 143.39, 147.67, 151.93, 156.02, 155.51, 153.5, 148.98, 144.44, 139.89, 135.35, 130.82, 126.29, 121.81, 117.42]","[0.9306641, 0.9445801, 0.9584961, 0.9724121, 0.9862061, 1.000122, 1.013916, 1.027832, 1.04187, 1.055786, 1.069702, 1.083496, 1.0979, 1.111328, 1.125244, 2.18335, 2.197876, 2.211792, 2.225952, 2.23877, 2.25293, 2.26709, 2.280396, 2.2948, 2.308594, 2.321899, 2.336304, 2.35022, 2.364136, 2.37793, 2.39209, 2.406006, 2.419312, 2.433594, 2.44751, 2.460815, 2.47522, 2.489136, 2.50293, 2.51709, 2.531006, 2.544678, 2.558472, 2.572632, 2.586548, 2.60022, 2.614746, 2.628784, 2.641846, 2.656616, 2.669678, 2.682861, 2.697388, 2.711304, 2.725342, 2.738647, 2.75293, 2.766968, 2.781128, 2.79541, 2.808594, 2.821777, 2.836548, 2.85022, 3.502197, 3.516968, 3.530884, 3.544556, 3.557861, 3.571899, 3.58606, 3.599731, 3.613892, 3.627441, 3.640869]",3.0,"{'1': 50.84957397463012, '2': 98.89819479430045, '3': -38.23938431307573}","{'1': 0.20000000000000007, '2': 0.6699999999999999, '3': 0.1499999999999999}",0.93,3.64,"{'1': {'start': 0.93, 'end': 1.1300000000000001}, '2': {'start': 2.18, 'end': 2.85}, '3': {'start': 3.49, 'end': 3.64}}",Action
7,20,0xBA,1,2.901245,Match,Match,uubbbrrrb,120,"{'1': 236.45600181787148, '2': 116.45600181787148}","[0.0, 0.0, 0.0, 1.74, 3.89, 7.01, 10.48, 15.16, 19.79, 24.43, 29.06, 33.69, 38.32, 42.95, 47.59, 52.23, 54.11, 54.11, 54.27, 55.16, 58.82, 63.13, 67.34, 71.53, 75.62, 79.66, 83.71, 87.74, 91.78, 95.81, 99.85, 103.88]","[1.176147, 1.190308, 1.204102, 1.217651, 1.231689, 1.245605, 1.259521, 1.273315, 1.287476, 1.302734, 1.315063, 1.329102, 1.342773, 1.356567, 1.370605, 1.384399, 1.398315, 1.759277, 1.773193, 1.787231, 1.801147, 1.815063, 1.828979, 1.842407, 1.856445, 1.870361, 1.884277, 1.898193, 1.912109, 1.925903, 1.939697, 1.953613]",2.0,"{'1': 54.11, '2': 48.715381575165246}","{'1': 0.2100000000000002, '2': 0.18999999999999995}",1.19,1.95,"{'1': {'start': 1.19, 'end': 1.4000000000000001}, '2': {'start': 1.76, 'end': 1.95}}",Action
7,21,0xBA,1,4.065308,Match,Match,bdddbllll,120,"{'1': 297.9629521630802, '2': 177.96295216308025}","[0.0, 0.31, 2.85, 7.57, 12.19, 16.71, 21.17, 25.6, 30.04, 34.43, 38.83, 43.21, 47.6, 51.96, 56.3, 60.64, 64.98, 69.31, 73.64, 77.97, 82.29, 86.62, 90.94, 95.23, 99.49, 103.75, 108.0, 112.26, 116.51, 120.76, 125.01, 129.26, 133.5, 137.75, 142.0, 146.14, 148.17, 146.76, 144.35, 140.85, 136.2, 131.44, 126.71, 121.99, 117.3, 112.89, 111.64]","[0.9798584, 0.9936523, 1.00769, 1.021729, 1.0354, 1.049194, 1.063232, 1.077026, 1.090942, 1.104858, 1.118774, 1.13269, 1.146606, 1.160522, 1.174194, 1.18811, 1.202148, 1.216064, 1.229736, 1.243652, 1.257568, 1.271484, 1.2854, 1.299194, 1.313232, 1.327148, 1.340942, 1.354736, 1.368652, 1.38269, 1.396362, 1.410156, 1.424194, 1.43811, 1.451904, 1.46582, 1.981934, 1.995972, 2.01001, 2.02417, 2.037964, 2.051636, 2.065308, 2.079712, 2.093506, 2.107056, 2.121338]",2.0,"{'1': 146.15325866511884, '2': -36.3659552717271}","{'1': 0.49, '2': 0.15000000000000013}",0.98,2.12,"{'1': {'start': 0.98, 'end': 1.47}, '2': {'start': 1.97, 'end': 2.12}}",Action
7,22,0xBA,1,3.552979,Match,Match,lbbddllll,120,"{'1': 328.42560545831884, '2': 208.42560545831884}","[0.0, 0.0, 1.05, 4.61, 8.96, 13.27, 17.44, 21.59, 25.73, 29.88, 34.02, 38.17, 42.31, 46.51, 48.32, 49.01, 51.04, 54.99, 59.07, 63.15, 67.23, 71.3, 75.38, 79.45, 83.52, 87.6, 91.67, 95.73, 99.79]","[0.9112549, 0.9248047, 0.9388428, 0.9527588, 0.9665527, 0.9804688, 0.9943848, 1.009033, 1.021973, 1.036133, 1.049927, 1.063843, 1.077759, 1.091797, 1.105347, 1.608032, 1.622192, 1.635742, 1.650024, 1.66394, 1.677856, 1.691406, 1.705566, 1.719727, 1.733154, 1.747437, 1.76123, 1.77478, 1.789185]",2.0,"{'1': 48.32638684265494, '2': 48.21599039888186}","{'1': 0.20000000000000007, '2': 0.18999999999999995}",0.91,1.78,"{'1': {'start': 0.91, 'end': 1.11}, '2': {'start': 1.59, 'end': 1.78}}",Action
7,23,0xBA,1,3.443115,Match,Match,bdddbllll,0,"{'1': 117.94234251970374, '2': 117.94234251970374}","[0.0, 0.0, 0.74, 2.45, 4.45, 6.58, 8.76, 10.94, 13.13, 15.4, 18.4, 22.51, 27.02, 31.52, 36.01, 40.5, 44.99, 49.61, 51.3, 51.51, 51.51, 51.68, 56.49, 61.21, 65.88, 70.51, 75.11, 79.63, 84.14, 88.65, 93.15, 97.65, 102.15, 106.65, 111.15, 115.65, 120.15, 124.64, 129.14, 133.63, 138.13, 142.62, 147.12, 151.61, 156.1, 160.59, 165.09, 169.58, 173.84, 174.15, 174.15, 173.46, 172.27, 169.4, 164.79, 160.19, 155.63, 151.07, 146.51, 141.95, 137.38, 132.82, 128.26, 123.69, 119.13, 114.57, 110.0, 105.44, 100.87, 96.3, 91.72, 87.15, 82.57, 77.98, 73.39, 68.81, 64.22, 59.63, 55.04, 50.45, 45.86, 41.27, 36.68, 32.09, 27.5, 22.91, 18.33, 15.27, 12.21, 12.21, 12.21, 11.52, 9.34, 6.56, 2.86, 358.91, 354.96, 351.01, 349.76]","[0.8009033, 0.8146973, 0.8284912, 0.8425293, 0.8564453, 0.8703613, 0.8841553, 0.8980713, 0.9119873, 0.9257813, 0.9398193, 0.9536133, 0.9674072, 0.9815674, 0.9951172, 1.009033, 1.022949, 1.036865, 1.050903, 1.300781, 1.314575, 1.328491, 1.342407, 1.356323, 1.370605, 1.384155, 1.398071, 1.411987, 1.425781, 1.439697, 1.453369, 1.467285, 1.481201, 1.494995, 1.508911, 1.523071, 1.536743, 1.550659, 1.564575, 1.578491, 1.592529, 1.606323, 1.620239, 1.633911, 1.647827, 1.661987, 1.675659, 1.689453, 1.703491, 2.136108, 2.150513, 2.164673, 2.178223, 2.193481, 2.206421, 2.219238, 2.233398, 2.247559, 2.26123, 2.275391, 2.289307, 2.303223, 2.316895, 2.331055, 2.345337, 2.358765, 2.372925, 2.386841, 2.400513, 2.414673, 2.428467, 2.442505, 2.455811, 2.470215, 2.484131, 2.497803, 2.511963, 2.525879, 2.539429, 2.553589, 2.567627, 2.581299, 2.595459, 2.609375, 2.623291, 2.636841, 2.651001, 2.665039, 2.678589, 3.109131, 3.123413, 3.136963, 3.150879, 3.164917, 3.178589, 3.192749, 3.207031, 3.220093, 3.234009]",4.0,"{'1': 51.19129006981053, '2': 122.33466414865805, '3': -161.94, '4': -2.330107070997398}","{'1': 0.25, '2': 0.3999999999999999, '3': 0.54, '4': 0.1200000000000001}",0.8,3.23,"{'1': {'start': 0.8, 'end': 1.05}, '2': {'start': 1.31, 'end': 1.71}, '3': {'start': 2.14, 'end': 2.68}, '4': {'start': 3.11, 'end': 3.23}}",Action
7,24,0xBA,1,2.946289,Match,Match,ffuuuurrf,60,"{'1': 238.03031525122972, '2': 178.03031525122972}","[0.0, 359.81, 357.63, 352.72, 347.82, 342.91, 338.03, 333.14, 329.07, 328.24, 328.24, 328.84, 330.58, 334.18, 338.78, 343.28, 347.73, 352.17, 356.61, 1.03, 5.46, 9.88, 14.29, 18.71, 23.13, 27.53, 31.91, 36.25, 40.55, 44.82, 49.09, 53.36, 57.63, 61.91, 66.18, 70.44]","[0.8878174, 0.9017334, 0.9155273, 0.9296875, 0.9434814, 0.9571533, 0.9713135, 0.9852295, 0.9989014, 1.653931, 1.667969, 1.682007, 1.696045, 1.709717, 1.723877, 1.737793, 1.751343, 1.765503, 1.779419, 1.793579, 1.807007, 1.821167, 1.835205, 1.848633, 1.862915, 1.876831, 1.890381, 1.904663, 1.918457, 1.932129, 1.946411, 1.960205, 1.973999, 1.987671, 2.001831, 2.015625]",2.0,"{'1': 30.901592257383033, '2': 36.94283166594178}","{'1': 0.10999999999999999, '2': 0.3500000000000001}",0.89,2.01,"{'1': {'start': 0.89, 'end': 1.0}, '2': {'start': 1.6600000000000001, 'end': 2.0100000000000002}}",Action
7,25,0xBA,1,3.07312,Mismatch,Mismatch,rbbbbbbub,60,"{'1': 343.43492894494125, '2': 43.43492894494126}","[0.0, 359.83, 358.92, 356.94, 352.3, 347.74, 343.19, 338.64, 334.11, 329.62, 325.18, 322.1, 322.1, 321.63, 320.19, 317.98, 315.59, 312.91, 310.21, 307.5, 304.82, 302.87, 301.13, 299.4, 297.59, 294.55, 290.17, 285.26, 280.35, 275.44, 270.53, 265.62, 260.71, 255.8, 250.88, 245.97, 241.06, 236.15, 231.24, 226.33, 221.42, 216.5, 211.59, 206.68, 201.77, 196.86, 191.95, 187.04, 182.13, 177.21, 172.3, 167.39, 162.48, 157.57, 152.66, 147.74, 142.83, 137.92, 133.01, 128.1, 123.18, 118.27, 113.36, 108.45, 103.54, 98.63]","[1.056152, 1.070068, 1.083984, 1.097656, 1.111694, 1.125854, 1.139404, 1.153198, 1.167236, 1.181152, 1.194946, 1.222778, 1.725464, 1.73999, 1.753784, 1.7677, 1.781372, 1.795288, 1.809204, 1.822998, 1.837036, 1.85083, 1.864502, 1.878662, 1.892578, 1.90625, 1.920288, 1.934326, 1.948242, 1.961304, 1.975342, 1.98938, 2.003052, 2.017212, 2.03125, 2.044922, 2.059082, 2.07312, 2.087036, 2.100342, 2.114258, 2.128296, 2.14209, 2.156128, 2.170166, 2.18396, 2.19812, 2.212036, 2.225708, 2.239868, 2.253784, 2.267578, 2.281006, 2.295288, 2.309326, 2.322998, 2.336792, 2.35083, 2.364502, 2.378418, 2.392334, 2.406006, 2.420288, 2.434204, 2.448364, 2.461914]",2.0,"{'1': 37.85299223914915, '2': 61.42356014760156}","{'1': 0.16999999999999993, '2': 0.74}",1.06,2.46,"{'1': {'start': 1.06, 'end': 1.23}, '2': {'start': 1.72, 'end': 2.46}}",Action
7,26,0xBA,1,2.181641,Mismatch,Mismatch,lllllbbul,60,"{'1': 207.31121944602046, '2': 147.31121944602046}","[0.0, 0.0, 1.24, 4.45, 9.19, 13.92, 18.62, 23.33, 28.02, 32.69, 37.36, 42.02, 46.67, 51.32, 55.37]","[0.8623047, 0.8763428, 0.8901367, 0.9039307, 0.9177246, 0.9317627, 0.9456787, 0.9594727, 0.9733887, 0.9874268, 1.001221, 1.015015, 1.029053, 1.042847, 1.056763]",1.0,{'1': 53.40175122161542},{'1': 0.19000000000000006},0.86,1.05,"{'1': {'start': 0.86, 'end': 1.05}}",Action
7,27,0xBA,1,1.70459,Mismatch,Mismatch,ddbbddddl,180,"{'1': 286.02115239405117, '2': 106.02115239405117}",[],[],0.0,{},{},0.0,1.70459,{},Action
7,28,0xBA,1,3.92981,Mismatch,Mismatch,llbbbbbru,120,"{'1': 59.32949026541962, '2': 179.32949026541962}","[0.0, 0.0, 359.62, 357.85, 355.04, 350.6, 345.89, 341.21, 336.52, 331.84, 327.16, 322.47, 317.79, 313.11, 308.42, 303.74, 299.06, 294.38, 289.7, 285.01, 280.33, 275.6, 271.0, 266.74, 263.7, 261.14, 259.7, 259.7, 259.7, 259.27, 257.95, 255.4, 251.49, 247.15, 242.39, 237.63, 232.87, 229.22]","[1.163208, 1.177124, 1.19104, 1.204956, 1.21875, 1.232544, 1.24646, 1.260376, 1.274414, 1.28833, 1.302124, 1.315918, 1.329712, 1.34375, 1.357666, 1.37146, 1.385376, 1.399536, 1.413086, 1.427002, 1.44104, 1.454712, 1.468628, 1.482666, 1.49646, 1.510254, 1.524292, 2.346191, 2.359985, 2.374146, 2.388062, 2.401733, 2.415894, 2.42981, 2.443359, 2.45752, 2.471436, 2.485474]",2.0,"{'1': 100.30000000000001, '2': 29.056713207009523}","{'1': 0.3600000000000001, '2': 0.1299999999999999}",1.17,2.48,"{'1': {'start': 1.17, 'end': 1.53}, '2': {'start': 2.35, 'end': 2.48}}",Action
7,29,0xBA,1,6.002197,Mismatch,Mismatch,uuuubbbur,60,"{'1': 53.50236138222004, '2': 113.50236138222004}","[0.0, 0.0, 359.43, 357.63, 355.28, 352.64, 349.76, 346.76, 343.64, 340.33, 337.03, 333.72, 331.13, 330.61, 330.61, 328.89, 326.3, 323.72, 319.6, 315.47, 311.35, 308.62, 307.99, 307.99, 309.23, 312.63, 317.35, 322.1, 326.75, 331.36, 335.98, 340.59, 345.2, 349.8, 354.4, 359.01, 3.61, 8.21, 12.81, 17.42, 22.02, 26.62, 31.22, 35.83, 40.43, 45.03, 49.63, 54.24, 58.84, 63.44, 68.04, 72.65, 77.25, 81.85, 86.46, 91.06, 95.65, 100.25, 104.85, 109.44, 114.01, 115.74, 115.98, 117.44, 119.39, 121.35, 123.22, 123.66, 128.38, 133.1, 137.78, 142.3, 146.81, 151.25, 155.62, 159.98, 164.34, 168.7, 173.06, 177.41, 181.75, 186.09, 190.43, 194.77, 199.11, 203.45, 207.79, 212.13, 216.47, 220.81, 225.15, 229.49, 233.83, 238.17, 242.51, 246.85, 251.19, 255.53, 259.86, 264.2, 268.54, 272.88, 277.22, 281.54, 283.78, 284.44, 289.02, 293.53, 298.04, 302.48, 306.88, 311.28, 315.68]","[1.265381, 1.279907, 1.294067, 1.307983, 1.321655, 1.335693, 1.349487, 1.363159, 1.377319, 1.391357, 1.407837, 1.419312, 1.432129, 1.780396, 1.794312, 1.80835, 1.822021, 1.836182, 1.850098, 1.86377, 1.87793, 1.891724, 2.669434, 2.683472, 2.697388, 2.71106, 2.724487, 2.738892, 2.75293, 2.766724, 2.780396, 2.794189, 2.808228, 2.822021, 2.836304, 2.850464, 2.86377, 2.877686, 2.891724, 2.905518, 2.9198, 2.933472, 2.947388, 2.960938, 2.974854, 2.989014, 3.002808, 3.016724, 3.030884, 3.044434, 3.05835, 3.072388, 3.086182, 3.099487, 3.113647, 3.127808, 3.141479, 3.156006, 3.1698, 3.183228, 3.197144, 3.821533, 3.835693, 3.849976, 3.863281, 3.877319, 4.418945, 4.433228, 4.447144, 4.460571, 4.474487, 4.488281, 4.501953, 4.515991, 4.529785, 4.543579, 4.557739, 4.571533, 4.585205, 4.599976, 4.613281, 4.627197, 4.640625, 4.654785, 4.669067, 4.682739, 4.696777, 4.710571, 4.724121, 4.738403, 4.752197, 4.766113, 4.779663, 4.793823, 4.807861, 4.821411, 4.835571, 4.849487, 4.863037, 4.877197, 4.891113, 4.904785, 4.918823, 4.932861, 5.460449, 5.474731, 5.488647, 5.502197, 5.516357, 5.530273, 5.543823, 5.557983, 5.571899]",5.0,"{'1': 28.881752247557195, '2': 21.997295414709036, '3': 62.00791314388948, '4': -44.75942710697545, '5': -31.343932549666143}","{'1': 0.16999999999999993, '2': 0.1200000000000001, '3': 0.5300000000000002, '4': 0.5300000000000002, '5': 0.1200000000000001}",1.27,5.57,"{'1': {'start': 1.27, 'end': 1.44}, '2': {'start': 1.78, 'end': 1.9000000000000001}, '3': {'start': 2.67, 'end': 3.2}, '4': {'start': 4.41, 'end': 4.94}, '5': {'start': 5.45, 'end': 5.57}}",Action
7,30,0xBA,1,4.376343,Mismatch,Mismatch,dbbbblllu,60,"{'1': 232.97719760635076, '2': 292.9771976063507}","[0.0, 0.0, 358.66, 356.83, 352.34, 347.8, 343.28, 338.75, 334.22, 329.7, 325.17, 320.64, 316.11, 311.59, 307.02, 304.22]","[1.124023, 1.137939, 1.151733, 1.165649, 1.179565, 1.193481, 1.207275, 1.221191, 1.235107, 1.249023, 1.262939, 1.276855, 1.290649, 1.304565, 1.318481, 1.332275]",1.0,{'1': 55.31820501667389},{'1': 0.19999999999999996},1.13,1.33,"{'1': {'start': 1.1300000000000001, 'end': 1.33}}",Action
7,31,0xBA,1,5.025024,Mismatch,Mismatch,uubbbrrrb,180,"{'1': 211.45138783587447, '2': 31.45138783587447}","[0.0, 0.0, 1.07, 3.31, 7.22, 11.21, 15.17, 19.08, 22.96, 26.82, 30.69, 34.55, 38.41, 42.27, 46.14, 50.0, 53.86, 57.73, 61.59, 65.45, 69.32, 73.18, 77.04, 80.9, 84.77, 88.63, 92.49, 96.35, 100.22, 104.08, 107.93, 111.79, 115.47, 115.47, 114.71, 113.95, 112.98, 111.84, 110.51, 108.28, 105.77, 103.19, 100.54, 97.87, 95.25, 94.53]","[1.872314, 1.886475, 1.900635, 1.914063, 1.928223, 1.942139, 1.955688, 1.970093, 1.983765, 1.996948, 2.011353, 2.025146, 2.038696, 2.053101, 2.066895, 2.080933, 2.094482, 2.108643, 2.122559, 2.13623, 2.150513, 2.164307, 2.17749, 2.191406, 2.2052, 2.218872, 2.233154, 2.24707, 2.261108, 2.274536, 2.28894, 2.302734, 3.399658, 3.413574, 3.427856, 3.442139, 3.455322, 3.46936, 3.483398, 3.496704, 3.511108, 3.525146, 3.538452, 3.552612, 3.566528, 3.580933]",2.0,"{'1': 111.81437623755156, '2': -20.89336619229435}","{'1': 0.43999999999999995, '2': 0.18000000000000016}",1.87,3.58,"{'1': {'start': 1.87, 'end': 2.31}, '2': {'start': 3.4, 'end': 3.58}}",Action
7,32,0xBA,1,4.114624,Mismatch,Mismatch,lbbddllll,180,"{'1': 131.31629236446844, '2': 311.31629236446844}","[0.0, 0.0, 0.34, 1.8, 4.17, 7.28, 11.63, 16.17, 20.69, 25.21, 29.72, 34.23, 38.69, 43.15, 47.6, 52.05, 56.5, 60.94, 65.39, 69.83, 74.27, 78.7, 83.14, 87.58, 92.02, 96.46, 100.9, 105.34, 109.78, 114.22, 118.66, 123.09, 127.53, 131.96, 136.4, 140.84, 145.27, 149.71, 154.14, 158.57, 163.01, 167.44, 171.86, 176.29, 180.71, 182.58, 182.58, 185.75, 190.22, 194.61, 198.99, 203.35, 207.69, 212.01, 216.3, 218.34, 220.39, 220.01, 218.28, 213.51, 208.74, 203.84, 198.95, 194.07, 189.19, 184.33]","[0.8480225, 0.8618164, 0.8756104, 0.8896484, 0.9034424, 0.9173584, 0.9311523, 0.9451904, 0.9589844, 0.9727783, 0.9869385, 1.00061, 1.014648, 1.028564, 1.042358, 1.056152, 1.070435, 1.084106, 1.0979, 1.111694, 1.125854, 1.139404, 1.15332, 1.167603, 1.181152, 1.194824, 1.20874, 1.222656, 1.236572, 1.250488, 1.264404, 1.27832, 1.291992, 1.306152, 1.319824, 1.333862, 1.347656, 1.36145, 1.375488, 1.389526, 1.403076, 1.416992, 1.430908, 1.444824, 1.45874, 2.000122, 2.01416, 2.028076, 2.056396, 2.070557, 2.084717, 2.099365, 2.11377, 2.127319, 2.141602, 2.15564, 2.753296, 2.767212, 2.781494, 2.79541, 2.808594, 2.822876, 2.836792, 2.850952, 2.86438, 2.87854]",3.0,"{'1': 179.28564780506184, '2': -35.775376494224986, '3': 33.11759280493081}","{'1': 0.6, '2': 0.16000000000000014, '3': 0.1200000000000001}",0.86,2.87,"{'1': {'start': 0.86, 'end': 1.46}, '2': {'start': 2.0, 'end': 2.16}, '3': {'start': 2.75, 'end': 2.87}}",Action
7,33,0xBA,1,4.052856,Mismatch,Mismatch,ffuubllll,120,"{'1': 246.59987517738313, '2': 6.599875177383112}","[0.0, 0.0, 0.83, 3.02, 6.43, 11.11, 15.64, 20.1, 24.51, 28.88, 33.22, 37.54, 41.84, 46.14, 50.43, 54.73, 59.03, 63.33, 67.62, 71.91, 74.45, 75.95, 80.7, 85.42, 90.07, 94.69, 99.31, 103.88, 108.41, 112.94, 117.47, 121.99, 126.51, 131.03, 135.55, 140.07, 144.58, 149.1, 153.61, 158.13, 162.64, 167.15, 171.65, 176.15, 180.64, 185.13, 189.61, 194.1, 196.97]","[1.299927, 1.313843, 1.328003, 1.341675, 1.355469, 1.369507, 1.383301, 1.397217, 1.411255, 1.424927, 1.438843, 1.452759, 1.466675, 1.480469, 1.494507, 1.508301, 1.522095, 1.536133, 1.550049, 1.563721, 3.108643, 3.122681, 3.136475, 3.14978, 3.163696, 3.177734, 3.191528, 3.205811, 3.219727, 3.233398, 3.247803, 3.261719, 3.275146, 3.288574, 3.30249, 3.31665, 3.330322, 3.344727, 3.358765, 3.372437, 3.38623, 3.400269, 3.41394, 3.428101, 3.442505, 3.455811, 3.469238, 3.483398, 3.497559]",2.0,"{'1': 71.92032327845678, '2': 90.1261871827704}","{'1': 0.27, '2': 0.3900000000000001}",1.3,3.49,"{'1': {'start': 1.3, 'end': 1.57}, '2': {'start': 3.1, 'end': 3.49}}",Action
7,34,0xBA,1,6.191162,Mismatch,Mismatch,bbdddbrrr,120,"{'1': 51.1903238702573, '2': 171.19032387025732}","[0.0, 0.0, 359.76, 358.29, 355.06, 350.41, 345.65, 340.89, 336.14, 331.38, 326.63, 322.41, 320.76, 321.35, 322.85, 324.79, 328.57, 332.97, 337.34, 341.7, 346.06, 350.4, 354.74, 359.08, 3.42, 7.76, 12.1, 16.44, 20.76, 25.06, 29.31, 33.56, 37.8, 41.35, 44.9, 45.14, 46.24, 47.95, 51.18, 55.3, 59.36, 63.41, 67.46, 71.52, 75.56, 79.61, 83.67, 86.14, 85.85, 85.56, 84.68, 83.53, 82.38, 81.24, 80.31]","[0.8553467, 0.8690186, 0.8828125, 0.8968506, 0.9107666, 0.9245605, 0.9385986, 0.9526367, 0.9661865, 0.9799805, 0.9940186, 1.007813, 1.577148, 1.591187, 1.604858, 1.618774, 1.63269, 1.646484, 1.6604, 1.674438, 1.688232, 1.702026, 1.715942, 1.729858, 1.743774, 1.75769, 1.771484, 1.7854, 1.799194, 1.813232, 1.827026, 1.84082, 1.854858, 1.86853, 2.329346, 2.343628, 2.3573, 2.37146, 2.385376, 2.399414, 2.412964, 2.427124, 2.441162, 2.45459, 2.468872, 2.48291, 2.49646, 4.149902, 4.16394, 4.17749, 4.191528, 4.205322, 4.218994, 4.2323, 4.246216]",3.0,"{'1': 37.579262810124526, '2': 2.1420402238999117, '3': 38.76429818372083}","{'1': 0.14, '2': 0.30000000000000004, '3': 0.16999999999999993}",0.87,2.5,"{'1': {'start': 0.87, 'end': 1.01}, '2': {'start': 1.57, 'end': 1.87}, '3': {'start': 2.33, 'end': 2.5}}",Action
7,35,0xBA,1,3.030273,Mismatch,Mismatch,bbddbblll,120,"{'1': 292.0774989103786, '2': 52.07749891037858}","[0.0, 0.25, 1.4, 3.27, 6.55, 11.41, 16.25, 21.08, 25.91, 30.74, 35.57, 40.41, 45.24, 50.07, 54.9, 59.73, 64.55, 69.38, 74.22]","[0.8885498, 0.9024658, 0.9162598, 0.9302979, 0.9442139, 0.9581299, 0.9719238, 0.9859619, 0.9996338, 1.01355, 1.027466, 1.041138, 1.055176, 1.069092, 1.083008, 1.096802, 1.11084, 1.124756, 1.13855]",1.0,{'1': 71.19394725495835},{'1': 0.2400000000000001},0.89,1.13,"{'1': {'start': 0.89, 'end': 1.1300000000000001}}",Action
7,36,0xBA,1,4.970337,Mismatch,Mismatch,bddrddddd,60,"{'1': 110.418110027414, '2': 50.418110027414}","[0.0, 0.2, 0.69, 2.11, 6.98, 11.82, 16.66, 21.49, 26.33, 31.17, 36.01, 40.85, 45.68, 50.52, 55.35, 60.17, 65.0, 69.82, 74.64, 79.46, 84.28, 89.1, 93.92, 98.74, 100.9, 100.9, 101.2, 102.42, 104.66, 109.3, 113.81, 118.29, 122.72, 127.1, 131.45, 135.78, 140.11, 144.43, 148.76, 153.08, 157.4, 161.71, 166.01, 170.31, 174.6, 178.9, 183.19, 187.48, 191.43, 192.67, 196.23, 200.74, 205.18, 209.57, 213.94, 218.28, 222.62, 226.96]","[1.05127, 1.065308, 1.079102, 1.092896, 1.107178, 1.120605, 1.134521, 1.14856, 1.162354, 1.176147, 1.190186, 1.204224, 1.218018, 1.231689, 1.245728, 1.259399, 1.273315, 1.287354, 1.301147, 1.314941, 1.329102, 1.342896, 1.356689, 1.370728, 1.384521, 2.234253, 2.248169, 2.261963, 2.276001, 2.290039, 2.303589, 2.317749, 2.331665, 2.345215, 2.359375, 2.373413, 2.386963, 2.401245, 2.415039, 2.429077, 2.442627, 2.456665, 2.470703, 2.484253, 2.498535, 2.512329, 2.526001, 2.540161, 2.956787, 2.971069, 2.984741, 2.998657, 3.012573, 3.026245, 3.040161, 3.054077, 3.067749, 3.081909]",3.0,"{'1': 100.77562330816356, '2': 71.66877754237285, '3': -35.10405318630964}","{'1': 0.33000000000000007, '2': 0.31000000000000005, '3': 0.14000000000000012}",1.06,3.08,"{'1': {'start': 1.06, 'end': 1.3900000000000001}, '2': {'start': 2.23, 'end': 2.54}, '3': {'start': 2.94, 'end': 3.08}}",Action
7,37,0xBA,1,4.875854,Mismatch,Mismatch,ffffuulff,180,"{'1': 112.1103209577726, '2': 292.1103209577726}","[0.0, 1.72, 5.1, 8.64, 12.27, 16.26, 20.37, 24.49]","[2.515137, 2.529419, 2.543091, 2.557251, 2.571289, 2.584839, 2.599121, 2.613037]",1.0,{'1': 23.59085944236851},{'1': 0.10999999999999988},2.5,2.61,"{'1': {'start': 2.5, 'end': 2.61}}",Action
7,38,0xBA,1,2.304932,Mismatch,Mismatch,ddbbddddl,120,"{'1': 116.64804906440489, '2': 236.6480490644049}","[0.0, 0.0, 0.61, 4.49, 8.48, 12.46, 16.43, 20.41, 24.39, 28.37, 32.35, 36.19, 40.0, 43.81, 47.62]","[1.385986, 1.400024, 1.428223, 1.441895, 1.456543, 1.470825, 1.484863, 1.499146, 1.512939, 1.526733, 1.95813, 1.97229, 1.98584, 2.000244, 2.013916]",2.0,"{'1': 28.184340261259877, '2': 14.345985966418333}","{'1': 0.1200000000000001, '2': 0.07000000000000028}",1.41,2.01,"{'1': {'start': 1.41, 'end': 1.53}, '2': {'start': 1.94, 'end': 2.0100000000000002}}",Action
7,39,0xBA,1,7.086792,Mismatch,Mismatch,rrrrbbbdr,120,"{'1': 325.1474160676428, '2': 205.14741606764278}","[0.0, 1.95, 6.89, 11.81, 16.73, 21.64, 26.55, 31.46, 36.37, 41.28, 46.18, 51.09, 55.99, 60.88, 65.77, 70.65, 75.53, 80.41, 82.28, 82.28, 82.6, 84.99, 89.38, 93.76, 98.14, 102.48, 106.79, 111.08, 115.33, 119.58, 123.83, 128.08, 132.33, 136.58, 140.83, 145.08, 149.32, 153.57, 157.28, 159.27, 162.85, 166.42, 169.98, 173.55, 177.1, 180.66, 184.22, 187.78, 191.34, 194.9, 198.46, 202.01, 205.55, 209.1, 212.64, 216.19, 219.73, 223.28, 226.82, 230.37, 231.09, 232.91, 235.17, 238.41, 242.28, 246.3, 250.38, 254.43, 258.46, 262.46, 266.47, 270.48, 274.48, 276.54, 277.41, 281.32, 285.83, 290.29, 294.71, 299.09, 303.47, 307.81, 312.15, 316.48, 320.81, 325.14, 329.46, 333.76, 338.05, 342.33, 346.6, 350.87, 355.14, 359.41, 3.68, 7.94, 12.21, 16.47, 20.72, 24.96, 29.19, 32.64]","[2.099976, 2.11438, 2.128418, 2.141479, 2.155762, 2.169678, 2.18335, 2.197632, 2.211548, 2.225098, 2.239502, 2.253418, 2.266846, 2.280151, 2.294434, 2.308472, 2.322021, 2.336304, 2.350342, 2.808838, 2.822632, 2.83667, 2.850586, 2.86377, 2.878296, 2.892212, 2.906372, 2.9198, 2.93396, 2.947632, 2.960938, 2.97522, 2.989136, 3.002808, 3.0177, 3.031128, 3.044312, 3.058716, 3.072632, 4.197754, 4.211792, 4.225586, 4.239136, 4.253174, 4.26709, 4.28064, 4.2948, 4.308838, 4.322388, 4.336548, 4.350464, 4.364014, 4.378174, 4.391968, 4.405884, 4.419556, 4.433594, 4.44751, 4.46106, 5.058838, 5.072876, 5.087036, 5.100586, 5.114502, 5.128296, 5.141846, 5.156128, 5.169922, 5.183472, 5.197876, 5.21167, 5.225586, 5.239136, 5.50293, 5.517456, 5.531372, 5.5448, 5.559204, 5.572876, 5.58667, 5.600342, 5.614624, 5.628418, 5.641968, 5.656128, 5.670166, 5.683594, 5.697876, 5.711792, 5.725708, 5.739136, 5.753418, 5.767456, 5.781006, 5.795044, 5.808838, 5.82312, 5.836792, 5.850464, 5.864014, 5.878418, 5.892212]",5.0,"{'1': 82.23444222823767, '2': 74.98607511229346, '3': -26.111690167930334, '4': -44.16923295563295, '5': -51.47421250991773}","{'1': 0.26000000000000023, '2': 0.27, '3': 0.29000000000000004, '4': 0.1900000000000004, '5': 0.39999999999999947}",2.09,5.89,"{'1': {'start': 2.09, 'end': 2.35}, '2': {'start': 2.81, 'end': 3.08}, '3': {'start': 4.18, 'end': 4.47}, '4': {'start': 5.05, 'end': 5.24}, '5': {'start': 5.49, 'end': 5.89}}",Action
7,40,0xBA,1,2.913208,Mismatch,Mismatch,lllbbbubb,120,"{'1': 44.909780615892714, '2': 164.9097806158927}","[0.0, 0.0, 3.12, 8.02, 12.9, 17.75, 22.55, 27.28, 31.97, 36.63, 41.26, 45.9, 50.54, 55.15, 55.57, 56.35, 57.92, 60.94, 65.82, 70.63, 75.39, 80.11, 84.83, 89.54]","[1.382568, 1.396973, 1.4104, 1.424194, 1.438232, 1.452026, 1.466064, 1.479858, 1.493652, 1.507568, 1.521606, 1.5354, 1.549194, 1.56311, 1.7854, 1.799316, 1.812988, 1.826904, 1.84082, 1.854858, 1.86853, 1.882568, 1.896362, 1.910156]",2.0,"{'1': 55.16301812947051, '2': 33.94583048770828}","{'1': 0.18999999999999995, '2': 0.14000000000000012}",1.38,1.91,"{'1': {'start': 1.3800000000000001, 'end': 1.57}, '2': {'start': 1.77, 'end': 1.9100000000000001}}",Action
7,41,0xBA,1,4.557251,Mismatch,Mismatch,lllbbbluu,180,"{'1': 204.88606613223055, '2': 24.886066132230553}","[0.0, 1.19, 4.31, 9.07, 13.79, 18.4, 23.0, 27.61, 30.17, 31.29, 32.22, 33.11, 33.94, 34.73, 35.46, 36.08, 36.63, 37.1, 37.45, 37.83, 40.8, 44.72, 48.77, 52.8, 56.83, 60.85, 64.88, 68.9, 72.92, 76.94, 80.96, 84.98, 89.0, 93.03, 97.05, 101.07, 105.09, 109.11, 113.14, 117.16, 121.19, 125.21, 129.24, 133.27, 137.3, 141.33, 145.36, 149.4, 153.53, 156.2, 156.2, 158.51, 162.08, 166.7, 171.17, 175.57, 179.93, 184.26, 188.58, 192.9]","[1.737427, 1.751709, 1.766113, 1.779419, 1.890625, 1.904785, 1.918335, 1.932495, 1.946777, 1.960449, 1.973877, 1.987671, 2.001831, 2.015381, 2.029541, 2.043579, 2.057251, 2.071411, 2.682739, 2.696533, 2.710449, 2.724121, 2.737427, 2.751709, 2.765869, 2.779663, 2.793579, 2.807495, 2.821655, 2.835205, 2.848999, 2.863037, 2.876587, 2.890503, 2.904663, 2.918335, 2.932617, 2.946899, 2.960327, 2.973633, 2.987915, 3.002075, 3.015747, 3.029663, 3.043701, 3.057373, 3.071289, 3.085449, 3.099121, 3.682739, 3.696045, 3.710083, 3.724365, 3.738159, 3.752075, 3.765991, 3.779175, 3.793335, 3.807373, 3.821533]",3.0,"{'1': 37.05316596045198, '2': 116.08558948960614, '3': 11.380225594568401}","{'1': 0.33999999999999986, '2': 0.41999999999999993, '3': 0.14000000000000012}",1.73,3.82,"{'1': {'start': 1.73, 'end': 2.07}, '2': {'start': 2.68, 'end': 3.1}, '3': {'start': 3.68, 'end': 3.8200000000000003}}",Action
7,42,0xBA,1,4.876221,Mismatch,Mismatch,uuubbrrrf,0,"{'1': 65.34944784418846, '2': 65.34944784418846}","[0.0, 3.56, 7.24, 10.92, 14.6, 18.28, 20.52, 23.55, 27.32, 31.1, 35.01, 39.05, 43.09, 47.13, 51.17, 55.21, 59.25, 63.28, 67.32, 71.36, 75.4, 79.45, 83.49, 87.53, 91.57, 95.61, 99.65, 103.69, 107.72, 111.77, 115.82, 119.55, 119.34, 118.74, 117.88, 116.74, 114.59, 111.85, 109.1, 106.24, 103.32, 101.63, 100.47, 100.47, 101.52, 104.78, 108.68, 112.95, 117.11, 121.2, 125.25, 129.3, 133.35, 137.4, 141.45, 145.5, 149.54, 153.59, 157.64, 161.68, 165.71, 169.75, 173.79, 177.83, 181.87, 185.91]","[0.9715576, 0.9853516, 0.9992676, 1.013306, 1.0271, 1.471436, 1.485352, 1.499268, 1.513184, 1.526978, 1.540771, 1.554932, 1.568726, 1.58252, 1.596558, 1.610352, 1.624146, 1.638062, 1.651978, 1.665894, 1.679932, 1.693848, 1.70752, 1.721436, 1.735474, 1.74939, 1.762939, 1.776855, 1.790771, 1.80481, 1.818481, 2.973999, 2.988159, 3.002319, 3.015381, 3.029175, 3.043213, 3.056885, 3.071411, 3.088257, 3.098755, 3.111572, 3.125854, 4.071533, 4.085815, 4.098999, 4.113037, 4.126587, 4.140625, 4.153931, 4.167847, 4.182007, 4.195801, 4.210083, 4.224243, 4.237549, 4.251709, 4.26709, 4.279663, 4.292847, 4.306641, 4.320801, 4.334595, 4.348877, 4.363037, 4.376465]",4.0,"{'1': 14.624017860357927, '2': 97.6396165061069, '3': -18.991002118644076, '4': 77.38379237288137}","{'1': 0.07000000000000006, '2': 0.3600000000000001, '3': 0.1499999999999999, '4': 0.29000000000000004}",0.96,4.3500000000000005,"{'1': {'start': 0.96, 'end': 1.03}, '2': {'start': 1.46, 'end': 1.82}, '3': {'start': 2.98, 'end': 3.13}, '4': {'start': 4.0600000000000005, 'end': 4.3500000000000005}}",Action
7,43,0xBA,1,2.276978,Mismatch,Mismatch,rbbbdddff,120,"{'1': 226.29585152890144, '2': 346.29585152890144}","[0.0, 359.43, 356.79, 352.38, 347.55, 342.73, 337.92, 333.1, 328.28, 323.46, 318.65, 313.83, 309.02, 304.66, 302.34, 301.77, 301.77, 301.26, 300.29, 298.37, 296.45, 294.55]","[1.052002, 1.065918, 1.079956, 1.093628, 1.107666, 1.121582, 1.135254, 1.14917, 1.16333, 1.177002, 1.190796, 1.204834, 1.21875, 1.232544, 1.24646, 1.62146, 1.635132, 1.648926, 1.677002, 1.691406, 1.705811, 1.720459]",1.0,{'1': 57.66538080000002},{'1': 0.20999999999999996},1.04,1.25,"{'1': {'start': 1.04, 'end': 1.25}}",Action
7,44,0xBA,1,2.127319,Mismatch,Mismatch,uuuuubbul,60,"{'1': 295.1931645100793, '2': 235.19316451007936}","[0.0, 0.27, 0.86, 2.69, 6.77, 11.01, 15.2, 19.38, 23.56, 27.71, 31.86, 36.0, 40.14, 44.28]","[1.124878, 1.138672, 1.152588, 1.166504, 1.18042, 1.194214, 1.208252, 1.222046, 1.235962, 1.249878, 1.278076, 1.292114, 1.306519, 1.321167]",1.0,{'1': 43.84991130769703},{'1': 0.18999999999999995},1.13,1.32,"{'1': {'start': 1.1300000000000001, 'end': 1.32}}",Action
7,45,0xBA,1,2.646973,Mismatch,Mismatch,uuuuubbul,0,"{'1': 223.99012792039952, '2': 223.99012792039952}","[0.0, 0.3, 3.19, 6.91, 11.78, 16.58, 21.3, 26.0, 30.52, 34.91, 39.25, 43.49, 47.67, 51.83, 55.98, 60.12, 64.27, 68.41, 72.55, 76.7, 80.85, 85.07, 88.73, 90.04, 94.87, 99.69, 104.5, 109.26, 113.97, 118.63, 123.27, 127.91]","[1.519043, 1.532959, 1.546753, 1.560547, 1.574585, 1.588379, 1.602295, 1.616333, 1.630127, 1.644043, 1.657837, 1.671753, 1.685425, 1.699463, 1.713501, 1.727295, 1.741089, 1.755127, 1.769043, 1.782837, 1.796875, 1.810669, 2.201538, 2.215332, 2.229858, 2.24353, 2.25708, 2.271484, 2.285278, 2.298828, 2.31311, 2.326904]",2.0,"{'1': 85.1367422324011, '2': 36.96568431239645}","{'1': 0.30000000000000004, '2': 0.1299999999999999}",1.52,2.32,"{'1': {'start': 1.52, 'end': 1.82}, '2': {'start': 2.19, 'end': 2.32}}",Action
7,46,0xBA,1,2.820068,Mismatch,Mismatch,llbbbrruu,0,"{'1': 312.87503941977366, '2': 312.87503941977366}","[0.0, 1.29, 5.7, 10.2, 14.7, 19.19, 23.69, 28.19, 32.69, 37.19, 41.7, 42.24, 42.95, 46.75, 51.19, 55.32, 59.36, 63.38, 67.34, 71.25, 75.11, 78.97, 82.82, 86.65, 90.47, 94.2, 96.11, 100.79, 105.47, 110.1, 114.62, 119.05, 123.26, 127.36, 131.4, 135.44, 139.41, 143.38, 144.51, 145.63, 150.54, 155.44, 160.34, 165.24, 170.14, 175.04]","[0.9836426, 0.9979248, 1.012085, 1.025513, 1.039063, 1.053101, 1.067017, 1.080688, 1.094849, 1.108521, 1.122437, 1.569824, 1.584106, 1.597656, 1.611816, 1.625977, 1.639282, 1.653442, 1.667236, 1.680664, 1.695068, 1.708862, 1.722778, 1.736328, 1.750488, 2.02832, 2.042236, 2.056641, 2.070435, 2.084106, 2.097656, 2.111816, 2.125732, 2.139038, 2.153442, 2.167358, 2.180542, 2.306152, 2.320068, 2.334473, 2.348022, 2.361206, 2.375854, 2.389648, 2.403564, 2.416748]",3.0,"{'1': 41.70912860677669, '2': 48.36955986196988, '3': 78.57797358105216}","{'1': 0.16000000000000014, '2': 0.19999999999999996, '3': 0.3999999999999999}",0.97,2.41,"{'1': {'start': 0.97, 'end': 1.1300000000000001}, '2': {'start': 1.56, 'end': 1.76}, '3': {'start': 2.0100000000000002, 'end': 2.41}}",Action
7,47,0xBA,1,2.655884,Mismatch,Mismatch,lllbbbubb,180,"{'1': 49.8443240651041, '2': 229.8443240651041}","[0.0, 0.0, 0.58, 3.99, 8.76, 13.54, 18.32, 23.08, 27.82, 32.54, 37.26, 41.97, 46.67, 51.37, 56.06, 60.75, 65.45, 70.14, 74.83, 79.53, 84.22, 88.91, 93.61, 98.3, 103.0, 107.69, 112.39, 116.12, 116.76, 117.39, 117.75, 118.2, 118.66, 119.11, 119.11, 119.42, 120.79, 123.34, 127.38, 131.68, 135.97, 140.25, 143.78]","[0.7641602, 0.7781982, 0.7918701, 0.8057861, 0.8198242, 0.8336182, 0.8474121, 0.8613281, 0.8752441, 0.8891602, 0.9030762, 0.9169922, 0.9307861, 0.9448242, 0.9588623, 0.9724121, 0.9863281, 1.000244, 1.014038, 1.027954, 1.04187, 1.055786, 1.06958, 1.083618, 1.097534, 1.111328, 1.125244, 1.139282, 1.153076, 2.100098, 2.114502, 2.128418, 2.141968, 2.15625, 2.294922, 2.309082, 2.322266, 2.336304, 2.353516, 2.364502, 2.376831, 2.390747, 2.404663]",2.0,"{'1': 116.61728287661303, '2': 23.48716082207524}","{'1': 0.3800000000000001, '2': 0.10999999999999988}",0.77,2.4,"{'1': {'start': 0.77, 'end': 1.1500000000000001}, '2': {'start': 2.29, 'end': 2.4}}",Action
7,48,0xBA,1,2.113892,Mismatch,Mismatch,rbbbbbbub,0,"{'1': 210.27064945180683, '2': 210.27064945180683}","[0.0, 0.0, 0.57, 2.9, 6.64, 10.37, 14.7, 18.96, 23.18, 27.38, 31.56, 35.72, 39.86, 44.0, 48.13, 52.25, 56.34, 60.38, 64.43, 68.48, 72.52, 76.56, 80.6, 84.64, 88.67, 92.71, 96.75, 100.79, 104.83, 108.86, 112.9, 116.94, 120.97, 125.01, 129.04, 133.07, 137.1, 141.12, 145.14]","[1.166626, 1.180542, 1.194336, 1.20813, 1.222168, 1.235962, 1.249756, 1.263794, 1.277588, 1.291382, 1.30542, 1.319336, 1.33313, 1.347168, 1.361084, 1.374634, 1.38855, 1.402588, 1.416626, 1.430298, 1.444336, 1.45813, 1.471924, 1.485962, 1.5, 1.51355, 1.527588, 1.541626, 1.555176, 1.569092, 1.597168, 1.61145, 1.625854, 1.640625, 1.654663, 1.668823, 1.682373, 1.696411, 1.710449]",1.0,{'1': 145.01142185496505},{'1': 0.54},1.17,1.71,"{'1': {'start': 1.17, 'end': 1.71}}",Action
7,49,0xBA,1,3.482544,Mismatch,Mismatch,ddbbddddl,180,"{'1': 226.14754278696023, '2': 46.14754278696023}","[0.0, 0.39, 1.43, 3.24, 5.93, 9.46, 13.42, 17.29, 21.05, 24.75, 28.45, 32.14, 35.82, 39.49, 43.16, 46.83, 50.5, 54.16, 57.82, 61.44, 62.24, 65.42, 70.23, 74.95, 79.57, 84.16, 88.66, 93.14, 97.62, 102.09, 106.57, 111.03, 115.48, 119.9, 124.28, 128.65, 133.0, 137.33, 141.65, 145.93, 150.21, 154.49, 158.77, 163.05, 167.33, 171.63, 175.98, 180.21]","[1.28479, 1.299805, 1.314453, 1.328613, 1.342529, 1.356201, 1.370361, 1.384277, 1.397949, 1.412231, 1.426147, 1.440186, 1.453613, 1.467651, 1.481934, 1.495239, 1.509521, 1.52356, 1.537109, 2.149048, 2.163086, 2.17627, 2.190308, 2.204346, 2.217773, 2.2323, 2.246094, 2.262817, 2.27356, 2.286743, 2.300781, 2.314575, 2.328857, 2.343018, 2.356689, 2.370972, 2.38501, 2.398682, 2.412964, 2.426758, 2.44043, 2.454102, 2.468384, 2.482422, 2.496094, 2.51001, 2.523926, 2.537598]",2.0,"{'1': 57.83710206409462, '2': 116.28617668640163}","{'1': 0.26, '2': 0.3900000000000001}",1.28,2.53,"{'1': {'start': 1.28, 'end': 1.54}, '2': {'start': 2.14, 'end': 2.5300000000000002}}",Action
8,0,0x87,2,4.488281,Match,Match,uubbbrrrb,180,"{'1': 160.83256037875475, '2': 340.83256037875475}","[0.0, 0.4, 2.55, 7.11, 11.73, 16.36, 20.98, 25.61, 30.23, 34.85, 39.48, 44.1, 48.73, 53.35, 57.98, 62.61, 67.23, 71.86, 76.49, 81.11, 85.74, 90.37, 95.0, 99.63, 104.26, 108.89, 113.52, 118.15, 122.78, 127.4, 132.03, 136.66, 141.29, 145.92, 150.55, 155.18, 159.81, 164.43, 169.07, 173.7]","[1.880371, 1.894287, 1.908203, 1.922119, 1.936035, 1.949951, 1.979736, 1.993164, 2.007568, 2.021973, 2.0354, 2.050049, 2.064209, 2.077637, 2.092041, 2.106201, 2.120117, 2.133789, 2.148193, 2.162109, 2.175537, 2.189941, 2.204102, 2.217529, 2.231934, 2.246094, 2.259766, 2.273438, 2.287598, 2.301514, 2.315186, 2.329346, 2.343506, 2.357422, 2.371338, 2.385254, 2.39917, 2.412842, 2.427002, 2.440918]",1.0,{'1': 173.39457171601035},{'1': 0.5699999999999998},1.87,2.44,"{'1': {'start': 1.87, 'end': 2.44}}",Action
8,1,0x87,2,2.824707,Match,Match,bbbdddrrb,60,"{'1': 297.0526715508145, '2': 237.05267155081452}",[],[],0.0,{},{},0.0,2.824707,{},Action
8,2,0x87,2,3.552002,Match,Match,lllbbbubb,180,"{'1': 73.56548998781912, '2': 253.56548998781912}","[0.0, 0.0, 358.57, 357.2, 354.52, 349.52, 344.52, 339.52, 334.52, 329.52, 324.53, 319.53, 314.53, 309.53, 304.53, 299.53, 294.54, 289.54, 284.55, 279.56, 274.57, 269.57, 264.58, 259.59, 254.6, 249.6, 244.61, 239.62, 234.63, 229.64, 224.65, 219.66, 214.67, 214.48, 214.08, 212.7, 210.12, 205.85, 201.42, 197.0, 192.56, 189.57, 188.53]","[1.641113, 1.655029, 1.668945, 1.682861, 1.696777, 1.710693, 1.724609, 1.738525, 1.752441, 1.766357, 1.780273, 1.794189, 1.80835, 1.822021, 1.835938, 1.849854, 1.86377, 1.877686, 1.891602, 1.905518, 1.919434, 1.93335, 1.947266, 1.961182, 1.975098, 2.005615, 2.018799, 2.032959, 2.047363, 2.060791, 2.075195, 2.089355, 2.102783, 3.204102, 3.218018, 3.232178, 3.246338, 3.259521, 3.273682, 3.287842, 3.30127, 3.31543, 3.32959]",2.0,"{'1': 145.33124507976345, '2': 25.246357396215757}","{'1': 0.46999999999999975, '2': 0.1200000000000001}",1.64,3.3200000000000003,"{'1': {'start': 1.6400000000000001, 'end': 2.11}, '2': {'start': 3.2, 'end': 3.3200000000000003}}",Action
8,3,0x87,2,1.865723,Match,Match,ffuuuurrf,0,"{'1': 23.282554720997183, '2': 23.282554720997183}",[],[],0.0,{},{},0.0,1.865723,{},Action
8,4,0x87,2,2.387695,Match,Match,bdddddfll,60,"{'1': 320.8989396087263, '2': 260.8989396087263}",[],[],0.0,{},{},0.0,2.387695,{},Action
8,5,0x87,2,3.348145,Match,Match,llbbbbbru,60,"{'1': 154.53545241524535, '2': 94.53545241524535}","[0.0, 0.36, 2.9, 7.8, 12.67, 17.52, 22.37, 27.21, 32.04, 36.86, 41.67, 46.47, 51.27, 56.07, 60.87, 65.66, 70.45, 75.24, 80.03, 84.8, 89.57, 94.34, 99.09, 103.83, 108.56, 108.56, 108.56, 108.04, 107.25, 106.22, 104.86, 103.27, 101.66, 100.04, 98.42, 96.82, 95.58, 95.01]","[1.802002, 1.815918, 1.829834, 1.843994, 1.857666, 1.871582, 1.885498, 1.899658, 1.913086, 1.927246, 1.94165, 1.955078, 1.96875, 1.983154, 1.99707, 2.010742, 2.025146, 2.038818, 2.05249, 2.068604, 2.081055, 2.094238, 2.108154, 2.122314, 2.13623, 2.721436, 2.735596, 2.749023, 2.763184, 2.7771, 2.791016, 2.805176, 2.818848, 2.83252, 2.84668, 2.860596, 2.874268, 2.888428]",1.0,{'1': 108.56},{'1': 0.3400000000000001},1.8,2.14,"{'1': {'start': 1.8, 'end': 2.14}}",Action
8,6,0x87,2,1.679932,Match,Match,lllllbbul,0,"{'1': 235.19481536945403, '2': 235.19481536945403}",[],[],0.0,{},{},0.0,1.679932,{},Action
8,7,0x87,2,1.855469,Match,Match,bddrbbbbb,0,"{'1': 293.9502017183571, '2': 293.9502017183571}",[],[],0.0,{},{},0.0,1.855469,{},Action
8,8,0x87,2,5.058594,Match,Match,lllbbbluu,120,"{'1': 49.004933720925365, '2': 169.00493372092535}","[0.0, 0.0, 359.69, 358.77, 356.6, 354.23, 351.55, 347.56, 343.41, 339.24, 335.01, 330.76, 326.48, 322.2, 317.21, 312.21, 307.22, 302.23, 297.23, 292.24, 287.24, 282.91, 279.07, 275.99, 273.4, 271.15, 269.28]","[3.457275, 3.470947, 3.485352, 3.499268, 3.512207, 3.528564, 3.540771, 3.553711, 3.567871, 3.582031, 3.596191, 3.609863, 3.624512, 3.638428, 3.651611, 3.667725, 3.680176, 3.693604, 3.70752, 3.721436, 3.735352, 3.749268, 3.763672, 3.777344, 3.79126, 3.805176, 3.819336]",1.0,{'1': 89.48706779661022},{'1': 0.33999999999999986},3.47,3.81,"{'1': {'start': 3.47, 'end': 3.81}}",Action
8,9,0x87,2,4.083496,Match,Match,lllbbbubb,180,"{'1': 312.57481992843844, '2': 132.57481992843842}","[0.0, 0.0, 0.24, 0.65, 1.64, 3.3, 6.27, 11.27, 16.27, 21.27, 26.26, 31.26, 36.26, 41.26, 46.26, 51.26, 56.26, 61.25, 66.25, 71.24, 76.23, 81.22, 86.21, 91.2, 96.19, 101.18, 106.17, 111.16, 116.15, 121.14, 126.13, 131.12, 136.1, 141.09, 146.07, 151.06, 156.05, 161.03, 166.01]","[2.119873, 2.134033, 2.147949, 2.161865, 2.176025, 2.188965, 2.206299, 2.217285, 2.230225, 2.244629, 2.258789, 2.272705, 2.286377, 2.300781, 2.314941, 2.328369, 2.342773, 2.357666, 2.370117, 2.384033, 2.398438, 2.412354, 2.425781, 2.44043, 2.454102, 2.467773, 2.481934, 2.496094, 2.509521, 2.523682, 2.537842, 2.55127, 2.56543, 2.57959, 2.593506, 2.607422, 2.621338, 2.635498, 2.648682]",1.0,{'1': 162.62763420066167},{'1': 0.5},2.14,2.64,"{'1': {'start': 2.14, 'end': 2.64}}",Action
8,10,0x87,2,5.282227,Match,Match,rrrbbbddb,180,"{'1': 130.03348319557549, '2': 310.0334831955755}","[0.0, 0.92, 3.53, 8.07, 12.58, 17.09, 21.6, 26.11, 30.62, 35.13, 39.64, 44.15, 48.65, 53.16, 57.66, 62.16, 66.67, 71.17, 75.68, 80.19, 84.69, 89.19, 93.7, 98.2, 102.71, 107.21, 111.71, 116.22, 120.72, 125.23, 129.73, 134.24, 138.75, 143.25, 147.76, 152.26, 156.77, 161.27, 165.77, 170.28, 172.63, 173.68, 176.08, 180.95, 185.77, 190.57, 195.38, 200.18, 203.66]","[2.7854, 2.799561, 2.813232, 2.827393, 2.841309, 2.85498, 2.868896, 2.883057, 2.896973, 2.910889, 2.924805, 2.953613, 2.967529, 2.982422, 2.99707, 3.010742, 3.024658, 3.039063, 3.052979, 3.06665, 3.081055, 3.094971, 3.108643, 3.122803, 3.136963, 3.150879, 3.164551, 3.178711, 3.192871, 3.206299, 3.220703, 3.234863, 3.248291, 3.262451, 3.276611, 3.290283, 3.303955, 3.318359, 3.332275, 3.345947, 4.390869, 4.404785, 4.418945, 4.433105, 4.446533, 4.460693, 4.474854, 4.488281, 4.502197]",2.0,"{'1': 170.2891150822741, '2': -15.716148050836154}","{'1': 0.5800000000000001, '2': 0.1200000000000001}",2.77,4.5,"{'1': {'start': 2.77, 'end': 3.35}, '2': {'start': 4.38, 'end': 4.5}}",Action
8,11,0x87,2,6.82373,Match,Match,rbbbbbldd,120,"{'1': 333.4370891178977, '2': 93.43708911789771}","[0.0, 0.0, 0.94, 2.8, 6.13, 11.05, 15.96, 20.86, 25.76, 30.66, 35.55, 40.44, 45.31, 50.19, 55.06, 59.93, 64.8, 68.0, 68.0, 71.09, 75.02, 78.95, 82.89, 86.85, 90.83, 94.82, 98.82, 102.81, 106.81, 110.8, 114.8, 118.79, 122.78, 126.78, 130.78, 134.77, 138.77, 142.79, 146.82, 150.86, 154.9, 158.95, 163.0, 167.05, 171.13, 175.23, 179.34, 183.47, 187.6, 191.73, 195.87, 200.01, 204.16, 208.3, 212.45, 216.65, 221.0, 224.04, 225.14, 226.95, 228.76, 231.76, 235.01, 238.32, 241.8, 245.41, 248.91]","[2.087158, 2.101074, 2.115479, 2.129639, 2.143066, 2.157227, 2.171387, 2.185059, 2.19873, 2.213135, 2.227051, 2.240723, 2.254883, 2.269043, 2.282471, 2.296875, 2.310791, 2.324219, 4.706543, 4.720459, 4.734619, 4.748779, 4.761963, 4.776367, 4.790527, 4.803955, 4.818115, 4.832031, 4.845947, 4.859619, 4.873779, 4.887939, 4.901367, 4.915527, 4.929443, 4.942871, 4.957275, 4.971191, 4.985107, 4.998779, 5.013184, 5.0271, 5.040527, 5.054932, 5.068848, 5.082275, 5.09668, 5.110596, 5.124268, 5.139648, 5.152344, 5.16626, 5.179932, 5.194092, 5.208252, 5.22168, 5.23584, 5.807129, 5.821045, 5.835205, 5.849365, 5.862549, 5.876953, 5.890869, 5.904297, 5.918701, 5.932373]",3.0,"{'1': 68.0, '2': 70.97786339313376, '3': -24.353666097156747}","{'1': 0.2400000000000002, '2': 0.5499999999999998, '3': 0.13999999999999968}",2.09,5.93,"{'1': {'start': 2.09, 'end': 2.33}, '2': {'start': 4.69, 'end': 5.24}, '3': {'start': 5.79, 'end': 5.93}}",Action
8,12,0x87,2,3.536621,Match,Match,llbbbrruu,180,"{'1': 48.150524802825046, '2': 228.15052480282503}","[0.0, 0.0, 1.33, 4.79, 9.7, 14.61, 19.51, 24.41, 29.31, 34.2, 39.08, 43.93, 48.75, 53.57, 58.39, 63.21, 68.03, 72.85, 77.67, 82.49, 87.31, 92.13, 96.95, 101.77, 105.54, 109.3, 113.06, 116.82, 120.59, 124.35, 128.12, 131.87, 134.74, 136.87, 136.87, 138.27, 139.67, 144.59, 149.45, 154.28, 159.11, 163.94, 168.76, 173.59, 178.41, 183.24]","[1.308594, 1.322266, 1.33667, 1.350586, 1.364502, 1.378174, 1.392334, 1.40625, 1.419922, 1.434082, 1.448242, 1.46167, 1.476074, 1.48999, 1.503906, 1.517578, 1.531738, 1.545654, 1.559326, 1.573486, 1.587646, 1.601074, 1.615479, 1.629395, 1.643311, 1.656982, 1.671387, 1.685059, 1.69873, 1.713135, 1.727051, 1.740479, 1.754883, 2.381348, 2.395508, 2.409424, 2.423096, 2.436523, 2.450684, 2.4646, 2.478271, 2.492676, 2.508057, 2.52002, 2.533936, 2.548096]",2.0,"{'1': 134.75739795519303, '2': 40.83797307139184}","{'1': 0.44999999999999996, '2': 0.16000000000000014}",1.31,2.54,"{'1': {'start': 1.31, 'end': 1.76}, '2': {'start': 2.38, 'end': 2.54}}",Action
8,13,0x87,2,2.216309,Match,Match,lllllbbul,60,"{'1': 117.20635363661125, '2': 57.206353636611254}",[],[],0.0,{},{},0.0,2.216309,{},Action
8,14,0x87,2,4.309082,Match,Match,lllllbbul,180,"{'1': 247.03421990315496, '2': 67.03421990315496}","[0.0, 358.66, 355.83, 351.84, 346.85, 341.86, 336.87, 331.88, 326.88, 321.88, 316.88, 311.88, 306.88, 301.88, 296.88, 291.88, 286.88, 281.88, 276.88, 271.88, 266.88, 261.88, 256.88, 251.88, 246.88, 241.88, 236.88, 231.88, 226.88, 221.88, 216.88, 211.88, 206.88, 201.88, 196.88, 191.88, 186.88, 181.88, 176.88, 171.88, 169.21, 168.59, 168.59, 170.11, 172.17, 177.1, 182.0, 186.88, 191.75, 196.62, 201.5, 206.38]","[1.450439, 1.464355, 1.478027, 1.492188, 1.506104, 1.52002, 1.533936, 1.547852, 1.561768, 1.575684, 1.5896, 1.603516, 1.617432, 1.631348, 1.645264, 1.65918, 1.673096, 1.687012, 1.700928, 1.714844, 1.72876, 1.742676, 1.756592, 1.770508, 1.784424, 1.79834, 1.812256, 1.826172, 1.840088, 1.854004, 1.86792, 1.88208, 1.895752, 1.909668, 1.923828, 1.9375, 1.951416, 1.965576, 1.979248, 1.993164, 2.007324, 2.721191, 2.734863, 2.749268, 2.763428, 2.776611, 2.791016, 2.805176, 2.818848, 2.832275, 2.84668, 2.860352]",2.0,"{'1': 169.20767586959477, '2': -14.845393668791473}","{'1': 0.5700000000000003, '2': 0.13999999999999968}",1.44,2.86,"{'1': {'start': 1.44, 'end': 2.0100000000000002}, '2': {'start': 2.72, 'end': 2.86}}",Action
8,15,0x87,2,3.701904,Match,Match,rrrrbbbdr,60,"{'1': 60.6720246388287, '2': 0.6720246388287023}",[],[],0.0,{},{},0.0,3.701904,{},Action
8,16,0x87,2,3.598633,Match,Match,uuuuubbul,60,"{'1': 206.5426578330488, '2': 266.5426578330488}","[0.0, 359.72, 359.25, 358.48, 357.0, 355.19, 353.37, 351.1, 347.72, 343.98, 340.08, 336.19, 332.3, 328.41, 325.94, 324.65, 324.47, 324.28, 323.82, 323.25, 322.68, 322.11, 321.55, 320.98, 320.41, 319.85, 319.27, 318.71, 318.15, 317.75]","[1.82959, 1.843994, 1.85791, 1.875, 1.885498, 1.898926, 1.913086, 1.926758, 1.940918, 1.955078, 1.968506, 1.98291, 1.99707, 2.011475, 2.024414, 2.03833, 3.027344, 3.041748, 3.055908, 3.070313, 3.083496, 3.097168, 3.11084, 3.125244, 3.13916, 3.15332, 3.166748, 3.180664, 3.195068, 3.208252]",1.0,{'1': 35.34233393074368},{'1': 0.20999999999999996},1.83,2.04,"{'1': {'start': 1.83, 'end': 2.04}}",Action
8,17,0x87,2,4.572754,Match,Match,bddrbbbbb,120,"{'1': 288.7000593936109, '2': 48.7000593936109}","[0.0, 359.53, 357.96, 355.75, 352.34, 347.59, 342.84, 338.1, 333.35, 328.61, 323.87, 319.13, 314.38, 309.64, 304.9, 300.15, 295.41, 290.67, 285.92, 281.18, 276.44, 271.7, 266.95, 262.21, 257.47, 252.73, 247.98, 243.18]","[3.096924, 3.110352, 3.124756, 3.138672, 3.1521, 3.16626, 3.180176, 3.194092, 3.207764, 3.221924, 3.23584, 3.249512, 3.263672, 3.277832, 3.291016, 3.30542, 3.31958, 3.333008, 3.347168, 3.361328, 3.375, 3.388916, 3.40332, 3.416992, 3.43042, 3.444824, 3.458984, 3.472168]",1.0,{'1': 116.03067961165057},{'1': 0.38000000000000034},3.09,3.47,"{'1': {'start': 3.09, 'end': 3.47}}",Action
8,18,0x87,2,2.533447,Match,Match,rrrrbbbdr,0,"{'1': 22.276631744938747, '2': 22.276631744938747}",[],[],0.0,{},{},0.0,2.533447,{},Action
8,19,0x87,2,3.722168,Match,Match,bdddbllll,120,"{'1': 120.91586715760242, '2': 0.9158671576024204}","[0.0, 0.36, 3.4, 8.27, 13.15, 17.94, 22.69, 27.43, 32.16, 36.88, 41.59, 46.31, 51.03, 55.74, 60.46, 65.18, 69.89, 74.61, 79.33, 84.04, 88.76, 93.48, 96.91, 99.94, 102.4, 102.98, 103.27, 103.56, 104.0, 104.5, 105.0, 105.51, 105.87]","[2.106445, 2.120605, 2.134521, 2.148682, 2.162842, 2.17627, 2.190186, 2.204102, 2.217773, 2.231934, 2.246094, 2.259766, 2.273438, 2.287842, 2.301758, 2.315186, 2.329346, 2.343262, 2.357178, 2.371338, 2.385254, 2.39917, 2.412598, 2.429932, 2.440918, 3.081543, 3.095215, 3.109375, 3.123779, 3.136963, 3.151123, 3.165283, 3.178955]",1.0,{'1': 102.19444019661388},{'1': 0.33999999999999986},2.1,2.44,"{'1': {'start': 2.1, 'end': 2.44}}",Action
8,20,0x87,2,6.509033,Match,Match,uubbbrrrb,120,"{'1': 236.45600181787148, '2': 116.45600181787148}","[0.0, 0.21, 2.62, 7.45, 12.23, 16.99, 21.72, 26.45, 31.17, 35.89, 40.61, 45.32, 50.03, 54.74, 59.46, 64.18, 68.89, 73.6, 77.94, 79.76, 80.35, 80.66, 82.01, 83.37, 85.47, 87.89, 90.34, 92.79, 95.24, 97.68, 99.85, 101.29]","[4.433594, 4.447998, 4.46167, 4.475342, 4.489502, 4.503174, 4.516846, 4.53125, 4.545166, 4.558594, 4.572754, 4.588379, 4.600586, 4.614258, 4.628418, 4.642334, 4.656006, 4.67041, 4.68457, 4.698242, 5.311035, 5.325195, 5.338867, 5.353027, 5.366943, 5.380615, 5.394531, 5.408691, 5.422607, 5.4375, 5.450195, 5.464111]",2.0,"{'1': 79.76169261071847, '2': 20.515598399994275}","{'1': 0.27000000000000046, '2': 0.14999999999999947}",4.43,5.46,"{'1': {'start': 4.43, 'end': 4.7}, '2': {'start': 5.3100000000000005, 'end': 5.46}}",Action
8,21,0x87,2,3.054932,Match,Match,bdddbllll,120,"{'1': 297.9629521630802, '2': 177.96295216308025}","[0.0, 0.0, 0.92, 3.76, 8.69, 13.6, 18.49, 23.36, 28.22, 33.05, 37.86, 42.67, 47.47, 52.28, 57.08, 61.88, 66.68, 71.48, 76.29, 81.09, 85.89, 90.69, 95.49, 100.29, 105.1, 109.9, 114.7, 119.51, 124.31, 128.15, 130.23, 130.6, 130.6, 130.82, 130.82]","[1.76001, 1.773682, 1.787842, 1.802002, 1.815674, 1.82959, 1.84375, 1.857666, 1.871094, 1.885742, 1.899414, 1.912842, 1.927246, 1.941162, 1.954834, 1.969238, 1.983154, 1.996826, 2.010498, 2.024902, 2.038818, 2.05249, 2.06665, 2.080811, 2.094238, 2.108154, 2.12207, 2.136475, 2.149902, 2.163818, 2.177734, 2.191406, 2.205811, 2.219727, 2.233398]",1.0,{'1': 130.56194997074311},{'1': 0.42999999999999994},1.76,2.19,"{'1': {'start': 1.76, 'end': 2.19}}",Action
8,22,0x87,2,2.792236,Match,Match,lbbddllll,120,"{'1': 328.42560545831884, '2': 208.42560545831884}","[0.0, 0.2, 3.4, 8.14, 12.83, 17.46, 22.09, 26.71, 31.34, 35.95, 40.55, 45.15, 49.73, 54.31, 58.89, 63.47, 68.05, 72.62, 77.2, 81.78, 86.36, 90.94, 95.52, 100.1, 104.68, 109.19]","[1.468262, 1.482666, 1.496826, 1.510498, 1.52417, 1.53833, 1.552246, 1.567627, 1.580322, 1.594238, 1.607666, 1.62207, 1.635986, 1.649902, 1.663574, 1.677979, 1.691895, 1.705322, 1.719727, 1.733887, 1.74707, 1.76123, 1.775635, 1.788818, 1.803467, 1.817383]",1.0,{'1': 106.77313067738764},{'1': 0.3400000000000001},1.47,1.81,"{'1': {'start': 1.47, 'end': 1.81}}",Action
8,23,0x87,2,2.099609,Match,Match,bdddbllll,0,"{'1': 117.94234251970374, '2': 117.94234251970374}",[],[],0.0,{},{},0.0,2.099609,{},Action
8,24,0x87,2,2.149658,Match,Match,ffuuuurrf,60,"{'1': 238.03031525122972, '2': 178.03031525122972}",[],[],0.0,{},{},0.0,2.149658,{},Action
8,25,0x87,2,4.851074,Mismatch,Mismatch,rbbbbbbub,60,"{'1': 343.43492894494125, '2': 43.43492894494126}","[0.0, 0.29, 1.92, 3.55, 8.47, 13.38, 18.26, 23.13, 27.97, 32.82, 37.66, 42.49, 47.31, 52.13, 56.95, 61.77, 66.6, 71.42, 76.24, 81.06, 85.88, 90.7, 95.52, 100.34, 105.16, 109.97, 114.79, 119.61, 124.42, 129.24, 134.05, 138.86, 143.68, 148.49, 153.3, 156.21, 156.74, 156.55, 156.36, 155.94, 154.91, 153.6, 152.29, 150.98, 149.67, 148.98]","[2.006592, 2.020508, 2.03418, 2.04834, 2.062256, 2.076172, 2.090088, 2.104004, 2.11792, 2.131836, 2.145752, 2.159912, 2.173584, 2.1875, 2.201416, 2.215332, 2.229248, 2.243164, 2.25708, 2.270996, 2.284912, 2.298828, 2.312744, 2.32666, 2.34082, 2.354492, 2.368408, 2.382568, 2.39624, 2.410156, 2.424316, 2.438232, 2.451904, 2.466064, 2.47998, 2.493652, 3.556152, 3.570068, 3.584229, 3.598389, 3.611816, 3.625732, 3.639893, 3.65332, 3.66748, 3.681641]",1.0,{'1': 156.14214612360146},{'1': 0.48999999999999977},2.01,2.5,"{'1': {'start': 2.0100000000000002, 'end': 2.5}}",Action
8,26,0x87,2,5.639648,Mismatch,Mismatch,lllllbbul,60,"{'1': 207.31121944602046, '2': 147.31121944602046}","[0.0, 0.0, 3.19, 8.15, 13.12, 18.08, 23.03, 27.99, 32.94, 37.9, 42.85, 47.79, 52.74, 57.68, 62.63, 67.57, 72.51, 77.45, 82.39, 87.33, 92.27, 97.21, 102.13, 103.94, 103.67, 103.35, 103.03, 102.71, 102.37, 101.99, 101.59, 101.18, 100.78, 100.38, 100.02]","[2.05957, 2.07373, 2.087402, 2.101563, 2.115723, 2.12915, 2.143555, 2.157471, 2.171387, 2.185059, 2.199463, 2.213135, 2.226807, 2.241211, 2.255127, 2.268555, 2.282959, 2.297119, 2.311035, 2.324463, 2.338867, 2.352539, 2.366455, 3.688965, 3.703613, 3.717529, 3.731445, 3.744873, 3.759033, 3.775879, 3.786377, 3.800293, 3.814453, 3.828125, 3.842773]",1.0,{'1': 102.13485172134804},{'1': 0.31000000000000005},2.06,2.37,"{'1': {'start': 2.06, 'end': 2.37}}",Action
8,27,0x87,2,4.280273,Mismatch,Mismatch,ddbbddddl,180,"{'1': 286.02115239405117, '2': 106.02115239405117}","[0.0, 0.4, 1.61, 4.55, 9.53, 14.5, 19.46, 24.4, 29.33, 34.24, 39.16, 44.06, 48.96, 53.85, 58.75, 63.03, 63.03, 62.24, 61.27, 59.75, 58.02, 56.28, 54.54, 52.79, 51.06, 49.57, 48.93, 48.93, 48.47, 47.55, 45.36, 42.62, 39.27, 35.1, 30.84, 26.58, 22.32, 18.38, 16.51]","[2.355469, 2.369141, 2.383057, 2.397217, 2.410889, 2.424805, 2.438965, 2.452637, 2.466797, 2.480713, 2.494629, 2.508545, 2.522461, 2.536377, 2.550293, 3.249756, 3.263672, 3.277832, 3.291748, 3.30542, 3.31958, 3.333496, 3.347412, 3.361084, 3.375244, 3.38916, 3.402832, 3.987793, 4.001953, 4.016113, 4.029785, 4.043213, 4.057617, 4.071533, 4.085205, 4.099365, 4.113525, 4.127197, 4.140625]",2.0,"{'1': 58.646830985915614, '2': -32.33296172177535}","{'1': 0.20000000000000018, '2': 0.1599999999999997}",2.35,4.14,"{'1': {'start': 2.35, 'end': 2.5500000000000003}, '2': {'start': 3.98, 'end': 4.14}}",Action
8,28,0x87,2,6.697754,Mismatch,Mismatch,llbbbbbru,120,"{'1': 59.32949026541962, '2': 179.32949026541962}","[0.0, 0.0, 1.17, 4.03, 7.33, 10.93, 15.84, 20.75, 25.66, 30.56, 35.44, 40.32, 45.19, 50.06, 54.93, 59.8, 64.66, 65.13, 64.46, 62.1, 57.3, 52.3, 47.32, 42.33, 37.34, 32.35, 27.37, 22.38, 17.39, 12.4, 7.42, 2.43, 357.44, 352.45, 347.47, 342.48, 337.49, 332.5, 327.51, 322.53, 317.54, 312.55, 307.56, 302.57, 297.58, 292.58, 287.59, 282.6, 277.61, 272.62, 267.63, 262.64, 257.65, 252.66, 247.67, 242.68, 237.68, 232.69, 227.69, 222.69, 219.61, 218.41, 218.41]","[3.898438, 3.912598, 3.926758, 3.940186, 3.95459, 3.96875, 3.981934, 3.996094, 4.010254, 4.02417, 4.037598, 4.052002, 4.065918, 4.079346, 4.093994, 4.107666, 4.121338, 4.928955, 4.942627, 4.956787, 4.970947, 4.984619, 4.998291, 5.012451, 5.026367, 5.040039, 5.054199, 5.068115, 5.081787, 5.096191, 5.110107, 5.124023, 5.137451, 5.151611, 5.165527, 5.179199, 5.193604, 5.20752, 5.220947, 5.235107, 5.249268, 5.262695, 5.2771, 5.291016, 5.304932, 5.318604, 5.332764, 5.34668, 5.360352, 5.374756, 5.388428, 5.4021, 5.41626, 5.43042, 5.444336, 5.457764, 5.472168, 5.486084, 5.499756, 5.513916, 5.528076, 5.541504, 5.555664]",2.0,"{'1': 64.66504092905424, '2': 76.33080572365559}","{'1': 0.22999999999999998, '2': 0.6200000000000001}",3.9,5.54,"{'1': {'start': 3.9, 'end': 4.13}, '2': {'start': 4.92, 'end': 5.54}}",Action
8,29,0x87,2,2.534424,Mismatch,Mismatch,uuuubbbur,60,"{'1': 53.50236138222004, '2': 113.50236138222004}",[],[],0.0,{},{},0.0,2.534424,{},Action
8,30,0x87,2,6.272949,Mismatch,Mismatch,dbbbblllu,60,"{'1': 232.97719760635076, '2': 292.9771976063507}","[0.0, 0.3, 0.77, 1.25, 1.81, 2.5, 3.46, 4.52, 5.9, 7.85, 10.6, 14.21, 19.17, 24.12, 29.06, 33.98, 38.9, 43.82, 48.73, 53.64, 58.54, 58.85, 59.16, 59.9, 61.38, 63.81, 67.36, 71.4, 76.12, 80.97, 85.79, 90.6]","[3.222656, 3.236572, 3.250977, 3.265137, 3.278564, 3.29248, 3.306641, 3.320313, 3.333984, 3.348389, 3.362305, 3.375732, 3.390137, 3.404053, 3.41748, 3.431885, 3.445801, 3.459717, 3.473389, 3.487793, 3.501709, 3.515625, 5.61792, 5.632568, 5.646729, 5.6604, 5.674316, 5.688232, 5.702148, 5.71582, 5.72998, 5.744141]",2.0,"{'1': 58.724694596148325, '2': 30.03461395086199}","{'1': 0.29000000000000004, '2': 0.1299999999999999}",3.22,5.74,"{'1': {'start': 3.22, 'end': 3.5100000000000002}, '2': {'start': 5.61, 'end': 5.74}}",Action
8,31,0x87,2,6.830322,Mismatch,Mismatch,uubbbrrrb,180,"{'1': 211.45138783587447, '2': 31.45138783587447}","[0.0, 0.0, 0.64, 2.0, 6.7, 11.39, 16.08, 20.76, 25.44, 30.13, 34.8, 39.47, 44.14, 48.81, 53.48, 58.14, 62.76, 64.61, 65.34, 66.07, 71.0, 75.92, 80.84, 85.76, 90.68, 95.6, 100.51, 105.42, 110.33, 115.22, 120.1, 124.98, 129.85, 134.72, 136.59, 136.59, 136.02, 134.79, 133.35, 129.35, 124.36, 119.36, 114.36, 109.36, 104.36, 99.36, 96.91, 95.76]","[3.208984, 3.223145, 3.237305, 3.251465, 3.264648, 3.279053, 3.292969, 3.306396, 3.320801, 3.334717, 3.348633, 3.362305, 3.376709, 3.390625, 3.404053, 3.418213, 3.432373, 3.682373, 3.696777, 3.710938, 3.724365, 3.738525, 3.752686, 3.766357, 3.780518, 3.794678, 3.808105, 3.821777, 3.835938, 3.849854, 3.86377, 3.878418, 3.89209, 3.905273, 4.935791, 4.950195, 4.963623, 4.977783, 4.991699, 5.005371, 5.019287, 5.033447, 5.047119, 5.060791, 5.074951, 5.089111, 5.102539, 5.116699]",3.0,"{'1': 62.8164398, '2': 70.21013791528493, '3': -40.2859427966102}","{'1': 0.22999999999999998, '2': 0.2400000000000002, '3': 0.16999999999999993}",3.21,5.11,"{'1': {'start': 3.21, 'end': 3.44}, '2': {'start': 3.67, 'end': 3.91}, '3': {'start': 4.94, 'end': 5.11}}",Action
8,32,0x87,2,6.057861,Mismatch,Mismatch,lbbddllll,180,"{'1': 131.31629236446844, '2': 311.31629236446844}","[0.0, 359.69, 359.23, 356.67, 351.68, 346.68, 341.69, 336.71, 331.73, 326.76, 321.78, 316.8, 311.83, 306.86, 301.88, 296.91, 291.93, 286.95, 281.97, 279.45, 278.77, 278.77, 278.39, 276.12, 271.81, 267.03, 262.27, 257.51, 252.75, 248.0, 243.24, 238.48, 233.72, 228.96, 224.2, 219.44, 214.68, 209.92, 205.16, 200.4, 195.64, 190.88, 186.12, 181.36, 176.6, 171.84, 167.06, 162.25, 157.39, 153.62, 152.31, 152.69, 154.15, 156.24, 159.29, 163.02, 166.98, 171.1, 175.23, 179.36, 181.31, 181.31, 181.62, 184.46, 189.38, 194.25, 199.11, 203.95, 208.79, 213.61, 218.42, 223.22, 228.0, 232.78, 237.55, 242.32, 243.98, 243.98, 245.13, 246.22, 249.9, 254.8, 259.7, 264.58, 269.44, 274.3, 279.16, 284.01, 288.86, 293.7, 298.55, 299.81, 299.81, 300.4, 302.43, 305.62, 310.54, 315.46, 320.37, 325.28, 330.19, 335.11]","[2.185303, 2.199707, 2.213623, 2.227295, 2.241455, 2.255371, 2.268799, 2.282959, 2.297119, 2.310547, 2.324951, 2.339111, 2.352783, 2.366455, 2.380615, 2.394775, 2.408447, 2.422363, 2.436523, 2.449951, 2.464355, 2.589355, 2.60376, 2.61792, 2.631348, 2.645752, 2.659668, 2.67334, 2.687012, 2.701172, 2.715088, 2.72876, 2.74292, 2.75708, 2.770264, 2.784912, 2.798828, 2.8125, 2.826172, 2.840332, 2.854736, 2.868164, 2.882324, 2.89624, 2.909912, 2.924072, 2.937988, 2.95166, 2.96582, 2.97998, 3.828857, 3.843506, 3.857666, 3.874023, 3.88501, 3.898682, 3.912598, 3.926514, 3.940918, 3.954834, 3.968506, 4.511475, 4.526123, 4.540039, 4.553711, 4.567383, 4.581543, 4.595459, 4.609131, 4.623291, 4.637451, 4.650879, 4.665039, 4.678955, 4.692871, 4.706543, 5.33374, 5.347412, 5.361816, 5.375732, 5.38916, 5.40332, 5.417725, 5.430908, 5.445068, 5.459229, 5.4729, 5.486572, 5.500977, 5.514893, 5.52832, 5.779541, 5.793457, 5.807373, 5.821533, 5.835449, 5.848877, 5.863037, 5.876953, 5.890625, 5.904785, 5.918701]",6.0,"{'1': 80.92331643987784, '2': 72.38996913569338, '3': 26.366331741818897, '4': -61.01914962922335, '5': -54.578426047185566, '6': -32.223762575452625}","{'1': 0.27, '2': 0.3999999999999999, '3': 0.1499999999999999, '4': 0.20000000000000018, '5': 0.1900000000000004, '6': 0.1299999999999999}",2.19,5.91,"{'1': {'start': 2.19, 'end': 2.46}, '2': {'start': 2.58, 'end': 2.98}, '3': {'start': 3.8200000000000003, 'end': 3.97}, '4': {'start': 4.51, 'end': 4.71}, '5': {'start': 5.34, 'end': 5.53}, '6': {'start': 5.78, 'end': 5.91}}",Action
8,33,0x87,2,5.393311,Mismatch,Mismatch,ffuubllll,120,"{'1': 246.59987517738313, '2': 6.599875177383112}","[0.0, 0.0, 0.2, 0.79, 2.15, 4.14, 7.17, 11.1, 16.03, 20.95, 25.88, 30.79, 35.7, 40.61, 45.51, 50.41, 55.31, 60.2, 65.09, 68.74, 69.0, 69.0, 67.9, 65.46, 61.31, 56.33, 51.35, 46.37, 41.38, 36.4, 31.42, 26.44, 21.46, 16.48, 11.49, 6.51, 1.53, 356.55, 351.57, 346.58, 341.6, 336.61, 331.62, 326.63, 321.64, 316.65, 311.66, 306.67, 301.68, 296.69, 291.69, 286.7, 281.71, 276.72, 271.72, 266.73, 261.74, 256.75, 252.73, 250.25]","[2.231934, 2.246338, 2.263428, 2.27417, 2.287842, 2.302002, 2.31543, 2.330322, 2.343994, 2.357422, 2.371094, 2.385254, 2.399414, 2.413086, 2.427246, 2.441406, 2.454834, 2.469238, 2.483154, 2.496826, 3.137451, 3.151367, 3.165771, 3.179688, 3.193115, 3.207275, 3.221191, 3.234619, 3.249023, 3.263184, 3.2771, 3.290527, 3.304688, 3.318848, 3.33252, 3.346436, 3.360596, 3.374268, 3.388184, 3.402344, 3.415771, 3.430176, 3.444092, 3.458008, 3.471436, 3.48584, 3.499756, 3.513428, 3.527588, 3.541748, 3.554932, 3.569336, 3.583496, 3.597168, 3.61084, 3.625, 3.638916, 3.652588, 3.666748, 3.681152]",2.0,"{'1': 68.6984327084765, '2': 40.55165509580675}","{'1': 0.25, '2': 0.54}",2.25,3.68,"{'1': {'start': 2.25, 'end': 2.5}, '2': {'start': 3.14, 'end': 3.68}}",Action
8,34,0x87,2,2.339355,Mismatch,Mismatch,bbdddbrrr,120,"{'1': 51.1903238702573, '2': 171.19032387025732}",[],[],0.0,{},{},0.0,2.339355,{},Action
8,35,0x87,2,4.125977,Mismatch,Mismatch,bbddbblll,120,"{'1': 292.0774989103786, '2': 52.07749891037858}",[],[],0.0,{},{},0.0,4.125977,{},Action
8,36,0x87,2,4.308838,Mismatch,Mismatch,bddrddddd,60,"{'1': 110.418110027414, '2': 50.418110027414}","[0.0, 359.66, 358.33, 356.05, 351.08, 346.11, 341.14, 336.17, 331.2, 326.23, 321.26, 316.29, 311.32, 306.35, 301.38, 296.41, 291.44, 286.48, 281.51, 276.54, 271.56, 267.53, 264.87, 263.59]","[2.508545, 2.522461, 2.536377, 2.565186, 2.579102, 2.593506, 2.608154, 2.622559, 2.63623, 2.650635, 2.664795, 2.678711, 2.692383, 2.706787, 2.720703, 2.734131, 2.748535, 2.762695, 2.776123, 2.790527, 2.804443, 2.818359, 2.832031, 2.846436]",1.0,{'1': 95.8025606758017},{'1': 0.3299999999999996},2.51,2.84,"{'1': {'start': 2.5100000000000002, 'end': 2.84}}",Action
8,37,0x87,2,5.561768,Mismatch,Mismatch,ffffuulff,180,"{'1': 112.1103209577726, '2': 292.1103209577726}",[],[],0.0,{},{},0.0,5.561768,{},Action
8,38,0x87,2,5.964844,Mismatch,Mismatch,ddbbddddl,120,"{'1': 116.64804906440489, '2': 236.6480490644049}","[0.0, 0.57, 2.7, 5.87, 10.79, 15.7, 20.61, 25.51, 30.4, 35.27, 40.14, 45.01, 49.88, 54.75, 59.62, 64.49, 67.95]","[3.095703, 3.109619, 3.123779, 3.137695, 3.151123, 3.165039, 3.179443, 3.192627, 3.206787, 3.221191, 3.235107, 3.248535, 3.262939, 3.277588, 3.290527, 3.304443, 3.318359]",1.0,{'1': 65.87166283414774},{'1': 0.2200000000000002},3.09,3.31,"{'1': {'start': 3.09, 'end': 3.31}}",Action
8,39,0x87,2,7.803223,Mismatch,Mismatch,rrrrbbbdr,120,"{'1': 325.1474160676428, '2': 205.14741606764278}","[0.0, 359.3, 357.25, 353.17, 348.17, 343.17, 338.18, 333.18, 328.18, 323.18, 318.19, 313.21, 308.23, 303.25, 298.28, 293.3, 289.44, 287.65, 287.26, 286.67, 285.16, 282.9, 278.79, 273.8, 268.81, 263.81, 258.82, 253.83, 248.84, 243.84, 238.85, 233.86, 228.87, 223.89, 218.9, 217.22]","[5.046387, 5.060303, 5.074463, 5.088379, 5.101807, 5.116211, 5.130127, 5.143555, 5.157959, 5.171875, 5.185791, 5.199463, 5.213623, 5.227539, 5.241211, 5.255371, 5.269287, 5.282959, 6.091064, 6.10498, 6.119141, 6.133057, 6.146973, 6.163574, 6.175049, 6.188477, 6.201904, 6.216309, 6.230225, 6.243896, 6.258057, 6.272461, 6.287109, 6.299561, 6.313965, 6.327881]",2.0,"{'1': 72.35339806089557, '2': 69.09391103171713}","{'1': 0.25, '2': 0.2400000000000002}",5.04,6.32,"{'1': {'start': 5.04, 'end': 5.29}, '2': {'start': 6.08, 'end': 6.32}}",Action
8,40,0x87,2,6.328369,Mismatch,Mismatch,lllbbbubb,120,"{'1': 44.909780615892714, '2': 164.9097806158927}",[],[],0.0,{},{},0.0,6.328369,{},Action
8,41,0x87,2,8.475586,Mismatch,Mismatch,lllbbbluu,180,"{'1': 204.88606613223055, '2': 24.886066132230553}","[0.0, 0.0, 0.58, 1.63, 2.91, 4.79, 7.63, 10.65, 14.34, 19.27, 24.2, 29.12, 34.04, 38.96, 43.88, 48.79, 53.69, 56.82, 57.97, 58.15, 58.82, 60.93, 64.97, 69.69, 74.4, 79.1, 83.8, 88.49, 93.18, 97.87, 102.54, 107.2, 111.86, 116.52, 121.17, 125.81, 130.46, 135.1, 139.74, 144.38, 147.29, 147.91, 148.31, 149.63, 152.64, 156.4, 161.22, 166.02, 170.82, 175.61, 180.39, 185.17, 189.94, 194.71, 199.48, 203.15, 203.5, 203.5, 204.07, 205.51, 209.01, 213.73, 218.45, 223.16, 227.87, 232.57, 237.28, 241.97, 246.66, 251.35, 252.4, 254.46, 256.94, 259.54, 262.25, 264.99, 267.74, 270.48, 273.02, 274.59, 274.86, 274.86, 275.23, 276.53, 278.19, 280.31, 282.25, 284.19]","[2.567627, 2.581787, 2.596191, 2.610107, 2.623535, 2.637695, 2.6521, 2.665283, 2.679443, 2.693604, 2.707275, 2.720947, 2.735107, 2.749268, 2.762695, 2.776855, 2.791016, 2.804443, 3.699707, 3.713623, 3.727539, 3.741211, 3.755371, 3.769287, 3.782715, 3.797119, 3.811035, 3.824707, 3.839111, 3.852783, 3.866211, 3.880615, 3.894531, 3.908447, 3.922363, 3.936279, 3.950439, 3.963867, 3.978027, 3.992188, 4.005615, 4.632813, 4.646484, 4.661377, 4.674805, 4.688477, 4.702148, 4.716309, 4.730225, 4.743896, 4.758057, 4.772217, 4.785645, 4.799805, 4.813721, 4.827637, 5.412109, 5.426025, 5.440186, 5.454102, 5.468018, 5.481689, 5.49585, 5.509766, 5.523438, 5.537598, 5.551514, 5.564941, 5.579346, 6.192139, 6.205811, 6.221191, 6.234619, 6.247803, 6.261475, 6.275635, 6.289551, 6.303223, 6.318359, 6.331543, 7.960938, 7.974854, 7.988525, 8.002441, 8.016357, 8.030518, 8.044189, 8.058105]",5.0,"{'1': 56.827138173767736, '2': 89.32054479366207, '3': 8.941365678929117, '4': -43.16500537701964, '5': -23.149159406606444}","{'1': 0.2400000000000002, '2': 0.3099999999999996, '3': 0.20000000000000018, '4': 0.16000000000000014, '5': 0.15000000000000036}",2.57,6.33,"{'1': {'start': 2.57, 'end': 2.81}, '2': {'start': 3.7, 'end': 4.01}, '3': {'start': 4.63, 'end': 4.83}, '4': {'start': 5.42, 'end': 5.58}, '5': {'start': 6.18, 'end': 6.33}}",Action
8,42,0x87,2,6.146729,Mismatch,Mismatch,uuubbrrrf,0,"{'1': 65.34944784418846, '2': 65.34944784418846}","[0.0, 0.0, 0.0, 0.25, 0.5, 0.98, 1.69, 2.96, 4.34, 5.74, 7.27, 9.04, 11.08, 13.45, 15.91, 18.39, 20.89, 23.39, 25.89, 28.38, 30.77, 33.16, 33.9, 33.9, 33.9, 34.68, 35.76, 37.47, 39.86, 43.39, 47.33, 52.26, 57.19, 62.11, 67.03, 71.94, 76.86, 81.77, 86.69, 91.6, 96.51, 101.42, 106.33, 111.24, 113.8]","[2.494629, 2.508545, 2.522949, 2.536377, 2.550293, 2.564209, 2.578125, 2.592041, 2.605957, 2.619873, 2.633789, 2.647705, 2.661621, 2.675537, 2.689453, 2.703369, 2.717285, 2.731201, 2.759521, 2.773438, 2.788574, 2.802246, 4.976318, 4.990723, 5.004883, 5.018311, 5.032471, 5.046387, 5.059814, 5.074219, 5.088379, 5.101807, 5.115967, 5.129883, 5.143799, 5.157227, 5.171631, 5.185791, 5.199219, 5.213379, 5.227539, 5.241211, 5.255127, 5.269287, 5.283203]",2.0,"{'1': 32.8475523183436, '2': 79.3107732106927}","{'1': 0.27, '2': 0.29000000000000004}",2.54,5.28,"{'1': {'start': 2.54, 'end': 2.81}, '2': {'start': 4.99, 'end': 5.28}}",Action
8,43,0x87,2,4.156006,Mismatch,Mismatch,rbbbdddff,120,"{'1': 226.29585152890144, '2': 346.29585152890144}","[0.0, 0.26, 1.32, 4.34, 8.2, 13.12, 18.02, 22.91, 27.8, 32.67, 37.55, 42.42, 47.29, 52.16, 57.02, 61.89, 64.08, 66.26]","[2.818848, 2.833496, 2.847412, 2.861084, 2.875244, 2.88916, 2.902832, 2.917236, 2.931152, 2.944824, 2.958252, 2.972656, 2.986572, 3.000244, 3.014404, 3.028564, 3.041992, 3.056152]",1.0,{'1': 65.29242221378831},{'1': 0.23000000000000043},2.82,3.0500000000000003,"{'1': {'start': 2.82, 'end': 3.0500000000000003}}",Action
8,44,0x87,2,3.695801,Mismatch,Mismatch,uuuuubbul,60,"{'1': 295.1931645100793, '2': 235.19316451007936}","[0.0, 0.0, 1.12, 2.93, 5.82, 10.8, 15.79, 20.76, 25.74, 30.71, 35.67, 40.63, 45.57, 50.52, 55.46, 60.4, 65.34, 70.29, 75.23]","[2.275146, 2.289307, 2.302979, 2.317139, 2.331299, 2.345703, 2.359619, 2.372803, 2.386475, 2.400146, 2.414551, 2.428223, 2.441895, 2.456055, 2.470215, 2.483643, 2.497803, 2.511963, 2.525635]",1.0,{'1': 73.19394821533062},{'1': 0.23999999999999977},2.28,2.52,"{'1': {'start': 2.2800000000000002, 'end': 2.52}}",Action
8,45,0x87,2,4.105469,Mismatch,Mismatch,uuuuubbul,0,"{'1': 223.99012792039952, '2': 223.99012792039952}",[],[],0.0,{},{},0.0,4.105469,{},Action
8,46,0x87,2,6.480957,Mismatch,Mismatch,llbbbrruu,0,"{'1': 312.87503941977366, '2': 312.87503941977366}",[],[],0.0,{},{},0.0,6.480957,{},Action
8,47,0x87,2,3.555908,Mismatch,Mismatch,lllbbbubb,180,"{'1': 49.8443240651041, '2': 229.8443240651041}",[],[],0.0,{},{},0.0,3.555908,{},Action
8,48,0x87,2,4.936279,Mismatch,Mismatch,rbbbbbbub,0,"{'1': 210.27064945180683, '2': 210.27064945180683}","[0.0, 359.7, 358.38, 355.51, 350.85, 345.85, 340.85, 335.85, 330.85, 325.85, 320.85, 315.85, 310.85, 305.85, 300.85, 295.85, 290.85, 285.85, 280.85, 275.85, 270.85, 265.85, 260.85, 255.85, 250.85, 245.85, 240.85, 235.85, 230.85, 225.85, 220.85, 215.85, 210.85, 205.85, 200.85, 195.85, 190.85, 185.85, 180.85, 175.86, 170.86, 165.86, 160.86, 155.86, 150.86, 148.47, 148.47, 148.93, 149.79, 151.53, 153.42, 155.31, 157.2, 159.1, 160.63, 161.22, 164.08, 169.0, 173.89, 178.78, 183.65, 188.51, 193.37, 198.19, 202.98]","[2.401855, 2.415771, 2.429443, 2.443359, 2.45752, 2.470703, 2.484863, 2.499023, 2.512451, 2.526611, 2.540771, 2.554688, 2.568115, 2.582764, 2.59668, 2.609863, 2.624023, 2.638672, 2.651855, 2.666016, 2.679932, 2.694092, 2.70752, 2.72168, 2.735596, 2.749268, 2.763672, 2.777588, 2.793945, 2.805176, 2.818848, 2.832275, 2.84668, 2.86084, 2.874756, 2.888672, 2.902588, 2.916992, 2.930176, 2.944336, 2.95874, 2.972168, 2.986328, 3.000488, 3.01416, 3.570801, 3.585205, 3.599365, 3.613525, 3.626953, 3.640869, 3.654785, 3.668457, 3.682617, 3.696777, 4.21167, 4.226074, 4.240234, 4.253906, 4.267578, 4.281738, 4.295654, 4.309326, 4.323486, 4.337402]",2.0,"{'1': 150.83492531092753, '2': -1.6387993081506522}","{'1': 0.6200000000000001, '2': 0.1299999999999999}",2.4,4.33,"{'1': {'start': 2.4, 'end': 3.02}, '2': {'start': 4.2, 'end': 4.33}}",Action
8,49,0x87,2,3.528809,Mismatch,Mismatch,ddbbddddl,180,"{'1': 226.14754278696023, '2': 46.14754278696023}",[],[],0.0,{},{},0.0,3.528809,{},Action
9,0,0x87,1,1.964111,Match,Match,ffuubrrrr,60,"{'1': 195.70386133680432, '2': 255.70386133680432}",[],[],0.0,{},{},0.0,1.964111,{},Action
9,1,0x87,1,2.231689,Match,Match,uuuubbbur,0,"{'1': 312.7701316383542, '2': 312.7701316383542}",[],[],0.0,{},{},0.0,2.231689,{},Action
9,2,0x87,1,2.16333,Match,Match,lllllbbul,60,"{'1': 29.341280998280244, '2': 329.34128099828024}","[0.0, 0.0, 1.96, 6.96, 11.96, 16.96, 21.96, 26.96, 31.96, 36.95, 41.94, 46.93, 51.91, 56.89, 61.87, 66.85, 71.83, 76.8, 81.78, 86.76]","[1.268799, 1.282471, 1.296387, 1.310547, 1.324463, 1.338379, 1.352295, 1.366211, 1.380127, 1.394043, 1.407959, 1.421875, 1.449951, 1.464111, 1.479004, 1.49292, 1.507568, 1.521484, 1.5354, 1.549072]",1.0,{'1': 83.45554125219425},{'1': 0.27},1.27,1.54,"{'1': {'start': 1.27, 'end': 1.54}}",Action
9,3,0x87,1,2.187744,Match,Match,ffuubrrrr,0,"{'1': 330.69031886933465, '2': 330.69031886933465}",[],[],0.0,{},{},0.0,2.187744,{},Action
9,4,0x87,1,5.291992,Match,Match,ffuubrrrr,60,"{'1': 214.93411190802072, '2': 154.93411190802072}","[0.0, 0.36, 5.34, 10.3, 15.26, 20.18, 25.11, 30.03, 34.96, 39.88, 44.8, 49.72, 49.72, 50.16, 52.77, 57.75, 62.73, 67.69, 72.66, 77.61, 82.56, 87.51, 92.45]","[2.96582, 2.980469, 2.994385, 3.008057, 3.021484, 3.0354, 3.049561, 3.063232, 3.077393, 3.091553, 3.10498, 3.118896, 3.703857, 3.718262, 3.732422, 3.74585, 3.76001, 3.773682, 3.787354, 3.801514, 3.81543, 3.829346, 3.843018]",2.0,"{'1': 49.61727626459143, '2': 41.639528964306606}","{'1': 0.1499999999999999, '2': 0.13999999999999968}",2.97,3.84,"{'1': {'start': 2.97, 'end': 3.12}, '2': {'start': 3.7, 'end': 3.84}}",Action
9,5,0x87,1,5.181396,Match,Match,lllbbbluu,60,"{'1': 239.73272467503972, '2': 179.73272467503972}","[0.0, 0.0, 0.93, 3.34, 8.33, 13.32, 18.3, 23.27, 28.22, 33.18, 38.12, 43.06, 48.0, 52.94, 55.25, 57.57, 58.61, 59.66, 62.66, 67.43, 72.4, 77.37, 82.34, 87.31, 92.28]","[2.01709, 2.031006, 2.044922, 2.058838, 2.072754, 2.08667, 2.10083, 2.114502, 2.128418, 2.142334, 2.156494, 2.170166, 2.184082, 2.198242, 2.211914, 3.789551, 3.802979, 3.817383, 3.831299, 3.844727, 3.859131, 3.873047, 3.886963, 3.900391, 3.914551]",2.0,"{'1': 55.26189089758924, '2': 33.12669568255587}","{'1': 0.20000000000000018, '2': 0.1299999999999999}",2.02,3.91,"{'1': {'start': 2.02, 'end': 2.22}, '2': {'start': 3.7800000000000002, 'end': 3.91}}",Action
9,6,0x87,1,2.564697,Match,Match,uubbbrrrb,60,"{'1': 244.97895433135304, '2': 304.97895433135307}","[0.0, 0.0, 0.0, 359.0, 356.78, 352.72, 347.84, 342.9, 337.97, 333.04, 328.1, 323.17, 318.24, 313.3, 308.37, 303.44, 298.5, 293.57, 289.42, 287.27, 287.27]","[1.628662, 1.642578, 1.65625, 1.670166, 1.684326, 1.698242, 1.711914, 1.726074, 1.73999, 1.753662, 1.767822, 1.781738, 1.79541, 1.80957, 1.823486, 1.837158, 1.851318, 1.865234, 1.87915, 1.893066, 1.906982]",1.0,{'1': 72.73000000000002},{'1': 0.26},1.64,1.9,"{'1': {'start': 1.6400000000000001, 'end': 1.9000000000000001}}",Action
9,7,0x87,1,4.196045,Match,Match,ffuulllbb,120,"{'1': 52.410378767534695, '2': 172.4103787675347}","[0.0, 0.0, 359.22, 357.75, 355.67, 352.98, 348.9, 344.58, 339.6, 334.61, 329.63, 324.65, 319.66, 314.68, 309.7, 304.71, 299.73, 294.75, 289.77, 284.78, 279.8, 274.81, 270.7, 268.09, 266.0, 264.71, 264.09]","[2.10376, 2.132324, 2.14624, 2.161377, 2.175537, 2.189697, 2.203369, 2.217529, 2.231445, 2.245117, 2.259521, 2.273438, 2.287109, 2.301514, 2.31543, 2.329346, 2.343018, 2.357178, 2.371338, 2.384766, 2.39917, 2.413086, 2.426758, 2.441162, 2.455078, 2.468506, 2.48291]",1.0,{'1': 95.78474312690922},{'1': 0.3599999999999999},2.12,2.48,"{'1': {'start': 2.12, 'end': 2.48}}",Action
9,8,0x87,1,4.444336,Match,Match,bddrbbbbb,60,"{'1': 335.1505592833017, '2': 35.15055928330166}","[0.0, 359.68, 358.93, 356.86, 351.87, 346.88, 341.9, 336.92, 331.94, 326.96, 321.98, 317.01, 312.03, 308.0, 305.83, 304.48]","[1.906982, 1.920898, 1.934814, 1.94873, 1.962891, 1.976318, 1.990479, 2.004395, 2.018311, 2.032227, 2.046143, 2.060303, 2.073975, 2.087891, 2.102051, 2.115723]",1.0,{'1': 54.88550054254305},{'1': 0.19999999999999973},1.91,2.11,"{'1': {'start': 1.9100000000000001, 'end': 2.11}}",Action
9,9,0x87,1,2.133057,Match,Match,ffuubllll,0,"{'1': 32.44403157116473, '2': 32.44403157116473}",[],[],0.0,{},{},0.0,2.133057,{},Action
9,10,0x87,1,2.900391,Match,Match,lllbbbubb,120,"{'1': 290.95635263390704, '2': 50.95635263390707}",[],[],0.0,{},{},0.0,2.900391,{},Action
9,11,0x87,1,4.501221,Match,Match,uubbbbruu,180,"{'1': 153.15034768376478, '2': 333.1503476837648}","[0.0, 0.0, 359.53, 359.13, 358.37, 357.03, 355.53, 353.9, 352.28, 350.65, 349.04, 347.42, 345.8, 344.19, 342.58, 340.97, 339.35, 337.75, 336.13, 334.52, 332.91, 331.43, 330.08, 328.77, 327.47, 326.17, 324.87, 323.56, 322.26, 320.95, 319.65, 318.35, 317.05, 315.75, 314.44, 313.14, 311.83, 310.53, 309.22, 307.9, 306.51, 305.05, 303.43, 301.68, 299.87, 297.97, 296.07, 294.16, 292.22, 290.22, 288.14, 285.97, 283.75, 281.51, 279.16, 276.75, 274.32, 271.9, 269.47, 267.04, 264.61, 262.18, 259.75, 257.31, 254.88, 252.44, 250.02, 247.59, 245.16, 242.74, 240.32, 237.88, 235.46, 233.02, 230.6, 228.17, 225.74, 223.31, 220.88, 218.46, 216.03, 213.84, 212.09, 210.34, 209.16, 208.51, 208.19]","[2.158203, 2.172363, 2.186035, 2.199951, 2.214111, 2.227783, 2.241699, 2.255859, 2.269531, 2.283691, 2.297607, 2.311523, 2.325195, 2.339111, 2.353271, 2.366943, 2.381104, 2.39502, 2.408936, 2.422607, 2.436768, 2.453857, 2.4646, 2.478516, 2.492432, 2.506348, 2.520264, 2.53418, 2.548096, 2.562012, 2.575928, 2.589844, 2.60376, 2.617676, 2.631592, 2.645508, 2.674072, 2.688477, 2.702881, 2.717529, 2.731689, 2.74585, 2.759277, 2.773682, 2.787598, 2.80127, 2.815674, 2.82959, 2.843506, 2.857422, 2.871582, 2.885498, 2.898926, 2.91333, 2.927246, 2.941162, 2.955322, 2.969238, 2.983154, 2.996826, 3.010986, 3.024902, 3.038574, 3.052979, 3.06665, 3.080322, 3.094727, 3.108643, 3.122314, 3.136475, 3.150635, 3.164551, 3.177979, 3.192383, 3.206299, 3.219971, 3.234375, 3.248291, 3.261719, 3.276123, 3.290039, 3.303955, 3.317383, 3.331787, 3.345703, 3.359375, 3.373535]",1.0,{'1': 151.5041242937853},{'1': 1.1999999999999997},2.16,3.36,"{'1': {'start': 2.16, 'end': 3.36}}",Action
9,12,0x87,1,3.568359,Match,Match,llbbbbbru,60,"{'1': 195.74437998246947, '2': 255.74437998246947}","[0.0, 0.0, 359.79, 359.15, 357.49, 354.88, 350.68, 345.68, 340.69, 335.69, 330.7, 325.7, 320.7, 315.71, 310.71, 305.72, 300.72, 297.92, 297.32, 298.37, 303.34, 308.26, 313.18, 318.05, 322.93, 327.8]","[1.935791, 1.949707, 1.963623, 1.977783, 1.991455, 2.005371, 2.019287, 2.033203, 2.047119, 2.061035, 2.074951, 2.088867, 2.103027, 2.116699, 2.130615, 2.144531, 2.158691, 2.172607, 2.760742, 2.775146, 2.789307, 2.802734, 2.817139, 2.830811, 2.844971, 2.858398]",2.0,"{'1': 62.083120616760816, '2': -27.42306974167797}","{'1': 0.2300000000000002, '2': 0.10000000000000009}",1.95,2.85,"{'1': {'start': 1.95, 'end': 2.18}, '2': {'start': 2.75, 'end': 2.85}}",Action
9,13,0x87,1,2.385254,Match,Match,ffuubllll,0,"{'1': 241.0541589520444, '2': 241.0541589520444}",[],[],0.0,{},{},0.0,2.385254,{},Action
9,14,0x87,1,3.683838,Match,Match,bbbdddrrb,60,"{'1': 107.48231495232719, '2': 47.48231495232719}","[0.0, 1.22, 6.16, 11.08, 16.0, 20.91, 25.82, 30.74, 35.65, 40.56, 45.47, 50.38, 55.3, 60.2, 65.11, 70.01, 74.91, 79.81, 81.68, 83.54]","[2.500488, 2.514648, 2.528809, 2.54248, 2.556152, 2.570313, 2.58374, 2.598145, 2.612305, 2.625732, 2.639893, 2.653809, 2.667725, 2.681396, 2.695801, 2.709717, 2.723145, 2.737305, 2.751221, 2.764893]",1.0,{'1': 82.87433440608548},{'1': 0.27},2.49,2.76,"{'1': {'start': 2.49, 'end': 2.7600000000000002}}",Action
9,15,0x87,1,3.383057,Match,Match,bbdddbrrr,120,"{'1': 249.4264059133822, '2': 129.4264059133822}","[0.0, 1.25, 2.49, 7.46, 12.4, 17.35, 22.29, 27.23, 32.17, 37.11, 42.04, 46.98, 51.91, 56.84, 61.76, 66.69, 71.62, 76.55, 81.48, 86.41, 91.33, 96.26, 101.19, 106.11, 111.04, 115.97]","[1.655273, 1.669678, 1.683838, 1.69751, 1.711182, 1.725342, 1.739258, 1.75293, 1.767334, 1.78125, 1.794678, 1.809082, 1.822754, 1.836914, 1.850342, 1.864746, 1.878662, 1.892334, 1.906738, 1.92041, 1.934082, 1.948486, 1.962402, 1.979004, 1.989746, 2.003418]",1.0,{'1': 114.73750000000003},{'1': 0.3599999999999999},1.64,2.0,"{'1': {'start': 1.6400000000000001, 'end': 2.0}}",Action
9,16,0x87,1,2.052002,Match,Match,uuuuubbul,0,"{'1': 22.79566675332338, '2': 22.79566675332338}",[],[],0.0,{},{},0.0,2.052002,{},Action
9,17,0x87,1,5.461914,Match,Match,rbbbbbbub,180,"{'1': 119.38859950122885, '2': 299.38859950122884}","[0.0, 0.0, 358.68, 355.75, 350.75, 345.75, 340.75, 335.75, 330.76, 325.76, 320.76, 315.76, 310.77, 305.77, 300.77, 295.77, 290.77, 285.78, 280.78, 275.78, 270.78, 265.79, 260.79, 255.79, 250.79, 245.8, 240.8, 235.8, 230.8, 225.81, 220.81, 215.81, 210.81, 205.82, 200.82, 195.82, 190.82, 185.83, 180.83, 175.83, 170.84, 165.84, 163.49, 163.25, 164.41, 167.46, 170.93, 174.49, 178.12, 181.74, 185.36, 187.77]","[2.798828, 2.812744, 2.82666, 2.855469, 2.869385, 2.884033, 2.897949, 2.912598, 2.926514, 2.940674, 2.954346, 2.968506, 2.982666, 2.996338, 3.010986, 3.024658, 3.03833, 3.052734, 3.066406, 3.080566, 3.093994, 3.108398, 3.122314, 3.135986, 3.150391, 3.164063, 3.177734, 3.192139, 3.206055, 3.219727, 3.233643, 3.247314, 3.261475, 3.274902, 3.289307, 3.303223, 3.31665, 3.331055, 3.344727, 3.358398, 3.372803, 3.386719, 3.400879, 3.98584, 4.000244, 4.013428, 4.027588, 4.041504, 4.055176, 4.06958, 4.08374, 4.098145]",2.0,"{'1': 163.63587923728818, '2': 14.91038808104193}","{'1': 0.5999999999999996, '2': 0.0900000000000003}",2.8000000000000003,4.0600000000000005,"{'1': {'start': 2.8000000000000003, 'end': 3.4}, '2': {'start': 3.97, 'end': 4.0600000000000005}}",Action
9,18,0x87,1,6.005615,Match,Match,ffuubrrrr,180,"{'1': 246.0631387963874, '2': 66.06313879638742}","[0.0, 0.0, 359.65, 358.91, 357.34, 355.1, 352.07, 347.12, 342.18, 337.24, 332.31, 327.37, 322.44, 317.5, 312.57, 307.63, 302.7, 297.76, 292.82, 287.89, 282.95, 278.02, 273.08, 268.15, 263.21, 258.28, 253.34, 248.4, 243.47, 238.53, 234.33, 230.25, 226.21, 222.17, 218.12, 214.16, 210.84, 209.39]","[4.250977, 4.264893, 4.27832, 4.29248, 4.306396, 4.320068, 4.334229, 4.348633, 4.361816, 4.376221, 4.389893, 4.40332, 4.417969, 4.431885, 4.445801, 4.459229, 4.473389, 4.487549, 4.500977, 4.515381, 4.529297, 4.542969, 4.557129, 4.571289, 4.585205, 4.598633, 4.612793, 4.626709, 4.640381, 4.654785, 4.668701, 4.682129, 4.696533, 4.710205, 4.724121, 4.737793, 4.752197, 4.766113]",1.0,{'1': 149.97304613394655},{'1': 0.5},4.26,4.76,"{'1': {'start': 4.26, 'end': 4.76}}",Action
9,19,0x87,1,2.81543,Match,Match,lllbbbluu,180,"{'1': 321.44355220255096, '2': 141.44355220255096}","[0.0, 358.7, 354.13, 349.15, 344.18, 339.21, 334.25, 329.28, 324.32, 319.36, 314.39, 309.43, 304.47, 299.5, 294.53, 289.56, 284.59, 279.61, 274.63, 269.65, 264.67, 259.69, 254.71, 249.73, 244.75, 239.77, 234.79, 229.81, 224.83, 219.86, 214.88, 209.9, 204.92, 199.94, 194.96, 189.98, 185.0, 180.89, 177.48, 174.78, 172.67, 171.41]","[1.377686, 1.391602, 1.406494, 1.420898, 1.435059, 1.44873, 1.463135, 1.477051, 1.490723, 1.505371, 1.519287, 1.533203, 1.546875, 1.561035, 1.574951, 1.588623, 1.603027, 1.616943, 1.630615, 1.64502, 1.658936, 1.672852, 1.686523, 1.700684, 1.7146, 1.728271, 1.744141, 1.756592, 1.77002, 1.784668, 1.79834, 1.812256, 1.825928, 1.840088, 1.854248, 1.86792, 1.88208, 1.895996, 1.909424, 1.923828, 1.937744, 1.951416]",1.0,{'1': 171.54049736688123},{'1': 0.5799999999999998},1.37,1.95,"{'1': {'start': 1.37, 'end': 1.95}}",Action
9,20,0x87,1,2.873779,Match,Match,lbbddllll,60,"{'1': 290.0181337619581, '2': 350.0181337619581}","[0.0, 0.0, 359.69, 358.95, 357.57, 355.23, 351.87, 347.77, 343.08, 338.3, 333.54, 328.77, 324.0, 319.24, 314.46, 309.7, 305.0, 300.99, 298.92, 297.66]","[1.743408, 1.757324, 1.77124, 1.785156, 1.799072, 1.813232, 1.826904, 1.84082, 1.854736, 1.868652, 1.882568, 1.896484, 1.9104, 1.924316, 1.938232, 1.952148, 1.966064, 1.981934, 1.994141, 2.008057]",1.0,{'1': 61.550881000287426},{'1': 0.24},1.76,2.0,"{'1': {'start': 1.76, 'end': 2.0}}",Action
9,21,0x87,1,2.510742,Match,Match,bdddbllll,60,"{'1': 110.46167343626001, '2': 50.461673436260014}","[0.0, 0.0, 0.68, 5.68, 10.68, 15.67, 20.65, 25.63, 30.61, 35.58, 40.55, 45.52, 50.48, 55.44, 60.4, 65.36]","[1.450684, 1.465332, 1.479248, 1.49292, 1.507568, 1.52124, 1.5354, 1.549072, 1.562988, 1.577393, 1.59082, 1.60498, 1.619141, 1.634277, 1.646973, 1.6604]",1.0,{'1': 65.21223802785434},{'1': 0.20000000000000018},1.46,1.66,"{'1': {'start': 1.46, 'end': 1.6600000000000001}}",Action
9,22,0x87,1,3.638184,Match,Match,lbbddllll,120,"{'1': 313.4383765630722, '2': 193.43837656307218}","[0.0, 0.25, 1.27, 4.7, 9.65, 14.6, 19.55, 24.5, 29.45, 34.4, 39.36, 44.31, 49.29, 54.27, 59.25, 64.24, 69.22, 74.21, 79.2, 84.18, 89.17, 94.16, 99.15, 104.15, 109.14, 114.14, 119.14, 124.14]","[2.422852, 2.436768, 2.450684, 2.4646, 2.478516, 2.492432, 2.506348, 2.520264, 2.53418, 2.548096, 2.562012, 2.575928, 2.589844, 2.60376, 2.617676, 2.631592, 2.645508, 2.659424, 2.67334, 2.687256, 2.701172, 2.715088, 2.729004, 2.743164, 2.756836, 2.770752, 2.784912, 2.798584]",1.0,{'1': 121.00073727325928},{'1': 0.3700000000000001},2.42,2.79,"{'1': {'start': 2.42, 'end': 2.79}}",Action
9,23,0x87,1,5.003662,Match,Match,dbbbblllu,180,"{'1': 120.4475482455058, '2': 300.4475482455058}","[0.0, 1.89, 6.89, 11.89, 16.89, 21.87, 26.84, 31.8, 36.76, 41.71, 46.66, 51.62, 56.57, 61.53, 66.48, 71.43, 76.38, 81.33, 86.27, 91.21, 96.15, 101.08, 106.01, 110.95, 115.88, 120.81, 125.74, 130.67, 135.6, 140.53, 145.46, 150.39, 155.32, 160.25, 165.18, 168.03, 168.58, 173.52, 178.41, 183.3, 188.18, 193.06, 197.93, 202.81, 207.68]","[2.023438, 2.037598, 2.051514, 2.065186, 2.079346, 2.092773, 2.107178, 2.121094, 2.134521, 2.148926, 2.162842, 2.176758, 2.190186, 2.20459, 2.218506, 2.232422, 2.246338, 2.260498, 2.27417, 2.290283, 2.302246, 2.315674, 2.32959, 2.34375, 2.357666, 2.371338, 2.385742, 2.399658, 2.413086, 2.42749, 2.441406, 2.454834, 2.469238, 2.483154, 2.49707, 2.998535, 3.012451, 3.026611, 3.040527, 3.053955, 3.068115, 3.082031, 3.095947, 3.109619, 3.123779]",2.0,"{'1': 165.19665220902755, '2': -14.361794180276462}","{'1': 0.48999999999999977, '2': 0.1299999999999999}",2.01,3.12,"{'1': {'start': 2.0100000000000002, 'end': 2.5}, '2': {'start': 2.99, 'end': 3.12}}",Action
9,24,0x87,1,6.746582,Match,Match,ffuubllll,120,"{'1': 53.69971929843738, '2': 293.69971929843734}","[0.0, 0.0, 359.43, 358.69, 357.95, 357.2, 356.45, 355.7, 354.95, 354.32, 353.98, 353.74, 353.74, 353.52, 353.52, 353.28, 352.88, 352.22, 350.9, 348.68, 346.04, 342.14, 338.16, 334.14, 330.01, 325.01, 320.01, 315.01, 310.01, 305.02, 300.02, 295.02, 290.02, 285.02, 281.06, 279.39, 279.14, 278.7, 275.44, 272.18, 267.19, 262.19, 257.19, 252.19, 247.19, 242.19, 237.19, 232.19, 227.2, 222.2, 217.2, 212.2, 207.2, 202.21, 197.22, 192.24, 187.34, 185.0, 184.22, 183.45, 183.07, 182.77, 182.49, 182.22, 182.04, 182.04, 182.04, 181.62, 180.81, 179.14, 176.82, 173.08, 168.92, 164.74, 160.54, 156.35, 152.17, 148.6, 146.1, 144.15, 142.97, 142.65]","[2.289307, 2.303467, 2.317627, 2.331055, 2.345215, 2.359131, 2.372803, 2.387207, 2.401123, 2.414795, 2.428467, 2.442627, 2.456787, 2.470215, 3.125488, 3.139404, 3.153076, 3.167236, 3.180908, 3.194824, 3.208252, 3.222412, 3.236816, 3.250244, 3.264404, 3.27832, 3.291748, 3.306152, 3.320068, 3.333496, 3.347656, 3.361816, 3.375732, 3.38916, 3.40332, 3.417725, 4.225342, 4.239502, 4.25293, 4.267334, 4.28125, 4.294922, 4.308838, 4.322754, 4.336914, 4.353271, 4.364502, 4.378174, 4.391602, 4.40625, 4.420166, 4.433838, 4.447998, 4.461914, 4.47583, 4.489746, 4.503662, 4.517822, 4.531494, 4.545654, 4.55957, 4.573242, 4.588135, 4.601563, 4.615234, 5.534424, 5.548828, 5.562744, 5.576904, 5.590332, 5.604492, 5.618652, 5.63208, 5.64624, 5.6604, 5.673828, 5.688232, 5.701904, 5.71582, 5.729492, 5.743652, 5.757813]",3.0,"{'1': 74.05288876811409, '2': 96.08108897267728, '3': -36.351919346511664}","{'1': 0.29000000000000004, '2': 0.34000000000000075, '3': 0.16999999999999993}",3.13,5.75,"{'1': {'start': 3.13, 'end': 3.42}, '2': {'start': 4.22, 'end': 4.5600000000000005}, '3': {'start': 5.58, 'end': 5.75}}",Action
9,25,0x87,1,5.056641,Mismatch,Mismatch,ffuubllll,120,"{'1': 68.71080515486847, '2': 308.71080515486847}",[],[],0.0,{},{},0.0,5.056641,{},Action
9,26,0x87,1,3.276123,Mismatch,Mismatch,bdddllbbb,60,"{'1': 317.4266219482024, '2': 257.4266219482024}",[],[],0.0,{},{},0.0,3.276123,{},Action
9,27,0x87,1,2.618652,Mismatch,Mismatch,rbbbbbbub,180,"{'1': 287.98179334569033, '2': 107.9817933456903}",[],[],0.0,{},{},0.0,2.618652,{},Action
9,28,0x87,1,3.791992,Mismatch,Mismatch,bdddbllll,120,"{'1': 150.3862870150383, '2': 270.3862870150383}","[0.0, 0.23, 1.25, 3.65, 8.65, 13.65, 18.65, 23.64, 28.62, 33.6, 38.58, 43.54, 48.51, 53.47]","[1.741211, 1.755127, 1.769043, 1.782715, 1.796875, 1.810791, 1.824707, 1.838623, 1.852539, 1.866455, 1.880371, 1.894287, 1.908203, 1.922119]",1.0,{'1': 52.714736993388904},{'1': 0.17999999999999994},1.74,1.92,"{'1': {'start': 1.74, 'end': 1.92}}",Action
9,29,0x87,1,7.456055,Match,Mismatch,dbbbblllu,180,"{'1': 120.42882292561097, '2': 300.428822925611}","[0.0, 359.82, 359.09, 358.17, 357.03, 355.73, 354.16, 352.33, 350.21, 347.96, 345.48, 342.89, 340.24, 337.58, 334.91, 332.25, 329.59, 327.8, 326.76, 326.76, 326.29, 325.83, 324.53, 322.79, 320.38, 316.42, 312.06, 307.06, 302.06, 297.06, 292.07, 287.07, 282.07, 277.08, 272.09, 267.11, 262.12, 257.13, 252.15, 247.16, 242.17, 237.19, 232.2, 227.21, 222.23, 217.24, 212.26, 207.27, 202.28, 197.3, 192.31, 187.33, 182.34, 177.35, 172.37, 167.38, 162.39, 157.41, 152.42, 147.44, 142.45, 137.46, 132.48, 127.49, 122.51, 117.52, 112.53, 107.53, 102.53, 98.62]","[3.973877, 3.987793, 4.001953, 4.015869, 4.029541, 4.043701, 4.057373, 4.071045, 4.085449, 4.099365, 4.113037, 4.127197, 4.141113, 4.155029, 4.168457, 4.182617, 4.197021, 4.210693, 5.478271, 5.492432, 5.506592, 5.520264, 5.53418, 5.547852, 5.562012, 5.575928, 5.589355, 5.60376, 5.617676, 5.631104, 5.645752, 5.659424, 5.673096, 5.687256, 5.701172, 5.715088, 5.72876, 5.742676, 5.758301, 5.770508, 5.784912, 5.798584, 5.812256, 5.826904, 5.840576, 5.854492, 5.86792, 5.882324, 5.89624, 5.909912, 5.924072, 5.937988, 5.95166, 5.966064, 5.979736, 5.993408, 6.007813, 6.021729, 6.035645, 6.049072, 6.063232, 6.077393, 6.09082, 6.105225, 6.118896, 6.132568, 6.146973, 6.160889, 6.174805, 6.188477]",2.0,"{'1': 32.03006982692777, '2': 67.80430295494448}","{'1': 0.22999999999999998, '2': 0.6999999999999993}",3.98,6.18,"{'1': {'start': 3.98, 'end': 4.21}, '2': {'start': 5.48, 'end': 6.18}}",Action
9,30,0x87,1,6.907715,Mismatch,Mismatch,ffffuulff,120,"{'1': 123.54031246384658, '2': 243.5403124638466}","[0.0, 3.01, 8.0, 12.99, 17.96, 22.94, 27.91, 32.88, 37.85, 42.82, 47.78, 52.74, 57.7, 62.65, 67.59, 72.54, 77.48, 82.42, 87.36, 92.31, 97.25, 102.19, 107.14, 112.05, 114.41]","[3.968994, 3.982666, 3.99707, 4.010742, 4.024902, 4.03833, 4.05249, 4.066406, 4.079834, 4.094238, 4.108154, 4.121826, 4.135986, 4.149902, 4.16333, 4.177734, 4.191895, 4.205566, 4.219238, 4.233398, 4.247559, 4.260986, 4.275391, 4.289063, 4.302734]",1.0,{'1': 113.93803452563819},{'1': 0.33999999999999986},3.96,4.3,"{'1': {'start': 3.96, 'end': 4.3}}",Action
9,31,0x87,1,3.512451,Mismatch,Mismatch,lllbbbluu,60,"{'1': 46.12999662160868, '2': 106.12999662160868}","[0.0, 0.0, 1.19, 4.01, 9.01, 14.01, 19.01, 24.0, 29.0, 33.99, 38.98]","[2.342529, 2.356934, 2.370605, 2.385254, 2.398682, 2.412354, 2.426514, 2.44043, 2.454102, 2.468506, 2.482666]",1.0,{'1': 38.040498587570596},{'1': 0.14000000000000012},2.34,2.48,"{'1': {'start': 2.34, 'end': 2.48}}",Action
9,32,0x87,1,2.938965,Mismatch,Mismatch,uuuubbbur,180,"{'1': 250.95775288655915, '2': 70.95775288655913}",[],[],0.0,{},{},0.0,2.938965,{},Action
9,33,0x87,1,4.639404,Mismatch,Mismatch,lllbbbubb,60,"{'1': 251.94154247038333, '2': 311.9415424703833}",[],[],0.0,{},{},0.0,4.639404,{},Action
9,34,0x87,1,3.194092,Mismatch,Mismatch,bbbdddrrb,180,"{'1': 324.9394843715521, '2': 144.9394843715521}",[],[],0.0,{},{},0.0,3.194092,{},Action
9,35,0x87,1,2.337402,Mismatch,Mismatch,uubbbrrrb,180,"{'1': 133.55372738747295, '2': 313.5537273874729}",[],[],0.0,{},{},0.0,2.337402,{},Action
9,36,0x87,1,3.066895,Mismatch,Mismatch,rrrbbbddb,180,"{'1': 319.0383982967115, '2': 139.03839829671148}",[],[],0.0,{},{},0.0,3.066895,{},Action
9,37,0x87,1,5.01709,Mismatch,Mismatch,rbbbbbldd,60,"{'1': 301.1114318946326, '2': 241.11143189463255}","[0.0, 0.0, 359.64, 358.29, 355.88, 352.56, 348.2, 343.2, 338.21, 333.21, 328.21, 323.22, 318.22, 313.23, 308.23, 303.23, 298.24, 293.24, 288.24, 283.25, 278.25, 273.25, 269.76, 267.34, 265.3, 263.59, 262.34]","[3.763428, 3.7771, 3.79126, 3.80542, 3.818848, 3.833008, 3.846924, 3.860596, 3.874756, 3.888672, 3.902588, 3.916016, 3.93042, 3.94458, 3.958008, 3.972412, 3.986328, 3.999756, 4.01416, 4.028076, 4.043213, 4.055908, 4.06958, 4.08374, 4.097168, 4.111328, 4.125488]",1.0,{'1': 97.17553672316387},{'1': 0.3500000000000001},3.77,4.12,"{'1': {'start': 3.77, 'end': 4.12}}",Action
9,38,0x87,1,3.360596,Mismatch,Mismatch,ffuubrrrr,120,"{'1': 71.06412712366583, '2': 311.0641271236658}","[0.0, 0.28, 3.09, 8.07, 13.05, 18.03, 23.01, 28.0, 32.98, 37.96, 42.94, 47.93, 52.92, 57.9, 62.89, 67.87, 72.86, 77.85, 82.83, 87.82, 92.81, 97.8, 102.79, 107.78, 112.78, 117.78, 120.21, 122.64]","[1.57666, 1.591309, 1.605225, 1.619141, 1.632813, 1.646973, 1.661133, 1.674561, 1.689209, 1.702881, 1.716553, 1.730957, 1.746338, 1.758789, 1.772461, 1.786621, 1.800537, 1.814209, 1.828369, 1.842529, 1.855957, 1.870361, 1.884277, 1.897705, 1.912109, 1.926025, 1.939941, 1.953613]",1.0,{'1': 121.93400103882976},{'1': 0.3699999999999999},1.58,1.95,"{'1': {'start': 1.58, 'end': 1.95}}",Action
9,39,0x87,1,7.147461,Match,Mismatch,dbbbblllu,180,"{'1': 43.07744783552395, '2': 223.07744783552394}","[0.0, 1.48, 6.48, 11.47, 16.47, 21.47, 26.47, 31.47, 36.47, 41.47, 46.47, 51.47, 56.47, 61.46, 66.46, 71.46, 76.46, 81.46, 86.45, 91.45, 96.45, 101.45, 106.45, 111.44, 116.44, 121.44, 126.44, 131.43, 136.43, 141.43, 146.43, 151.43, 156.42, 159.18, 158.96, 158.61, 157.89, 156.86, 154.88, 152.45, 149.37, 146.19, 143.02, 139.85, 136.68, 134.55, 133.86]","[3.26123, 3.275146, 3.289307, 3.303467, 3.316895, 3.331055, 3.344971, 3.358643, 3.372803, 3.386719, 3.400146, 3.414795, 3.428711, 3.442627, 3.456055, 3.470215, 3.484375, 3.497803, 3.511963, 3.526123, 3.539551, 3.553955, 3.567871, 3.581787, 3.595215, 3.609375, 3.623535, 3.637207, 3.651367, 3.665283, 3.678711, 3.693115, 3.707031, 6.255859, 6.27002, 6.28418, 6.297852, 6.312012, 6.325928, 6.339355, 6.35376, 6.367676, 6.381592, 6.395264, 6.40918, 6.423096, 6.436279]",2.0,"{'1': 156.423214983514, '2': -24.77166700471477}","{'1': 0.45999999999999996, '2': 0.15999999999999925}",3.25,6.43,"{'1': {'start': 3.25, 'end': 3.71}, '2': {'start': 6.2700000000000005, 'end': 6.43}}",Action
9,40,0x87,1,6.405029,Mismatch,Mismatch,llbbbbbru,60,"{'1': 226.38746715426137, '2': 166.38746715426137}","[0.0, 0.0, 359.2, 357.99, 355.49, 351.47, 347.45, 342.45, 337.45, 332.46, 327.46, 322.47, 317.47, 312.48, 307.49, 302.5, 297.51, 292.51, 287.52, 282.53, 277.54, 272.55, 267.55, 262.56, 257.57, 252.58, 247.59, 242.59, 237.6, 232.61, 227.61, 223.79, 221.64, 220.26, 219.66, 219.66, 219.66, 219.66, 219.85, 220.69, 221.86, 223.58, 225.77, 228.11, 230.45, 232.8, 235.14, 236.73]","[4.30249, 4.316162, 4.330322, 4.344238, 4.357666, 4.37207, 4.38623, 4.402832, 4.414063, 4.42749, 4.441406, 4.455078, 4.469482, 4.483643, 4.49707, 4.511475, 4.525391, 4.539063, 4.553223, 4.566895, 4.580811, 4.594971, 4.608643, 4.622803, 4.636475, 4.650635, 4.664551, 4.677979, 4.692383, 4.706299, 4.719971, 4.734131, 4.748047, 4.761963, 4.775635, 5.401855, 5.415771, 5.429688, 5.443848, 5.45752, 5.471924, 5.485596, 5.499268, 5.513428, 5.527344, 5.541504, 5.554932, 5.569336]",2.0,"{'1': 140.09270626097134, '2': -16.03524982702551}","{'1': 0.45999999999999996, '2': 0.13000000000000078}",4.3100000000000005,5.5600000000000005,"{'1': {'start': 4.3100000000000005, 'end': 4.7700000000000005}, '2': {'start': 5.43, 'end': 5.5600000000000005}}",Action
9,41,0x87,1,4.063721,Mismatch,Mismatch,rrrrbbbdr,60,"{'1': 320.23845503998274, '2': 260.23845503998274}","[0.0, 359.7, 359.13, 358.02, 356.41, 354.18, 350.11, 345.11, 340.12, 335.12, 330.12, 325.12, 320.12, 315.12, 310.13, 305.13, 300.13, 295.14, 290.15, 286.08, 283.49, 281.47, 279.99, 279.2, 278.93]","[3.018799, 3.033447, 3.047363, 3.060791, 3.074707, 3.088867, 3.102783, 3.116455, 3.130859, 3.144775, 3.157959, 3.172363, 3.186279, 3.199707, 3.214355, 3.228271, 3.241943, 3.255371, 3.269775, 3.283936, 3.297607, 3.311768, 3.325439, 3.338867, 3.353516]",1.0,{'1': 80.79628543946927},{'1': 0.31999999999999984},3.02,3.34,"{'1': {'start': 3.02, 'end': 3.34}}",Action
9,42,0x87,1,2.214111,Mismatch,Mismatch,ffuuuurrf,60,"{'1': 337.9353354365787, '2': 277.9353354365787}",[],[],0.0,{},{},0.0,2.214111,{},Action
9,43,0x87,1,3.54248,Mismatch,Mismatch,bbbdddrrb,0,"{'1': 313.7327226811985, '2': 313.7327226811985}","[0.0, 359.24, 357.75, 355.56, 350.71, 345.73, 340.75, 335.77, 330.8, 325.83, 320.86, 315.89, 310.92, 305.95, 300.99, 296.02, 291.05, 286.08, 281.11, 276.14, 271.18, 266.21, 261.24, 256.27, 251.3, 246.33, 241.36, 236.39, 232.13, 227.88, 226.6]","[1.589844, 1.603516, 1.617432, 1.631348, 1.645264, 1.65918, 1.672852, 1.687012, 1.700928, 1.714844, 1.72876, 1.742676, 1.756592, 1.770508, 1.784424, 1.798584, 1.812256, 1.826172, 1.840332, 1.854004, 1.86792, 1.881836, 1.895752, 1.909912, 1.923828, 1.9375, 1.951416, 1.965576, 1.979492, 1.993408, 2.007324]",1.0,{'1': 132.72633515377981},{'1': 0.41999999999999993},1.58,2.0,"{'1': {'start': 1.58, 'end': 2.0}}",Action
9,44,0x87,1,6.988525,Mismatch,Mismatch,llbbbbbru,60,"{'1': 23.32066732196461, '2': 323.3206673219646}","[0.0, 0.0, 1.12, 3.89, 8.84, 13.76, 18.68, 23.6, 28.52, 33.44, 38.35, 43.27, 48.18, 53.09, 58.01, 62.92, 67.83, 72.75, 77.66, 80.65, 83.66, 86.68, 89.7, 92.72, 95.73, 98.74, 101.75, 104.96, 108.94, 113.05, 117.16, 121.27, 125.39, 127.85, 128.13, 129.36, 132.62, 137.58, 142.5, 147.43, 152.35, 157.27, 162.19, 167.11, 172.03, 176.95, 181.87, 186.8, 191.72, 196.64, 201.56, 206.49, 211.41, 216.33, 221.26, 223.46]","[3.687988, 3.702637, 3.716553, 3.730469, 3.743896, 3.758301, 3.772461, 3.785645, 3.799805, 3.813721, 3.827393, 3.841553, 3.855713, 3.869385, 3.883301, 3.897461, 3.911377, 3.925049, 3.939209, 3.952881, 3.966553, 3.980957, 3.994873, 4.008545, 4.022949, 4.036865, 4.050537, 4.064209, 4.078369, 4.092285, 4.105957, 4.120117, 4.134033, 4.150635, 4.774414, 4.78833, 4.80249, 4.81665, 4.830322, 4.84375, 4.858154, 4.87207, 4.885498, 4.899902, 4.913818, 4.92749, 4.94165, 4.955322, 4.969727, 4.98291, 4.997314, 5.010986, 5.024658, 5.039063, 5.052979, 5.06665]",2.0,"{'1': 127.75590892663536, '2': 9.486618601514039}","{'1': 0.4600000000000004, '2': 0.3000000000000007}",3.69,5.0600000000000005,"{'1': {'start': 3.69, 'end': 4.15}, '2': {'start': 4.76, 'end': 5.0600000000000005}}",Action
9,45,0x87,1,5.364502,Mismatch,Mismatch,ffuubrrrr,0,"{'1': 215.3296192682413, '2': 215.3296192682413}","[0.0, 0.23, 5.22, 10.22, 15.22, 20.22, 25.22, 30.22, 35.21, 40.21, 45.21, 50.21, 55.21, 60.2, 65.2, 70.2, 75.2, 80.2, 85.2, 90.19, 95.19, 100.19, 105.19, 110.19, 115.19, 120.18, 125.18, 130.18, 135.18, 139.99, 142.81, 145.2, 147.53, 149.87, 152.2, 153.22, 153.46, 154.99, 157.84, 162.53, 167.51, 172.49, 177.47, 182.44, 187.4, 189.47]","[3.88916, 3.90332, 3.916992, 3.93042, 3.94458, 3.958496, 3.972168, 3.986328, 4.000244, 4.013916, 4.02832, 4.041992, 4.056152, 4.06958, 4.08374, 4.097656, 4.111328, 4.125732, 4.139648, 4.15332, 4.167236, 4.181396, 4.194824, 4.209229, 4.223389, 4.237061, 4.250244, 4.264648, 4.278564, 4.291992, 4.306152, 4.320313, 4.336914, 4.3479, 4.361084, 5.086182, 5.100342, 5.11377, 5.12793, 5.141846, 5.156006, 5.169434, 5.183594, 5.19751, 5.210938, 5.225342]",2.0,"{'1': 151.9947812962811, '2': 18.01298738580155}","{'1': 0.4700000000000002, '2': 0.1299999999999999}",3.89,5.22,"{'1': {'start': 3.89, 'end': 4.36}, '2': {'start': 5.09, 'end': 5.22}}",Action
9,46,0x87,1,4.107666,Mismatch,Mismatch,uuuubbbur,120,"{'1': 203.66296698343888, '2': 323.6629669834389}","[0.0, 0.0, 0.28, 1.74, 4.84, 9.84, 14.84, 19.84, 24.83, 29.83, 34.83, 39.83, 44.82, 49.82, 54.82, 59.82, 60.61, 60.61, 60.98, 62.09, 64.01, 66.38, 69.09, 71.81, 74.52]","[2.283203, 2.297607, 2.311523, 2.324707, 2.338867, 2.353027, 2.366455, 2.380859, 2.394531, 2.408691, 2.422363, 2.436279, 2.450439, 2.463867, 2.478516, 2.492188, 3.606201, 3.620605, 3.634521, 3.648438, 3.661865, 3.67627, 3.690186, 3.703613, 3.718018]",2.0,"{'1': 59.77739097017823, '2': 12.401580701145463}","{'1': 0.19999999999999973, '2': 0.08999999999999986}",2.3000000000000003,3.71,"{'1': {'start': 2.3000000000000003, 'end': 2.5}, '2': {'start': 3.62, 'end': 3.71}}",Action
9,47,0x87,1,5.838135,Mismatch,Mismatch,lllbbbubb,0,"{'1': 143.35641650229175, '2': 143.35641650229175}","[0.0, 0.0, 0.54, 4.14, 9.12, 14.1, 19.08, 24.07, 29.05, 34.03, 39.02, 44.0, 48.97, 53.95, 58.91, 63.88, 68.85, 73.82, 78.79, 83.75, 88.72, 93.69, 98.66, 103.62, 108.58, 113.54, 118.5, 123.45, 128.4, 133.34, 138.29, 143.24, 148.18, 153.13, 158.07, 163.02, 167.96, 172.91]","[3.901367, 3.915771, 3.929688, 3.943359, 3.957764, 3.971436, 3.984863, 4.002441, 4.013428, 4.026855, 4.041016, 4.055176, 4.069092, 4.08252, 4.096924, 4.11084, 4.124268, 4.138672, 4.152588, 4.166748, 4.180908, 4.19458, 4.208496, 4.22168, 4.236084, 4.25, 4.263672, 4.277832, 4.291992, 4.305908, 4.319824, 4.33374, 4.347412, 4.361572, 4.375488, 4.389404, 4.402832, 4.417236]",1.0,{'1': 170.42331574562627},{'1': 0.5},3.91,4.41,"{'1': {'start': 3.91, 'end': 4.41}}",Action
9,48,0x87,1,2.161133,Mismatch,Mismatch,bddrbbbbb,180,"{'1': 338.63684917888776, '2': 158.6368491788878}",[],[],0.0,{},{},0.0,2.161133,{},Action
9,49,0x87,1,8.232666,Match,Mismatch,dbbbblllu,180,"{'1': 35.33581675511868, '2': 215.33581675511869}","[0.0, 0.0, 359.65, 357.72, 355.07, 350.99, 345.99, 340.99, 336.0, 331.0, 326.0, 321.0, 316.0, 311.0, 306.01, 301.01, 296.01, 291.01, 286.02, 281.02, 276.02, 271.02, 268.16, 266.71, 266.71, 267.85, 272.8, 277.73, 282.66, 287.58, 292.51, 297.43, 302.36, 307.28, 312.2, 317.12, 322.05, 326.97, 331.88, 336.8, 341.72, 346.64, 351.56, 356.47, 1.39, 6.31, 11.23, 16.15, 21.06, 25.98, 30.9, 35.82, 40.73, 45.65, 50.57, 55.49, 60.4, 65.32, 70.24, 75.16, 80.08, 84.99, 89.91, 94.83, 99.75, 104.66, 109.57, 114.49]","[1.753418, 1.76709, 1.781006, 1.795166, 1.808838, 1.822998, 1.836914, 1.865479, 1.879639, 1.894287, 1.908447, 1.922852, 1.936523, 1.950684, 1.964844, 1.978516, 1.99292, 2.006836, 2.020508, 2.034912, 2.048828, 2.062744, 2.076416, 2.090576, 5.32251, 5.336426, 5.350586, 5.364502, 5.378174, 5.392334, 5.40625, 5.419678, 5.434326, 5.447998, 5.46167, 5.47583, 5.489746, 5.503662, 5.517334, 5.532959, 5.54541, 5.558838, 5.573242, 5.587158, 5.60083, 5.61499, 5.628906, 5.643066, 5.656494, 5.670654, 5.684814, 5.698242, 5.712646, 5.726563, 5.740234, 5.754639, 5.768311, 5.781982, 5.796143, 5.810059, 5.824219, 5.837646, 5.851807, 5.865967, 5.879395, 5.893555, 5.907715, 5.921143]",2.0,"{'1': 93.23101694915255, '2': 20.781206434316374}","{'1': 0.32999999999999985, '2': 0.6099999999999994}",1.76,5.92,"{'1': {'start': 1.76, 'end': 2.09}, '2': {'start': 5.3100000000000005, 'end': 5.92}}",Action
10,0,0x16,2,2.968933,Match,Match,ffuubrrrr,60,"{'1': 195.70386133680432, '2': 255.70386133680432}",[],[],0.0,{},{},0.0,2.968933,{},Action
10,1,0x16,2,1.595764,Match,Match,uuuubbbur,0,"{'1': 312.7701316383542, '2': 312.7701316383542}",[],[],0.0,{},{},0.0,1.595764,{},Action
10,2,0x16,2,2.542114,Match,Match,lllllbbul,60,"{'1': 29.341280998280244, '2': 329.34128099828024}",[],[],0.0,{},{},0.0,2.542114,{},Action
10,3,0x16,2,2.263855,Match,Match,ffuubrrrr,0,"{'1': 330.69031886933465, '2': 330.69031886933465}",[],[],0.0,{},{},0.0,2.263855,{},Action
10,4,0x16,2,4.414673,Match,Match,ffuubrrrr,60,"{'1': 214.93411190802072, '2': 154.93411190802072}",[],[],0.0,{},{},0.0,4.414673,{},Action
10,5,0x16,2,5.351379,Match,Match,lllbbbluu,60,"{'1': 239.73272467503972, '2': 179.73272467503972}","[0.0, 5.0, 10.0, 15.0, 20.0, 25.0, 30.0, 35.0, 40.0, 45.0, 50.0, 55.0, 59.99, 64.99, 69.99, 74.99, 79.99, 84.99, 89.99, 94.99, 99.99, 104.98, 109.98, 114.96, 119.94, 122.33, 122.7, 122.17, 120.68, 116.36, 111.53, 106.71, 101.89, 97.07, 92.26, 87.44, 82.62, 77.81, 72.99, 68.16, 63.29, 59.1, 59.46, 61.65, 64.6, 67.58]","[2.253113, 2.267517, 2.28125, 2.294861, 2.309265, 2.322937, 2.336365, 2.350769, 2.364502, 2.378479, 2.39209, 2.40625, 2.420227, 2.433777, 2.447876, 2.461914, 2.475464, 2.489868, 2.503662, 2.517212, 2.531494, 2.545349, 2.559143, 2.572815, 2.587097, 2.60083, 3.406921, 3.421204, 3.434753, 3.44873, 3.462463, 3.47583, 3.490295, 3.504211, 3.517761, 3.531555, 3.545715, 3.559692, 3.573059, 3.587219, 3.601135, 4.351318, 4.365417, 4.382019, 4.392883, 4.406433]",3.0,"{'1': 122.18555231923104, '2': -59.4563369433258, '3': 7.057853329670031}","{'1': 0.3599999999999999, '2': 0.20999999999999996, '3': 0.04999999999999982}",2.24,4.4,"{'1': {'start': 2.24, 'end': 2.6}, '2': {'start': 3.4, 'end': 3.61}, '3': {'start': 4.3500000000000005, 'end': 4.4}}",Action
10,6,0x16,2,2.769287,Match,Match,uubbbrrrb,60,"{'1': 244.97895433135304, '2': 304.97895433135307}",[],[],0.0,{},{},0.0,2.769287,{},Action
10,7,0x16,2,3.878723,Match,Match,ffuulllbb,120,"{'1': 52.410378767534695, '2': 172.4103787675347}","[0.0, 359.47, 357.79, 352.84, 347.88, 342.92, 337.96, 333.01, 328.05, 323.09, 318.13, 313.18, 308.22, 303.26, 298.3, 293.34, 288.38, 283.43, 278.47, 274.41]","[2.486877, 2.500916, 2.514954, 2.528748, 2.542603, 2.556458, 2.570313, 2.584167, 2.598083, 2.612061, 2.625793, 2.639832, 2.653748, 2.667419, 2.681396, 2.695374, 2.709106, 2.723022, 2.736938, 2.750732]",1.0,{'1': 85.37454980426266},{'1': 0.27},2.48,2.75,"{'1': {'start': 2.48, 'end': 2.75}}",Action
10,8,0x16,2,3.166626,Match,Match,bddrbbbbb,60,"{'1': 335.1505592833017, '2': 35.15055928330166}","[0.0, 359.73, 359.09, 356.85, 353.02, 348.02, 343.04, 338.05, 333.07, 328.09, 323.1, 318.12, 313.13, 308.15, 303.16, 298.18, 297.42, 296.65, 296.65, 298.06, 300.9, 305.1, 310.1, 315.1]","[1.192078, 1.205994, 1.219788, 1.233826, 1.247742, 1.261475, 1.27533, 1.289368, 1.30304, 1.316956, 1.331055, 1.344788, 1.358643, 1.372864, 1.386536, 1.40033, 1.414185, 2.247498, 2.26123, 2.275085, 2.289185, 2.302856, 2.316772, 2.33075]",2.0,"{'1': 62.35043666546371, '2': -18.181721276291356}","{'1': 0.21999999999999997, '2': 0.08000000000000007}",1.19,2.33,"{'1': {'start': 1.19, 'end': 1.41}, '2': {'start': 2.25, 'end': 2.33}}",Action
10,9,0x16,2,1.571045,Match,Match,ffuubllll,0,"{'1': 32.44403157116473, '2': 32.44403157116473}",[],[],0.0,{},{},0.0,1.571045,{},Action
10,10,0x16,2,4.859436,Match,Match,lllbbbubb,120,"{'1': 290.95635263390704, '2': 50.95635263390707}","[0.0, 359.63, 358.43, 354.33, 349.34, 344.35, 339.36, 334.37, 329.39, 324.41, 319.43, 314.45, 309.48, 304.5, 299.53, 294.55, 289.58, 284.6, 279.63, 274.66, 269.68, 264.71, 259.74, 254.77, 249.8, 244.84, 239.87, 234.91, 229.95, 224.98]","[2.634399, 2.647949, 2.661987, 2.675903, 2.689453, 2.703796, 2.71759, 2.731323, 2.745605, 2.759583, 2.773376, 2.786804, 2.800964, 2.814636, 2.828186, 2.84259, 2.856567, 2.870117, 2.884399, 2.898254, 2.911743, 2.926025, 2.939819, 2.956543, 2.967468, 2.980225, 2.994324, 3.008057, 3.022583, 3.036438]",1.0,{'1': 132.7105911223386},{'1': 0.40000000000000036},2.63,3.03,"{'1': {'start': 2.63, 'end': 3.0300000000000002}}",Action
10,11,0x16,2,2.918823,Match,Match,uubbbbruu,180,"{'1': 153.15034768376478, '2': 333.1503476837648}","[0.0, 0.0, 359.59, 357.64, 354.75, 350.41, 345.5, 340.59, 335.69, 330.78, 325.88, 320.97, 316.07, 311.16, 306.26, 301.35, 296.45, 291.54, 286.64, 281.73, 276.83, 271.92, 267.02, 262.11, 257.21, 252.3, 247.4, 242.49, 237.59, 232.68, 227.78, 222.87, 217.97, 213.06, 208.61]","[1.640747, 1.654663, 1.668945, 1.6828, 1.696289, 1.710632, 1.724487, 1.737915, 1.752136, 1.766174, 1.779785, 1.793823, 1.8078, 1.821594, 1.835144, 1.849426, 1.863281, 1.876892, 1.891113, 1.904968, 1.918518, 1.9328, 1.946838, 1.960571, 1.974243, 1.988403, 2.002258, 2.015869, 2.030151, 2.044067, 2.057556, 2.071777, 2.085876, 2.099243, 2.113403]",1.0,{'1': 150.32055437853106},{'1': 0.45999999999999974},1.65,2.11,"{'1': {'start': 1.6500000000000001, 'end': 2.11}}",Action
10,12,0x16,2,2.002014,Match,Match,llbbbbbru,60,"{'1': 195.74437998246947, '2': 255.74437998246947}",[],[],0.0,{},{},0.0,2.002014,{},Action
10,13,0x16,2,2.014465,Match,Match,ffuubllll,0,"{'1': 241.0541589520444, '2': 241.0541589520444}",[],[],0.0,{},{},0.0,2.014465,{},Action
10,14,0x16,2,1.55426,Match,Match,bbbdddrrb,60,"{'1': 107.48231495232719, '2': 47.48231495232719}",[],[],0.0,{},{},0.0,1.55426,{},Action
10,15,0x16,2,5.909607,Match,Match,bbdddbrrr,120,"{'1': 249.4264059133822, '2': 129.4264059133822}","[0.0, 359.66, 358.9, 354.82, 349.82, 344.82, 339.82, 334.82, 329.82, 324.82, 319.82, 314.82, 309.82, 304.82, 299.82, 294.82, 289.82, 284.83, 279.83, 274.83, 269.83, 264.83, 259.83, 254.83, 249.83, 244.83, 239.83, 234.83, 229.83, 224.83, 219.83, 214.83, 209.83, 204.83, 199.83, 194.83, 189.83, 184.83, 179.83, 178.09, 176.39, 173.27, 168.33, 163.38, 158.44, 153.5, 148.56, 143.62]","[3.020325, 3.034241, 3.048401, 3.062378, 3.076233, 3.089783, 3.104126, 3.11792, 3.13147, 3.145691, 3.159546, 3.173157, 3.187683, 3.201355, 3.214722, 3.229065, 3.242859, 3.256836, 3.270325, 3.284546, 3.298462, 3.312073, 3.326355, 3.340149, 3.35376, 3.368103, 3.382019, 3.395813, 3.409363, 3.423645, 3.4375, 3.451111, 3.465393, 3.479187, 3.492859, 3.50708, 3.520874, 3.534485, 3.548706, 4.47937, 4.493103, 4.507263, 4.520996, 4.534485, 4.551819, 4.562683, 4.575928, 4.589661]",2.0,"{'1': 179.82758069507364, '2': -31.012287993179314}","{'1': 0.5300000000000002, '2': 0.11000000000000032}",3.02,4.58,"{'1': {'start': 3.02, 'end': 3.5500000000000003}, '2': {'start': 4.47, 'end': 4.58}}",Action
10,16,0x16,2,1.843689,Match,Match,uuuuubbul,0,"{'1': 22.79566675332338, '2': 22.79566675332338}",[],[],0.0,{},{},0.0,1.843689,{},Action
10,17,0x16,2,5.975586,Match,Match,rbbbbbbub,180,"{'1': 119.38859950122885, '2': 299.38859950122884}","[0.0, 0.0, 358.01, 353.81, 348.87, 343.93, 338.99, 334.05, 329.11, 324.18, 319.24, 314.3, 309.37, 304.43, 299.5, 294.56, 289.62, 284.69, 279.75, 274.82, 269.88, 264.95, 260.01, 255.08, 250.15, 245.21, 240.28, 235.34, 230.41, 225.48, 220.54, 215.61, 210.67, 205.74, 200.81, 195.88, 190.95, 186.01, 181.08, 176.15, 171.22, 167.08]","[4.503113, 4.517334, 4.531372, 4.5448, 4.558838, 4.572754, 4.586243, 4.600464, 4.614319, 4.628235, 4.641602, 4.655762, 4.6698, 4.683411, 4.697632, 4.711548, 4.725037, 4.73938, 4.753235, 4.766663, 4.780945, 4.794861, 4.808716, 4.822144, 4.836426, 4.850586, 4.864014, 4.878174, 4.892151, 4.90564, 4.919922, 4.933899, 4.947327, 4.962708, 4.975586, 4.989075, 5.002625, 5.017151, 5.031128, 5.044495, 5.058838, 5.072815]",1.0,{'1': 167.91380553766902},{'1': 0.5700000000000003},4.5,5.07,"{'1': {'start': 4.5, 'end': 5.07}}",Action
10,18,0x16,2,5.049072,Match,Match,ffuubrrrr,180,"{'1': 246.0631387963874, '2': 66.06313879638742}","[0.0, 0.0, 357.81, 353.64, 348.65, 343.66, 338.67, 333.68, 328.69, 323.7, 318.71, 313.72, 308.73, 303.74, 298.75, 293.76, 288.77, 283.78, 278.79, 273.8, 268.81, 263.82, 258.83, 253.84, 248.85, 243.86, 238.87, 233.88, 228.9, 223.91, 218.92, 213.93, 208.94, 203.95, 198.96, 193.97, 188.98, 184.05]","[2.57666, 2.590637, 2.604675, 2.618713, 2.632202, 2.646362, 2.660217, 2.673828, 2.68811, 2.701965, 2.715515, 2.729797, 2.743652, 2.757568, 2.771179, 2.785217, 2.799194, 2.812744, 2.826965, 2.841003, 2.85437, 2.868774, 2.882507, 2.896057, 2.910339, 2.924255, 2.937988, 2.951721, 2.965698, 2.979736, 2.993286, 3.007629, 3.021362, 3.034729, 3.049011, 3.062866, 3.077332, 3.090698]",1.0,{'1': 175.69254526410282},{'1': 0.5099999999999998},2.58,3.09,"{'1': {'start': 2.58, 'end': 3.09}}",Action
10,19,0x16,2,4.078796,Match,Match,lllbbbluu,180,"{'1': 321.44355220255096, '2': 141.44355220255096}","[0.0, 2.02, 6.96, 11.9, 16.84, 21.79, 26.73, 31.67, 36.61, 41.55, 46.5, 51.44, 56.38, 61.32, 66.26, 71.21, 76.15, 81.09, 86.03, 90.97, 95.91, 100.86, 105.8, 110.74, 115.68, 120.62, 125.57, 130.51, 135.45, 140.39, 145.33, 150.28, 155.22, 160.16, 165.12, 169.04, 171.3]","[2.033691, 2.047607, 2.061646, 2.088867, 2.102783, 2.117737, 2.131531, 2.14624, 2.160583, 2.174438, 2.188049, 2.202637, 2.21637, 2.22998, 2.244202, 2.258179, 2.271851, 2.286133, 2.30011, 2.313965, 2.327576, 2.341858, 2.355713, 2.369324, 2.383667, 2.397644, 2.411011, 2.425232, 2.439331, 2.453064, 2.466614, 2.480957, 2.494751, 2.508362, 2.522827, 2.53656, 2.55011]",1.0,{'1': 171.28165313653142},{'1': 0.5300000000000002},2.02,2.5500000000000003,"{'1': {'start': 2.02, 'end': 2.5500000000000003}}",Action
10,20,0x16,2,3.462952,Match,Match,lbbddllll,60,"{'1': 290.0181337619581, '2': 350.0181337619581}",[],[],0.0,{},{},0.0,3.462952,{},Action
10,21,0x16,2,9.339844,Match,Match,bdddbllll,60,"{'1': 110.46167343626001, '2': 50.461673436260014}",[],[],0.0,{},{},0.0,9.339844,{},Action
10,22,0x16,2,8.610107,Match,Match,lbbddllll,120,"{'1': 313.4383765630722, '2': 193.43837656307218}","[0.0, 0.61, 2.7, 6.49, 10.8, 15.09, 19.37, 23.65, 27.94, 32.22, 36.5, 40.79, 45.07, 49.35, 53.63, 57.92, 62.2, 66.41, 69.35, 72.3, 72.48, 73.38, 75.43, 80.37, 85.31, 90.24, 95.18, 100.12, 105.06, 110.03, 115.01, 120.01]","[3.846008, 3.859558, 3.873657, 3.887817, 3.901489, 3.915588, 3.929565, 3.942932, 3.95697, 3.97113, 3.984802, 3.998413, 4.012512, 4.026428, 4.039917, 4.053955, 4.068115, 4.081848, 4.095825, 4.123169, 5.637817, 5.651917, 5.665771, 5.679382, 5.693481, 5.707397, 5.721008, 5.735107, 5.749023, 5.762573, 5.776672, 5.790649]",2.0,"{'1': 72.3008117925749, '2': 47.29876183659833}","{'1': 0.29000000000000004, '2': 0.16000000000000014}",3.84,5.79,"{'1': {'start': 3.84, 'end': 4.13}, '2': {'start': 5.63, 'end': 5.79}}",Action
10,23,0x16,2,5.61438,Match,Match,dbbbblllu,180,"{'1': 120.4475482455058, '2': 300.4475482455058}","[0.0, 359.66, 357.51, 352.55, 347.58, 342.62, 337.66, 332.69, 327.73, 322.77, 317.81, 312.84, 307.88, 302.92, 297.95, 292.99, 288.03, 283.06, 278.1, 273.14, 268.17, 263.21, 258.25, 253.28, 248.32, 243.36, 238.39, 233.43, 228.47, 223.5, 218.54, 213.58, 208.61, 203.65, 198.69, 193.72, 188.76, 183.79, 178.83, 173.87, 168.9, 163.94, 158.97, 153.97]","[1.488098, 1.50238, 1.515991, 1.530273, 1.544067, 1.557678, 1.57196, 1.585693, 1.599304, 1.613586, 1.627563, 1.641357, 1.654968, 1.669189, 1.682983, 1.696594, 1.710876, 1.724731, 1.738342, 1.752563, 1.766479, 1.780029, 1.794434, 1.808228, 1.822144, 1.835754, 1.850037, 1.864014, 1.877441, 1.893188, 1.90564, 1.919128, 1.933289, 1.947266, 1.96106, 1.974792, 1.989136, 2.002747, 2.016235, 2.030579, 2.044373, 2.057983, 2.072205, 2.086121]",1.0,{'1': 177.57359221692428},{'1': 0.5200000000000002},1.49,2.01,"{'1': {'start': 1.49, 'end': 2.0100000000000002}}",Action
10,24,0x16,2,11.03192,Match,Match,ffuubllll,120,"{'1': 53.69971929843738, '2': 293.69971929843734}","[0.0, 0.32, 4.42, 9.19, 13.94, 18.69, 23.44, 28.19, 32.94, 37.69, 42.44, 47.2, 51.95, 56.72, 61.48, 66.26, 71.06, 72.31, 73.47, 78.4, 83.34, 88.28, 93.22, 98.16, 103.11, 108.05, 112.99, 117.94, 122.89, 127.85, 132.81, 137.76, 142.73, 147.7, 152.67]","[8.61554, 8.629822, 8.64325, 8.65741, 8.671326, 8.684753, 8.699036, 8.712952, 8.726685, 8.740234, 8.754578, 8.768677, 8.781982, 8.796021, 8.810059, 8.823547, 8.837769, 9.462463, 9.476807, 9.490784, 9.504333, 9.518372, 9.532471, 9.545898, 9.559998, 9.573914, 9.587769, 9.601196, 9.615479, 9.629456, 9.642944, 9.657166, 9.671082, 9.684509, 9.698792]",2.0,"{'1': 71.0644641856653, '2': 77.32562013931397}","{'1': 0.23000000000000043, '2': 0.23999999999999844}",8.61,9.69,"{'1': {'start': 8.61, 'end': 8.84}, '2': {'start': 9.450000000000001, 'end': 9.69}}",Action
10,25,0x16,2,6.755066,Mismatch,Mismatch,ffuubllll,120,"{'1': 68.71080515486847, '2': 308.71080515486847}",[],[],0.0,{},{},0.0,6.755066,{},Action
10,26,0x16,2,11.05194,Mismatch,Mismatch,bdddllbbb,60,"{'1': 317.4266219482024, '2': 257.4266219482024}","[0.0, 1.14, 3.4, 6.77, 11.63, 16.49, 21.33, 26.17, 30.99, 35.82, 40.64, 45.46, 50.28, 55.1, 59.93, 64.75, 69.57, 74.39, 79.21, 84.04, 88.86, 93.68, 98.5, 103.32, 108.15, 112.97, 117.79, 122.61, 127.43, 132.26, 137.08, 141.9, 146.72, 151.54, 156.37, 161.19, 166.01, 170.83, 174.35, 176.55, 177.42, 177.42, 179.36, 182.41, 186.84, 191.28, 195.65, 200.03, 204.17, 208.31, 212.36, 216.35, 220.33, 224.29, 228.24, 232.18, 236.12, 240.05, 243.99, 247.93]","[5.677063, 5.691345, 5.704895, 5.719055, 5.732971, 5.746704, 5.760437, 5.774536, 5.788269, 5.801941, 5.816162, 5.830078, 5.843689, 5.857849, 5.871826, 5.885193, 5.899536, 5.913452, 5.927124, 5.940735, 5.955078, 5.968994, 5.982483, 5.996765, 6.010742, 6.024292, 6.038269, 6.052246, 6.068359, 6.080139, 6.09375, 6.107483, 6.121094, 6.135437, 6.149292, 6.162842, 6.177185, 6.191162, 6.20459, 6.218872, 7.274841, 7.288696, 7.302124, 7.316284, 7.330383, 7.343628, 7.357788, 7.371765, 7.385254, 7.399475, 7.413391, 7.427063, 7.440735, 7.454956, 7.469116, 7.482605, 7.496765, 7.510803, 7.52417, 7.538269]",2.0,"{'1': 176.55092934546374, '2': -63.0392077452303}","{'1': 0.5499999999999998, '2': 0.25}",5.67,7.53,"{'1': {'start': 5.67, 'end': 6.22}, '2': {'start': 7.28, 'end': 7.53}}",Action
10,27,0x16,2,1.653809,Mismatch,Mismatch,rbbbbbbub,180,"{'1': 287.98179334569033, '2': 107.9817933456903}",[],[],0.0,{},{},0.0,1.653809,{},Action
10,28,0x16,2,2.289551,Mismatch,Mismatch,bdddbllll,120,"{'1': 150.3862870150383, '2': 270.3862870150383}",[],[],0.0,{},{},0.0,2.289551,{},Action
10,29,0x16,2,15.36926,Mismatch,Mismatch,dbbbblllu,180,"{'1': 120.42882292561097, '2': 300.428822925611}",[],[],0.0,{},{},0.0,15.36926,{},Action
10,30,0x16,2,2.803101,Mismatch,Mismatch,ffffuulff,120,"{'1': 123.54031246384658, '2': 243.5403124638466}",[],[],0.0,{},{},0.0,2.803101,{},Action
10,31,0x16,2,3.115417,Match,Mismatch,lllbbbluu,60,"{'1': 46.12999662160868, '2': 106.12999662160868}",[],[],0.0,{},{},0.0,3.115417,{},Action
10,32,0x16,2,5.238098,Mismatch,Mismatch,uuuubbbur,180,"{'1': 250.95775288655915, '2': 70.95775288655913}",[],[],0.0,{},{},0.0,5.238098,{},Action
10,33,0x16,2,2.456665,Mismatch,Mismatch,lllbbbubb,60,"{'1': 251.94154247038333, '2': 311.9415424703833}","[0.0, 1.4, 2.8, 7.79, 12.79, 17.79, 22.79, 27.78, 32.77, 37.74, 42.7, 47.66, 52.6, 57.54, 62.48, 67.42, 72.35, 77.29, 82.23, 87.17, 92.11, 97.04, 101.98, 106.91, 111.85, 116.79, 121.72, 126.66, 131.6, 136.53, 141.47, 146.4, 151.33, 156.25, 161.17]","[1.176086, 1.189941, 1.203857, 1.217651, 1.231628, 1.245544, 1.259521, 1.273254, 1.287354, 1.301147, 1.314941, 1.328796, 1.342834, 1.356628, 1.370544, 1.38446, 1.398193, 1.41217, 1.426086, 1.43988, 1.453735, 1.467773, 1.481628, 1.495422, 1.509338, 1.523376, 1.53717, 1.550964, 1.564941, 1.578735, 1.59259, 1.606567, 1.620544, 1.634277, 1.648193]",1.0,{'1': 158.27336590974423},{'1': 0.4800000000000002},1.16,1.64,"{'1': {'start': 1.16, 'end': 1.6400000000000001}}",Action
10,34,0x16,2,1.945007,Mismatch,Mismatch,bbbdddrrb,180,"{'1': 324.9394843715521, '2': 144.9394843715521}",[],[],0.0,{},{},0.0,1.945007,{},Action
10,35,0x16,2,3.184692,Mismatch,Mismatch,uubbbrrrb,180,"{'1': 133.55372738747295, '2': 313.5537273874729}",[],[],0.0,{},{},0.0,3.184692,{},Action
10,36,0x16,2,8.892883,Mismatch,Mismatch,rrrbbbddb,180,"{'1': 319.0383982967115, '2': 139.03839829671148}",[],[],0.0,{},{},0.0,8.892883,{},Action
10,37,0x16,2,5.29071,Mismatch,Mismatch,rbbbbbldd,60,"{'1': 301.1114318946326, '2': 241.11143189463255}",[],[],0.0,{},{},0.0,5.29071,{},Action
10,38,0x16,2,7.174072,Mismatch,Mismatch,ffuubrrrr,120,"{'1': 71.06412712366583, '2': 311.0641271236658}","[0.0, 0.25, 5.24, 10.24, 15.24, 20.24, 25.24, 30.22, 35.21, 40.19, 45.17, 50.16, 55.14, 60.12, 65.1, 70.08, 75.06, 80.04, 85.02, 90.0, 94.99, 99.97, 104.95, 109.93, 114.91, 119.87]","[3.729126, 3.743347, 3.757263, 3.770813, 3.784912, 3.798889, 3.812744, 3.82605, 3.84021, 3.854309, 3.86792, 3.881836, 3.895874, 3.909424, 3.923584, 3.937683, 3.95105, 3.96521, 3.979248, 3.993164, 4.006531, 4.020752, 4.034973, 4.048279, 4.062317, 4.076355]",1.0,{'1': 117.60924431700391},{'1': 0.3400000000000003},3.73,4.07,"{'1': {'start': 3.73, 'end': 4.07}}",Action
10,39,0x16,2,4.957886,Mismatch,Mismatch,dbbbblllu,180,"{'1': 43.07744783552395, '2': 223.07744783552394}","[0.0, 0.2, 5.09, 9.97, 14.86, 19.75, 24.63, 29.52, 34.4, 39.29, 44.18, 49.09, 53.99, 58.9, 63.8, 68.71, 73.61, 78.51, 83.42, 88.33, 93.23]","[1.218994, 1.232727, 1.246643, 1.260681, 1.274353, 1.288208, 1.302307, 1.31604, 1.329895, 1.343872, 1.357605, 1.371582, 1.385559, 1.399414, 1.413208, 1.427124, 1.441101, 1.454834, 1.468811, 1.482849, 1.496582]",1.0,{'1': 90.866860117964},{'1': 0.27},1.22,1.49,"{'1': {'start': 1.22, 'end': 1.49}}",Action
10,40,0x16,2,7.003357,Mismatch,Mismatch,llbbbbbru,60,"{'1': 226.38746715426137, '2': 166.38746715426137}","[0.0, 0.0, 359.25, 357.8, 355.5, 352.69, 347.69, 342.7, 337.7, 332.7, 327.7, 322.7, 317.71, 312.71, 307.71, 302.71, 297.71, 292.72, 287.72, 282.72, 277.72, 272.72, 267.73, 262.73, 257.73, 252.73, 247.73, 242.74, 237.74, 232.74, 227.74, 222.74, 217.74, 212.75, 207.75, 202.75, 197.75]","[5.377808, 5.392273, 5.406128, 5.419922, 5.433594, 5.447632, 5.461548, 5.475098, 5.489197, 5.503113, 5.516785, 5.530884, 5.544861, 5.558472, 5.57251, 5.586792, 5.600525, 5.614014, 5.628052, 5.642029, 5.65564, 5.669739, 5.683777, 5.697327, 5.71167, 5.725403, 5.738953, 5.753235, 5.76709, 5.780884, 5.794556, 5.808777, 5.822693, 5.836365, 5.850342, 5.864319, 5.87793]",1.0,{'1': 159.33691499522448},{'1': 0.4900000000000002},5.38,5.87,"{'1': {'start': 5.38, 'end': 5.87}}",Action
10,41,0x16,2,5.212708,Mismatch,Mismatch,rrrrbbbdr,60,"{'1': 320.23845503998274, '2': 260.23845503998274}",[],[],0.0,{},{},0.0,5.212708,{},Action
10,42,0x16,2,2.937439,Mismatch,Mismatch,ffuuuurrf,60,"{'1': 337.9353354365787, '2': 277.9353354365787}",[],[],0.0,{},{},0.0,2.937439,{},Action
10,43,0x16,2,6.847107,Mismatch,Mismatch,bbbdddrrb,0,"{'1': 313.7327226811985, '2': 313.7327226811985}","[0.0, 0.0, 0.84, 5.33, 9.81, 14.29, 18.77, 23.22, 27.62, 31.88, 36.06, 40.18, 44.27, 48.28, 52.21, 56.04, 59.7, 63.33, 66.97, 70.6, 74.22, 77.85, 81.48, 85.11, 88.75, 92.41, 96.11, 99.87, 103.65, 107.44, 111.3, 115.19, 119.16, 123.21, 127.4, 131.68, 136.01, 140.27, 144.47, 148.63, 152.52, 156.24, 159.67, 162.96, 165.61, 167.77, 169.86, 171.89, 173.82, 175.66, 177.02, 178.1, 178.44, 178.44, 179.6, 182.56, 187.48, 192.39, 197.29, 202.17, 207.03, 211.89, 216.74, 221.58, 226.41, 231.23, 236.06, 240.88, 245.71, 250.53, 255.35, 260.18, 262.87, 263.14, 262.89, 261.88, 259.19, 255.05, 250.14, 245.23, 240.33, 235.42, 230.51, 225.61, 220.7, 215.79, 210.89, 205.98, 201.07, 196.16, 191.26, 186.35, 181.43]","[3.221558, 3.235413, 3.249695, 3.263672, 3.276855, 3.291138, 3.305054, 3.318665, 3.332825, 3.346985, 3.361023, 3.374084, 3.388062, 3.402161, 3.415771, 3.429993, 3.44397, 3.457886, 3.47168, 3.485474, 3.499207, 3.513306, 3.527222, 3.54126, 3.554626, 3.568787, 3.582825, 3.596497, 3.611694, 3.624634, 3.637695, 3.651794, 3.665955, 3.679932, 3.693481, 3.707642, 3.721863, 3.735413, 3.749512, 3.763489, 3.777039, 3.791016, 3.804993, 3.818665, 3.832703, 3.846741, 3.860779, 3.874023, 3.888245, 3.902283, 3.915894, 3.929993, 3.944031, 4.471802, 4.486023, 4.499878, 4.513245, 4.527344, 4.541321, 4.554688, 4.568909, 4.583008, 4.596436, 4.610596, 4.624695, 4.638184, 4.652405, 4.666199, 4.680237, 4.693665, 4.707764, 4.721741, 4.735229, 5.554932, 5.569275, 5.583252, 5.596741, 5.61084, 5.624817, 5.638367, 5.652588, 5.666504, 5.68042, 5.693848, 5.708069, 5.721985, 5.735474, 5.749695, 5.763672, 5.777222, 5.791382, 5.805298, 5.818909]",3.0,"{'1': 178.10016953982048, '2': -81.98027835021124, '3': 78.4013071623129}","{'1': 0.71, '2': 0.2599999999999998, '3': 0.25}",3.22,5.8100000000000005,"{'1': {'start': 3.22, 'end': 3.93}, '2': {'start': 4.48, 'end': 4.74}, '3': {'start': 5.5600000000000005, 'end': 5.8100000000000005}}",Action
10,44,0x16,2,14.823,Mismatch,Mismatch,llbbbbbru,60,"{'1': 23.32066732196461, '2': 323.3206673219646}","[0.0, 359.68, 358.45, 356.41, 352.2, 347.28, 342.46, 337.67, 332.93, 328.29, 323.68, 319.2, 314.77, 310.36, 306.01, 301.67, 297.33, 293.01, 288.7, 284.41, 280.13, 275.86, 271.59, 267.32, 263.06, 258.79, 254.52, 250.26, 246.0, 241.73, 237.47, 233.08]","[11.62885, 11.64337, 11.65741, 11.67065, 11.68506, 11.69891, 11.71277, 11.72626, 11.74066, 11.75446, 11.7677, 11.78186, 11.7959, 11.80951, 11.82367, 11.83752, 11.8512, 11.86536, 11.87909, 11.89307, 11.90656, 11.92065, 11.93475, 11.94824, 11.96234, 11.9762, 11.98981, 12.00397, 12.01801, 12.03143, 12.04572, 12.05957]",1.0,{'1': 123.86127658601136},{'1': 0.41999999999999993},11.63,12.05,"{'1': {'start': 11.63, 'end': 12.05}}",Action
10,45,0x16,2,3.308899,Mismatch,Mismatch,ffuubrrrr,0,"{'1': 215.3296192682413, '2': 215.3296192682413}",[],[],0.0,{},{},0.0,3.308899,{},Action
10,46,0x16,2,3.791809,Mismatch,Mismatch,uuuubbbur,120,"{'1': 203.66296698343888, '2': 323.6629669834389}",[],[],0.0,{},{},0.0,3.791809,{},Action
10,47,0x16,2,4.615662,Mismatch,Mismatch,lllbbbubb,0,"{'1': 143.35641650229175, '2': 143.35641650229175}",[],[],0.0,{},{},0.0,4.615662,{},Action
10,48,0x16,2,1.9151,Mismatch,Mismatch,bddrbbbbb,180,"{'1': 338.63684917888776, '2': 158.6368491788878}",[],[],0.0,{},{},0.0,1.9151,{},Action
10,49,0x16,2,6.532104,Mismatch,Mismatch,dbbbblllu,180,"{'1': 35.33581675511868, '2': 215.33581675511869}",[],[],0.0,{},{},0.0,6.532104,{},Action
11,0,0x16,1,3.017456,Match,Match,uuubbrrrf,180,"{'1': 217.2601210465354, '2': 37.2601210465354}","[0.0, 4.97, 9.93, 14.9, 19.87, 24.84, 29.84, 34.84, 39.84, 44.84, 49.83, 54.82, 59.81, 64.8, 69.79, 74.78, 79.77, 84.76, 89.74, 94.72, 99.7, 104.68, 109.66, 114.63, 119.6, 124.57, 129.54, 134.5, 139.47, 144.43, 149.4, 154.36, 159.33, 164.29, 169.24, 174.17, 179.1]","[1.167236, 1.18103, 1.19519, 1.208984, 1.222778, 1.236816, 1.250488, 1.264648, 1.291992, 1.305664, 1.320557, 1.334595, 1.349121, 1.363403, 1.377441, 1.391113, 1.405396, 1.419312, 1.432983, 1.447144, 1.461304, 1.474731, 1.489014, 1.50293, 1.516724, 1.530273, 1.544556, 1.558472, 1.572021, 1.586304, 1.60022, 1.613892, 1.628052, 1.641968, 1.656006, 1.669434, 1.683594]",1.0,{'1': 177.84869915254234},{'1': 0.5299999999999998},1.15,1.68,"{'1': {'start': 1.1500000000000001, 'end': 1.68}}",Action
11,1,0x16,1,5.099121,Match,Match,ffuulllbb,60,"{'1': 60.67147367605956, '2': 0.6714736760595628}","[0.0, 1.43, 6.34, 11.23, 16.12, 21.01, 25.9, 30.79, 35.69, 40.59, 45.53, 50.5]","[4.307739, 4.321411, 4.335693, 4.349609, 4.363037, 4.377075, 4.390991, 4.405151, 4.418701, 4.432617, 4.446533, 4.460327]",1.0,{'1': 50.38218138320995},{'1': 0.16000000000000014},4.3,4.46,"{'1': {'start': 4.3, 'end': 4.46}}",Action
11,2,0x16,1,4.628052,Match,Match,dbbbblllu,60,"{'1': 243.43067050945245, '2': 183.43067050945245}","[0.0, 0.0, 1.6, 6.47, 11.31, 16.13, 20.94, 25.74, 30.53, 35.32, 40.11, 44.89, 49.67, 54.44, 59.22, 63.99, 68.76, 73.54, 78.31, 83.12]","[2.932129, 2.946655, 2.960693, 2.974243, 2.988403, 3.002563, 3.015991, 3.030151, 3.044067, 3.057983, 3.071533, 3.085693, 3.099731, 3.113281, 3.127563, 3.141479, 3.155029, 3.169312, 3.183105, 3.197144]",1.0,{'1': 80.67234418405867},{'1': 0.2599999999999998},2.93,3.19,"{'1': {'start': 2.93, 'end': 3.19}}",Action
11,3,0x16,1,2.871216,Match,Match,bddrddddd,180,"{'1': 52.87628235785667, '2': 232.87628235785667}","[0.0, 0.23, 5.23, 10.23, 15.22, 20.22, 25.22, 30.21, 35.19, 40.17, 45.13, 50.09, 55.04, 59.99, 64.93, 69.86, 74.79, 79.72, 84.65, 89.58, 94.5, 99.42, 104.34, 109.25, 114.17, 119.07, 123.98, 128.88, 133.78, 138.69]","[1.451904, 1.46582, 1.479614, 1.49353, 1.507568, 1.521362, 1.535278, 1.549194, 1.562988, 1.576904, 1.59082, 1.604736, 1.61853, 1.632446, 1.646484, 1.660278, 1.674072, 1.688232, 1.702026, 1.715698, 1.729614, 1.743652, 1.757446, 1.771362, 1.7854, 1.799072, 1.812988, 1.840088, 1.854004, 1.869141]",1.0,{'1': 135.72492700006612},{'1': 0.41000000000000014},1.45,1.86,"{'1': {'start': 1.45, 'end': 1.86}}",Action
11,4,0x16,1,2.566284,Match,Match,bbbdddrrb,60,"{'1': 61.84319834537056, '2': 121.84319834537055}",[],[],0.0,{},{},0.0,2.566284,{},Action
11,5,0x16,1,3.740234,Match,Match,dbbbblllu,120,"{'1': 62.77164809514352, '2': 302.7716480951435}","[0.0, 0.4, 3.43, 8.42, 13.41, 18.41, 23.4, 28.39, 33.38, 38.38, 43.37, 48.37, 53.37, 58.36, 63.36, 68.36, 73.36, 78.36, 83.36, 88.36, 93.36, 98.36, 103.36, 106.43, 107.46, 107.46, 112.53, 117.5, 122.47, 127.44, 132.38, 137.27]","[1.281494, 1.295898, 1.309814, 1.322998, 1.337158, 1.351196, 1.364624, 1.378662, 1.3927, 1.406372, 1.420654, 1.43457, 1.448242, 1.462036, 1.476074, 1.490112, 1.503662, 1.5177, 1.531738, 1.54541, 1.559326, 1.573364, 1.587036, 1.601196, 2.21228, 2.226074, 2.240112, 2.254028, 2.267578, 2.281616, 2.295654, 2.309448]",2.0,"{'1': 106.44483940014794, '2': 26.46450851359559}","{'1': 0.33000000000000007, '2': 0.0900000000000003}",1.28,2.3000000000000003,"{'1': {'start': 1.28, 'end': 1.61}, '2': {'start': 2.21, 'end': 2.3000000000000003}}",Action
11,6,0x16,1,4.850708,Match,Match,ffuulllbb,0,"{'1': 199.56797102015963, '2': 199.56797102015963}",[],[],0.0,{},{},0.0,4.850708,{},Action
11,7,0x16,1,2.832764,Match,Match,uuubbrrrf,180,"{'1': 223.1896747808583, '2': 43.1896747808583}","[0.0, 0.39, 5.29, 10.17, 15.04, 19.92, 24.8, 29.66, 34.5, 39.33, 44.14, 48.95, 53.75, 58.55, 63.34, 68.13, 72.92, 77.71, 82.49, 87.27, 92.05, 96.81, 101.57, 106.33, 111.09, 115.85, 120.6, 125.35, 130.1, 134.86, 139.61, 144.36, 149.11, 153.86, 158.6, 163.35, 168.07, 172.79, 177.44, 182.08, 186.71, 191.34, 195.97]","[1.220215, 1.235474, 1.248291, 1.262085, 1.275879, 1.289795, 1.303711, 1.317505, 1.331421, 1.345459, 1.359253, 1.373047, 1.387085, 1.400757, 1.414795, 1.428833, 1.442383, 1.456421, 1.470337, 1.484253, 1.498169, 1.511963, 1.525879, 1.539795, 1.553711, 1.567505, 1.581421, 1.595337, 1.609253, 1.623169, 1.636963, 1.650879, 1.664917, 1.678467, 1.692505, 1.706421, 1.720215, 1.734253, 1.748169, 1.761841, 1.775757, 1.789673, 1.803589]",1.0,{'1': 165.22409816039092},{'1': 0.5900000000000001},1.21,1.8,"{'1': {'start': 1.21, 'end': 1.8}}",Action
11,8,0x16,1,2.045532,Match,Match,lllllbbul,60,"{'1': 224.04015568621497, '2': 284.040155686215}","[0.0, 359.64, 356.01, 351.03, 346.05, 341.08, 336.11, 331.14, 326.17, 321.2, 316.23]","[1.140625, 1.154785, 1.168945, 1.182983, 1.196777, 1.210938, 1.224854, 1.240356, 1.252441, 1.266479, 1.280518]",1.0,{'1': 43.58662084194029},{'1': 0.1399999999999999},1.14,1.28,"{'1': {'start': 1.1400000000000001, 'end': 1.28}}",Action
11,9,0x16,1,6.541016,Match,Match,rbbbbbldd,180,"{'1': 55.35115654064422, '2': 235.3511565406442}","[0.0, 0.4, 5.24, 10.21, 15.19, 20.17, 25.14, 30.12, 35.09, 40.07, 45.05, 50.03, 55.01, 59.99, 64.97, 69.95, 74.94, 79.93, 84.92, 89.91, 94.9, 99.89, 104.88, 109.88, 114.88, 119.87, 124.87, 129.87, 134.87, 139.87, 144.87, 149.87, 154.87, 159.87, 164.87, 169.87, 174.87, 179.86, 184.86, 189.76]","[3.87439, 3.888306, 3.901855, 3.916016, 3.929932, 3.943481, 3.957642, 3.971558, 3.985107, 3.99939, 4.013428, 4.026978, 4.040649, 4.05481, 4.068726, 4.082275, 4.096558, 4.110596, 4.124023, 4.138062, 4.152344, 4.165649, 4.179688, 4.193726, 4.20752, 4.221069, 4.235229, 4.249512, 4.262817, 4.276978, 4.290894, 4.304565, 4.318726, 4.33252, 4.345947, 4.360352, 4.374512, 4.388184, 4.401733, 4.415771]",1.0,{'1': 172.25438239065397},{'1': 0.54},3.87,4.41,"{'1': {'start': 3.87, 'end': 4.41}}",Action
11,10,0x16,1,2.989502,Match,Match,llbbbbbru,180,"{'1': 200.37032755351868, '2': 20.370327553518678}","[0.0, 1.97, 6.92, 11.87, 16.81, 21.75, 26.69, 31.63, 36.57, 41.51, 46.45, 51.39, 56.33, 61.28, 66.22, 71.16, 76.1, 81.04, 85.99, 90.93, 95.87, 100.81, 105.76, 110.7, 115.64, 120.59, 125.53, 130.47, 135.42, 140.36, 145.31, 150.25, 155.19, 160.14, 165.08, 170.02, 174.98, 179.95, 184.75]","[1.153198, 1.166992, 1.180908, 1.194824, 1.208618, 1.236206, 1.250122, 1.264771, 1.279053, 1.293335, 1.307007, 1.321533, 1.335571, 1.349121, 1.363281, 1.377319, 1.391113, 1.405151, 1.419189, 1.433228, 1.446655, 1.460938, 1.475098, 1.488647, 1.502686, 1.516846, 1.530518, 1.544434, 1.558472, 1.572388, 1.585815, 1.60022, 1.614136, 1.627563, 1.641724, 1.655762, 1.669312, 1.683594, 1.69751]",1.0,{'1': 177.7864328830124},{'1': 0.5499999999999998},1.14,1.69,"{'1': {'start': 1.1400000000000001, 'end': 1.69}}",Action
11,11,0x16,1,3.068115,Match,Match,ffuuuurrf,60,"{'1': 56.84556754884658, '2': 356.8455675488466}",[],[],0.0,{},{},0.0,3.068115,{},Action
11,12,0x16,1,4.771973,Match,Match,lllbbbluu,60,"{'1': 22.95292868073701, '2': 82.95292868073702}","[0.0, 359.68, 358.01, 353.01, 348.01, 343.02, 338.02, 333.02, 328.02, 323.03, 318.03, 315.52]","[3.897217, 3.911133, 3.925049, 3.938843, 3.952271, 3.966431, 3.980347, 3.994263, 4.008545, 4.021973, 4.035767, 4.049316]",1.0,{'1': 42.69018276715324},{'1': 0.14000000000000012},3.9,4.04,"{'1': {'start': 3.9, 'end': 4.04}}",Action
11,13,0x16,1,4.356445,Match,Match,bbddbblll,180,"{'1': 46.00488897920435, '2': 226.00488897920434}","[0.0, 0.48, 3.76, 8.51, 13.26, 18.01, 22.76, 27.51, 32.26, 37.0, 41.74, 46.48, 51.22, 55.95, 60.69, 65.43, 70.17, 74.91, 79.65, 84.39, 89.13, 93.87, 98.61, 103.35, 108.09, 112.83, 117.57, 122.31, 127.05, 131.79, 136.53, 141.27, 146.01, 150.75, 155.49, 160.23, 164.97, 169.71, 174.45, 179.2]","[1.867065, 1.881104, 1.894775, 1.908936, 1.922852, 1.936401, 1.950317, 1.964355, 1.978027, 1.992188, 2.006104, 2.019897, 2.033447, 2.047729, 2.061768, 2.075317, 2.089355, 2.103394, 2.116943, 2.130737, 2.144775, 2.158569, 2.172852, 2.186523, 2.200439, 2.214111, 2.228149, 2.242188, 2.255859, 2.269897, 2.283936, 2.297485, 2.311523, 2.325562, 2.339111, 2.353271, 2.36731, 2.381226, 2.394653, 2.408691]",1.0,{'1': 176.25924989314714},{'1': 0.5399999999999998},1.86,2.4,"{'1': {'start': 1.86, 'end': 2.4}}",Action
11,14,0x16,1,3.751343,Match,Match,bbddbblll,180,"{'1': 251.69266340852414, '2': 71.69266340852414}","[0.0, 359.09, 356.69, 352.36, 347.47, 342.57, 337.68, 332.79, 327.9, 323.0, 318.11, 313.22, 308.31, 303.41, 298.5, 293.6, 288.69, 283.78, 278.86, 273.95, 269.04, 264.12, 259.19, 254.26, 249.33, 244.39, 239.45, 234.52]","[1.778809, 1.792725, 1.806396, 1.820679, 1.834473, 1.849365, 1.862305, 1.875854, 1.889404, 1.903564, 1.917725, 1.931396, 1.94519, 1.959473, 1.973145, 1.986816, 2.001099, 2.014893, 2.028564, 2.042847, 2.056763, 2.070313, 2.084595, 2.098511, 2.112305, 2.125977, 2.140259, 2.154053]",1.0,{'1': 124.03145063070892},{'1': 0.3799999999999999},1.77,2.15,"{'1': {'start': 1.77, 'end': 2.15}}",Action
11,15,0x16,1,3.544312,Match,Match,bbddbblll,120,"{'1': 160.2379903242456, '2': 280.23799032424563}","[0.0, 0.0, 359.62, 359.2, 357.98, 356.43, 353.1, 348.69, 343.73, 338.77, 333.82, 328.87, 323.92, 318.96, 314.01, 309.06, 304.1, 299.15, 294.2, 289.25, 284.29, 279.34, 274.39, 269.44, 264.48, 259.53, 254.58, 249.63, 244.67, 239.71, 237.35]","[2.155273, 2.169189, 2.18335, 2.197266, 2.211304, 2.224731, 2.238525, 2.252686, 2.266235, 2.280396, 2.294312, 2.307983, 2.322144, 2.33606, 2.349609, 2.363892, 2.377808, 2.391724, 2.405151, 2.419434, 2.433594, 2.447021, 2.46106, 2.474854, 2.488403, 2.50415, 2.516602, 2.529785, 2.544067, 2.557983, 2.572021]",1.0,{'1': 122.3102393503348},{'1': 0.4099999999999997},2.16,2.57,"{'1': {'start': 2.16, 'end': 2.57}}",Action
11,16,0x16,1,6.003174,Match,Match,lllbbbluu,60,"{'1': 122.50794918779356, '2': 62.50794918779356}","[0.0, 1.19, 5.25, 10.06, 14.83, 19.6, 24.36, 29.12, 33.88, 38.6, 43.28, 47.96, 51.22, 56.1, 60.96, 65.82, 70.66, 75.44, 80.19]","[1.94458, 1.958618, 1.97229, 1.986206, 2.000244, 2.014038, 2.027954, 2.041992, 2.055664, 2.06958, 2.083496, 5.030518, 5.0448, 5.05896, 5.072266, 5.086426, 5.100464, 5.113892, 5.128052]",2.0,"{'1': 43.290328636840854, '2': 29.545643722598967}","{'1': 0.15999999999999992, '2': 0.09999999999999964}",1.93,5.12,"{'1': {'start': 1.93, 'end': 2.09}, '2': {'start': 5.0200000000000005, 'end': 5.12}}",Action
11,17,0x16,1,4.229004,Match,Match,ddbbddddl,180,"{'1': 239.5046766855629, '2': 59.50467668556291}","[0.0, 0.47, 2.73, 6.89, 11.69, 16.5, 21.29, 26.09, 30.88, 35.64, 40.4, 45.13, 49.86, 54.58, 59.3, 64.02, 68.73, 73.45, 78.17, 82.89, 87.6, 92.32, 97.02, 101.73, 106.43, 111.14, 115.84, 120.54, 125.24, 129.94, 134.63, 139.32, 144.01, 148.7, 151.98, 152.96, 156.67, 160.62, 164.52, 168.4, 172.29, 176.16, 180.03, 183.91]","[1.825928, 1.839844, 1.854004, 1.86792, 1.88147, 1.895386, 1.909424, 1.923096, 1.937012, 1.953979, 1.965088, 1.978271, 1.992432, 2.00647, 2.020142, 2.034302, 2.048218, 2.062012, 2.075928, 2.090088, 2.10376, 2.117188, 2.13147, 2.145508, 2.159058, 2.173096, 2.187256, 2.200928, 2.214844, 2.22876, 2.242432, 2.25647, 2.270508, 2.284546, 2.297974, 3.034424, 3.048584, 3.062256, 3.076172, 3.090088, 3.104004, 3.117432, 3.131592, 3.145508]",2.0,"{'1': 151.98269601466492, '2': 24.68491129412473}","{'1': 0.4800000000000002, '2': 0.1200000000000001}",1.82,3.14,"{'1': {'start': 1.82, 'end': 2.3000000000000003}, '2': {'start': 3.02, 'end': 3.14}}",Action
11,18,0x16,1,1.998657,Match,Match,bdddddfll,0,"{'1': 151.81176844913617, '2': 151.81176844913617}",[],[],0.0,{},{},0.0,1.998657,{},Action
11,19,0x16,1,5.044067,Match,Match,bbddbblll,180,"{'1': 21.476201919829236, '2': 201.47620191982924}","[0.0, 0.0, 357.62, 354.74, 349.83, 344.91, 340.0, 335.08, 330.17, 325.26, 320.34, 315.43, 310.51, 305.6, 300.69, 295.77, 290.86, 285.94, 281.03, 276.11, 271.2, 266.28, 261.37, 256.44, 251.51, 246.57, 241.62, 236.67, 231.71, 226.75, 221.78, 218.38, 217.07, 214.57, 209.64, 204.7, 199.76, 194.82, 189.88, 184.94, 180.0, 175.06, 170.12, 165.19, 161.76, 162.09, 162.09, 163.28, 165.44, 170.16, 174.78, 179.22]","[1.02771, 1.041626, 1.055542, 1.069458, 1.083374, 1.097168, 1.111206, 1.125, 1.138794, 1.152832, 1.166748, 1.180542, 1.194458, 1.208374, 1.222168, 1.236084, 1.250122, 1.263794, 1.27771, 1.29187, 1.305542, 1.319336, 1.333374, 1.347168, 1.361084, 1.375122, 1.389038, 1.40271, 1.416626, 1.430542, 1.444336, 1.958252, 1.97229, 1.98584, 1.999756, 2.013794, 2.027588, 2.041504, 2.05542, 2.069336, 2.08313, 2.097046, 2.110962, 2.124756, 3.057617, 3.835815, 3.849976, 3.863403, 3.877686, 3.891724, 3.905396, 3.919556]",3.0,"{'1': 138.25747227173312, '2': 23.60531267821176, '3': 14.133627118644085}","{'1': 0.41999999999999993, '2': 0.17999999999999994, '3': 0.07000000000000028}",1.03,3.91,"{'1': {'start': 1.03, 'end': 1.45}, '2': {'start': 1.95, 'end': 2.13}, '3': {'start': 3.84, 'end': 3.91}}",Action
11,20,0x16,1,4.029541,Match,Match,rbbbdddff,120,"{'1': 38.70008044924079, '2': 278.7000804492408}","[0.0, 0.93, 4.22, 9.21, 14.2, 19.19, 24.17, 29.16, 34.15, 39.15, 44.14, 49.14, 54.14, 59.14, 64.14, 69.14, 74.14, 79.14, 84.13, 89.13, 94.13, 99.13, 104.12, 109.1, 114.09, 119.07, 124.05, 129.03, 134.01, 138.99, 143.97, 148.95, 153.92, 158.89, 163.85, 168.78, 170.55, 170.55, 168.94, 164.23, 159.26, 154.28, 149.31, 144.33, 139.33, 134.34]","[1.3479, 1.361694, 1.375854, 1.390259, 1.403442, 1.417603, 1.431519, 1.445435, 1.458984, 1.473145, 1.487183, 1.50061, 1.514893, 1.528809, 1.542358, 1.556519, 1.570557, 1.584229, 1.598389, 1.612305, 1.626343, 1.639648, 1.653931, 1.667847, 1.681641, 1.695679, 1.709595, 1.723145, 1.737305, 1.751221, 1.765137, 1.778809, 1.792969, 1.807007, 1.820557, 1.834717, 3.042969, 3.057373, 3.071411, 3.084961, 3.098511, 3.112671, 3.126831, 3.140137, 3.154297, 3.168335]",2.0,"{'1': 168.7877392050665, '2': -33.24286035062309}","{'1': 0.5, '2': 0.1200000000000001}",1.34,3.16,"{'1': {'start': 1.34, 'end': 1.84}, '2': {'start': 3.04, 'end': 3.16}}",Action
11,21,0x16,1,3.849854,Match,Match,uubbbrrrb,180,"{'1': 18.09630436569893, '2': 198.09630436569893}","[0.0, 358.75, 355.82, 350.86, 345.93, 341.01, 336.09, 331.17, 326.26, 321.36, 316.47, 311.58, 306.7, 301.82, 296.94, 292.07, 287.19, 282.32, 277.44, 272.57, 267.7, 262.82, 257.95, 253.07, 248.2, 243.33, 238.45, 233.58, 228.71, 223.84, 218.96, 214.09, 209.22, 204.35, 199.47, 194.6, 189.7, 185.37]","[1.779907, 1.793945, 1.807861, 1.821777, 1.835571, 1.849609, 1.863525, 1.877441, 1.890869, 1.905151, 1.919067, 1.932617, 1.946899, 1.960815, 1.974365, 1.988525, 2.002563, 2.016479, 2.029907, 2.044189, 2.058105, 2.071655, 2.085938, 2.099854, 2.113525, 2.127563, 2.141479, 2.155151, 2.169189, 2.183228, 2.197144, 2.210571, 2.224609, 2.238647, 2.252075, 2.266357, 2.280396, 2.293823]",1.0,{'1': 173.39714158039766},{'1': 0.52},1.77,2.29,"{'1': {'start': 1.77, 'end': 2.29}}",Action
11,22,0x16,1,3.669556,Match,Match,llbbbrruu,60,"{'1': 329.3282715335102, '2': 269.3282715335102}","[0.0, 2.91, 7.77, 12.64, 17.5, 22.37, 27.24, 32.1, 36.97, 41.83, 46.68, 51.53, 56.37, 61.22, 66.06, 70.91, 75.75, 80.59, 85.43, 90.26]","[2.5448, 2.558594, 2.572876, 2.586792, 2.599976, 2.614136, 2.628174, 2.641968, 2.655396, 2.669678, 2.683838, 2.697266, 2.711182, 2.725342, 2.738892, 2.75293, 2.766846, 2.780518, 2.7948, 2.808838]",1.0,{'1': 87.21914375267141},{'1': 0.27},2.53,2.8000000000000003,"{'1': {'start': 2.5300000000000002, 'end': 2.8000000000000003}}",Action
11,23,0x16,1,1.957397,Match,Match,uuuubbbur,60,"{'1': 198.4757137131881, '2': 138.4757137131881}","[0.0, 0.68, 5.51, 10.33, 15.14, 19.96, 24.77, 29.58, 34.38, 39.15, 43.8]","[1.248535, 1.263062, 1.276733, 1.290894, 1.306152, 1.318848, 1.332031, 1.346191, 1.360107, 1.373657, 1.387939]",1.0,{'1': 41.21518344769645},{'1': 0.14000000000000012},1.24,1.38,"{'1': {'start': 1.24, 'end': 1.3800000000000001}}",Action
11,24,0x16,1,3.013062,Match,Match,uuuuubbul,60,"{'1': 232.14120598327415, '2': 292.1412059832742}","[0.0, 0.0, 0.0, 357.37, 353.39, 348.42, 343.46, 338.5, 334.39, 333.07]","[1.762451, 1.776855, 1.790894, 1.804932, 1.818115, 1.832275, 1.846313, 1.859863, 1.874023, 1.888062]",1.0,{'1': 26.171980198019828},{'1': 0.10000000000000009},1.78,1.88,"{'1': {'start': 1.78, 'end': 1.8800000000000001}}",Action
11,25,0x16,1,2.455811,Mismatch,Mismatch,rrrrbbbdr,60,"{'1': 297.8715068359218, '2': 357.8715068359218}",[],[],0.0,{},{},0.0,2.455811,{},Action
11,26,0x16,1,1.967407,Mismatch,Mismatch,ffuubllll,60,"{'1': 244.25091033104428, '2': 304.2509103310443}",[],[],0.0,{},{},0.0,1.967407,{},Action
11,27,0x16,1,8.389648,Mismatch,Mismatch,bbbdddrrb,0,"{'1': 215.06239967681267, '2': 215.06239967681267}","[0.0, 359.64, 358.38, 356.21, 351.22, 346.24, 341.26, 336.27, 331.29, 326.31, 321.32, 316.34, 311.36, 306.37, 301.39, 296.41, 291.42, 286.44, 281.46, 276.47, 271.49, 266.5, 261.51, 256.51, 251.51, 246.51, 241.51, 236.51, 231.51, 226.51, 221.51, 217.09, 215.83, 214.9, 213.2, 208.73, 203.76, 198.79, 193.83, 188.87, 184.71]","[4.139648, 4.153687, 4.167114, 4.181152, 4.19519, 4.208618, 4.225464, 4.236816, 4.250366, 4.264282, 4.278442, 4.292236, 4.305664, 4.319946, 4.333862, 4.347534, 4.361816, 4.375854, 4.38916, 4.403198, 4.417358, 4.431274, 4.44458, 4.45874, 4.472778, 4.486328, 4.500732, 4.514648, 4.528076, 4.542114, 4.556274, 4.569702, 5.153564, 5.167236, 5.181274, 5.19519, 5.208618, 5.222778, 5.236816, 5.250244, 5.264404]",2.0,"{'1': 142.9106430971702, '2': 29.855441202991415}","{'1': 0.4400000000000004, '2': 0.1200000000000001}",4.13,5.26,"{'1': {'start': 4.13, 'end': 4.57}, '2': {'start': 5.14, 'end': 5.26}}",Action
11,28,0x16,1,4.320435,Mismatch,Mismatch,bbdddbrrr,120,"{'1': 243.75805400136827, '2': 123.75805400136827}","[0.0, 359.26, 356.74, 351.83, 346.95, 342.1, 337.29, 332.48, 327.69, 322.9, 318.11, 313.32]","[3.445313, 3.459595, 3.473267, 3.487305, 3.501221, 3.514893, 3.528809, 3.542725, 3.556763, 3.57019, 3.584351, 3.598389]",1.0,{'1': 43.81753312437666},{'1': 0.1499999999999999},3.44,3.59,"{'1': {'start': 3.44, 'end': 3.59}}",Action
11,29,0x16,1,4.042603,Mismatch,Mismatch,uubbbbruu,0,"{'1': 200.87502671914626, '2': 200.87502671914626}","[0.0, 0.0, 0.0, 358.4, 353.58, 348.77, 344.0, 339.24, 334.5, 329.75, 325.02, 320.28, 315.54, 310.8, 306.06, 301.32, 296.59, 291.85, 287.12, 282.38, 277.65, 272.91, 268.17, 263.44, 258.7, 253.97, 249.23, 244.49, 239.76, 235.02, 230.29, 225.55, 220.82, 216.09, 211.35, 206.62, 201.88, 197.15, 192.41, 187.68, 182.94, 178.2]","[2.053833, 2.067749, 2.081665, 2.095581, 2.109497, 2.123291, 2.137329, 2.151001, 2.164917, 2.178955, 2.192749, 2.206665, 2.220703, 2.234375, 2.248169, 2.262085, 2.276123, 2.289917, 2.303833, 2.317871, 2.331543, 2.345459, 2.359375, 2.373169, 2.387085, 2.401001, 2.414917, 2.428833, 2.442627, 2.456665, 2.470337, 2.484253, 2.498291, 2.512085, 2.525879, 2.539917, 2.553711, 2.567627, 2.581543, 2.595459, 2.609375, 2.623169]",1.0,{'1': 177.93809917355372},{'1': 0.5500000000000003},2.07,2.62,"{'1': {'start': 2.07, 'end': 2.62}}",Action
11,30,0x16,1,2.348511,Mismatch,Mismatch,bbbdddrrb,120,"{'1': 140.46271925381365, '2': 20.462719253813646}",[],[],0.0,{},{},0.0,2.348511,{},Action
11,31,0x16,1,4.897095,Mismatch,Mismatch,bdddbllll,120,"{'1': 236.77556671541006, '2': 116.77556671541006}","[0.0, 2.92, 7.89, 12.86, 17.82, 22.79, 27.74, 32.68, 37.62, 42.55, 47.48, 52.41, 57.34, 62.26, 65.35, 65.35, 65.58, 69.01, 73.66, 78.29, 82.92, 87.55, 92.15, 96.7, 101.22, 105.72, 110.23]","[2.494019, 2.508301, 2.522217, 2.536011, 2.549438, 2.563232, 2.577148, 2.590942, 2.605103, 2.619141, 2.63269, 2.646851, 2.661011, 2.674561, 2.688721, 3.257935, 3.271973, 3.285889, 3.299805, 3.313232, 3.327393, 3.341431, 3.354858, 3.369019, 3.383057, 3.396851, 3.4104]",2.0,"{'1': 65.35, '2': 44.71302047521742}","{'1': 0.20999999999999996, '2': 0.1499999999999999}",2.48,3.41,"{'1': {'start': 2.48, 'end': 2.69}, '2': {'start': 3.2600000000000002, 'end': 3.41}}",Action
11,32,0x16,1,2.140625,Mismatch,Mismatch,bbbdddrrb,180,"{'1': 251.4990780690253, '2': 71.49907806902529}",[],[],0.0,{},{},0.0,2.140625,{},Action
11,33,0x16,1,3.600952,Mismatch,Mismatch,lllbbbluu,180,"{'1': 22.946122691354294, '2': 202.9461226913543}","[0.0, 356.44, 352.81, 349.19, 345.56, 341.93, 338.31, 334.68, 331.05, 327.43, 323.8, 320.17, 316.55, 312.92, 309.29, 305.66, 302.03, 298.4, 294.77, 291.14, 287.5, 283.87, 280.24, 276.61, 272.98, 269.35, 265.71, 262.08, 258.45, 254.82, 251.19, 247.56, 243.93, 240.29, 236.66, 233.03, 229.4, 225.77, 222.14, 218.5]","[1.96167, 1.97583, 1.989258, 2.00354, 2.017578, 2.031128, 2.045288, 2.059204, 2.072998, 2.08728, 2.10083, 2.114258, 2.12854, 2.1427, 2.157837, 2.169922, 2.183594, 2.197632, 2.211304, 2.225342, 2.23938, 2.253052, 2.267334, 2.281372, 2.295288, 2.308716, 2.32312, 2.337036, 2.350586, 2.364746, 2.378662, 2.392334, 2.406372, 2.42041, 2.434082, 2.448364, 2.462158, 2.475952, 2.489746, 2.503784]",1.0,{'1': 140.51882319418723},{'1': 0.55},1.95,2.5,"{'1': {'start': 1.95, 'end': 2.5}}",Action
11,34,0x16,1,3.640381,Mismatch,Mismatch,ddbbddddl,180,"{'1': 161.9683685505486, '2': 341.9683685505486}",[],[],0.0,{},{},0.0,3.640381,{},Action
11,35,0x16,1,4.239624,Mismatch,Mismatch,bddrbbbbb,0,"{'1': 24.093263937777174, '2': 24.093263937777174}","[0.0, 3.82, 8.8, 13.78, 18.76, 23.74, 28.72, 33.68, 38.65, 43.6, 48.56, 53.52, 58.47, 63.42, 68.38, 73.33, 78.29, 83.24, 88.2, 93.15, 98.11, 103.07, 108.02, 112.98, 117.93, 122.89, 127.84, 132.8, 137.75, 142.71, 147.66, 152.62, 157.57, 162.53, 167.49, 172.44, 177.39, 182.34, 187.27, 192.19, 197.11, 202.01]","[1.959229, 1.973267, 1.987061, 2.000854, 2.014893, 2.029053, 2.042603, 2.056519, 2.070435, 2.084229, 2.098145, 2.112061, 2.125854, 2.139771, 2.153809, 2.16748, 2.181396, 2.195435, 2.209229, 2.223145, 2.237061, 2.250854, 2.264771, 2.278687, 2.292603, 2.306396, 2.320313, 2.334229, 2.348145, 2.361938, 2.375854, 2.389771, 2.403564, 2.41748, 2.431519, 2.445313, 2.459106, 2.473022, 2.486816, 2.500732, 2.514648, 2.528809]",1.0,{'1': 177.4073455015809},{'1': 0.51},1.95,2.46,"{'1': {'start': 1.95, 'end': 2.46}}",Action
11,36,0x16,1,3.670044,Mismatch,Mismatch,dbbbblllu,60,"{'1': 339.0271974589384, '2': 39.0271974589384}","[0.0, 3.09, 8.05, 13.0, 17.96, 22.91, 27.87, 32.8, 37.73, 42.66, 47.58, 52.5, 57.41, 62.33, 67.24, 72.15, 77.06, 81.97, 86.88, 91.8, 96.7, 101.61, 106.52, 111.42, 116.32, 121.21, 126.1, 130.98, 135.86, 140.75, 145.62, 150.5, 155.38, 160.25, 165.13, 170.0, 174.88, 179.75, 184.63, 189.51, 194.38, 199.26, 204.13, 206.95]","[1.056396, 1.070313, 1.084106, 1.098145, 1.112061, 1.125977, 1.139771, 1.153809, 1.167603, 1.181396, 1.19519, 1.209351, 1.223145, 1.236938, 1.250854, 1.264771, 1.278564, 1.29248, 1.306396, 1.32019, 1.334229, 1.348145, 1.361816, 1.375732, 1.389771, 1.403564, 1.417358, 1.431396, 1.44519, 1.459106, 1.473022, 1.486938, 1.50061, 1.514648, 1.528564, 1.542358, 1.556274, 1.570313, 1.584106, 1.5979, 1.611816, 1.625854, 1.639526, 1.653442]",1.0,{'1': 153.7475021557919},{'1': 0.6100000000000001},1.04,1.65,"{'1': {'start': 1.04, 'end': 1.6500000000000001}}",Action
11,37,0x16,1,1.723389,Mismatch,Mismatch,lllbbbubb,120,"{'1': 143.46738286072207, '2': 23.46738286072207}",[],[],0.0,{},{},0.0,1.723389,{},Action
11,38,0x16,1,2.411133,Mismatch,Mismatch,uuuuubbul,0,"{'1': 59.6810896655205, '2': 59.6810896655205}","[0.0, 0.0, 1.28, 3.21, 5.32, 7.54, 9.76]","[1.396729, 1.410522, 1.424561, 1.438354, 1.452271, 1.466187, 1.480225]",1.0,{'1': 9.724418008263298},{'1': 0.07999999999999985},1.4,1.48,"{'1': {'start': 1.4000000000000001, 'end': 1.48}}",Action
11,39,0x16,1,7.53064,Mismatch,Mismatch,ffuulllbb,60,"{'1': 232.1359529567681, '2': 172.1359529567681}","[0.0, 0.19, 3.8, 8.75, 13.68, 18.6, 23.52, 28.42, 33.31, 38.19, 43.06, 47.93, 52.79, 57.61, 62.42, 67.21, 71.96, 76.7, 81.42, 86.15, 90.87, 95.58, 100.3, 101.75, 103.98, 108.9, 113.82, 118.7, 123.58, 128.45, 133.3, 138.15]","[2.71106, 2.72522, 2.738525, 2.752563, 2.766724, 2.780151, 2.794189, 2.808228, 2.821777, 2.83606, 2.849854, 2.863281, 2.877441, 2.891357, 2.905273, 2.918945, 2.932983, 2.947144, 2.960815, 2.974854, 2.98877, 3.002197, 3.016235, 3.766479, 3.780273, 3.794434, 3.811035, 3.822144, 3.835205, 3.849487, 3.863281, 3.877441]",2.0,"{'1': 100.30727663266883, '2': 33.883201439576084}","{'1': 0.31000000000000005, '2': 0.1200000000000001}",2.71,3.87,"{'1': {'start': 2.71, 'end': 3.02}, '2': {'start': 3.75, 'end': 3.87}}",Action
11,40,0x16,1,4.694458,Mismatch,Mismatch,ffuuuurrf,120,"{'1': 114.20773653644045, '2': 234.20773653644045}",[],[],0.0,{},{},0.0,4.694458,{},Action
11,41,0x16,1,9.55957,Mismatch,Mismatch,dbbbblllu,120,"{'1': 213.0180290025716, '2': 93.01802900257161}","[0.0, 1.08, 4.08, 9.04, 13.97, 18.9, 23.83, 28.75, 33.68, 38.6, 43.52, 48.45, 53.37, 58.29, 63.21, 68.13, 73.05, 77.97, 82.89, 87.81, 92.73, 97.65, 102.57, 107.49, 112.41, 117.33, 122.25, 127.17, 132.09, 137.01, 141.93, 146.85, 151.77, 156.69, 156.34, 154.92, 150.84, 145.9, 140.9, 135.9, 130.9, 125.9, 123.41, 123.07, 122.07, 120.56, 118.31, 115.7, 111.83, 106.88, 101.95, 97.02, 92.1, 87.18, 82.26, 77.33, 72.41, 67.49, 62.57, 57.65, 52.73, 47.8, 42.88, 37.96, 33.04, 28.09, 23.48, 22.18, 20.88, 19.57, 14.65, 9.76, 4.87, 359.99, 355.12, 350.27, 345.43, 340.6, 335.77, 330.95, 326.13, 321.31, 316.49, 311.68, 306.86, 302.04, 297.23, 292.42, 287.61, 282.79, 277.98, 273.17, 268.35, 263.54, 259.4, 258.73, 258.28, 257.02, 254.63, 251.95, 249.11, 246.28]","[1.250732, 1.264771, 1.278564, 1.292358, 1.306396, 1.320313, 1.334106, 1.348389, 1.362061, 1.375732, 1.389648, 1.403687, 1.418945, 1.431274, 1.445313, 1.459106, 1.473022, 1.486938, 1.500732, 1.514526, 1.528564, 1.54248, 1.556274, 1.57019, 1.584351, 1.598145, 1.611938, 1.625854, 1.639648, 1.653442, 1.66748, 1.681396, 1.695068, 2.44519, 2.458862, 2.472778, 2.486694, 2.50061, 2.514404, 2.52832, 2.542236, 2.556152, 4.697876, 4.712402, 4.725952, 4.73999, 4.753784, 4.767456, 4.780884, 4.795044, 4.809204, 4.822998, 4.836792, 4.850708, 4.86438, 4.878418, 4.892578, 4.906006, 4.920166, 4.934204, 4.947998, 4.961548, 4.975586, 4.989746, 5.003418, 5.017456, 5.03125, 7.920776, 7.934814, 7.948608, 7.96228, 7.976196, 7.990234, 8.003662, 8.017822, 8.031738, 8.045532, 8.059692, 8.073486, 8.087402, 8.101074, 8.11499, 8.12915, 8.142456, 8.156494, 8.170654, 8.184204, 8.198364, 8.21228, 8.22644, 8.240112, 8.253906, 8.267944, 8.281372, 8.295532, 9.003662, 9.018066, 9.032104, 9.04541, 9.05957, 9.073486, 9.087402]",5.0,"{'1': 151.80234865795165, '2': -30.760432879028272, '3': -99.88422163801705, '4': 78.4193792850693, '5': 10.948171628084651}","{'1': 0.45999999999999996, '2': 0.1200000000000001, '3': 0.33999999999999986, '4': 0.39000000000000057, '5': 0.08000000000000007}",1.24,9.08,"{'1': {'start': 1.24, 'end': 1.7}, '2': {'start': 2.44, 'end': 2.56}, '3': {'start': 4.7, 'end': 5.04}, '4': {'start': 7.91, 'end': 8.3}, '5': {'start': 9.0, 'end': 9.08}}",Action
11,42,0x16,1,2.108765,Mismatch,Mismatch,ddbbddddl,180,"{'1': 109.70371459658752, '2': 289.70371459658753}",[],[],0.0,{},{},0.0,2.108765,{},Action
11,43,0x16,1,3.778564,Mismatch,Mismatch,uuubbrrrf,180,"{'1': 227.18196138578503, '2': 47.18196138578503}",[],[],0.0,{},{},0.0,3.778564,{},Action
11,44,0x16,1,6.839966,Mismatch,Mismatch,bbdddbrrr,120,"{'1': 223.64366454463482, '2': 103.64366454463482}","[0.0, 0.0, 359.72, 359.01, 356.56, 352.43, 347.62, 342.85, 338.12, 333.39, 328.67, 323.99, 319.32, 314.7]","[5.284424, 5.298218, 5.312378, 5.326294, 5.340088, 5.353638, 5.367798, 5.381714, 5.395264, 5.409302, 5.423096, 5.436768, 5.45105, 5.466431]",1.0,{'1': 43.333079466301655},{'1': 0.16000000000000014},5.3,5.46,"{'1': {'start': 5.3, 'end': 5.46}}",Action
11,45,0x16,1,5.578735,Mismatch,Mismatch,rrrrbbbdr,180,"{'1': 71.86019701447307, '2': 251.86019701447307}","[0.0, 0.42, 1.82, 5.68, 10.65, 15.62, 20.59, 25.56, 30.53, 35.5, 40.46, 45.42, 50.38, 55.34, 60.29, 65.24, 70.19, 75.14, 80.08, 85.03, 89.98, 94.92, 99.87, 104.81, 109.75, 114.69, 119.63, 124.57, 129.51, 134.45, 139.39, 144.33, 149.27, 154.21, 159.11, 164.0]","[3.367065, 3.381104, 3.395142, 3.408936, 3.422363, 3.436523, 3.450317, 3.463745, 3.478271, 3.492065, 3.505371, 3.519897, 3.533936, 3.547852, 3.561035, 3.575317, 3.590454, 3.602783, 3.616943, 3.630737, 3.644165, 3.658569, 3.672363, 3.686157, 3.700562, 3.714355, 3.728271, 3.741699, 3.755981, 3.769775, 3.783203, 3.797607, 3.811768, 3.825073, 3.839111, 3.853394]",1.0,{'1': 162.83801302247426},{'1': 0.4900000000000002},3.36,3.85,"{'1': {'start': 3.36, 'end': 3.85}}",Action
11,46,0x16,1,3.948242,Mismatch,Mismatch,bddrddddd,120,"{'1': 22.720737489458664, '2': 262.72073748945866}","[0.0, 359.79, 358.61, 353.7, 348.8, 343.89, 338.99, 334.08, 329.18, 324.27, 319.37, 316.62]","[2.017212, 2.031616, 2.045654, 2.059082, 2.073242, 2.08728, 2.101074, 2.114746, 2.128784, 2.143311, 2.15625, 2.169922]",1.0,{'1': 41.34363177553406},{'1': 0.14000000000000012},2.02,2.16,"{'1': {'start': 2.02, 'end': 2.16}}",Action
11,47,0x16,1,1.809937,Mismatch,Mismatch,lllllbbul,0,"{'1': 42.69994123636518, '2': 42.69994123636518}",[],[],0.0,{},{},0.0,1.809937,{},Action
11,48,0x16,1,3.348999,Mismatch,Mismatch,ffffuulff,120,"{'1': 38.65036846662754, '2': 278.6503684666275}","[0.0, 359.58, 357.74, 354.66, 349.73, 344.82, 339.9, 334.98, 330.06, 325.15, 320.24, 315.33]","[1.749146, 1.763184, 1.7771, 1.790894, 1.80481, 1.818726, 1.832642, 1.846436, 1.860596, 1.874146, 1.888184, 1.901978]",1.0,{'1': 43.96592721473112},{'1': 0.16000000000000014},1.74,1.9,"{'1': {'start': 1.74, 'end': 1.9000000000000001}}",Action
11,49,0x16,1,2.90686,Mismatch,Mismatch,rbbbbbldd,180,"{'1': 25.6539646124735, '2': 205.6539646124735}",[],[],0.0,{},{},0.0,2.90686,{},Action
12,0,0x4C,2,2.82959,Match,Match,uuubbrrrf,180,"{'1': 217.2601210465354, '2': 37.2601210465354}","[0.0, 1.21, 6.12, 11.02, 15.92, 20.82, 25.72, 30.61, 35.5, 40.39, 45.28, 50.17, 55.06, 59.94, 64.83, 69.72, 74.61, 79.5, 84.38, 89.27, 94.16, 99.05, 103.94, 108.83, 113.71, 118.6, 123.49, 128.38, 133.27, 138.16, 143.05, 147.93, 152.82, 157.71, 162.6, 167.49, 170.84, 172.44, 172.84, 173.21, 174.3, 175.74, 177.29, 178.93, 180.56, 182.18, 183.32]","[0.7719727, 0.7861328, 0.8000488, 0.814209, 0.828125, 0.8344727, 0.8481445, 0.8662109, 0.880127, 0.894043, 0.907959, 0.921875, 0.935791, 0.949707, 0.963623, 0.9775391, 0.9914551, 1.005371, 1.019287, 1.033203, 1.047363, 1.061279, 1.075195, 1.089111, 1.103027, 1.116943, 1.130859, 1.144775, 1.158691, 1.172607, 1.186523, 1.200439, 1.214355, 1.228516, 1.242188, 1.256104, 1.27002, 1.28418, 1.938232, 1.952148, 1.966309, 1.97998, 1.993896, 2.008057, 2.021973, 2.035889, 2.049805]",1.0,{'1': 172.4435593500211},{'1': 0.53},0.76,1.29,"{'1': {'start': 0.76, 'end': 1.29}}",Action
12,1,0x4C,2,3.026855,Match,Match,ffuulllbb,60,"{'1': 60.67147367605956, '2': 0.6714736760595628}","[0.0, 0.0, 1.15, 3.14, 6.09, 9.12, 12.35, 15.69, 19.04, 22.39, 25.74, 28.74, 30.87, 32.04, 32.28, 32.28, 33.1, 34.18, 35.77, 37.68, 39.8, 42.01, 44.26, 46.51, 48.76, 50.47, 51.65, 52.19, 52.65, 53.77, 54.98, 56.86, 58.91, 60.98, 63.09, 65.19, 67.13, 68.4]","[0.7399902, 0.7539063, 0.7678223, 0.7819824, 0.7956543, 0.8095703, 0.8234863, 0.8374023, 0.8513184, 0.8652344, 0.8791504, 0.8930664, 0.9072266, 0.9211426, 1.088135, 1.102051, 1.115967, 1.129883, 1.143799, 1.157959, 1.171631, 1.185547, 1.199707, 1.213379, 1.227295, 1.241699, 1.255127, 1.675293, 1.689697, 1.703613, 1.717773, 1.734131, 1.745605, 1.758789, 1.772217, 1.786621, 1.800781, 1.814209]",3.0,"{'1': 31.943934895084794, '2': 19.376262810413024, '3': 15.818721721286842}","{'1': 0.18000000000000005, '2': 0.16999999999999993, '3': 0.14000000000000012}",0.74,1.81,"{'1': {'start': 0.74, 'end': 0.92}, '2': {'start': 1.09, 'end': 1.26}, '3': {'start': 1.67, 'end': 1.81}}",Action
12,2,0x4C,2,12.14771,Match,Match,dbbbblllu,60,"{'1': 243.43067050945245, '2': 183.43067050945245}","[0.0, 0.0, 4.87, 9.84, 14.81, 19.76, 24.72, 29.67, 34.62, 39.56, 44.51, 49.45, 54.39, 59.34, 62.5, 62.7, 63.1, 67.8, 72.77, 77.74, 82.71, 87.68, 92.68, 97.68, 98.74, 98.74, 98.74, 98.74, 98.74, 98.74, 98.43, 96.27, 93.43, 89.38, 85.0, 80.58, 76.17, 71.74, 68.71]","[0.8505859, 0.864502, 0.878418, 0.892334, 0.90625, 0.920166, 0.934082, 0.947998, 0.9621582, 0.9760742, 0.9899902, 1.003906, 1.017578, 1.031494, 1.045654, 1.352051, 1.365967, 1.379639, 1.393555, 1.407715, 1.421631, 1.435303, 1.449463, 1.463379, 1.477295, 2.033936, 2.048096, 2.062012, 2.075684, 2.787598, 2.802002, 2.815674, 2.829834, 2.843994, 2.857422, 2.871826, 2.885742, 2.899414, 2.913818]",3.0,"{'1': 62.50283684239728, '2': 36.04133878595416, '3': -29.175156900860898}","{'1': 0.20000000000000007, '2': 0.1299999999999999, '3': 0.1200000000000001}",0.85,2.91,"{'1': {'start': 0.85, 'end': 1.05}, '2': {'start': 1.35, 'end': 1.48}, '3': {'start': 2.79, 'end': 2.91}}",Action
12,3,0x4C,2,3.550781,Match,Match,bddrddddd,180,"{'1': 52.87628235785667, '2': 232.87628235785667}","[0.0, 0.63, 5.63, 10.63, 15.63, 20.63, 25.63, 30.63, 35.62, 40.61, 45.59, 50.57, 55.54, 60.52, 65.5, 70.47, 75.43, 78.99, 80.88, 81.74, 81.74, 82.82, 87.74, 92.66, 97.57, 102.47, 107.37, 112.27, 117.17, 122.07, 126.96, 131.84, 136.73, 141.62, 144.66, 145.49, 145.75, 150.66, 155.58, 160.44, 165.28, 170.1, 174.92, 179.73, 184.54, 189.35, 194.16, 198.97, 203.78, 208.24]","[0.8737793, 0.8876953, 0.9016113, 0.9155273, 0.9294434, 0.9433594, 0.9575195, 0.9714355, 0.9851074, 0.9992676, 1.013184, 1.026855, 1.040771, 1.055176, 1.068848, 1.082764, 1.096924, 1.110596, 1.124512, 1.583984, 1.5979, 1.611816, 1.625732, 1.639648, 1.653564, 1.66748, 1.681396, 1.695557, 1.709229, 1.723145, 1.737305, 1.750977, 1.764893, 1.779053, 1.792725, 2.255127, 2.268799, 2.283203, 2.297119, 2.311035, 2.324463, 2.338867, 2.352783, 2.366211, 2.380615, 2.394775, 2.408203, 2.422363, 2.436523, 2.450195]",3.0,"{'1': 80.89027196434168, '2': 62.9330584426538, '3': 6.342814597756728}","{'1': 0.27000000000000013, '2': 0.20999999999999996, '3': 0.20000000000000018}",0.86,2.45,"{'1': {'start': 0.86, 'end': 1.1300000000000001}, '2': {'start': 1.59, 'end': 1.8}, '3': {'start': 2.25, 'end': 2.45}}",Action
12,4,0x4C,2,1.71582,Match,Match,bbbdddrrb,60,"{'1': 61.84319834537056, '2': 121.84319834537055}","[0.0, 359.69, 359.38, 356.86, 354.33, 349.33, 344.33, 339.33, 334.33, 329.33, 324.33, 319.33, 314.33, 309.33, 307.35]","[0.8522949, 0.8662109, 0.8803711, 0.894043, 0.9082031, 0.9221191, 0.935791, 0.949707, 0.9638672, 0.9775391, 0.9914551, 1.005615, 1.019531, 1.033447, 1.047363]",1.0,{'1': 51.20942339385795},{'1': 0.17000000000000004},0.87,1.04,"{'1': {'start': 0.87, 'end': 1.04}}",Action
12,5,0x4C,2,2.13208,Match,Match,dbbbblllu,120,"{'1': 62.77164809514352, '2': 302.7716480951435}","[0.0, 0.86, 2.5, 7.41, 12.3, 17.19, 22.07, 26.96, 31.85, 36.73, 41.62, 46.51, 51.4, 56.28, 61.17, 66.06, 70.94, 75.83, 80.72, 85.6, 90.49, 95.37, 100.26, 105.15, 110.03, 114.92, 119.8, 122.51]","[0.7990723, 0.8132324, 0.8269043, 0.8410645, 0.8549805, 0.8686523, 0.8828125, 0.8967285, 0.9106445, 0.9240723, 0.9384766, 0.9526367, 0.9663086, 0.9802246, 0.9873047, 1.0, 1.018066, 1.032227, 1.045898, 1.059814, 1.073975, 1.087891, 1.101807, 1.115723, 1.129639, 1.143555, 1.157471, 1.171387]",1.0,{'1': 122.23989580339178},{'1': 0.3799999999999999},0.79,1.17,"{'1': {'start': 0.79, 'end': 1.17}}",Action
12,6,0x4C,2,4.321533,Match,Match,ffuulllbb,0,"{'1': 199.56797102015963, '2': 199.56797102015963}","[0.0, 1.93, 6.92, 11.91, 16.89, 21.88, 26.87, 31.85, 36.84, 41.83, 46.81, 51.79, 56.78, 61.76, 66.74, 70.4, 73.24, 75.08, 75.08, 75.51, 76.59, 78.23, 80.27, 82.38, 84.51, 86.64, 88.22, 88.03, 86.71, 81.72, 76.73, 71.74, 66.76, 61.77, 56.79, 51.81, 46.82, 41.84, 36.86, 31.88, 29.49, 29.49, 29.16, 28.74, 27.69, 26.39, 25.09, 23.8, 23.09, 23.09, 22.53, 21.2, 19.58, 17.81, 16.02, 14.22]","[0.8928223, 0.9067383, 0.9208984, 0.9345703, 0.9484863, 0.9626465, 0.9765625, 0.9902344, 1.004395, 1.018311, 1.031982, 1.045898, 1.060059, 1.07373, 1.087891, 1.101807, 1.115479, 1.129639, 1.758789, 1.773193, 1.787109, 1.800781, 1.815186, 1.828857, 1.842529, 1.856934, 2.413574, 2.427979, 2.44165, 2.456055, 2.469727, 2.483154, 2.497803, 2.511719, 2.525146, 2.539063, 2.553223, 2.567139, 2.580811, 2.594971, 2.609131, 2.831787, 2.845947, 2.859863, 2.873779, 2.887451, 2.901367, 2.915283, 3.430664, 3.44458, 3.45874, 3.472656, 3.486572, 3.500488, 3.51416, 3.527832]",3.0,"{'1': 75.08, '2': 11.568702716297793, '3': -58.7198553463639}","{'1': 0.2500000000000001, '2': 0.1100000000000001, '3': 0.19999999999999973}",0.88,2.61,"{'1': {'start': 0.88, 'end': 1.1300000000000001}, '2': {'start': 1.75, 'end': 1.86}, '3': {'start': 2.41, 'end': 2.61}}",Action
12,7,0x4C,2,3.275391,Match,Match,uuubbrrrf,180,"{'1': 223.1896747808583, '2': 43.1896747808583}","[0.0, 1.07, 6.06, 11.05, 16.04, 21.03, 26.03, 31.02, 36.01, 41.0, 46.0, 50.99, 55.99, 60.98, 65.98, 70.98, 75.98, 80.98, 85.98, 90.98, 95.98, 100.97, 105.97, 110.97, 115.97, 120.97, 125.97, 130.97, 135.97, 140.97, 142.8, 143.15, 143.49, 143.83, 146.71, 151.71, 156.71, 161.71, 166.69, 171.64, 173.67, 173.67, 174.61, 175.63, 176.65, 177.69, 178.71, 179.74, 180.76]","[0.7375488, 0.7514648, 0.765625, 0.7792969, 0.7939453, 0.807373, 0.8212891, 0.8349609, 0.8491211, 0.862793, 0.8769531, 0.8908691, 0.9047852, 0.9187012, 0.9326172, 0.9465332, 0.9604492, 0.9743652, 0.9882813, 1.002197, 1.016113, 1.030029, 1.044189, 1.057861, 1.071777, 1.085938, 1.099609, 1.113525, 1.127686, 1.141357, 1.155273, 1.545898, 1.560059, 1.574707, 1.589111, 1.603027, 1.616455, 1.630859, 1.64502, 1.658447, 1.672852, 2.188965, 2.202881, 2.217041, 2.230957, 2.244873, 2.258301, 2.272705, 2.286621]",2.0,"{'1': 142.804235392, '2': 30.181416566626638}","{'1': 0.42999999999999994, '2': 0.11999999999999988}",0.73,1.68,"{'1': {'start': 0.73, 'end': 1.16}, '2': {'start': 1.56, 'end': 1.68}}",Action
12,8,0x4C,2,1.92749,Match,Match,lllllbbul,60,"{'1': 224.04015568621497, '2': 284.040155686215}","[0.0, 359.25, 356.95, 353.54, 348.81, 343.81, 338.82, 333.82, 328.83, 323.83, 322.56]","[1.077881, 1.092041, 1.105957, 1.120117, 1.134033, 1.147705, 1.161377, 1.175537, 1.189453, 1.203125, 1.217285]",1.0,{'1': 36.78661370056498},{'1': 0.1399999999999999},1.07,1.21,"{'1': {'start': 1.07, 'end': 1.21}}",Action
12,9,0x4C,2,3.780029,Match,Match,rbbbbbldd,180,"{'1': 55.35115654064422, '2': 235.3511565406442}","[0.0, 0.48, 2.53, 5.48, 9.37, 14.34, 19.3, 24.26, 29.22, 34.18, 39.14, 44.1, 49.06, 54.02, 58.98, 63.96, 68.96, 71.88, 72.97, 73.83, 74.21, 75.98, 78.92, 83.63, 88.59, 93.53, 98.47, 103.4, 108.32, 113.25, 118.17, 123.1, 128.02, 132.95, 137.87, 142.45, 146.74, 150.82, 154.8, 158.45, 161.46, 164.03, 165.87, 166.18, 166.56, 167.33, 168.44, 169.64, 170.87, 172.12, 173.36, 174.6, 175.83, 176.78, 176.97]","[0.8112793, 0.8251953, 0.8391113, 0.8530273, 0.8671875, 0.8808594, 0.8947754, 0.9086914, 0.9226074, 0.9365234, 0.9504395, 0.9643555, 0.9782715, 0.9924316, 1.006104, 1.02002, 1.033936, 1.048096, 1.061768, 1.897217, 1.911377, 1.925049, 1.938965, 1.953125, 1.967041, 1.980957, 1.994873, 2.008789, 2.022705, 2.036621, 2.050537, 2.064453, 2.078369, 2.092285, 2.106201, 2.120117, 2.133789, 2.147949, 2.161865, 2.175781, 2.189697, 2.203613, 2.217529, 2.76001, 2.773926, 2.789063, 2.803467, 2.817627, 2.831787, 2.845947, 2.859619, 2.873779, 2.888428, 2.901611, 2.915771]",2.0,"{'1': 72.82904622586308, '2': 92.04884113249825}","{'1': 0.26, '2': 0.33000000000000007}",0.8,2.22,"{'1': {'start': 0.8, 'end': 1.06}, '2': {'start': 1.8900000000000001, 'end': 2.22}}",Action
12,10,0x4C,2,2.316162,Match,Match,llbbbbbru,180,"{'1': 200.37032755351868, '2': 20.370327553518678}","[0.0, 359.62, 358.24, 355.02, 350.55, 345.65, 340.75, 335.86, 330.97, 326.08, 321.19, 316.3, 311.41, 306.53, 301.64, 296.76, 291.87, 286.99, 282.1, 277.22, 272.33, 267.45, 262.56, 257.68, 252.79, 247.91, 243.02, 238.14, 233.25, 228.36, 223.48, 218.59, 213.71, 208.8, 204.9]","[0.9897461, 1.003662, 1.017578, 1.031494, 1.045654, 1.059326, 1.073486, 1.087402, 1.101074, 1.11499, 1.12915, 1.142822, 1.156982, 1.170898, 1.184814, 1.19873, 1.212646, 1.226563, 1.240479, 1.254395, 1.268555, 1.282471, 1.296143, 1.310303, 1.324219, 1.337891, 1.351807, 1.365967, 1.379639, 1.393555, 1.407715, 1.435303, 1.448975, 1.464111, 1.478271]",1.0,{'1': 152.82197033898305},{'1': 0.49},0.98,1.47,"{'1': {'start': 0.98, 'end': 1.47}}",Action
12,11,0x4C,2,2.246826,Match,Match,ffuuuurrf,60,"{'1': 56.84556754884658, '2': 356.8455675488466}","[0.0, 1.18, 4.16, 9.11, 14.05, 18.99, 23.92, 28.86, 33.79, 38.73, 43.66, 48.6, 53.53, 58.47, 61.39]","[0.9484863, 0.9624023, 0.9765625, 0.9904785, 1.00415, 1.018311, 1.032227, 1.046143, 1.060059, 1.073975, 1.087646, 1.101807, 1.115723, 1.129639, 1.143555]",1.0,{'1': 60.644052888761145},{'1': 0.20000000000000007},0.94,1.14,"{'1': {'start': 0.9400000000000001, 'end': 1.1400000000000001}}",Action
12,12,0x4C,2,2.188965,Mismatch,Match,lllbbbluu,60,"{'1': 22.95292868073701, '2': 82.95292868073702}","[0.0, 359.67, 358.72, 356.98, 354.05, 350.07, 346.01, 341.92, 337.86, 335.23, 333.24, 333.01, 333.01, 332.81, 332.54, 332.25, 331.96]","[0.828125, 0.8435059, 0.8562012, 0.8696289, 0.8833008, 0.8974609, 0.911377, 0.9255371, 0.939209, 0.9533691, 0.9672852, 1.50708, 1.520752, 1.534668, 1.548584, 1.562744, 1.576416]",1.0,{'1': 26.720928278091794},{'1': 0.1399999999999999},0.8300000000000001,0.97,"{'1': {'start': 0.8300000000000001, 'end': 0.97}}",Action
12,13,0x4C,2,3.984131,Match,Match,bbddbblll,180,"{'1': 46.00488897920435, '2': 226.00488897920434}","[0.0, 359.66, 358.24, 355.96, 352.5, 347.52, 342.54, 337.57, 332.6, 327.62, 322.65, 317.68, 312.7, 307.73, 302.75, 297.78, 292.81, 287.83, 282.86, 277.89, 272.91, 267.94, 262.97, 257.99, 253.02, 248.05, 243.08, 238.1, 233.13, 228.16, 223.19, 218.22, 214.06, 211.53, 210.22, 209.53, 208.22, 206.61, 204.46, 202.31, 200.18, 198.88, 198.57, 198.57, 198.57, 198.57, 198.36, 198.36, 197.98, 197.25, 196.31, 195.36]","[1.251953, 1.265625, 1.279785, 1.293701, 1.307373, 1.321533, 1.335449, 1.351074, 1.363037, 1.377197, 1.391113, 1.405029, 1.418945, 1.432861, 1.446533, 1.460938, 1.474609, 1.48877, 1.502686, 1.516357, 1.530273, 1.544189, 1.558105, 1.572266, 1.585938, 1.599854, 1.614014, 1.627686, 1.641602, 1.655762, 1.669434, 1.68335, 1.697266, 1.711426, 2.18457, 2.198486, 2.212646, 2.226318, 2.240234, 2.254395, 2.268066, 2.282227, 2.85498, 2.869385, 2.883301, 2.896973, 2.911377, 3.496582, 3.510986, 3.524902, 3.538818, 3.55249]",2.0,"{'1': 148.49373894628275, '2': 11.175898373433938}","{'1': 0.47, '2': 0.11000000000000032}",1.25,2.28,"{'1': {'start': 1.25, 'end': 1.72}, '2': {'start': 2.17, 'end': 2.2800000000000002}}",Action
12,14,0x4C,2,3.940186,Match,Match,bbddbblll,180,"{'1': 251.69266340852414, '2': 71.69266340852414}","[0.0, 359.51, 357.27, 352.34, 347.42, 342.5, 337.58, 332.66, 327.74, 322.82, 317.9, 312.98, 308.06, 303.14, 298.22, 293.3, 288.38, 283.46, 278.54, 273.62, 268.71, 263.8, 258.89, 253.99, 249.1, 244.22, 239.34, 234.46, 229.58, 224.7, 219.83, 214.95, 210.07, 205.2, 200.32, 195.44, 190.57, 185.69, 180.78]","[0.762207, 0.776123, 0.7897949, 0.8037109, 0.8178711, 0.831543, 0.845459, 0.859375, 0.873291, 0.887207, 0.9013672, 0.9152832, 0.9289551, 0.9428711, 0.9570313, 0.9707031, 0.9848633, 0.9987793, 1.012695, 1.026611, 1.040527, 1.054443, 1.068359, 1.082275, 1.096436, 1.110107, 1.124023, 1.138184, 1.151855, 1.165771, 1.179932, 1.193604, 1.20752, 1.22168, 1.235596, 1.249268, 1.263428, 1.277344, 1.29126]",1.0,{'1': 178.77543259557342},{'1': 0.54},0.75,1.29,"{'1': {'start': 0.75, 'end': 1.29}}",Action
12,15,0x4C,2,3.454834,Match,Match,bbddbblll,120,"{'1': 160.2379903242456, '2': 280.23799032424563}","[0.0, 357.54, 352.55, 347.56, 342.57, 337.59, 332.6, 327.61, 322.62, 317.63, 312.65, 307.66, 302.67, 297.68, 292.7, 287.71, 282.72, 277.73, 272.75, 267.76, 262.77, 257.79, 252.8, 247.81, 246.14]","[1.210205, 1.223877, 1.238037, 1.251953, 1.265869, 1.279785, 1.293701, 1.307373, 1.321533, 1.335693, 1.349365, 1.363281, 1.377197, 1.391113, 1.405273, 1.418945, 1.433105, 1.446777, 1.460693, 1.474609, 1.488525, 1.502441, 1.516357, 1.530273, 1.544189]",1.0,{'1': 113.35729591836736},{'1': 0.3400000000000001},1.2,1.54,"{'1': {'start': 1.2, 'end': 1.54}}",Action
12,16,0x4C,2,2.677246,Match,Match,lllbbbluu,60,"{'1': 122.50794918779356, '2': 62.50794918779356}","[0.0, 0.99, 3.97, 8.0, 12.91, 17.81, 22.71, 27.59, 32.47, 37.35, 42.22, 47.1, 51.97, 56.85, 59.42]","[1.408936, 1.422852, 1.437256, 1.456055, 1.465332, 1.478027, 1.492432, 1.506348, 1.52002, 1.534668, 1.548584, 1.562012, 1.576416, 1.590332, 1.604492]",1.0,{'1': 58.60471468926555},{'1': 0.19999999999999996},1.4,1.6,"{'1': {'start': 1.4000000000000001, 'end': 1.6}}",Action
12,17,0x4C,2,2.947266,Match,Match,ddbbddddl,180,"{'1': 239.5046766855629, '2': 59.50467668556291}","[0.0, 359.23, 357.39, 354.05, 349.06, 344.07, 339.08, 334.1, 329.11, 324.12, 319.14, 316.44, 315.58, 314.7, 313.03, 310.5, 306.62, 302.05, 297.45, 292.84, 288.24, 283.63, 280.65, 280.21, 280.21, 280.21, 278.21, 275.06, 270.72, 265.79, 260.85, 255.91, 250.98, 246.04, 242.0, 240.2, 239.48, 238.47, 237.11, 235.57, 234.0, 232.43, 230.25, 227.44, 222.49, 217.55, 212.61, 207.67, 202.72, 197.78, 192.84, 187.89]","[0.9001465, 0.9145508, 0.9284668, 0.9423828, 0.9560547, 0.9702148, 0.9841309, 0.9978027, 1.011963, 1.025879, 1.039551, 1.053955, 1.331787, 1.345703, 1.359619, 1.374023, 1.387695, 1.401367, 1.415283, 1.429443, 1.443359, 1.457031, 1.471191, 1.487061, 1.708008, 1.721924, 1.735596, 1.749512, 1.763428, 1.777344, 1.791748, 1.805664, 1.819092, 1.833252, 1.847412, 2.139404, 2.153809, 2.167725, 2.181641, 2.195068, 2.209473, 2.223389, 2.236816, 2.250977, 2.265137, 2.278564, 2.292725, 2.306885, 2.320313, 2.334473, 2.348633, 2.362549]",4.0,"{'1': 43.57871166748251, '2': 35.21071731410203, '3': 38.225953861749616, '4': 51.46127771744102}","{'1': 0.17000000000000004, '2': 0.15999999999999992, '3': 0.14000000000000012, '4': 0.22999999999999998}",0.89,2.36,"{'1': {'start': 0.89, 'end': 1.06}, '2': {'start': 1.32, 'end': 1.48}, '3': {'start': 1.71, 'end': 1.85}, '4': {'start': 2.13, 'end': 2.36}}",Action
12,18,0x4C,2,1.697266,Match,Match,bdddddfll,0,"{'1': 151.81176844913617, '2': 151.81176844913617}",[],[],0.0,{},{},0.0,1.697266,{},Action
12,19,0x4C,2,4.609863,Mismatch,Match,bbddbblll,180,"{'1': 21.476201919829236, '2': 201.47620191982924}","[0.0, 0.0, 358.35, 355.84, 350.84, 345.84, 340.84, 335.84, 330.85, 325.85, 320.85, 315.85, 310.85, 305.85, 300.85, 295.86, 290.86, 285.86, 280.86, 275.86, 270.87, 265.87, 260.87, 255.87, 250.87, 245.88, 240.88, 235.88, 230.89, 225.9, 221.45, 219.08, 217.81, 217.81, 217.42, 216.63, 215.14, 212.99, 210.49, 208.0, 205.5, 203.42, 202.67, 202.67, 201.51, 200.17, 198.75, 197.33]","[0.9724121, 0.9863281, 1.000488, 1.01416, 1.028076, 1.041992, 1.055908, 1.069824, 1.083984, 1.0979, 1.111816, 1.125732, 1.139404, 1.153564, 1.16748, 1.181152, 1.195313, 1.209229, 1.223145, 1.237061, 1.250977, 1.264893, 1.278809, 1.292725, 1.306641, 1.320557, 1.334473, 1.348633, 1.362305, 1.376221, 1.390381, 1.404053, 1.796631, 1.810791, 1.824707, 1.838623, 1.852539, 1.866211, 1.880371, 1.894531, 1.907959, 1.922363, 3.203857, 3.218262, 3.231934, 3.245361, 3.259521, 3.273682]",2.0,"{'1': 140.93923869906106, '2': 14.394469587840462}","{'1': 0.43999999999999995, '2': 0.1299999999999999}",0.97,1.93,"{'1': {'start': 0.97, 'end': 1.41}, '2': {'start': 1.8, 'end': 1.93}}",Action
12,20,0x4C,2,2.828369,Match,Match,rbbbdddff,120,"{'1': 38.70008044924079, '2': 278.7000804492408}","[0.0, 359.28, 357.75, 354.59, 350.69, 346.63, 342.48, 338.33, 334.17, 330.02, 326.82, 326.08, 326.08, 331.09, 335.99, 340.88, 345.72, 350.53, 355.31, 0.06, 4.79, 9.53, 14.26, 18.99, 23.72, 28.45, 33.18, 37.92, 42.66, 47.41, 52.16, 56.91, 61.67, 66.43, 71.19, 75.94, 80.7, 85.46, 90.22, 94.98, 99.74, 104.5, 109.25, 114.01, 118.77, 123.53, 128.28, 133.04, 137.8, 142.56, 147.31, 148.61]","[0.8684082, 0.8828125, 0.8967285, 0.9033203, 0.916748, 0.9350586, 0.9487305, 0.9628906, 0.9768066, 0.9907227, 1.004395, 1.352783, 1.366699, 1.380615, 1.394531, 1.408447, 1.422363, 1.436279, 1.450195, 1.464111, 1.478027, 1.491943, 1.505859, 1.519775, 1.533691, 1.547607, 1.561523, 1.575684, 1.5896, 1.603271, 1.617188, 1.631104, 1.64502, 1.658936, 1.673096, 1.686768, 1.700928, 1.714844, 1.728516, 1.742676, 1.756592, 1.770264, 1.78418, 1.79834, 1.812256, 1.826172, 1.840088, 1.854004, 1.867676, 1.881836, 1.895752, 1.909668]",2.0,"{'1': 33.19190540431933, '2': 113.79274945471107}","{'1': 0.15000000000000002, '2': 0.55}",0.86,1.9,"{'1': {'start': 0.86, 'end': 1.01}, '2': {'start': 1.35, 'end': 1.9000000000000001}}",Action
12,21,0x4C,2,3.273682,Match,Match,uubbbrrrb,180,"{'1': 18.09630436569893, '2': 198.09630436569893}","[0.0, 0.34, 2.15, 7.11, 12.07, 17.03, 21.99, 26.94, 31.9, 36.85, 41.81, 46.76, 51.72, 56.67, 61.63, 66.58, 71.53, 76.49, 81.44, 86.4, 91.35, 96.31, 99.67, 101.05, 101.05, 101.23, 103.14, 108.1, 113.02, 117.94, 122.85, 127.75, 132.65, 137.56, 142.46, 147.36, 152.26, 157.16, 162.05, 166.95, 171.85, 175.14, 176.69, 177.23, 177.23, 177.73, 178.24, 178.78, 179.08, 179.78, 183.08, 187.27, 192.2, 197.12, 202.04, 206.96, 211.88, 213.12]","[0.8476563, 0.8615723, 0.8757324, 0.8896484, 0.9033203, 0.9172363, 0.9313965, 0.9450684, 0.9589844, 0.9731445, 0.9870605, 1.000977, 1.014893, 1.028809, 1.04248, 1.056641, 1.070557, 1.084473, 1.098389, 1.112549, 1.126221, 1.140137, 1.154297, 1.168213, 1.502197, 1.516113, 1.530029, 1.543945, 1.557861, 1.572021, 1.585693, 1.599609, 1.61377, 1.627441, 1.641357, 1.655518, 1.669189, 1.683105, 1.697021, 1.711182, 1.724854, 1.739014, 1.75293, 2.298584, 2.312744, 2.326904, 2.34082, 2.354736, 2.856445, 2.870361, 2.884277, 2.898438, 2.911865, 2.925781, 2.939697, 2.953369, 2.967773, 2.981689]",3.0,"{'1': 100.99273799942512, '2': 75.64699674152486, '3': -32.045646028663356}","{'1': 0.31999999999999995, '2': 0.26, '3': 0.1299999999999999}",0.85,2.98,"{'1': {'start': 0.85, 'end': 1.17}, '2': {'start': 1.5, 'end': 1.76}, '3': {'start': 2.85, 'end': 2.98}}",Action
12,22,0x4C,2,2.897949,Mismatch,Match,llbbbrruu,60,"{'1': 329.3282715335102, '2': 269.3282715335102}","[0.0, 0.0, 2.06, 6.98, 11.89, 16.77, 21.64, 26.5, 31.36, 36.22, 41.08, 45.95, 50.81, 55.7, 60.59, 64.77, 66.3, 67.37, 67.37, 69.36, 72.16, 75.66, 79.87, 84.52, 89.38, 94.22, 99.07, 102.75, 104.86, 105.36, 105.36, 104.96, 103.1, 98.88, 93.88, 88.88, 83.88, 78.88, 73.88, 70.02]","[0.708252, 0.7224121, 0.7363281, 0.7502441, 0.7641602, 0.7783203, 0.7919922, 0.8059082, 0.8198242, 0.8337402, 0.8476563, 0.8615723, 0.8754883, 0.8894043, 0.9033203, 0.9174805, 0.9311523, 0.9450684, 1.196045, 1.209717, 1.223633, 1.237793, 1.251465, 1.265381, 1.279541, 1.293457, 1.307129, 1.321045, 1.335205, 1.348877, 1.627441, 1.641357, 1.655518, 1.669189, 1.683105, 1.697266, 1.710938, 1.724854, 1.739014, 1.75293]",3.0,"{'1': 67.37, '2': 37.989999999999995, '3': -34.52728082782407}","{'1': 0.2400000000000001, '2': 0.17000000000000015, '3': 0.1299999999999999}",0.71,1.75,"{'1': {'start': 0.71, 'end': 0.9500000000000001}, '2': {'start': 1.18, 'end': 1.35}, '3': {'start': 1.62, 'end': 1.75}}",Action
12,23,0x4C,2,4.50293,Match,Match,uuuubbbur,60,"{'1': 198.4757137131881, '2': 138.4757137131881}","[0.0, 0.0, 0.36, 1.32, 2.87, 4.73, 6.78, 8.97, 11.16, 13.34, 15.52, 17.32, 17.62, 17.62, 17.62, 17.62, 17.86, 17.86, 18.04, 18.04, 19.18, 21.14, 24.34, 28.44, 33.41, 38.39, 43.37, 48.35, 53.32, 58.3, 63.28, 67.19, 69.54, 69.54, 69.54, 69.89, 70.85, 71.99, 73.55, 76.07, 78.98, 81.94, 84.91, 87.88, 90.83, 93.05, 93.29, 93.29, 93.29]","[1.617432, 1.631348, 1.645264, 1.659424, 1.673096, 1.687012, 1.701172, 1.714844, 1.72876, 1.74292, 1.756836, 1.770508, 1.784668, 2.007324, 2.021484, 2.035156, 2.049072, 2.063232, 2.076904, 2.271973, 2.285889, 2.299805, 2.313477, 2.327637, 2.341553, 2.355469, 2.369385, 2.383301, 2.396973, 2.411133, 2.425049, 2.438965, 2.452881, 2.703613, 2.717285, 2.734375, 2.745361, 2.759277, 2.773193, 2.787109, 2.801025, 2.814941, 2.828857, 2.842773, 2.856689, 2.870605, 3.7229, 3.737305, 3.751221]",3.0,"{'1': 17.521101694915256, '2': 51.50000000000001, '3': 23.35788250526315}","{'1': 0.1499999999999999, '2': 0.19999999999999973, '3': 0.1499999999999999}",1.63,2.87,"{'1': {'start': 1.6300000000000001, 'end': 1.78}, '2': {'start': 2.2600000000000002, 'end': 2.46}, '3': {'start': 2.72, 'end': 2.87}}",Action
12,24,0x4C,2,3.083252,Match,Match,uuuuubbul,60,"{'1': 232.14120598327415, '2': 292.1412059832742}","[0.0, 359.25, 357.34, 354.0, 350.08, 346.11, 342.15, 338.2, 336.92, 336.92, 336.45, 335.71, 334.51, 333.21, 331.9, 330.6, 329.3, 329.06, 328.43, 327.0, 324.77, 320.96, 316.84, 312.66, 308.49, 304.32, 301.27]","[0.9353027, 0.9492188, 0.9631348, 0.9768066, 0.9909668, 1.004883, 1.018799, 1.032715, 1.046631, 1.494873, 1.509033, 1.523193, 1.536621, 1.550781, 1.564941, 1.578369, 1.592529, 1.98291, 1.996582, 2.010986, 2.025391, 2.03833, 2.052246, 2.066406, 2.080078, 2.094238, 2.108154]",2.0,"{'1': 23.079999999999984, '2': 26.010806939289857}","{'1': 0.13, '2': 0.13000000000000012}",0.92,2.1,"{'1': {'start': 0.92, 'end': 1.05}, '2': {'start': 1.97, 'end': 2.1}}",Action
12,25,0x4C,2,4.569336,Mismatch,Mismatch,rrrrbbbdr,60,"{'1': 297.8715068359218, '2': 357.8715068359218}","[0.0, 359.73, 358.99, 357.36, 354.73, 350.31, 345.31, 340.31, 335.31, 330.32, 325.32, 320.32, 315.32, 314.06, 313.72, 312.94, 308.98, 303.98, 298.98, 293.98, 288.98, 283.98, 278.98, 273.98, 268.98, 263.98, 258.98, 253.98, 248.98, 243.98, 239.89, 238.58, 237.2, 234.33, 231.45, 226.48, 221.51, 216.53, 211.56, 206.59, 201.62, 196.64, 191.67, 186.73, 184.35, 184.35, 182.88, 177.88, 172.89, 167.91, 162.92, 157.94, 152.95, 147.97, 142.99, 138.0, 133.02, 128.04, 123.05, 118.07, 113.09, 108.1, 103.12, 98.13, 93.15, 88.17, 83.18, 78.2, 74.06, 73.47, 73.47, 71.62, 69.43, 64.99, 59.99, 54.99, 49.99, 44.99, 40.0, 35.0, 30.0, 25.01, 21.1, 20.42, 20.59, 20.85, 21.38, 22.19, 23.18, 24.2, 25.22, 26.24, 27.25, 27.7]","[1.293457, 1.307373, 1.321289, 1.335205, 1.349121, 1.363037, 1.376953, 1.390869, 1.405029, 1.418701, 1.432617, 1.446777, 1.460693, 1.711182, 1.725098, 1.739014, 1.75293, 1.766846, 1.780762, 1.794678, 1.822266, 1.835938, 1.85083, 1.86499, 1.879639, 1.894043, 1.907959, 1.921875, 1.936035, 1.949951, 1.963623, 2.382324, 2.396729, 2.410645, 2.424316, 2.438477, 2.452393, 2.466309, 2.47998, 2.494141, 2.508301, 2.521973, 2.536133, 2.550049, 2.563477, 2.967773, 2.981689, 2.99585, 3.009766, 3.023438, 3.037354, 3.051514, 3.06543, 3.079102, 3.093018, 3.107178, 3.12085, 3.134766, 3.148926, 3.162598, 3.176758, 3.190918, 3.204346, 3.218506, 3.232422, 3.246094, 3.259766, 3.273926, 3.288086, 3.608398, 3.622559, 3.636475, 3.650146, 3.663818, 3.677734, 3.695068, 3.706055, 3.718994, 3.733398, 3.747314, 3.76123, 3.775391, 3.789551, 4.290771, 4.304443, 4.318604, 4.332764, 4.346436, 4.360107, 4.374268, 4.388428, 4.4021, 4.416016, 4.429932]",5.0,"{'1': 44.726815708474234, '2': 74.1958975252737, '3': 54.26855839847531, '4': -101.59352550013737, '5': -52.37060915366506}","{'1': 0.17999999999999994, '2': 0.26, '3': 0.19999999999999973, '4': 0.33000000000000007, '5': 0.18000000000000016}",1.29,3.79,"{'1': {'start': 1.29, 'end': 1.47}, '2': {'start': 1.71, 'end': 1.97}, '3': {'start': 2.37, 'end': 2.57}, '4': {'start': 2.96, 'end': 3.29}, '5': {'start': 3.61, 'end': 3.79}}",Action
12,26,0x4C,2,3.249756,Mismatch,Mismatch,ffuubllll,60,"{'1': 244.25091033104428, '2': 304.2509103310443}","[0.0, 359.78, 359.35, 358.72, 358.03, 357.33, 356.64, 356.21, 355.27, 353.11, 349.16, 344.88, 340.14, 335.24, 330.33, 325.43, 322.67, 322.01, 322.01, 320.14, 317.96, 315.71, 313.23, 310.75, 308.3]","[1.129883, 1.143799, 1.157715, 1.171631, 1.185547, 1.199463, 1.213379, 1.786621, 1.801025, 1.815186, 1.828857, 1.842529, 1.856934, 1.87085, 1.884277, 1.898682, 1.914551, 2.664795, 2.678955, 2.693115, 2.706543, 2.720459, 2.734619, 2.748535, 2.761963]",2.0,"{'1': 33.54976010167651, '2': 13.351841674113793}","{'1': 0.1399999999999999, '2': 0.0900000000000003}",1.78,2.76,"{'1': {'start': 1.78, 'end': 1.92}, '2': {'start': 2.67, 'end': 2.7600000000000002}}",Action
12,27,0x4C,2,2.884521,Mismatch,Mismatch,bbbdddrrb,0,"{'1': 215.06239967681267, '2': 215.06239967681267}","[0.0, 359.29, 356.72, 351.72, 346.72, 341.72, 336.72, 331.72, 326.73, 321.73, 316.73, 311.73, 306.73, 301.73, 296.74, 291.74, 286.74, 281.74, 276.74, 271.74, 266.75, 261.75, 256.75, 251.75, 246.75, 241.75, 236.76, 232.5, 228.97, 228.24, 228.24, 228.24, 228.24, 228.24, 227.77, 227.14, 226.41, 225.66, 224.92, 224.17]","[0.8969727, 0.9040527, 0.9172363, 0.9353027, 0.9492188, 0.9633789, 0.9770508, 0.9912109, 1.005127, 1.018799, 1.032715, 1.046631, 1.060547, 1.074463, 1.088623, 1.102295, 1.116455, 1.130371, 1.144287, 1.158203, 1.172119, 1.186035, 1.199951, 1.214111, 1.227783, 1.241699, 1.255615, 1.269531, 1.283447, 1.937744, 1.95166, 1.965576, 2.647949, 2.661621, 2.675781, 2.689697, 2.703369, 2.717529, 2.731445, 2.745361]",1.0,{'1': 131.03731119048382},{'1': 0.41000000000000003},0.88,1.29,"{'1': {'start': 0.88, 'end': 1.29}}",Action
12,28,0x4C,2,6.425781,Mismatch,Mismatch,bbdddbrrr,120,"{'1': 243.75805400136827, '2': 123.75805400136827}","[0.0, 359.6, 357.53, 353.37, 348.4, 343.44, 338.47, 333.51, 328.55, 323.59, 318.63, 313.67, 308.7, 304.91, 304.91, 306.28, 309.58, 314.44, 319.24, 323.96, 328.59, 333.18, 337.77, 342.37, 346.96, 351.55, 356.17, 0.84, 2.83, 2.83, 3.05, 4.16, 6.27, 11.13, 15.93, 20.67, 25.39, 29.97, 34.33, 36.66, 38.21, 40.97, 44.97, 49.39, 53.81, 58.19, 62.48, 64.63, 66.76, 70.7, 75.34, 79.98, 84.63, 89.27, 93.92, 98.56, 103.21, 107.85, 110.89, 111.68, 112.89, 115.51, 119.19, 124.03, 128.86, 133.68, 138.5, 143.32, 148.13, 152.93, 155.81, 156.68, 156.68, 157.93, 159.6, 162.97, 167.88, 172.78, 177.67, 182.57, 187.45, 192.34, 197.23, 202.12, 207.01, 211.89, 215.05, 217.17, 217.68, 217.68, 217.85, 218.31, 219.67, 222.7, 225.85, 229.32, 233.31, 237.49, 241.78, 246.14, 250.5, 254.85, 258.66, 261.46, 263.37, 264.54, 265.1, 265.1, 265.4, 266.43, 268.05, 271.08, 274.78, 279.46, 284.38, 289.31, 294.23, 299.14, 304.06, 308.22, 310.38]","[1.200684, 1.214844, 1.228516, 1.242676, 1.256592, 1.270508, 1.28418, 1.298584, 1.312256, 1.326172, 1.340088, 1.354004, 1.36792, 2.203125, 2.217041, 2.230957, 2.244873, 2.259033, 2.272949, 2.286621, 2.300537, 2.314697, 2.328369, 2.342529, 2.356445, 2.370361, 2.384033, 2.398193, 2.412109, 2.565186, 2.579102, 2.593018, 2.606934, 2.62085, 2.634766, 2.648682, 2.662598, 2.676758, 2.690674, 2.843506, 2.857666, 2.871582, 2.885254, 2.899414, 2.926758, 2.940674, 2.955811, 3.152588, 3.16626, 3.180664, 3.194824, 3.208008, 3.222412, 3.236328, 3.250244, 3.263672, 3.27832, 3.292236, 3.305664, 3.473145, 3.487061, 3.501221, 3.515381, 3.529297, 3.542725, 3.556885, 3.571045, 3.584473, 3.598633, 3.612793, 3.626465, 3.891357, 3.905273, 3.919434, 3.933594, 3.946777, 3.960693, 3.974854, 3.989502, 4.002686, 4.016602, 4.030518, 4.044189, 4.058594, 4.07251, 4.085938, 4.100098, 4.114258, 4.127686, 4.350586, 4.364746, 4.378906, 4.393066, 4.406494, 4.42041, 4.43457, 4.448242, 4.462158, 4.476318, 4.490234, 4.503662, 4.518066, 4.532227, 4.545654, 4.55957, 4.57373, 4.587402, 4.949707, 4.963379, 4.977539, 4.991699, 5.005127, 5.019287, 5.033447, 5.046875, 5.061035, 5.075195, 5.088867, 5.102539, 5.116699, 5.130859]",8.0,"{'1': 51.30943864081274, '2': -52.24581934974046, '3': 31.56607431473413, '4': 46.417990123518365, '5': 44.20361455016537, '6': -35.340934466019405, '7': -47.30697881355934, '8': -45.14253690333325}","{'1': 0.18000000000000016, '2': 0.21999999999999975, '3': 0.13000000000000034, '4': 0.16999999999999993, '5': 0.16999999999999993, '6': 0.13999999999999968, '7': 0.22999999999999954, '8': 0.17999999999999972}",1.19,5.13,"{'1': {'start': 1.19, 'end': 1.37}, '2': {'start': 2.2, 'end': 2.42}, '3': {'start': 2.57, 'end': 2.7}, '4': {'start': 3.14, 'end': 3.31}, '5': {'start': 3.46, 'end': 3.63}, '6': {'start': 3.99, 'end': 4.13}, '7': {'start': 4.36, 'end': 4.59}, '8': {'start': 4.95, 'end': 5.13}}",Action
12,29,0x4C,2,3.663086,Mismatch,Mismatch,uubbbbruu,0,"{'1': 200.87502671914626, '2': 200.87502671914626}","[0.0, 359.08, 356.79, 351.79, 346.79, 341.79, 336.79, 331.79, 326.79, 321.79, 316.79, 311.8, 306.8, 301.8, 296.8, 291.81, 286.81, 281.81, 276.81, 271.82, 266.82, 261.82, 256.83, 251.83, 246.83, 241.83, 237.1, 236.43, 235.07, 232.93, 230.44, 227.33, 224.16, 221.0, 217.83, 214.68, 211.53, 208.67, 206.5, 205.23, 204.93, 204.6, 203.53, 202.2, 200.73, 199.24]","[0.9626465, 0.9768066, 0.9909668, 1.004639, 1.018799, 1.025879, 1.03833, 1.056641, 1.070557, 1.084473, 1.098389, 1.112305, 1.126221, 1.140381, 1.154053, 1.167969, 1.182129, 1.196045, 1.209961, 1.223877, 1.237793, 1.251709, 1.265625, 1.279785, 1.293457, 1.307373, 1.321289, 1.711426, 1.725098, 1.739258, 1.752686, 1.76709, 1.781006, 1.794922, 1.808594, 1.82251, 1.836426, 1.850342, 1.864258, 1.878418, 2.393311, 2.407227, 2.421143, 2.435059, 2.448975, 2.463135]",2.0,"{'1': 122.91495979617417, '2': 31.220544133964452}","{'1': 0.38, '2': 0.18000000000000016}",0.95,1.88,"{'1': {'start': 0.9500000000000001, 'end': 1.33}, '2': {'start': 1.7, 'end': 1.8800000000000001}}",Action
12,30,0x4C,2,2.554199,Mismatch,Mismatch,bbbdddrrb,120,"{'1': 140.46271925381365, '2': 20.462719253813646}","[0.0, 359.24, 358.48, 355.44, 351.51, 347.4, 343.3, 339.11, 334.91, 330.7, 326.51, 322.56]","[1.15918, 1.173096, 1.187012, 1.200928, 1.214844, 1.229004, 1.242676, 1.256592, 1.270752, 1.284668, 1.29834, 1.3125]",1.0,{'1': 36.742612994350296},{'1': 0.15999999999999992},1.15,1.31,"{'1': {'start': 1.1500000000000001, 'end': 1.31}}",Action
12,31,0x4C,2,3.527832,Mismatch,Mismatch,bdddbllll,120,"{'1': 236.77556671541006, '2': 116.77556671541006}","[0.0, 0.18, 0.75, 2.35, 4.41, 7.48, 10.7, 14.18, 17.93, 21.67, 25.41, 29.16, 32.9, 36.01, 38.21, 39.27, 39.58, 39.58, 39.79, 41.02, 43.13, 46.72, 51.17, 56.07, 60.97, 65.87, 70.77, 75.66, 80.56, 85.19, 88.67, 91.45, 92.09, 92.33, 92.84, 93.99, 96.08, 99.02, 102.08, 105.16, 108.25, 111.23, 112.09, 112.09, 113.31, 116.02, 119.65, 123.36, 127.09, 130.81, 134.51, 136.34]","[0.7258301, 0.7399902, 0.7539063, 0.7675781, 0.7817383, 0.7956543, 0.8093262, 0.8234863, 0.8374023, 0.8513184, 0.8652344, 0.8791504, 0.8930664, 0.9069824, 0.9211426, 0.9348145, 0.9487305, 1.227295, 1.241455, 1.255127, 1.269043, 1.282959, 1.296875, 1.310791, 1.324707, 1.338867, 1.352539, 1.366455, 1.380615, 1.394287, 1.408691, 1.422363, 1.436279, 1.561523, 1.575195, 1.589111, 1.603271, 1.617188, 1.631104, 1.64502, 1.658936, 1.672607, 1.686768, 1.99292, 2.006836, 2.020996, 2.034668, 2.048828, 2.062744, 2.07666, 2.090576, 2.104492]",4.0,"{'1': 39.332508045916256, '2': 52.47701387603263, '3': 19.78208105777523, '4': 23.659287151480328}","{'1': 0.21000000000000008, '2': 0.20999999999999996, '3': 0.1399999999999999, '4': 0.1200000000000001}",0.73,2.1,"{'1': {'start': 0.73, 'end': 0.9400000000000001}, '2': {'start': 1.23, 'end': 1.44}, '3': {'start': 1.55, 'end': 1.69}, '4': {'start': 1.98, 'end': 2.1}}",Action
12,32,0x4C,2,3.150635,Mismatch,Mismatch,bbbdddrrb,180,"{'1': 251.4990780690253, '2': 71.49907806902529}","[0.0, 0.0, 1.75, 5.69, 10.69, 15.69, 20.69, 25.69, 30.69, 35.69, 40.69, 45.69, 50.69, 55.69, 60.69, 65.68, 70.68, 75.68, 80.68, 85.68, 89.68, 91.71]","[1.406738, 1.420654, 1.448242, 1.461914, 1.476807, 1.491211, 1.505127, 1.519531, 1.533691, 1.547852, 1.561279, 1.575684, 1.589844, 1.603271, 1.617676, 1.631592, 1.645264, 1.661133, 1.673584, 1.687256, 1.700684, 1.715088]",1.0,{'1': 90.99293251874478},{'1': 0.30000000000000004},1.41,1.71,"{'1': {'start': 1.41, 'end': 1.71}}",Action
12,33,0x4C,2,2.685303,Mismatch,Mismatch,lllbbbluu,180,"{'1': 22.946122691354294, '2': 202.9461226913543}","[0.0, 0.0, 2.15, 6.86, 11.73, 16.59, 21.46, 26.32, 31.19, 36.05, 40.91, 45.78, 50.64, 55.51, 60.37, 65.24, 70.1, 74.97, 79.83, 84.7, 89.57, 92.34, 92.69]","[1.289795, 1.303467, 1.331299, 1.345215, 1.359863, 1.374268, 1.388184, 1.402588, 1.416504, 1.430664, 1.444336, 1.45874, 1.472656, 1.486328, 1.501465, 1.514648, 1.52832, 1.54248, 1.556396, 1.570557, 1.584229, 1.598389, 1.612305]",1.0,{'1': 92.63202716297786},{'1': 0.32000000000000006},1.29,1.61,"{'1': {'start': 1.29, 'end': 1.61}}",Action
12,34,0x4C,2,3.556152,Mismatch,Mismatch,ddbbddddl,180,"{'1': 161.9683685505486, '2': 341.9683685505486}","[0.0, 1.05, 3.11, 6.07, 9.95, 14.89, 19.82, 24.75, 29.67, 34.6, 39.52, 44.09, 47.13, 49.07, 49.07, 49.49, 51.51, 54.56, 59.5, 64.43, 69.37, 74.31, 79.24, 84.17, 89.11, 94.04, 98.98, 103.91, 107.43, 109.99, 111.26, 111.44, 112.6, 115.0, 119.94, 124.87, 129.8, 134.71, 139.62, 144.53, 149.44, 154.34, 159.25, 164.15, 168.7, 171.65, 172.64, 172.88]","[1.422852, 1.436768, 1.450928, 1.4646, 1.478516, 1.492432, 1.506348, 1.520264, 1.53418, 1.548096, 1.562012, 1.576172, 1.589844, 1.60376, 1.701172, 1.715332, 1.729248, 1.74292, 1.75708, 1.770996, 1.784912, 1.798584, 1.812744, 1.82666, 1.840576, 1.854492, 1.868408, 1.882324, 1.896484, 1.910156, 1.924072, 2.285889, 2.300049, 2.313965, 2.327637, 2.341553, 2.355713, 2.369629, 2.383545, 2.397461, 2.411621, 2.425293, 2.439209, 2.453369, 2.467041, 2.481201, 2.494873, 2.508789]",3.0,"{'1': 49.07, '2': 62.19294911516044, '3': 61.29632656404192}","{'1': 0.20000000000000018, '2': 0.24, '3': 0.22999999999999998}",1.41,2.5,"{'1': {'start': 1.41, 'end': 1.61}, '2': {'start': 1.69, 'end': 1.93}, '3': {'start': 2.27, 'end': 2.5}}",Action
12,35,0x4C,2,2.49585,Mismatch,Mismatch,bddrbbbbb,0,"{'1': 24.093263937777174, '2': 24.093263937777174}","[0.0, 359.78, 358.26, 355.82, 350.83, 345.84, 340.85, 335.86, 330.88, 325.89, 320.9, 315.92, 310.93, 305.95, 300.96, 295.97, 290.99, 286.0, 281.02, 276.03, 271.04, 266.06, 261.07, 256.09, 251.1, 246.12, 241.13, 236.15, 231.49, 227.69, 227.42, 227.08, 226.31, 225.04, 223.66, 222.27, 221.51]","[0.8530273, 0.8669434, 0.8811035, 0.8947754, 0.9089355, 0.9226074, 0.9365234, 0.9504395, 0.9645996, 0.9785156, 0.9921875, 1.006104, 1.020264, 1.033936, 1.047852, 1.062012, 1.075684, 1.0896, 1.10376, 1.117432, 1.131592, 1.145752, 1.159668, 1.17334, 1.187256, 1.201172, 1.215088, 1.229004, 1.243164, 1.256836, 1.716309, 1.730225, 1.744141, 1.758057, 1.771973, 1.785889, 1.799805]",1.0,{'1': 132.31185926050063},{'1': 0.41000000000000003},0.85,1.26,"{'1': {'start': 0.85, 'end': 1.26}}",Action
12,36,0x4C,2,4.130859,Mismatch,Mismatch,dbbbblllu,60,"{'1': 339.0271974589384, '2': 39.0271974589384}","[0.0, 1.04, 3.98, 7.44, 11.68, 16.6, 21.52, 26.44, 31.36, 36.28, 41.19, 44.23, 45.66, 46.21, 46.83, 48.5, 51.78, 56.71, 61.63, 66.55, 71.46, 76.38, 81.29, 86.2, 91.11, 96.02, 100.93, 105.83, 110.74, 115.64, 120.55, 125.45, 130.35, 135.26, 140.16, 145.06, 149.97, 154.87, 159.77, 164.67, 169.57, 174.48, 178.06, 179.4, 179.66, 179.94, 181.32, 183.59, 186.81, 190.6, 194.88, 199.47, 204.07, 208.66, 211.74]","[0.967041, 0.980957, 0.994873, 1.009033, 1.022705, 1.036621, 1.050537, 1.064453, 1.078613, 1.092529, 1.106445, 1.120361, 1.134277, 1.315186, 1.329346, 1.343018, 1.356934, 1.372559, 1.384766, 1.398682, 1.412842, 1.426514, 1.44043, 1.454346, 1.468262, 1.482422, 1.496338, 1.51001, 1.523926, 1.537842, 1.552002, 1.565674, 1.57959, 1.59375, 1.607666, 1.621338, 1.635498, 1.649414, 1.66333, 1.677246, 1.691162, 1.704834, 1.718994, 1.73291, 2.25, 2.264648, 2.278809, 2.29248, 2.305908, 2.320313, 2.334229, 2.3479, 2.362061, 2.375977, 2.389648]",3.0,"{'1': 45.67739907909501, '2': 133.20933144034362, '3': -29.226359447004597}","{'1': 0.18000000000000016, '2': 0.42999999999999994, '3': 0.1299999999999999}",0.96,2.38,"{'1': {'start': 0.96, 'end': 1.1400000000000001}, '2': {'start': 1.31, 'end': 1.74}, '3': {'start': 2.25, 'end': 2.38}}",Action
12,37,0x4C,2,2.275879,Mismatch,Mismatch,lllbbbubb,120,"{'1': 143.46738286072207, '2': 23.46738286072207}","[0.0, 359.42, 356.81, 352.33, 347.85, 343.38, 338.91, 334.45, 329.98, 325.51, 321.05, 319.47]","[1.006836, 1.020752, 1.034668, 1.048584, 1.0625, 1.076416, 1.090332, 1.104492, 1.118164, 1.13208, 1.145996, 1.159912]",1.0,{'1': 39.404607645875245},{'1': 0.15000000000000013},1.0,1.15,"{'1': {'start': 1.0, 'end': 1.1500000000000001}}",Action
12,38,0x4C,2,1.644531,Mismatch,Mismatch,uuuuubbul,0,"{'1': 59.6810896655205, '2': 59.6810896655205}",[],[],0.0,{},{},0.0,1.644531,{},Action
12,39,0x4C,2,2.691162,Mismatch,Mismatch,ffuulllbb,60,"{'1': 232.1359529567681, '2': 172.1359529567681}","[0.0, 359.42, 358.57, 356.86, 355.16, 352.85, 350.36, 347.86, 345.34, 342.83, 339.93, 335.77, 330.83, 325.83, 320.83, 315.83, 310.84, 305.84, 300.84, 295.84, 290.85, 285.85, 280.85, 275.85, 270.86, 265.86, 260.86, 255.86, 250.86, 245.87, 240.87, 235.87, 230.87, 225.88, 220.88, 215.88, 210.88, 206.58, 203.53, 203.21, 201.76, 197.77, 192.78, 187.78, 182.78, 177.79, 172.79, 167.79, 162.8, 157.8, 152.81, 147.82, 142.83, 137.83, 132.84, 128.54, 124.49, 123.21]","[1.240479, 1.25415, 1.268066, 1.282227, 1.296143, 1.309814, 1.32373, 1.337891, 1.351563, 1.365479, 1.379639, 1.393555, 1.407227, 1.421387, 1.435059, 1.448975, 1.463135, 1.476807, 1.490723, 1.504883, 1.518799, 1.532715, 1.546387, 1.560547, 1.574463, 1.588379, 1.602295, 1.616211, 1.630127, 1.644043, 1.657959, 1.671875, 1.686279, 1.699951, 1.713623, 1.727539, 1.741699, 1.755371, 1.769287, 2.005859, 2.02002, 2.033691, 2.047607, 2.061768, 2.075439, 2.089355, 2.103516, 2.117432, 2.144775, 2.158936, 2.173828, 2.187988, 2.202148, 2.216553, 2.230469, 2.244629, 2.258301, 2.272461]",2.0,"{'1': 156.47096444211488, '2': 20.638270505385265}","{'1': 0.54, '2': 0.09000000000000008}",1.23,2.08,"{'1': {'start': 1.23, 'end': 1.77}, '2': {'start': 1.99, 'end': 2.08}}",Action
12,40,0x4C,2,3.144043,Mismatch,Mismatch,ffuuuurrf,120,"{'1': 114.20773653644045, '2': 234.20773653644045}","[0.0, 0.0, 1.03, 2.34, 4.05, 7.07, 10.16, 13.52, 18.16, 23.03, 27.9, 32.78, 37.64, 42.51, 47.38, 51.27, 54.11, 55.82]","[2.197266, 2.211182, 2.225342, 2.239502, 2.25293, 2.266846, 2.280762, 2.294434, 2.308594, 2.32251, 2.33667, 2.350098, 2.364502, 2.378418, 2.39209, 2.406006, 2.420166, 2.434082]",1.0,{'1': 55.31840327680369},{'1': 0.22999999999999998},2.2,2.43,"{'1': {'start': 2.2, 'end': 2.43}}",Action
12,41,0x4C,2,4.017822,Mismatch,Mismatch,dbbbblllu,120,"{'1': 213.0180290025716, '2': 93.01802900257161}","[0.0, 0.0, 0.49, 2.02, 3.93, 6.11, 9.08, 12.11, 15.16, 18.18, 21.21, 24.05, 25.89, 27.03, 27.03, 27.36, 28.16, 29.51, 31.03, 32.56, 34.09, 35.61]","[1.523926, 1.53833, 1.55249, 1.565918, 1.580322, 1.593994, 1.607666, 1.62207, 1.635986, 1.649902, 1.663574, 1.677734, 1.69165, 2.304932, 2.319092, 2.333008, 2.346191, 2.360596, 2.374512, 2.388184, 2.402588, 2.416504]",1.0,{'1': 25.671833860304666},{'1': 0.15999999999999992},1.53,1.69,"{'1': {'start': 1.53, 'end': 1.69}}",Action
12,42,0x4C,2,2.716797,Mismatch,Mismatch,ddbbddddl,180,"{'1': 109.70371459658752, '2': 289.70371459658753}","[0.0, 359.82, 358.53, 356.72, 354.3, 350.41, 346.34, 342.01, 337.22, 332.23, 327.23, 322.23, 317.23, 312.24, 307.24, 302.24, 297.24, 292.25, 287.25, 282.25, 278.23, 275.64]","[2.158203, 2.171875, 2.186035, 2.199951, 2.213623, 2.227783, 2.241699, 2.255615, 2.269531, 2.283447, 2.297363, 2.311035, 2.325195, 2.339111, 2.352783, 2.366699, 2.380859, 2.394775, 2.408691, 2.422607, 2.436523, 2.450439]",1.0,{'1': 84.25463619634726},{'1': 0.29000000000000004},2.16,2.45,"{'1': {'start': 2.16, 'end': 2.45}}",Action
12,43,0x4C,2,1.854736,Mismatch,Mismatch,uuubbrrrf,180,"{'1': 227.18196138578503, '2': 47.18196138578503}",[],[],0.0,{},{},0.0,1.854736,{},Action
12,44,0x4C,2,3.556396,Mismatch,Mismatch,bbdddbrrr,120,"{'1': 223.64366454463482, '2': 103.64366454463482}","[0.0, 1.05, 2.71, 4.54, 6.38, 8.22, 10.06, 11.78, 13.5, 10.51, 5.51, 0.51, 355.51, 350.51, 345.51, 340.51, 335.51, 330.51, 325.51, 320.57, 318.17, 317.51, 316.81, 315.3, 312.9, 308.92, 304.76, 300.3, 295.83, 291.38, 287.53, 285.84, 285.84, 285.84, 285.84, 285.84, 286.05, 286.05, 287.13, 288.6, 290.27, 292.0, 293.72, 295.45, 296.74]","[0.7824707, 0.7966309, 0.8105469, 0.8244629, 0.8383789, 0.8522949, 0.8662109, 0.880127, 1.854736, 1.868652, 1.882568, 1.896729, 1.9104, 1.924316, 1.938232, 1.952393, 1.966064, 1.97998, 1.994141, 2.007813, 2.021973, 2.244629, 2.258545, 2.272461, 2.286377, 2.300293, 2.314209, 2.328125, 2.342041, 2.355957, 2.369873, 2.845459, 2.859863, 2.873535, 2.887695, 2.901611, 3.319824, 3.33374, 3.3479, 3.361816, 3.375244, 3.389648, 3.403564, 3.417236, 3.431396]",2.0,"{'1': 28.379799989166017, '2': 30.023814780353298}","{'1': 0.19000000000000017, '2': 0.14000000000000012}",1.84,2.37,"{'1': {'start': 1.84, 'end': 2.0300000000000002}, '2': {'start': 2.23, 'end': 2.37}}",Action
12,45,0x4C,2,4.30957,Mismatch,Mismatch,rrrrbbbdr,180,"{'1': 71.86019701447307, '2': 251.86019701447307}","[0.0, 1.78, 4.25, 8.98, 13.7, 18.42, 23.12, 27.82, 32.52, 37.22, 41.92, 46.62, 51.32, 56.01, 60.71, 65.41, 70.1, 74.8, 79.5, 84.19, 88.89, 91.91, 94.13, 94.42, 94.42, 97.49, 102.48, 107.46, 112.42, 117.38, 122.32, 127.26, 132.2, 137.14, 142.08, 147.01, 151.95, 156.88, 161.82, 164.95, 167.68, 168.75, 169.88, 172.02, 174.92, 177.85, 180.78, 183.71, 186.64, 189.49, 190.55]","[0.9775391, 0.9916992, 1.005615, 1.019287, 1.033447, 1.047363, 1.061279, 1.074951, 1.089111, 1.102783, 1.116943, 1.130859, 1.144775, 1.158691, 1.172607, 1.186523, 1.200439, 1.2146, 1.228271, 1.242188, 1.256104, 1.270264, 1.28418, 2.31665, 2.331055, 2.344971, 2.358643, 2.373047, 2.386963, 2.400146, 2.414551, 2.428467, 2.442139, 2.456299, 2.470459, 2.484131, 2.497803, 2.511963, 2.526123, 2.539551, 2.553711, 3.29248, 3.306641, 3.320313, 3.334229, 3.348389, 3.361816, 3.376221, 3.390137, 3.40332, 3.41748]",3.0,"{'1': 94.13163472062142, '2': 73.26910870651044, '3': 1.2780189770258232}","{'1': 0.33000000000000007, '2': 0.2400000000000002, '3': 0.1299999999999999}",0.96,3.41,"{'1': {'start': 0.96, 'end': 1.29}, '2': {'start': 2.32, 'end': 2.56}, '3': {'start': 3.2800000000000002, 'end': 3.41}}",Action
12,46,0x4C,2,3.375488,Mismatch,Mismatch,bddrddddd,120,"{'1': 22.720737489458664, '2': 262.72073748945866}","[0.0, 0.0, 0.28, 1.59, 3.57, 6.78, 10.95, 15.41, 19.91, 24.39, 28.88, 33.36, 37.84, 42.33, 46.81, 51.2, 52.86, 53.98, 54.37, 53.07, 48.86, 43.86, 38.86, 33.86, 28.86, 23.86, 18.86, 13.86, 13.86, 13.28, 9.13, 4.14, 359.14, 354.14, 349.14, 344.99, 343.75, 342.46, 338.39, 333.41, 328.43, 323.46, 318.48, 313.51, 308.54, 303.57]","[0.8242188, 0.8378906, 0.8520508, 0.8657227, 0.8796387, 0.8937988, 0.9074707, 0.9213867, 0.9355469, 0.9492188, 0.9631348, 0.9772949, 0.9912109, 1.005127, 1.019043, 1.032959, 1.046875, 1.060791, 1.422852, 1.436768, 1.450684, 1.4646, 1.478516, 1.492432, 1.506348, 1.520264, 1.534424, 1.548096, 1.715332, 1.729248, 1.74292, 1.75708, 1.770996, 1.784668, 1.798828, 1.812744, 2.202637, 2.216553, 2.230469, 2.244385, 2.258301, 2.272217, 2.285889, 2.300049, 2.313965, 2.327881]",3.0,"{'1': 53.87462731786832, '2': -40.49615625543762, '3': 37.405547348887936}","{'1': 0.22000000000000008, '2': 0.14000000000000012, '3': 0.1299999999999999}",0.84,2.32,"{'1': {'start': 0.84, 'end': 1.06}, '2': {'start': 1.41, 'end': 1.55}, '3': {'start': 2.19, 'end': 2.32}}",Action
12,47,0x4C,2,2.953857,Mismatch,Mismatch,lllllbbul,0,"{'1': 42.69994123636518, '2': 42.69994123636518}","[0.0, 2.19, 6.13, 11.05, 15.97, 20.89, 25.8, 30.71, 35.61, 40.51, 45.41, 50.29, 55.17, 60.06, 64.94, 69.82, 74.7, 79.58, 84.46, 89.34, 94.22, 99.1, 103.98, 108.86, 113.75, 118.63, 123.51, 128.39, 133.27, 138.15, 143.03, 147.92, 151.55, 153.62]","[2.060791, 2.074707, 2.088623, 2.102539, 2.116699, 2.130371, 2.144287, 2.158203, 2.172119, 2.186035, 2.199951, 2.213867, 2.227783, 2.241699, 2.255615, 2.269531, 2.283447, 2.297607, 2.311279, 2.325195, 2.339355, 2.353271, 2.367432, 2.381104, 2.395264, 2.408936, 2.422607, 2.436768, 2.450439, 2.4646, 2.478516, 2.492432, 2.506348, 2.520264]",1.0,{'1': 153.58073009485483},{'1': 0.4700000000000002},2.05,2.52,"{'1': {'start': 2.05, 'end': 2.52}}",Action
12,48,0x4C,2,1.61377,Mismatch,Mismatch,ffffuulff,120,"{'1': 38.65036846662754, '2': 278.6503684666275}","[0.0, 359.74, 359.14, 356.75, 352.78, 347.78, 342.78, 337.78, 332.79, 327.79, 322.79, 317.79, 312.79, 308.72, 306.67]","[1.028564, 1.042725, 1.056641, 1.070557, 1.084473, 1.098389, 1.112305, 1.126221, 1.140137, 1.154297, 1.167969, 1.181885, 1.196045, 1.209961, 1.223633]",1.0,{'1': 52.758897210779104},{'1': 0.18999999999999995},1.03,1.22,"{'1': {'start': 1.03, 'end': 1.22}}",Action
12,49,0x4C,2,2.688477,Mismatch,Mismatch,rbbbbbldd,180,"{'1': 25.6539646124735, '2': 205.6539646124735}","[0.0, 0.88, 1.95, 4.95, 8.62, 13.37, 18.29, 23.2, 28.11, 33.02, 37.93, 42.83, 47.74, 52.64, 57.55, 62.45, 67.35, 72.26, 77.16, 82.06, 86.97, 91.87, 96.77, 101.68, 106.58, 111.48, 116.39, 121.29, 126.19, 131.1, 136.0, 140.9, 145.8, 150.71, 153.23, 154.16, 156.74, 159.99, 164.94, 169.87, 174.8, 179.72, 184.65, 189.57, 194.49, 198.77, 199.89]","[1.031494, 1.04541, 1.059326, 1.073242, 1.087402, 1.101074, 1.11499, 1.128906, 1.143066, 1.156738, 1.170654, 1.184814, 1.198486, 1.212402, 1.226563, 1.240234, 1.25415, 1.268311, 1.281982, 1.295898, 1.310059, 1.323975, 1.337891, 1.351807, 1.365723, 1.379639, 1.393555, 1.407471, 1.421387, 1.435303, 1.449219, 1.463379, 1.477051, 1.490967, 1.504883, 1.950439, 1.964355, 1.978271, 1.992188, 2.006348, 2.02002, 2.033936, 2.048096, 2.061768, 2.075684, 2.0896, 2.10376]",2.0,"{'1': 153.24068061029365, '2': 6.2691902428720425}","{'1': 0.49, '2': 0.16000000000000014}",1.02,2.1,"{'1': {'start': 1.02, 'end': 1.51}, '2': {'start': 1.94, 'end': 2.1}}",Action
13,0,0x4C,1,3.570313,Match,Match,rbbbdddff,60,"{'1': 200.46841334245798, '2': 140.46841334245798}","[0.0, 0.0, 0.17, 0.47, 1.33, 2.48, 3.96, 5.73, 7.71, 10.56, 13.61, 16.74, 20.07, 23.53, 27.28, 31.06, 34.85, 38.63, 42.41, 45.84, 48.84, 50.04, 50.64, 50.85, 51.07, 51.61, 52.77, 54.3, 56.06, 58.04, 60.1, 62.16, 64.23, 66.3, 68.37, 70.44, 72.5, 74.57, 76.64, 78.46, 79.82, 80.84]","[1.269531, 1.283691, 1.297607, 1.311523, 1.325439, 1.339355, 1.353027, 1.367188, 1.381104, 1.39502, 1.408936, 1.422852, 1.436768, 1.450684, 1.4646, 1.47876, 1.492432, 1.506348, 1.520508, 1.53418, 1.548096, 1.562012, 1.576172, 1.840576, 1.854492, 1.868408, 1.882324, 1.89624, 1.910156, 1.924072, 1.938232, 1.951904, 1.96582, 1.97998, 1.993652, 2.007568, 2.021729, 2.0354, 2.049316, 2.063232, 2.077393, 2.091064]",2.0,"{'1': 50.4214522473185, '2': 29.91107192105663}","{'1': 0.28, '2': 0.24999999999999978}",1.3,2.09,"{'1': {'start': 1.3, 'end': 1.58}, '2': {'start': 1.84, 'end': 2.09}}",Action
13,1,0x4C,1,2.412109,Match,Match,rbbbbbbub,60,"{'1': 211.74261793725992, '2': 271.7426179372599}","[0.0, 359.63, 358.39, 356.66, 352.52, 347.52, 342.52, 337.53, 332.53, 327.53, 322.53, 317.54, 312.54, 307.54, 302.54, 297.55, 293.46, 289.78, 287.53, 286.8, 286.61, 287.68, 290.41, 295.41, 300.41, 305.41, 310.41, 315.41, 320.41, 325.41, 327.97]","[1.019531, 1.033447, 1.047363, 1.061523, 1.075195, 1.089355, 1.103271, 1.117188, 1.130859, 1.14502, 1.158691, 1.172607, 1.186768, 1.200439, 1.214355, 1.228516, 1.242432, 1.256348, 1.270264, 1.28418, 1.910645, 1.924805, 1.938477, 1.952393, 1.966309, 1.980225, 1.994141, 2.008057, 2.021973, 2.035889, 2.049805]",2.0,"{'1': 72.98072722046565, '2': -39.553034781683}","{'1': 0.27, '2': 0.1399999999999999}",1.01,2.04,"{'1': {'start': 1.01, 'end': 1.28}, '2': {'start': 1.9000000000000001, 'end': 2.04}}",Action
13,2,0x4C,1,5.7854,Match,Match,ffffuulff,0,"{'1': 325.8658761739532, '2': 325.8658761739532}",[],[],0.0,{},{},0.0,5.7854,{},Action
13,3,0x4C,1,2.688477,Match,Match,uuuubbbur,180,"{'1': 22.283584768007913, '2': 202.28358476800793}","[0.0, 0.0, 1.31, 4.52, 9.44, 14.35, 19.26, 24.17, 29.08, 33.99, 38.9, 43.81, 48.71, 53.62, 58.53, 63.44, 68.35, 73.26, 78.17, 83.07, 87.98, 92.89, 97.8, 102.71, 107.61, 112.52, 117.43, 122.34, 127.25, 129.49, 130.05, 130.05, 130.89, 132.53, 137.18, 142.11, 147.03, 151.95, 156.87, 161.79, 166.71, 171.63, 176.55, 181.47, 184.47, 185.04]","[0.8261719, 0.8400879, 0.854248, 0.8681641, 0.8820801, 0.895752, 0.909668, 0.9238281, 0.9375, 0.9516602, 0.9655762, 0.979248, 0.9936523, 1.007324, 1.021484, 1.035156, 1.049316, 1.063232, 1.069824, 1.083252, 1.101318, 1.115234, 1.12915, 1.142822, 1.156982, 1.170898, 1.18457, 1.19873, 1.212646, 1.226318, 1.560791, 1.574707, 1.588379, 1.602295, 1.616455, 1.630127, 1.644287, 1.658203, 1.672119, 1.685791, 1.701416, 1.713867, 1.727783, 1.741699, 1.755615, 1.769531]",2.0,"{'1': 129.496164682949, '2': 45.30171455037322}","{'1': 0.3999999999999999, '2': 0.19999999999999996}",0.8300000000000001,1.76,"{'1': {'start': 0.8300000000000001, 'end': 1.23}, '2': {'start': 1.56, 'end': 1.76}}",Action
13,4,0x4C,1,2.983398,Match,Match,rrrbbbddb,120,"{'1': 233.17388436426728, '2': 113.17388436426728}","[0.0, 0.0, 0.2, 0.73, 1.57, 2.71, 4.21, 6.05, 8.95, 11.96, 15.47, 20.43, 25.4, 30.36, 35.32, 40.29, 45.25, 50.22, 55.19, 60.17, 65.1, 66.42, 66.42, 67.39, 68.69, 70.58, 73.5, 76.56, 79.97, 83.43, 86.91, 90.39, 93.87, 96.74, 97.23, 97.47, 98.31, 100.05, 102.27, 105.17, 108.06, 110.96, 113.86, 116.17]","[0.8356934, 0.8496094, 0.8635254, 0.8771973, 0.8913574, 0.9052734, 0.9191895, 0.9331055, 0.9470215, 0.9609375, 0.9748535, 0.9887695, 1.002686, 1.016602, 1.030518, 1.045898, 1.05835, 1.072266, 1.086182, 1.100098, 1.114014, 1.128174, 1.518066, 1.532471, 1.547119, 1.561523, 1.575684, 1.589355, 1.603516, 1.617432, 1.631348, 1.645508, 1.659424, 1.673096, 2.175293, 2.189453, 2.203369, 2.217285, 2.230957, 2.245117, 2.259277, 2.272705, 2.287109, 2.300781]",3.0,"{'1': 66.41438631790744, '2': 30.32673632060724, '3': 18.728263785442977}","{'1': 0.28000000000000014, '2': 0.16999999999999993, '3': 0.1200000000000001}",0.85,2.3000000000000003,"{'1': {'start': 0.85, 'end': 1.1300000000000001}, '2': {'start': 1.51, 'end': 1.68}, '3': {'start': 2.18, 'end': 2.3000000000000003}}",Action
13,5,0x4C,1,2.999756,Match,Match,uuuuubbul,180,"{'1': 31.846249457154954, '2': 211.84624945715495}","[0.0, 359.68, 357.76, 352.76, 347.76, 342.76, 337.77, 332.77, 327.77, 322.77, 317.77, 312.77, 307.77, 302.77, 297.77, 293.86, 291.37, 289.7, 289.26, 286.14, 281.81, 276.82, 271.83, 266.84, 261.85, 256.86, 251.87, 246.88, 243.31, 241.23, 240.84, 240.84, 240.05, 238.54, 234.63, 230.03, 225.06, 220.08, 215.1, 210.13, 205.17, 200.22, 195.28]","[0.8662109, 0.880127, 0.894043, 0.907959, 0.921875, 0.935791, 0.9499512, 0.963623, 0.9775391, 0.9916992, 1.005371, 1.019287, 1.033447, 1.047119, 1.061035, 1.074951, 1.089111, 1.339844, 1.35376, 1.367432, 1.394531, 1.40918, 1.423828, 1.437744, 1.452393, 1.467041, 1.480469, 1.494873, 1.509033, 1.522705, 1.871582, 1.885498, 1.89917, 1.91333, 1.927246, 1.940918, 1.955078, 1.969238, 1.983154, 1.996582, 2.010986, 2.024902, 2.03833]",3.0,"{'1': 68.54879100056806, '2': 48.543720561222116, '3': 42.49726147397821}","{'1': 0.22000000000000008, '2': 0.19999999999999996, '3': 0.16000000000000014}",0.87,2.03,"{'1': {'start': 0.87, 'end': 1.09}, '2': {'start': 1.33, 'end': 1.53}, '3': {'start': 1.87, 'end': 2.0300000000000002}}",Action
13,6,0x4C,1,2.213623,Match,Match,bddrddddd,60,"{'1': 237.2085733278458, '2': 297.2085733278458}","[0.0, 0.0, 359.5, 357.76, 355.62, 353.23, 350.46, 347.67, 344.87, 342.08, 339.95, 338.57, 337.95, 337.59, 335.99, 333.79, 331.09, 327.18, 323.12, 319.02, 314.93, 310.84, 307.98, 305.74]","[0.7756348, 0.7890625, 0.807373, 0.8210449, 0.8349609, 0.8491211, 0.8630371, 0.8769531, 0.8908691, 0.9047852, 0.9187012, 0.9326172, 1.53125, 1.54541, 1.559082, 1.572998, 1.587158, 1.601074, 1.614746, 1.628906, 1.642578, 1.659668, 1.670654, 1.684326]",2.0,"{'1': 21.43764631674042, '2': 31.502529256806906}","{'1': 0.16000000000000003, '2': 0.1499999999999999}",0.78,1.68,"{'1': {'start': 0.78, 'end': 0.9400000000000001}, '2': {'start': 1.53, 'end': 1.68}}",Action
13,7,0x4C,1,1.155518,Match,Match,rrrrbbbdr,0,"{'1': 30.299873700238173, '2': 30.299873700238173}",[],[],0.0,{},{},0.0,1.155518,{},Action
13,8,0x4C,1,4.070557,Match,Match,bbddbblll,120,"{'1': 34.78725763406786, '2': 274.7872576340678}","[0.0, 0.35, 2.32, 7.32, 12.32, 17.31, 22.31, 27.31, 32.3, 37.29, 42.28, 47.27, 52.25, 57.24, 62.23, 67.21, 72.2, 77.19, 82.17, 87.16, 92.15, 97.13, 100.6, 102.83, 103.16, 103.16, 103.16, 104.32, 107.2, 112.18, 117.16, 122.13, 127.11, 132.09, 137.07, 142.05, 147.02, 152.0, 154.86, 154.48, 154.05, 153.29, 152.5, 151.69, 150.91, 150.91, 150.39, 149.69, 148.82, 147.49, 146.16, 144.82, 143.49, 142.15]","[1.241211, 1.255127, 1.268799, 1.282959, 1.296875, 1.310547, 1.324707, 1.338623, 1.352295, 1.366211, 1.380371, 1.394043, 1.408203, 1.422119, 1.436035, 1.449951, 1.463867, 1.477783, 1.491699, 1.505615, 1.519531, 1.533447, 1.547363, 1.561279, 1.575195, 2.006592, 2.020752, 2.034668, 2.048584, 2.0625, 2.076416, 2.090332, 2.104248, 2.118408, 2.13208, 2.145996, 2.160156, 2.174072, 3.023193, 3.037109, 3.064453, 3.078613, 3.09375, 3.10791, 3.569092, 3.583252, 3.596924, 3.611084, 3.625, 3.638672, 3.652832, 3.666748, 3.68042, 3.69458]",2.0,"{'1': 103.03680727220465, '2': 48.85996662430915}","{'1': 0.33000000000000007, '2': 0.16999999999999993}",1.24,2.18,"{'1': {'start': 1.24, 'end': 1.57}, '2': {'start': 2.0100000000000002, 'end': 2.18}}",Action
13,9,0x4C,1,2.887207,Match,Match,bdddbllll,180,"{'1': 319.57779751647814, '2': 139.57779751647814}","[0.0, 0.0, 0.58, 1.61, 3.09, 5.89, 8.86, 13.65, 18.64, 23.63, 28.62, 33.62, 38.61, 43.6, 48.6, 53.59, 58.58, 63.58, 68.57, 73.56, 78.56, 83.55, 88.54, 93.54, 98.53, 103.52, 108.52, 113.51, 118.5, 123.5, 128.49, 133.48, 138.48, 143.47, 148.46, 153.46, 158.45, 162.14, 164.77, 165.82, 165.82, 165.82, 166.39, 167.38, 168.39, 169.41, 170.42, 171.43]","[0.9482422, 0.9621582, 0.9760742, 0.9899902, 1.003906, 1.017822, 1.031738, 1.047363, 1.059814, 1.07373, 1.087646, 1.101563, 1.115479, 1.129395, 1.143555, 1.157227, 1.171143, 1.185303, 1.198975, 1.212891, 1.226807, 1.240967, 1.254639, 1.268555, 1.282715, 1.296387, 1.310303, 1.324463, 1.338135, 1.352051, 1.366211, 1.393066, 1.407471, 1.422119, 1.436768, 1.451172, 1.465332, 1.479004, 1.493164, 2.051514, 2.06543, 2.079346, 2.093262, 2.107178, 2.12085, 2.13501, 2.148926, 2.162598]",1.0,{'1': 164.78285537745143},{'1': 0.5499999999999999},0.95,1.5,"{'1': {'start': 0.9500000000000001, 'end': 1.5}}",Action
13,10,0x4C,1,4.587646,Match,Match,rrrbbbddb,180,"{'1': 59.79782365927629, '2': 239.79782365927628}","[0.0, 0.0, 358.62, 356.36, 352.69, 347.72, 342.75, 337.79, 332.83, 327.87, 322.91, 317.94, 312.98, 308.02, 303.06, 298.1, 293.15, 288.19, 283.23, 278.27, 273.32, 268.37, 263.41, 258.46, 253.5, 248.54, 243.58, 238.62, 233.67, 228.71, 227.03, 226.85, 226.34, 224.27, 220.28, 215.33, 210.38, 205.43, 200.47, 195.52, 190.57, 185.78, 182.11]","[2.234131, 2.247803, 2.261963, 2.276123, 2.289795, 2.303467, 2.317871, 2.331543, 2.345215, 2.359619, 2.373535, 2.387207, 2.401367, 2.415283, 2.429199, 2.442871, 2.457275, 2.470947, 2.484619, 2.498779, 2.512695, 2.526367, 2.540527, 2.554688, 2.568604, 2.582031, 2.596436, 2.610352, 2.624023, 2.638184, 2.6521, 3.041992, 3.056396, 3.070068, 3.083496, 3.098145, 3.111816, 3.125244, 3.139648, 3.153809, 3.16748, 3.181641, 3.195801]",2.0,"{'1': 132.97364716382998, '2': 43.242028533999076}","{'1': 0.41999999999999993, '2': 0.1599999999999997}",2.24,3.19,"{'1': {'start': 2.24, 'end': 2.66}, '2': {'start': 3.0300000000000002, 'end': 3.19}}",Action
13,11,0x4C,1,5.836914,Match,Match,bbddbblll,60,"{'1': 114.17130518629921, '2': 54.17130518629921}","[0.0, 359.8, 358.72, 357.27, 355.49, 353.3, 351.07, 348.83, 346.6, 344.88, 343.65, 343.65, 344.66, 347.69, 352.65, 357.61, 2.56, 7.52, 12.48, 17.43, 22.39, 27.34, 32.3, 37.26, 42.21, 47.17, 52.12, 57.08, 62.03, 66.99, 71.95, 76.9, 81.8, 82.88, 82.88, 81.15, 78.69, 75.52, 72.23, 68.95, 65.68, 62.41, 60.98, 60.38, 60.89, 61.55, 62.22, 62.89, 63.54]","[0.8198242, 0.8337402, 0.8479004, 0.8615723, 0.8757324, 0.8896484, 0.9035645, 0.9172363, 0.9313965, 0.9453125, 0.9592285, 2.215332, 2.230957, 2.243652, 2.256836, 2.270508, 2.284912, 2.298828, 2.3125, 2.326904, 2.34082, 2.354492, 2.368652, 2.382568, 2.396484, 2.410156, 2.424561, 2.438477, 2.452148, 2.466553, 2.480469, 2.493896, 2.508545, 3.13501, 3.148682, 3.163086, 3.177002, 3.19043, 3.20459, 3.218506, 3.231934, 3.246338, 3.260254, 3.901123, 3.915039, 3.928711, 3.942627, 3.956787, 3.970215]",3.0,"{'1': 16.347473411899994, '2': -13.775705090696368, '3': -21.873899108939348}","{'1': 0.1399999999999999, '2': 0.06999999999999984, '3': 0.1200000000000001}",0.8200000000000001,3.26,"{'1': {'start': 0.8200000000000001, 'end': 0.96}, '2': {'start': 2.2, 'end': 2.27}, '3': {'start': 3.14, 'end': 3.2600000000000002}}",Action
13,12,0x4C,1,5.800049,Match,Match,dbbbblllu,60,"{'1': 71.40344591093177, '2': 11.403445910931765}","[0.0, 0.0, 0.0, 359.53, 359.19, 358.83, 358.48, 358.12, 358.12, 357.78, 357.07, 355.74, 354.29, 352.77, 351.2, 349.63, 348.34, 347.66, 347.35, 347.01, 344.81, 341.42, 337.11, 332.14, 327.16, 322.18, 317.21, 312.23, 307.25, 302.27, 297.3, 292.32, 287.34, 282.36, 277.39, 272.41, 267.43, 262.45, 257.48, 252.5, 247.52, 242.54, 237.57, 232.59, 227.61, 222.63, 217.66, 212.68, 207.7, 202.72, 197.75, 192.77, 188.51, 186.12, 184.57, 183.8, 182.46, 179.6, 174.98, 170.08, 165.17, 160.26, 155.36, 150.45, 145.54, 140.64, 135.73, 130.82, 125.92, 121.0, 116.08, 111.15, 106.2, 101.86, 100.34, 100.14, 100.14, 98.39, 96.11, 92.57, 88.57, 84.47, 80.35, 76.24, 73.77, 72.23]","[1.662842, 1.677002, 1.691162, 1.704834, 1.718994, 1.73291, 1.746582, 1.760742, 2.513184, 2.5271, 2.541016, 2.555176, 2.568604, 2.58252, 2.59668, 2.610596, 2.624268, 2.638428, 3.01416, 3.02832, 3.042725, 3.056641, 3.070313, 3.08374, 3.099365, 3.111816, 3.125488, 3.139648, 3.153809, 3.16748, 3.181396, 3.195557, 3.209229, 3.223145, 3.237305, 3.251221, 3.264648, 3.278809, 3.292969, 3.306641, 3.320801, 3.334717, 3.348633, 3.362793, 3.376709, 3.390381, 3.404053, 3.418213, 3.432373, 3.446045, 3.459961, 3.474121, 3.487793, 3.501953, 3.516113, 3.989014, 4.003662, 4.017578, 4.03125, 4.044922, 4.059082, 4.072998, 4.086426, 4.10083, 4.114746, 4.128174, 4.142578, 4.156738, 4.17041, 4.184082, 4.198242, 4.212402, 4.22583, 4.23999, 4.253906, 4.727295, 4.741455, 4.755615, 4.769287, 4.783447, 4.797363, 4.811279, 4.824707, 4.838867, 4.853027, 4.866699]",3.0,"{'1': 162.78976123270618, '2': -75.8478976013629, '3': -27.1554315389117}","{'1': 0.5099999999999998, '2': 0.2799999999999998, '3': 0.1299999999999999}",3.01,4.86,"{'1': {'start': 3.0100000000000002, 'end': 3.52}, '2': {'start': 3.98, 'end': 4.26}, '3': {'start': 4.73, 'end': 4.86}}",Action
13,13,0x4C,1,3.514648,Match,Match,uubbbrrrb,60,"{'1': 152.06334588955704, '2': 212.06334588955704}","[0.0, 359.71, 358.93, 357.1, 354.81, 352.14, 348.83, 345.35, 341.81, 338.26, 334.74, 332.07, 330.01, 330.01, 329.79, 329.0, 327.58, 325.5, 323.38, 321.25, 319.21, 317.85, 317.23, 317.23, 316.9, 316.17, 315.22, 314.01, 312.71, 311.4, 310.1]","[1.158447, 1.172607, 1.186523, 1.200439, 1.214355, 1.228271, 1.242188, 1.256104, 1.27002, 1.283936, 1.298096, 1.311768, 1.325928, 1.743652, 1.757324, 1.77124, 1.7854, 1.799072, 1.813232, 1.827148, 1.841064, 1.85498, 2.606689, 2.620605, 2.634521, 2.648438, 2.662598, 2.67627, 2.690186, 2.704346, 2.718018]",2.0,"{'1': 29.958194209039558, '2': 12.164140432002249}","{'1': 0.17000000000000015, '2': 0.1200000000000001}",1.16,1.86,"{'1': {'start': 1.16, 'end': 1.33}, '2': {'start': 1.74, 'end': 1.86}}",Action
13,14,0x4C,1,2.271973,Match,Match,bddrddddd,120,"{'1': 245.2965112239426, '2': 5.296511223942588}","[0.0, 359.65, 357.14, 352.93, 347.96, 342.99, 338.02, 333.05, 328.08, 323.11, 318.14, 313.16, 308.19, 303.22, 298.25, 293.27, 291.24, 290.81, 290.49, 288.2, 284.21, 279.22, 274.23, 269.24, 264.25, 259.26, 254.27, 250.12, 247.34]","[0.7851563, 0.7998047, 0.8134766, 0.8271484, 0.8415527, 0.8554688, 0.8691406, 0.8757324, 0.8896484, 0.9074707, 0.9213867, 0.9355469, 0.9494629, 0.9633789, 0.9770508, 0.9909668, 1.004883, 1.311035, 1.325195, 1.339111, 1.352783, 1.366943, 1.380859, 1.394775, 1.408691, 1.422607, 1.436523, 1.450439, 1.464355]",2.0,"{'1': 68.76718698554966, '2': 42.60145512686506}","{'1': 0.22999999999999998, '2': 0.1499999999999999}",0.78,1.46,"{'1': {'start': 0.78, 'end': 1.01}, '2': {'start': 1.31, 'end': 1.46}}",Action
13,15,0x4C,1,3.554932,Match,Match,ffuuuurrf,180,"{'1': 317.3365618009985, '2': 137.3365618009985}","[0.0, 3.31, 8.25, 13.18, 18.11, 23.04, 27.97, 32.9, 37.83, 42.76, 47.69, 52.63, 57.56, 62.51, 67.46, 68.0, 71.08, 76.02, 80.95, 85.87, 90.79, 95.71, 100.62, 105.54, 110.46, 115.38, 120.29, 125.21, 130.13, 135.05, 138.24, 139.67, 139.85, 139.85, 141.41, 144.26, 147.8, 152.76, 157.73, 162.69, 167.66, 171.78, 173.64, 173.64, 173.64, 174.23, 174.76, 175.3, 175.85, 176.39]","[0.9067383, 0.9206543, 0.9345703, 0.9484863, 0.9624023, 0.9763184, 0.9902344, 1.00415, 1.018311, 1.031982, 1.045898, 1.059814, 1.073975, 1.087646, 1.436035, 1.449707, 1.463623, 1.477783, 1.491699, 1.505371, 1.519287, 1.533447, 1.547119, 1.561279, 1.575195, 1.589111, 1.603027, 1.616943, 1.630859, 1.644775, 1.658691, 1.672607, 1.951172, 1.964844, 1.97876, 1.99292, 2.006592, 2.020508, 2.034668, 2.048584, 2.0625, 2.076416, 2.090332, 2.646484, 2.661377, 2.676025, 2.690674, 2.70459, 2.718262, 2.732666]",3.0,"{'1': 62.54344623395113, '2': 72.3005239488609, '3': 33.74638248943336}","{'1': 0.20000000000000007, '2': 0.25, '3': 0.1399999999999999}",0.89,2.09,"{'1': {'start': 0.89, 'end': 1.09}, '2': {'start': 1.43, 'end': 1.68}, '3': {'start': 1.95, 'end': 2.09}}",Action
13,16,0x4C,1,2.205811,Match,Match,ffuuuurrf,120,"{'1': 162.1756481709551, '2': 282.1756481709551}","[0.0, 359.22, 357.77, 355.24, 350.26, 345.27, 340.29, 335.31, 330.32, 325.34, 320.36, 315.38, 310.39, 305.41, 300.43, 295.44, 290.46, 285.48, 280.49, 275.51, 270.53, 265.55, 260.56, 256.23, 254.14, 253.16, 253.16, 252.76, 252.47, 252.19]","[0.907959, 0.921875, 0.9360352, 0.949707, 0.963623, 0.9775391, 0.9914551, 1.005371, 1.019287, 1.033203, 1.047363, 1.061035, 1.074951, 1.088867, 1.103027, 1.116699, 1.130615, 1.144775, 1.158447, 1.172607, 1.186523, 1.200439, 1.214355, 1.228271, 1.241943, 1.802002, 1.816162, 1.830078, 1.84375, 1.857666]",1.0,{'1': 105.87409826464713},{'1': 0.35},0.9,1.25,"{'1': {'start': 0.9, 'end': 1.25}}",Action
13,17,0x4C,1,1.284912,Match,Match,rrrrbbbdr,0,"{'1': 111.83661017528601, '2': 111.83661017528601}",[],[],0.0,{},{},0.0,1.284912,{},Action
13,18,0x4C,1,5.019043,Match,Match,bdddllbbb,180,"{'1': 70.83012866834986, '2': 250.83012866834986}","[0.0, 0.2, 1.56, 3.39, 6.96, 11.92, 16.89, 21.86, 26.82, 31.79, 36.75, 41.72, 46.69, 51.65, 56.62, 61.58, 66.55, 71.52, 76.48, 81.45, 86.42, 91.38, 96.35, 101.34, 106.33, 111.32, 114.32, 117.31, 118.46, 118.95, 121.01, 124.02, 128.94, 133.86, 138.78, 143.7, 148.62, 153.54, 158.46, 163.38, 168.31, 170.51, 170.51, 171.1, 173.87, 178.17, 183.16, 188.16, 193.16, 198.16, 203.16, 208.16, 213.15, 217.94, 218.96, 218.96, 218.75, 218.43, 218.04, 217.66, 217.27, 216.89, 216.5, 216.2, 215.89, 214.78, 211.56, 208.34, 204.2, 200.07, 195.91, 191.75, 189.99]","[1.088623, 1.102539, 1.116455, 1.130615, 1.144287, 1.158203, 1.172363, 1.186279, 1.199951, 1.214111, 1.227783, 1.241943, 1.255859, 1.269531, 1.283447, 1.297607, 1.311523, 1.325439, 1.339355, 1.366943, 1.380859, 1.395996, 1.410156, 1.424316, 1.438232, 1.452637, 1.466553, 1.480225, 1.494873, 2.289307, 2.303711, 2.317139, 2.331299, 2.345215, 2.358887, 2.373047, 2.386963, 2.400635, 2.414795, 2.428711, 2.442871, 2.456543, 2.818359, 2.833008, 2.846924, 2.860352, 2.874268, 2.888428, 2.902344, 2.915771, 2.929932, 2.943848, 2.957764, 2.972168, 3.626465, 3.640381, 3.654541, 3.668457, 3.682129, 3.695801, 3.709961, 3.723877, 3.737549, 4.141602, 4.155518, 4.170166, 4.185059, 4.197266, 4.211182, 4.225098, 4.23877, 4.253174, 4.267334]",4.0,"{'1': 118.44337211953763, '2': 51.5657404768678, '3': -28.462209501189818, '4': 25.29961882645003}","{'1': 0.4099999999999999, '2': 0.17999999999999972, '3': 0.16999999999999993, '4': 0.1200000000000001}",1.09,4.26,"{'1': {'start': 1.09, 'end': 1.5}, '2': {'start': 2.2800000000000002, 'end': 2.46}, '3': {'start': 2.81, 'end': 2.98}, '4': {'start': 4.14, 'end': 4.26}}",Action
13,19,0x4C,1,2.414063,Match,Match,lllbbbluu,120,"{'1': 124.79517812586504, '2': 4.795178125865036}","[0.0, 0.0, 0.55, 1.66, 3.3, 5.27, 7.68, 10.11, 12.53, 14.95, 17.0, 17.56, 17.56, 17.77, 18.77, 20.98, 23.89, 27.02, 30.7, 34.54, 38.4, 42.26, 46.12, 49.01, 50.99, 52.08, 52.08, 55.19, 60.18, 65.17, 70.17, 75.16, 80.15, 85.15, 90.14, 95.13, 100.12, 105.12, 110.11, 111.85, 112.13, 112.13, 113.8, 115.81, 118.77, 121.79, 124.93, 128.13, 131.34, 133.79, 135.08]","[0.8093262, 0.8232422, 0.8374023, 0.8510742, 0.8649902, 0.8791504, 0.8930664, 0.9069824, 0.9208984, 0.9348145, 0.9484863, 0.9624023, 1.199463, 1.213379, 1.227295, 1.240967, 1.255127, 1.268799, 1.282715, 1.296875, 1.310791, 1.324707, 1.338623, 1.352539, 1.366211, 1.380371, 1.591309, 1.605469, 1.619141, 1.633545, 1.647461, 1.661377, 1.675049, 1.689209, 1.703125, 1.716797, 1.730957, 1.744873, 1.758545, 1.772949, 2.064941, 2.078857, 2.093262, 2.108643, 2.121094, 2.134521, 2.148682, 2.162598, 2.176514, 2.190918, 2.204834]",4.0,"{'1': 17.463327967806837, '2': 34.48333776245042, '3': 59.77676141812104, '4': 22.50189278528316}","{'1': 0.1499999999999999, '2': 0.18000000000000016, '3': 0.19999999999999996, '4': 0.13000000000000034}",0.81,2.2,"{'1': {'start': 0.81, 'end': 0.96}, '2': {'start': 1.2, 'end': 1.3800000000000001}, '3': {'start': 1.58, 'end': 1.78}, '4': {'start': 2.07, 'end': 2.2}}",Action
13,20,0x4C,1,2.985107,Match,Match,bdddllbbb,180,"{'1': 130.3271492656744, '2': 310.3271492656744}","[0.0, 359.17, 354.62, 349.64, 344.66, 339.68, 334.69, 329.69, 324.7, 319.71, 314.72, 309.72, 304.73, 299.74, 294.75, 289.75, 284.76, 279.77, 275.75, 275.75, 270.71, 265.77, 260.83, 255.89, 250.95, 246.01, 241.07, 236.13, 231.16, 226.18, 224.99, 222.31, 217.37, 212.38, 207.4, 202.41, 197.42, 192.44]","[0.7407227, 0.7543945, 0.7683105, 0.7822266, 0.7961426, 0.8100586, 0.8239746, 0.8381348, 0.8518066, 0.8659668, 0.8798828, 0.8937988, 0.9074707, 0.9216309, 0.9355469, 0.9494629, 0.9633789, 0.9772949, 1.297607, 1.311523, 1.325439, 1.3396, 1.353271, 1.367188, 1.381104, 1.39502, 1.408936, 1.422852, 1.436768, 1.882324, 1.896484, 1.910156, 1.924072, 1.938232, 1.951904, 1.96582, 1.97998, 1.993652]",3.0,"{'1': 80.26394970717624, '2': 44.62612421334242, '3': 32.5475118624575}","{'1': 0.25, '2': 0.1399999999999999, '3': 0.11999999999999988}",0.73,1.99,"{'1': {'start': 0.73, 'end': 0.98}, '2': {'start': 1.3, 'end': 1.44}, '3': {'start': 1.87, 'end': 1.99}}",Action
13,21,0x4C,1,3.583252,Match,Match,bdddbllll,180,"{'1': 232.17807634043834, '2': 52.17807634043834}","[0.0, 0.0, 0.35, 0.87, 1.76, 2.96, 4.5, 6.46, 8.77, 11.58, 14.55, 17.59, 20.82, 24.3, 27.82, 31.39, 34.96, 38.55, 42.14, 45.72, 49.31, 52.9, 56.48, 60.07, 63.66, 67.25, 70.83, 74.42, 78.0, 81.59, 85.18, 88.77, 92.36, 95.95, 99.53, 103.11, 106.69, 110.26, 113.84, 117.41, 120.98, 124.55, 128.1, 130.47, 132.02, 132.96, 133.78, 135.3, 138.43, 142.73, 147.73, 152.73, 157.73, 162.73, 167.73, 172.73, 177.73, 182.73, 187.72, 192.72, 197.72, 202.72, 206.24, 208.77, 209.35]","[0.9443359, 0.9626465, 0.9768066, 0.9907227, 1.004395, 1.018311, 1.032715, 1.046143, 1.060059, 1.074219, 1.087891, 1.101807, 1.115967, 1.129883, 1.143799, 1.157715, 1.171631, 1.185547, 1.199463, 1.213623, 1.227295, 1.241211, 1.255371, 1.269287, 1.282959, 1.297119, 1.311035, 1.324707, 1.338623, 1.352783, 1.366455, 1.380371, 1.394531, 1.408203, 1.422119, 1.436279, 1.450195, 1.464111, 1.478027, 1.491943, 1.505615, 1.519775, 1.533691, 1.547607, 1.561523, 2.216064, 2.22998, 2.243652, 2.257813, 2.271729, 2.2854, 2.299316, 2.313477, 2.327148, 2.341309, 2.355469, 2.369141, 2.383057, 2.396973, 2.410889, 2.424805, 2.438721, 2.452637, 2.466553, 2.480469]",2.0,"{'1': 131.85036432883015, '2': 17.718255920747083}","{'1': 0.6000000000000001, '2': 0.27}",0.96,2.48,"{'1': {'start': 0.96, 'end': 1.56}, '2': {'start': 2.21, 'end': 2.48}}",Action
13,22,0x4C,1,6.61792,Match,Match,ffuulllbb,60,"{'1': 114.8321781638573, '2': 54.83217816385729}","[0.0, 0.28, 1.89, 6.82, 11.75, 16.68, 21.63, 26.61, 31.61, 36.61, 41.6, 46.6, 51.6, 56.6, 61.6, 66.59, 71.59, 76.59, 81.58, 86.56, 91.52, 92.64, 92.64, 92.64, 92.36, 92.36, 92.11, 92.11, 91.76, 91.4, 91.03, 90.65, 90.26, 89.92, 89.92, 89.92, 89.92, 89.92, 89.92, 89.47, 89.14, 88.68, 88.09, 87.45, 86.79, 86.13, 85.5, 85.23, 85.23, 85.23, 84.88, 84.67, 84.47, 84.3, 83.99, 83.61, 83.03, 82.29, 81.52, 80.72, 79.91, 79.09, 78.76, 78.76, 78.76, 78.76, 78.58]","[1.589355, 1.603271, 1.617432, 1.631348, 1.645264, 1.659424, 1.673096, 1.686768, 1.700928, 1.714844, 1.72876, 1.742432, 1.756592, 1.770508, 1.78418, 1.798584, 1.8125, 1.826172, 1.840332, 1.854248, 1.868164, 3.052246, 3.066406, 3.080566, 3.094482, 3.108154, 3.678955, 3.693359, 3.706787, 3.720703, 3.734619, 3.748779, 3.762207, 4.249756, 4.263916, 4.278076, 4.291992, 4.583984, 4.598389, 4.612305, 4.625977, 4.640137, 4.654053, 4.667969, 4.681396, 4.695801, 4.709961, 5.141602, 5.155762, 5.169678, 5.18335, 5.19873, 5.211182, 5.47583, 5.48999, 5.503662, 5.517822, 5.531738, 5.54541, 5.55957, 5.573486, 5.586914, 6.102295, 6.116699, 6.130615, 6.144531, 6.158447]",1.0,{'1': 91.50875876927972},{'1': 0.28},1.59,1.87,"{'1': {'start': 1.59, 'end': 1.87}}",Action
13,23,0x4C,1,2.758545,Match,Match,rbbbbbbub,60,"{'1': 50.04073404308333, '2': 110.04073404308333}","[0.0, 0.0, 0.0, 358.62, 356.32, 351.32, 346.34, 341.35, 336.36, 331.38, 326.4, 321.41, 316.43, 311.44, 306.46, 301.48, 296.76, 294.28, 294.28, 294.28, 294.28, 294.49, 294.49, 294.69, 294.69, 294.89, 294.89, 295.08, 295.66, 296.65, 297.81, 299.01, 300.21, 301.4]","[0.6726074, 0.6796875, 0.692627, 0.7109375, 0.7248535, 0.7387695, 0.7526855, 0.7666016, 0.7805176, 0.7946777, 0.8083496, 0.8222656, 0.8364258, 0.8500977, 0.8640137, 0.8781738, 0.8918457, 0.9057617, 1.630127, 1.643799, 1.657959, 1.671875, 1.685547, 1.699463, 1.713867, 1.727783, 2.242676, 2.256592, 2.270508, 2.28418, 2.29834, 2.312256, 2.325928, 2.340088]",1.0,{'1': 65.72000000000003},{'1': 0.22999999999999998},0.68,0.91,"{'1': {'start': 0.68, 'end': 0.91}}",Action
13,24,0x4C,1,4.680664,Match,Match,bbddbblll,180,"{'1': 74.79259828906683, '2': 254.79259828906683}","[0.0, 359.66, 355.67, 350.69, 345.74, 340.8, 335.86, 330.93, 326.0, 321.06, 316.13, 311.2, 306.27, 301.33, 296.4, 291.47, 286.55, 281.64, 276.72, 271.81, 266.89, 261.98, 257.06, 252.15, 247.24, 245.48, 245.16, 243.81, 241.36, 236.41, 231.46, 226.51, 221.57, 216.62, 211.67, 206.72, 201.76, 196.81, 192.76, 192.76, 191.18, 188.81, 185.41, 181.68, 177.83, 173.98, 170.13, 168.1, 167.13, 167.13, 168.29, 171.41, 176.37, 181.32, 186.28, 191.24, 196.2, 201.15, 206.09, 211.03, 213.89, 214.97, 214.97, 214.74, 213.15, 210.25, 206.93, 203.12, 199.33, 195.54, 192.9, 190.84, 189.47]","[0.9177246, 0.9313965, 0.9455566, 0.9594727, 0.9731445, 0.9870605, 1.001221, 1.015137, 1.028809, 1.042969, 1.057129, 1.070801, 1.084473, 1.098633, 1.112549, 1.126465, 1.140381, 1.154541, 1.168213, 1.182373, 1.196289, 1.209961, 1.223877, 1.238037, 1.251709, 1.265869, 1.641846, 1.655762, 1.669434, 1.68335, 1.69751, 1.711182, 1.725098, 1.739258, 1.753174, 1.76709, 1.781006, 1.794922, 1.808838, 2.354736, 2.370117, 2.382324, 2.395996, 2.409912, 2.423584, 2.437988, 2.451904, 2.465576, 2.47998, 3.538574, 3.552979, 3.56665, 3.580566, 3.594727, 3.608398, 3.621826, 3.63623, 3.650391, 3.663574, 3.678223, 3.692139, 3.705566, 4.4021, 4.41626, 4.43042, 4.443848, 4.458008, 4.471924, 4.485596, 4.499756, 4.513916, 4.527344, 4.541504]",5.0,"{'1': 114.46693011579556, '2': 52.41008231886525, '3': -0.11000000000001364, '4': -22.099999999999994, '5': 25.354485875706246}","{'1': 0.35, '2': 0.17999999999999994, '3': 0.14000000000000012, '4': 0.17999999999999972, '5': 0.13999999999999968}",0.92,4.54,"{'1': {'start': 0.92, 'end': 1.27}, '2': {'start': 1.6300000000000001, 'end': 1.81}, '3': {'start': 2.34, 'end': 2.48}, '4': {'start': 3.5300000000000002, 'end': 3.71}, '5': {'start': 4.4, 'end': 4.54}}",Action
13,25,0x4C,1,1.476074,Mismatch,Mismatch,rbbbbbbub,180,"{'1': 25.544602347334834, '2': 205.54460234733483}",[],[],0.0,{},{},0.0,1.476074,{},Action
13,26,0x4C,1,1.909912,Mismatch,Mismatch,bddddddrd,0,"{'1': 136.96175576674432, '2': 136.96175576674432}",[],[],0.0,{},{},0.0,1.909912,{},Action
13,27,0x4C,1,4.902832,Mismatch,Mismatch,ffuuuurrf,0,"{'1': 155.40169907698157, '2': 155.40169907698157}","[0.0, 359.78, 359.28, 357.51, 354.69, 351.18, 346.59, 341.92, 337.27, 332.65, 328.05, 323.46, 318.88, 314.3, 309.72, 305.13, 300.55, 295.97, 291.39, 286.81, 282.23, 277.65, 273.07, 268.49, 263.91, 259.33, 254.72, 250.07, 245.63, 242.82, 242.54, 240.88, 238.33, 233.38, 228.43, 223.49, 218.55, 213.6, 208.66, 203.71, 198.77, 194.68, 192.09, 191.42, 191.23, 188.94, 184.98, 180.46, 175.47, 170.47, 165.48, 160.49, 155.5, 150.5, 148.12, 148.12, 148.12, 148.35, 149.99, 152.92, 156.27, 161.05, 166.01, 170.96, 175.92, 179.23, 181.79, 182.87]","[1.376221, 1.390381, 1.404297, 1.417969, 1.432129, 1.446045, 1.459717, 1.473877, 1.487793, 1.501709, 1.515625, 1.529541, 1.543457, 1.557129, 1.571289, 1.584961, 1.599121, 1.613037, 1.626953, 1.640869, 1.654785, 1.668701, 1.682617, 1.696533, 1.710449, 1.724365, 1.738281, 1.752441, 1.766113, 1.780029, 2.255371, 2.269775, 2.285645, 2.297607, 2.311279, 2.325195, 2.338867, 2.353271, 2.367432, 2.381104, 2.394775, 2.40918, 2.423096, 3.009033, 3.023193, 3.036377, 3.050537, 3.064453, 3.077881, 3.092285, 3.106201, 3.119873, 3.134033, 3.148193, 3.162109, 3.175537, 3.593506, 3.607666, 3.621826, 3.635254, 3.649414, 3.66333, 3.676758, 3.690918, 3.705078, 3.71875, 3.733154, 3.74707]",4.0,"{'1': 117.11543087378182, '2': 50.466948781521026, '3': -29.973638976717496, '4': 29.558692152917473}","{'1': 0.3999999999999999, '2': 0.18999999999999995, '3': 0.10999999999999988, '4': 0.15000000000000036}",1.38,3.74,"{'1': {'start': 1.3800000000000001, 'end': 1.78}, '2': {'start': 2.24, 'end': 2.43}, '3': {'start': 3.06, 'end': 3.17}, '4': {'start': 3.59, 'end': 3.74}}",Action
13,28,0x4C,1,1.952637,Mismatch,Mismatch,bdddllbbb,0,"{'1': 111.67377432265492, '2': 111.67377432265492}",[],[],0.0,{},{},0.0,1.952637,{},Action
13,29,0x4C,1,2.104736,Mismatch,Mismatch,llbbbbbru,180,"{'1': 285.85479539572475, '2': 105.85479539572475}",[],[],0.0,{},{},0.0,2.104736,{},Action
13,30,0x4C,1,2.999023,Mismatch,Mismatch,bbdddbrrr,180,"{'1': 322.31945152345475, '2': 142.31945152345477}","[0.0, 359.17, 356.21, 351.73, 347.0, 342.33, 337.71, 333.12, 328.55, 323.98, 319.4, 314.85, 311.67, 311.4, 310.73, 308.55, 304.43, 299.49, 294.55, 289.61, 284.67, 279.73, 274.79, 269.85, 264.91, 259.97, 255.03, 250.09, 245.93, 243.46, 243.46, 238.42, 233.49, 228.56, 223.63, 218.7, 213.77, 208.84, 203.88, 203.55, 201.07, 196.1, 191.13, 186.18, 181.22, 176.24]","[0.9208984, 0.9348145, 0.9487305, 0.9626465, 0.9765625, 0.9902344, 1.004395, 1.018066, 1.032227, 1.046143, 1.060059, 1.073975, 1.087891, 1.311768, 1.32666, 1.340576, 1.354736, 1.368408, 1.382568, 1.396484, 1.410156, 1.424316, 1.438477, 1.451904, 1.466309, 1.480469, 1.494141, 1.507568, 1.521973, 1.800781, 1.814941, 1.828613, 1.843018, 1.856689, 1.870361, 1.884766, 1.898682, 1.912109, 2.260986, 2.275146, 2.288574, 2.303223, 2.316895, 2.330322, 2.344482, 2.358398]",4.0,"{'1': 48.33254349486547, '2': 65.55530477856908, '3': 34.739105692750286, '4': 21.666852154089696}","{'1': 0.18000000000000005, '2': 0.22999999999999998, '3': 0.11999999999999988, '4': 0.08999999999999986}",0.91,2.35,"{'1': {'start': 0.91, 'end': 1.09}, '2': {'start': 1.3, 'end': 1.53}, '3': {'start': 1.8, 'end': 1.92}, '4': {'start': 2.2600000000000002, 'end': 2.35}}",Action
13,31,0x4C,1,1.620605,Mismatch,Mismatch,lllllbbul,0,"{'1': 323.8306826964333, '2': 323.8306826964333}",[],[],0.0,{},{},0.0,1.620605,{},Action
13,32,0x4C,1,2.761719,Mismatch,Mismatch,lllllbbul,0,"{'1': 44.83170296756913, '2': 44.83170296756913}",[],[],0.0,{},{},0.0,2.761719,{},Action
13,33,0x4C,1,2.399902,Mismatch,Mismatch,ffuulllbb,0,"{'1': 316.23463686114036, '2': 316.23463686114036}","[0.0, 358.54, 354.08, 349.1, 344.13, 339.16, 334.19, 329.22, 324.25, 319.28, 314.31, 309.34, 304.37, 299.4, 294.42, 289.45, 284.48, 279.51, 274.54, 269.56, 264.58, 260.62, 258.79]","[0.8510742, 0.8647461, 0.8789063, 0.8928223, 0.9067383, 0.9206543, 0.9345703, 0.9482422, 0.9624023, 0.9763184, 0.9902344, 1.00415, 1.018066, 1.031982, 1.045898, 1.059814, 1.073975, 1.087891, 1.101807, 1.115723, 1.129395, 1.143311, 1.157471]",1.0,{'1': 100.244468220339},{'1': 0.31000000000000016},0.84,1.15,"{'1': {'start': 0.84, 'end': 1.1500000000000001}}",Action
13,34,0x4C,1,1.897217,Mismatch,Mismatch,ffuuuurrf,180,"{'1': 27.900846160553108, '2': 207.9008461605531}",[],[],0.0,{},{},0.0,1.897217,{},Action
13,35,0x4C,1,1.325195,Mismatch,Mismatch,uubbbrrrb,180,"{'1': 16.772644557860264, '2': 196.77264455786027}",[],[],0.0,{},{},0.0,1.325195,{},Action
13,36,0x4C,1,2.184814,Mismatch,Mismatch,bddrddddd,60,"{'1': 124.94403428537225, '2': 184.94403428537225}","[0.0, 0.0, 359.19, 357.0, 354.47, 351.55, 347.93, 344.22, 340.51, 336.8, 333.09, 331.04, 329.71, 329.38, 329.38, 329.18, 328.91, 328.57, 328.23, 327.88, 327.54, 327.2, 326.85]","[0.859375, 0.8730469, 0.8869629, 0.9008789, 0.9150391, 0.9287109, 0.942627, 0.9567871, 0.9707031, 0.984375, 0.9985352, 1.012451, 1.026367, 1.040039, 1.458008, 1.471924, 1.48584, 1.499756, 1.513672, 1.54126, 1.555176, 1.570068, 1.583984]",1.0,{'1': 30.37768943826801},{'1': 0.17000000000000004},0.86,1.03,"{'1': {'start': 0.86, 'end': 1.03}}",Action
13,37,0x4C,1,4.918945,Mismatch,Mismatch,bbbdddrrb,0,"{'1': 286.7837823049215, '2': 286.7837823049215}","[0.0, 0.84, 2.93, 6.32, 11.27, 16.21, 21.15, 26.08, 31.02, 35.96, 40.89, 45.83, 50.77, 55.71, 60.64, 65.58, 70.52, 75.46, 80.39, 85.34, 90.28, 95.23, 100.19, 105.15, 110.12, 115.1, 120.07, 122.97, 124.0, 124.0, 124.65, 126.51, 130.22, 135.22, 140.22, 145.22, 150.21, 155.21, 160.21, 165.21, 170.21, 175.2, 180.2, 183.13, 183.34, 183.34, 184.66, 187.78, 192.78, 197.77, 202.77, 207.77, 212.76, 217.76, 222.76, 225.41, 226.66, 227.52, 229.2, 234.0, 239.0, 244.0, 249.0, 254.0, 259.0, 264.0, 269.0, 274.0, 279.0, 283.99, 288.99, 293.99, 298.99, 303.99, 308.8, 310.92, 311.09, 311.63, 312.17, 317.17, 322.17, 327.17, 332.17, 337.17, 342.17, 347.17, 352.17, 357.17, 2.17, 7.17, 12.17, 17.17, 22.17, 27.16, 32.16, 37.16, 42.16, 42.43, 42.43, 41.95, 41.18, 39.34, 36.9, 34.06, 31.11, 28.15, 25.2, 22.25, 20.6, 19.31]","[1.044434, 1.058594, 1.07251, 1.086182, 1.100342, 1.114258, 1.128174, 1.14209, 1.156006, 1.169922, 1.183838, 1.197754, 1.211914, 1.225586, 1.239502, 1.253662, 1.267334, 1.28125, 1.29541, 1.309326, 1.322998, 1.337158, 1.351074, 1.364746, 1.378662, 1.392822, 1.406738, 1.42041, 1.43457, 1.810303, 1.824219, 1.838135, 1.852295, 1.865967, 1.880371, 1.894043, 1.907715, 1.921631, 1.935791, 1.949707, 1.963379, 1.977295, 1.991455, 2.005371, 2.673584, 2.6875, 2.701416, 2.715332, 2.729248, 2.743164, 2.75708, 2.770996, 2.784912, 2.812256, 2.826416, 2.841309, 3.065918, 3.080078, 3.09375, 3.10791, 3.121826, 3.135498, 3.151367, 3.163818, 3.177246, 3.191406, 3.205322, 3.219238, 3.23291, 3.24707, 3.26123, 3.274902, 3.289063, 3.302979, 3.31665, 3.331055, 3.511963, 3.526123, 3.540039, 3.553711, 3.567871, 3.582031, 3.595459, 3.609863, 3.623779, 3.637207, 3.651611, 3.665527, 3.679443, 3.693115, 3.707275, 3.721191, 3.734863, 3.749268, 3.762939, 3.776367, 3.790771, 4.222412, 4.236572, 4.250977, 4.264648, 4.278076, 4.292236, 4.306152, 4.319824, 4.333496, 4.3479, 4.361816, 4.375488, 4.389648]",6.0,"{'1': 124.0, '2': 52.8685452393174, '3': -42.11836738510033, '4': -84.19332174553594, '5': 39.54791577954829, '6': -22.241050847457622}","{'1': 0.4099999999999999, '2': 0.2100000000000002, '3': 0.16999999999999993, '4': 0.2799999999999998, '5': 0.13000000000000034, '6': 0.14999999999999947}",1.03,4.38,"{'1': {'start': 1.03, 'end': 1.44}, '2': {'start': 1.8, 'end': 2.0100000000000002}, '3': {'start': 2.68, 'end': 2.85}, '4': {'start': 3.0500000000000003, 'end': 3.33}, '5': {'start': 3.67, 'end': 3.8000000000000003}, '6': {'start': 4.23, 'end': 4.38}}",Action
13,38,0x4C,1,3.138916,Mismatch,Mismatch,rbbbbbldd,60,"{'1': 330.5624400015628, '2': 30.562440001562763}","[0.0, 0.0, 358.05, 355.47, 350.92, 346.23, 341.55, 336.9, 332.24, 327.59, 322.94, 318.3, 313.66, 309.58, 306.83, 305.12, 304.56, 304.56, 303.61, 301.35, 298.46, 294.52, 290.42, 286.34, 282.26, 278.18, 274.71, 271.44, 268.25, 265.07, 261.88, 258.69, 255.5, 252.32, 249.14, 245.95, 242.77, 239.58, 236.4, 233.22, 230.37, 228.09, 226.68, 226.27, 226.03, 226.03, 225.2, 222.72, 218.57, 214.08, 209.08, 204.08, 199.08, 194.08, 189.08, 184.08, 179.08, 176.54, 175.25, 173.95, 173.95, 173.3, 171.02, 166.93, 162.73, 158.02, 153.09, 149.34, 147.02, 146.12]","[0.8664551, 0.8803711, 0.8945313, 0.9082031, 0.9221191, 0.9360352, 0.9499512, 0.963623, 0.9777832, 0.9916992, 1.005615, 1.019775, 1.033691, 1.047363, 1.061523, 1.075439, 1.4375, 1.451172, 1.465088, 1.479248, 1.493164, 1.50708, 1.520996, 1.534912, 1.548584, 1.562744, 1.57666, 1.590576, 1.604492, 1.618408, 1.632324, 1.64624, 1.660156, 1.674072, 1.687988, 1.701904, 1.71582, 1.72998, 1.743652, 1.757568, 1.771484, 1.7854, 1.799316, 1.813232, 2.063965, 2.077881, 2.091553, 2.105469, 2.119629, 2.133545, 2.147461, 2.161377, 2.175293, 2.189209, 2.203125, 2.217041, 2.230957, 2.244873, 2.258789, 2.272705, 2.593018, 2.606934, 2.62085, 2.634766, 2.648438, 2.662598, 2.689941, 2.703857, 2.718994, 2.733154]",4.0,"{'1': 54.887054501865705, '2': 78.1947772348376, '3': 39.97999999999999, '4': -27.629533898305084}","{'1': 0.21000000000000008, '2': 0.3700000000000001, '3': 0.2100000000000004, '4': 0.1499999999999999}",0.87,2.73,"{'1': {'start': 0.87, 'end': 1.08}, '2': {'start': 1.44, 'end': 1.81}, '3': {'start': 2.07, 'end': 2.2800000000000002}, '4': {'start': 2.58, 'end': 2.73}}",Action
13,39,0x4C,1,3.778809,Mismatch,Mismatch,bbddbblll,180,"{'1': 115.67765407141891, '2': 295.67765407141894}","[0.0, 0.0, 359.35, 357.07, 353.31, 348.61, 343.62, 338.62, 333.62, 328.62, 323.62, 318.62, 313.62, 308.62, 303.62, 298.62, 293.62, 288.62, 283.62, 279.59, 277.0, 275.74, 275.55, 275.55, 274.66, 272.23, 268.41, 263.42, 258.42, 253.43, 248.44, 243.45, 238.46, 233.47, 228.48, 224.92, 222.43, 220.58, 219.89, 219.89, 219.89, 219.15, 218.41, 217.66, 216.87, 216.08, 215.38, 214.96, 214.76, 214.3, 211.58, 207.42, 202.43, 197.45, 192.47, 187.49, 182.5, 177.52, 172.55, 168.18, 164.78, 163.17, 162.14, 162.39, 163.48, 166.16, 169.21, 172.63, 176.71, 181.1, 185.68, 190.26, 194.83, 199.38, 202.97, 205.99, 207.39]","[0.8930664, 0.9069824, 0.9208984, 0.9348145, 0.9487305, 0.9626465, 0.9765625, 0.9904785, 1.004395, 1.018311, 1.032471, 1.046143, 1.060059, 1.073975, 1.088135, 1.101807, 1.115967, 1.129883, 1.143555, 1.157471, 1.171631, 1.185547, 1.424072, 1.438232, 1.452393, 1.466309, 1.47998, 1.494385, 1.508301, 1.522217, 1.535889, 1.550293, 1.563965, 1.577637, 1.592041, 1.605957, 1.619385, 1.633789, 1.647949, 2.107666, 2.121826, 2.135498, 2.149902, 2.165527, 2.177002, 2.191162, 2.205322, 2.218994, 2.386475, 2.400391, 2.414551, 2.428711, 2.442139, 2.455566, 2.470215, 2.483887, 2.497559, 2.511719, 2.525879, 2.539307, 2.553711, 2.567871, 3.263916, 3.277588, 3.291748, 3.305664, 3.319092, 3.333252, 3.347412, 3.361328, 3.374756, 3.388916, 3.403076, 3.416504, 3.430908, 3.444824, 3.458252]",4.0,"{'1': 84.26354709149983, '2': 55.660000000000025, '3': 32.27117996048423, '4': -8.675443350898348}","{'1': 0.2899999999999999, '2': 0.2200000000000002, '3': 0.1200000000000001, '4': 0.18999999999999995}",0.9,3.45,"{'1': {'start': 0.9, 'end': 1.19}, '2': {'start': 1.43, 'end': 1.6500000000000001}, '3': {'start': 2.38, 'end': 2.5}, '4': {'start': 3.2600000000000002, 'end': 3.45}}",Action
13,40,0x4C,1,1.571289,Mismatch,Mismatch,rbbbbbldd,0,"{'1': 253.71458745796218, '2': 253.71458745796218}",[],[],0.0,{},{},0.0,1.571289,{},Action
13,41,0x4C,1,2.929199,Mismatch,Mismatch,bdddddfll,180,"{'1': 231.7271989718929, '2': 51.7271989718929}","[0.0, 0.0, 358.4, 355.81, 351.61, 346.67, 341.73, 336.8, 331.86, 326.92, 321.98, 317.04, 312.11, 307.17, 302.23, 297.29, 292.36, 287.42, 282.48, 277.55, 272.61, 267.67, 263.68, 262.0, 261.27, 259.06, 254.7, 249.71, 244.71, 239.71, 234.71, 229.71, 224.71, 219.71, 214.71, 209.71, 204.71, 199.72, 194.95, 190.91, 188.84]","[1.185059, 1.199219, 1.212891, 1.226807, 1.240723, 1.254883, 1.268799, 1.282471, 1.296631, 1.310547, 1.324219, 1.338135, 1.365479, 1.379883, 1.394287, 1.408936, 1.42334, 1.437012, 1.45166, 1.465332, 1.479492, 1.493164, 1.507568, 1.897949, 1.912109, 1.92627, 1.940186, 1.953857, 1.968018, 1.981934, 1.995361, 2.009766, 2.023682, 2.037598, 2.05127, 2.06543, 2.07959, 2.093018, 2.107178, 2.121338, 2.13501]",2.0,"{'1': 96.33046608313416, '2': 72.43567273376398}","{'1': 0.32000000000000006, '2': 0.23999999999999977}",1.19,2.13,"{'1': {'start': 1.19, 'end': 1.51}, '2': {'start': 1.8900000000000001, 'end': 2.13}}",Action
13,42,0x4C,1,1.479248,Mismatch,Mismatch,bbddbblll,0,"{'1': 73.48919106518375, '2': 73.48919106518375}",[],[],0.0,{},{},0.0,1.479248,{},Action
13,43,0x4C,1,1.728271,Mismatch,Mismatch,uuuubbbur,120,"{'1': 308.8200960962514, '2': 188.82009609625138}","[0.0, 0.0, 0.0, 359.07, 357.22, 354.32, 350.4, 346.32, 342.17, 338.03, 333.89, 329.76, 325.68, 323.42, 321.68, 321.26]","[0.8823242, 0.8896484, 0.9025879, 0.9208984, 0.9345703, 0.9487305, 0.9626465, 0.9765625, 0.9902344, 1.004395, 1.018311, 1.032227, 1.046143, 1.060059, 1.074219, 1.087891]",1.0,{'1': 38.49759069631364},{'1': 0.19000000000000006},0.89,1.08,"{'1': {'start': 0.89, 'end': 1.08}}",Action
13,44,0x4C,1,5.263428,Mismatch,Mismatch,ffuulllbb,60,"{'1': 331.46080369408133, '2': 271.46080369408133}","[0.0, 0.0, 358.46, 354.18, 349.28, 344.39, 339.49, 334.59, 329.69, 324.79, 319.87, 314.96, 310.66, 307.95, 306.02, 305.39, 304.38, 301.56, 297.27, 292.41, 287.63, 282.89, 278.2, 273.58, 269.01, 264.46, 259.91, 255.35, 250.8, 246.25, 241.7, 237.15, 232.6, 228.06, 223.49, 218.92, 214.32, 209.73, 205.23, 203.02, 203.02, 201.97, 199.08, 194.43, 189.61, 184.8, 179.99, 175.17, 170.36, 165.55, 160.74, 155.92, 151.11, 146.29, 141.46, 136.63, 131.92, 127.98, 125.33, 123.36, 122.75, 119.98, 115.49, 110.67, 105.9, 101.12, 96.34, 91.56, 86.78, 82.01, 77.23, 72.45, 67.67, 62.89, 58.12, 53.34, 48.56, 43.78, 39.01, 34.23, 29.45, 24.67, 21.33, 18.63, 18.63, 18.36, 13.89, 9.17, 4.47, 359.77, 355.08, 350.38, 345.68, 340.98, 336.28, 331.59, 326.89, 322.21, 317.53, 312.92, 310.01, 307.99, 307.7, 307.7, 306.27, 302.38, 297.44, 292.51, 287.58, 282.66, 277.73, 272.8, 267.87, 262.99, 258.9, 256.67, 256.35, 255.05, 253.25, 251.01, 248.76, 246.52, 245.21]","[0.7062988, 0.7202148, 0.734375, 0.748291, 0.762207, 0.7763672, 0.7900391, 0.8039551, 0.8178711, 0.8320313, 0.8457031, 0.859375, 0.8735352, 0.8874512, 0.9013672, 1.110352, 1.124268, 1.138184, 1.1521, 1.166016, 1.179932, 1.193848, 1.207764, 1.22168, 1.235596, 1.249512, 1.263428, 1.277344, 1.29126, 1.305176, 1.319092, 1.333008, 1.346924, 1.36084, 1.374756, 1.388916, 1.402588, 1.416504, 1.430664, 1.44458, 1.862061, 1.875977, 1.890137, 1.903809, 1.917725, 1.931885, 1.945557, 1.959473, 1.973389, 1.987549, 2.001221, 2.015381, 2.042725, 2.056641, 2.073486, 2.086182, 2.099365, 2.114014, 2.128174, 2.14209, 2.365967, 2.379639, 2.394043, 2.407959, 2.421875, 2.435547, 2.449707, 2.463623, 2.477295, 2.491699, 2.505615, 2.519043, 2.533203, 2.547363, 2.561035, 2.574707, 2.589111, 2.603027, 2.616699, 2.630859, 2.644775, 2.658447, 2.672852, 2.686768, 2.951416, 2.96582, 2.979248, 2.993164, 3.007324, 3.02124, 3.034668, 3.049072, 3.062988, 3.07666, 3.09082, 3.104736, 3.118408, 3.132568, 3.146729, 3.1604, 3.174316, 3.188477, 3.703613, 3.717529, 3.731689, 3.745605, 3.759033, 3.773193, 3.787354, 3.801025, 3.814453, 3.828857, 3.843018, 3.856445, 3.870605, 4.330078, 4.344727, 4.358154, 4.37207, 4.385986, 4.399414, 4.413818, 4.428223]",7.0,"{'1': 53.790384018396104, '2': 102.40120686289144, '3': -33.641552459609514, '4': -104.16350545165426, '5': 33.38085738523418, '6': 48.62525070621477, '7': 10.712573635293452}","{'1': 0.19000000000000006, '2': 0.34999999999999987, '3': 0.2999999999999998, '4': 0.33999999999999986, '5': 0.23999999999999977, '6': 0.16000000000000014, '7': 0.08999999999999986}",0.71,4.42,"{'1': {'start': 0.71, 'end': 0.9}, '2': {'start': 1.1, 'end': 1.45}, '3': {'start': 1.85, 'end': 2.15}, '4': {'start': 2.35, 'end': 2.69}, '5': {'start': 2.95, 'end': 3.19}, '6': {'start': 3.71, 'end': 3.87}, '7': {'start': 4.33, 'end': 4.42}}",Action
13,45,0x4C,1,4.043701,Mismatch,Mismatch,bdddddfll,60,"{'1': 114.99966345432588, '2': 174.99966345432588}","[0.0, 0.29, 1.4, 6.38, 11.36, 16.34, 21.32, 26.3, 31.28, 36.26, 41.23, 46.2, 51.17, 56.13, 59.73, 60.86, 60.54, 58.36, 54.95, 49.96, 44.97, 39.99, 35.01, 30.02, 25.04, 20.06, 15.07, 10.09, 5.11, 0.13, 355.14, 350.16, 346.08, 343.33, 342.94, 341.63, 339.35, 335.18, 330.19, 325.2, 320.21, 315.22, 310.23, 305.24]","[1.185791, 1.199707, 1.213867, 1.227783, 1.241455, 1.255615, 1.269531, 1.286377, 1.297363, 1.311279, 1.325195, 1.338867, 1.353027, 1.366943, 1.380859, 2.062988, 2.076904, 2.091064, 2.10498, 2.118652, 2.132813, 2.146484, 2.160645, 2.174561, 2.188477, 2.202148, 2.216309, 2.230225, 2.243896, 2.258057, 2.271973, 2.285889, 2.299805, 2.313721, 2.859131, 2.873047, 2.887451, 2.901367, 2.915039, 2.929199, 2.943115, 2.957031, 2.970703, 2.984863]",3.0,"{'1': 59.420068266743336, '2': -44.18056029280291, '3': 35.992802503302634}","{'1': 0.19000000000000017, '2': 0.2599999999999998, '3': 0.1299999999999999}",1.19,2.98,"{'1': {'start': 1.19, 'end': 1.3800000000000001}, '2': {'start': 2.06, 'end': 2.32}, '3': {'start': 2.85, 'end': 2.98}}",Action
13,46,0x4C,1,1.994141,Mismatch,Mismatch,ffuuuurrf,120,"{'1': 214.4600399441171, '2': 94.46003994411711}","[0.0, 0.0, 358.7, 356.94, 354.52, 350.26, 345.35, 340.44, 335.53, 330.62, 325.7, 320.78, 317.27, 315.12]","[1.072266, 1.086182, 1.100342, 1.114258, 1.128174, 1.14209, 1.156006, 1.169922, 1.183594, 1.197754, 1.21167, 1.225586, 1.239502, 1.253662]",1.0,{'1': 44.32397598870055},{'1': 0.17999999999999994},1.07,1.25,"{'1': {'start': 1.07, 'end': 1.25}}",Action
13,47,0x4C,1,2.368896,Mismatch,Mismatch,ddbbddddl,60,"{'1': 299.12800295763884, '2': 239.12800295763884}","[0.0, 0.0, 1.56, 4.66, 9.66, 14.66, 19.65, 24.65, 29.65, 34.65, 39.64, 44.64, 49.64, 54.63, 59.62, 64.62, 69.61, 74.23, 76.4, 77.43, 77.43, 77.43, 77.13, 76.81, 76.47, 76.14, 75.81, 75.48]","[1.126221, 1.140137, 1.154053, 1.168213, 1.181885, 1.209473, 1.223389, 1.238281, 1.252441, 1.267334, 1.28125, 1.29541, 1.309082, 1.323242, 1.337402, 1.351074, 1.365479, 1.37915, 1.392822, 2.048096, 2.062744, 2.07666, 2.090088, 2.104248, 2.118408, 2.131836, 2.14624, 2.160156]",1.0,{'1': 76.41128282214768},{'1': 0.27},1.13,1.4,"{'1': {'start': 1.1300000000000001, 'end': 1.4000000000000001}}",Action
13,48,0x4C,1,3.621826,Mismatch,Mismatch,bdddddfll,120,"{'1': 224.91485306237314, '2': 104.91485306237314}","[0.0, 359.83, 359.35, 358.06, 356.59, 354.89, 353.18, 351.48, 349.79, 348.11, 346.81, 345.97, 345.37, 344.67, 343.33, 340.88, 338.24, 335.32, 331.96, 328.6, 325.24, 322.41, 320.02, 318.73, 318.02, 317.59, 317.42, 316.69, 314.92, 312.7, 310.22, 307.72, 305.21, 302.9, 301.35, 300.43, 300.43, 300.23, 299.25, 296.94, 291.94, 286.95, 281.95, 276.95, 271.95, 266.95, 261.95, 256.95, 251.95, 246.95, 241.95, 236.96, 231.96, 226.96, 221.96, 216.96, 211.96, 206.96, 201.96, 196.96, 191.96, 186.97, 181.97, 176.97, 171.97, 168.94, 166.75, 165.49, 165.15, 163.5, 158.52, 153.55, 148.58, 143.6, 138.63, 133.66, 128.69, 123.71, 118.75, 114.44]","[0.8618164, 0.8757324, 0.8894043, 0.9035645, 0.9174805, 0.9313965, 0.9453125, 0.9592285, 0.9731445, 0.9870605, 1.000977, 1.015137, 1.474854, 1.489502, 1.503662, 1.518066, 1.531982, 1.545654, 1.560059, 1.574219, 1.588135, 1.601807, 1.615967, 1.630127, 1.643555, 2.020508, 2.034668, 2.048584, 2.062256, 2.076416, 2.090332, 2.10376, 2.118408, 2.13208, 2.145752, 2.159912, 2.647461, 2.661133, 2.675781, 2.689453, 2.702881, 2.717041, 2.730957, 2.744629, 2.759033, 2.772949, 2.786621, 2.800781, 2.814941, 2.828613, 2.842041, 2.856445, 2.870361, 2.884033, 2.898438, 2.912354, 2.925781, 2.939941, 2.953857, 2.968018, 2.981689, 2.99585, 3.009766, 3.023193, 3.037354, 3.05127, 3.065186, 3.413574, 3.427734, 3.441162, 3.455322, 3.469238, 3.48291, 3.49707, 3.510986, 3.524658, 3.538818, 3.552734, 3.566406, 3.580811]",4.0,"{'1': 27.18141754074884, '2': 17.160579488689542, '3': 107.12544780852848, '4': -50.82027338195745}","{'1': 0.18000000000000016, '2': 0.14000000000000012, '3': 0.4200000000000004, '4': 0.16999999999999993}",1.46,3.58,"{'1': {'start': 1.46, 'end': 1.6400000000000001}, '2': {'start': 2.02, 'end': 2.16}, '3': {'start': 2.65, 'end': 3.0700000000000003}, '4': {'start': 3.41, 'end': 3.58}}",Action
13,49,0x4C,1,2.762207,Mismatch,Mismatch,bddrbbbbb,0,"{'1': 149.27152010301435, '2': 149.27152010301435}","[0.0, 1.07, 3.15, 6.52, 11.47, 16.41, 21.36, 26.3, 31.24, 36.18, 41.13, 46.07, 51.01, 55.95, 60.89, 65.84, 70.78, 75.72, 80.66, 85.61, 90.55, 95.49, 100.43, 105.38, 110.32, 115.26, 120.2, 125.14, 130.09, 135.03, 139.98, 142.44, 142.67, 144.01, 147.5, 152.46, 157.42, 162.38, 167.34, 172.3, 177.25, 182.21, 187.16, 191.68, 193.97]","[0.9624023, 0.9763184, 0.9902344, 1.00415, 1.018311, 1.032227, 1.046143, 1.060059, 1.073975, 1.087891, 1.102051, 1.115723, 1.129639, 1.143555, 1.157471, 1.171631, 1.185303, 1.199219, 1.213379, 1.227051, 1.240967, 1.255127, 1.268799, 1.282959, 1.296875, 1.310791, 1.324463, 1.338623, 1.352539, 1.366211, 1.380371, 1.394287, 1.744873, 1.758789, 1.772949, 1.786865, 1.800293, 1.814697, 1.828613, 1.842529, 1.856201, 1.870361, 1.884277, 1.897949, 1.912354]",2.0,"{'1': 142.44374798195022, '2': 23.74397880000916}","{'1': 0.45000000000000007, '2': 0.18000000000000016}",0.95,1.91,"{'1': {'start': 0.9500000000000001, 'end': 1.4000000000000001}, '2': {'start': 1.73, 'end': 1.9100000000000001}}",Action
14,0,0x19,2,2.862976,Mismatch,Match,rbbbdddff,60,"{'1': 200.46841334245798, '2': 140.46841334245798}","[0.0, 0.0, 0.0, 0.18, 0.18, 0.4, 0.4, 0.62, 0.62, 0.85, 0.85, 1.1, 1.1, 1.48, 1.73, 1.98, 2.38, 2.76, 3.16, 3.55, 3.79]","[1.946106, 1.96051, 1.974487, 1.988281, 2.001892, 2.016235, 2.029907, 2.043518, 2.0578, 2.071716, 2.085205, 2.099487, 2.113464, 2.127197, 2.140747, 2.15509, 2.169067, 2.182556, 2.196838, 2.210571, 2.224182]",0.0,{},{},0.0,2.862976,{},Action
14,1,0x19,2,2.041809,Match,Match,rbbbbbbub,60,"{'1': 211.74261793725992, '2': 271.7426179372599}",[],[],0.0,{},{},0.0,2.041809,{},Action
14,2,0x19,2,1.876617,Match,Match,ffffuulff,0,"{'1': 325.8658761739532, '2': 325.8658761739532}",[],[],0.0,{},{},0.0,1.876617,{},Action
14,3,0x19,2,5.887177,Match,Match,uuuubbbur,180,"{'1': 22.283584768007913, '2': 202.28358476800793}","[0.0, 359.81, 359.34, 358.56, 357.16, 355.4, 353.27, 350.56, 347.57, 343.84, 339.91, 335.6, 330.97, 326.29, 321.58, 316.91, 312.24, 307.6, 302.96, 298.32, 293.68, 289.04, 284.4, 279.76, 275.12, 270.48, 265.84, 261.2, 256.57, 251.92, 247.29, 243.7, 242.06, 240.97, 240.76, 240.38, 238.81, 236.1, 231.83, 227.52, 223.2, 218.89, 214.61, 210.33, 206.06, 201.78, 197.51, 193.23, 188.96, 184.68, 180.41, 176.14, 171.87, 167.6, 163.32, 159.04, 156.88]","[2.469543, 2.483856, 2.497925, 2.511566, 2.525482, 2.539398, 2.552948, 2.5672, 2.581116, 2.594696, 2.608978, 2.622772, 2.636658, 2.650299, 2.664459, 2.678406, 2.692047, 2.706116, 2.720032, 2.733643, 2.747803, 2.761902, 2.775696, 2.789276, 2.803345, 2.817352, 2.831146, 2.845154, 2.85907, 2.872681, 2.886871, 2.900909, 2.914429, 2.928772, 3.789276, 3.803802, 3.817932, 3.831329, 3.845276, 3.85907, 3.872864, 3.887146, 3.901154, 3.91452, 3.92865, 3.942596, 3.95639, 3.96994, 3.983948, 3.998016, 4.01181, 4.025696, 4.039856, 4.053497, 4.067749, 4.081238, 4.094666]",2.0,"{'1': 119.02423317187562, '2': 38.39282674578966}","{'1': 0.45999999999999996, '2': 0.3099999999999996}",2.47,4.09,"{'1': {'start': 2.47, 'end': 2.93}, '2': {'start': 3.7800000000000002, 'end': 4.09}}",Action
14,4,0x19,2,2.763947,Match,Match,rrrbbbddb,120,"{'1': 233.17388436426728, '2': 113.17388436426728}","[0.0, 1.15, 3.37, 6.86, 11.08, 15.53, 20.01, 24.66, 29.45, 34.32, 39.26, 44.22, 49.21, 54.21, 59.2, 64.18, 69.15, 74.11, 79.06, 84.01, 88.95, 93.89, 98.84, 103.78, 108.72, 109.83]","[1.511078, 1.524872, 1.538788, 1.552917, 1.566498, 1.580414, 1.594452, 1.608276, 1.62204, 1.636139, 1.650085, 1.663757, 1.677826, 1.691711, 1.705353, 1.719391, 1.733368, 1.746979, 1.761047, 1.774963, 1.788727, 1.802734, 1.81665, 1.830475, 1.844391, 1.858215]",1.0,{'1': 109.17037543402779},{'1': 0.3500000000000001},1.5,1.85,"{'1': {'start': 1.5, 'end': 1.85}}",Action
14,5,0x19,2,4.088287,Match,Match,uuuuubbul,180,"{'1': 31.846249457154954, '2': 211.84624945715495}","[0.0, 0.0, 0.29, 0.74, 2.3, 4.25, 6.95, 9.93, 13.34, 17.08, 22.04, 26.99, 31.93, 36.87, 41.81, 46.74, 51.67, 56.61, 61.54, 66.47, 71.4, 76.34, 81.27, 86.2, 91.13, 96.06, 101.0, 105.93, 110.86, 115.8, 119.29, 121.5, 122.57, 122.93, 123.73, 125.61, 128.54, 131.64, 136.59, 141.53, 146.46, 151.39, 156.31, 161.22, 166.13, 171.04, 175.94, 180.85, 185.75, 190.66, 195.56, 200.46, 205.35, 210.24, 215.13, 220.03, 223.86, 225.2]","[1.514832, 1.530243, 1.544373, 1.558838, 1.572815, 1.586517, 1.600891, 1.614777, 1.628845, 1.642822, 1.656769, 1.670593, 1.684235, 1.700043, 1.712463, 1.725555, 1.739899, 1.753876, 1.767761, 1.781433, 1.795685, 1.809875, 1.823395, 1.837555, 1.851532, 1.865143, 1.879486, 1.893341, 1.907257, 1.92099, 1.934998, 1.949066, 2.991333, 3.004974, 3.019104, 3.03302, 3.046387, 3.060516, 3.074402, 3.088501, 3.102112, 3.116058, 3.130035, 3.143768, 3.157959, 3.172028, 3.185425, 3.199585, 3.21344, 3.227173, 3.241089, 3.254852, 3.26889, 3.282593, 3.296753, 3.31073, 3.324158, 3.338318]",2.0,"{'1': 121.5009588521943, '2': 13.018523836155637}","{'1': 0.41999999999999993, '2': 0.33999999999999986}",1.53,3.33,"{'1': {'start': 1.53, 'end': 1.95}, '2': {'start': 2.99, 'end': 3.33}}",Action
14,6,0x19,2,4.164917,Match,Match,bddrddddd,60,"{'1': 237.2085733278458, '2': 297.2085733278458}","[0.0, 0.0, 0.61, 1.65, 2.9, 4.85, 7.27, 10.23, 13.2, 16.21, 19.22, 22.24, 25.26, 28.28, 31.22, 32.86, 33.91]","[2.776581, 2.792938, 2.804657, 2.81781, 2.831421, 2.845032, 2.859344, 2.873444, 2.886963, 2.901306, 2.916626, 2.928833, 2.942566, 2.956665, 2.970276, 2.984619, 2.998566]",1.0,{'1': 33.265108625510884},{'1': 0.20999999999999996},2.78,2.99,"{'1': {'start': 2.7800000000000002, 'end': 2.99}}",Action
14,7,0x19,2,2.296997,Match,Match,rrrrbbbdr,0,"{'1': 30.299873700238173, '2': 30.299873700238173}",[],[],0.0,{},{},0.0,2.296997,{},Action
14,8,0x19,2,2.544525,Match,Match,bbddbblll,120,"{'1': 34.78725763406786, '2': 274.7872576340678}",[],[],0.0,{},{},0.0,2.544525,{},Action
14,9,0x19,2,5.004761,Mismatch,Match,bdddbllll,180,"{'1': 319.57779751647814, '2': 139.57779751647814}","[0.0, 359.37, 358.19, 355.62, 351.36, 346.48, 341.66, 336.85, 332.06, 327.27, 322.49, 317.72, 312.95, 308.19, 303.42, 298.66, 293.9, 289.13, 284.37, 279.57, 274.73, 270.51, 269.62]","[1.809631, 1.824005, 1.838074, 1.851379, 1.865631, 1.879608, 1.893463, 1.907074, 1.921326, 1.935181, 1.948669, 1.96283, 1.97702, 1.990387, 2.004486, 2.018463, 2.032227, 2.045868, 2.060059, 2.074158, 2.087616, 2.101776, 2.115845]",1.0,{'1': 90.0102473523349},{'1': 0.30999999999999983},1.8,2.11,"{'1': {'start': 1.8, 'end': 2.11}}",Action
14,10,0x19,2,4.118134,Match,Match,rrrbbbddb,180,"{'1': 59.79782365927629, '2': 239.79782365927628}","[0.0, 0.26, 1.74, 4.56, 8.67, 13.61, 18.6, 23.6, 28.59, 33.59, 38.58, 43.58, 48.57, 53.56, 58.56, 63.55, 68.55, 73.54, 78.54, 83.53, 88.53, 93.52, 98.52, 103.51, 108.51, 113.5, 118.5, 123.49, 128.49, 132.67, 134.58, 135.63, 135.63, 136.24, 137.4, 140.25, 143.17, 146.08, 148.99]","[1.798492, 1.812469, 1.826477, 1.840515, 1.854156, 1.871063, 1.88208, 1.894684, 1.909027, 1.923096, 1.937042, 1.950775, 1.964905, 1.978851, 1.992706, 2.006775, 2.020691, 2.034485, 2.048584, 2.062531, 2.07608, 2.090332, 2.10434, 2.118225, 2.131744, 2.145935, 2.159882, 2.173462, 2.187622, 2.201599, 2.215149, 2.229279, 3.173767, 3.187866, 3.202057, 3.215332, 3.229523, 3.243378, 3.25708]",2.0,"{'1': 135.60194820061528, '2': 11.856365494088465}","{'1': 0.42999999999999994, '2': 0.08999999999999986}",1.8,3.25,"{'1': {'start': 1.8, 'end': 2.23}, '2': {'start': 3.16, 'end': 3.25}}",Action
14,11,0x19,2,3.003296,Match,Match,bbddbblll,60,"{'1': 114.17130518629921, '2': 54.17130518629921}","[0.0, 2.41, 5.7, 9.32, 12.96, 16.51, 20.07, 23.63, 27.21, 30.8, 34.39, 38.02, 41.74, 45.54]","[2.003052, 2.017609, 2.031403, 2.045044, 2.059265, 2.072998, 2.086609, 2.100861, 2.114685, 2.128571, 2.142181, 2.156494, 2.170288, 2.197998]",1.0,{'1': 44.44319740166002},{'1': 0.19999999999999996},1.99,2.19,"{'1': {'start': 1.99, 'end': 2.19}}",Action
14,12,0x19,2,5.472656,Match,Match,dbbbblllu,60,"{'1': 71.40344591093177, '2': 11.403445910931765}","[0.0, 0.2, 1.12, 2.65, 5.22, 8.95, 13.18, 17.68, 22.17, 26.65, 31.14, 35.63, 40.12, 44.6, 49.09, 53.58, 58.07, 62.56, 67.06, 71.58, 73.29]","[4.236633, 4.250549, 4.264709, 4.278564, 4.292175, 4.306274, 4.320129, 4.333618, 4.347839, 4.361755, 4.37561, 4.389099, 4.403381, 4.417175, 4.430725, 4.445007, 4.458923, 4.472534, 4.486633, 4.50061, 4.51416]",1.0,{'1': 72.71662072805833},{'1': 0.2699999999999996},4.24,4.51,"{'1': {'start': 4.24, 'end': 4.51}}",Action
14,13,0x19,2,3.063141,Match,Match,uubbbrrrb,60,"{'1': 152.06334588955704, '2': 212.06334588955704}",[],[],0.0,{},{},0.0,3.063141,{},Action
14,14,0x19,2,4.328033,Match,Match,bddrddddd,120,"{'1': 245.2965112239426, '2': 5.296511223942588}","[0.0, 355.1, 350.21, 345.31, 340.41, 335.5, 330.6, 325.7, 320.8, 315.9, 311.0, 306.13, 301.3, 296.48, 291.67, 286.85, 282.03, 277.22, 272.4, 267.58, 262.77, 257.95, 253.11, 248.23, 243.32, 238.39, 233.44, 230.99, 230.08]","[2.841797, 2.856171, 2.869904, 2.883759, 2.897552, 2.91095, 2.925049, 2.938995, 2.952698, 2.967133, 2.980927, 2.994446, 3.008698, 3.022552, 3.036194, 3.049774, 3.064148, 3.078156, 3.091644, 3.105682, 3.11972, 3.133087, 3.14743, 3.161316, 3.17514, 3.188782, 3.202881, 3.21698, 3.230438]",1.0,{'1': 129.8903834150691},{'1': 0.3999999999999999},2.83,3.23,"{'1': {'start': 2.83, 'end': 3.23}}",Action
14,15,0x19,2,5.807861,Match,Match,ffuuuurrf,180,"{'1': 317.3365618009985, '2': 137.3365618009985}","[0.0, 0.0, 359.03, 357.43, 355.0, 350.49, 345.7, 340.96, 336.24, 331.52, 326.8, 322.11, 317.44, 312.77, 308.11, 303.45, 298.8, 294.15, 289.5, 284.85, 280.2, 275.55, 270.87, 266.16, 262.62, 261.42, 261.07, 261.07, 261.07, 260.87, 260.48, 259.64, 258.31, 256.69, 254.0, 250.41, 245.95, 241.18, 236.45, 231.72, 227.0, 222.28, 217.56, 212.84, 208.12, 203.4, 198.68, 193.96, 189.24, 185.26, 182.83, 182.26]","[2.196167, 2.210541, 2.224457, 2.238495, 2.252014, 2.26593, 2.279755, 2.293427, 2.307556, 2.321564, 2.335236, 2.349457, 2.363403, 2.37674, 2.391052, 2.404816, 2.418732, 2.432373, 2.446442, 2.460449, 2.474152, 2.488129, 2.502075, 2.515717, 2.529999, 2.543823, 2.557343, 4.210297, 4.224396, 4.238312, 4.251953, 4.266022, 4.279907, 4.293488, 4.307617, 4.321594, 4.335205, 4.349335, 4.363251, 4.376709, 4.391113, 4.404938, 4.418762, 4.432343, 4.446472, 4.460419, 4.47403, 4.488251, 4.502167, 4.515656, 4.529907, 4.543732]",2.0,"{'1': 98.7399075443787, '2': 78.57559053707415}","{'1': 0.3500000000000001, '2': 0.3099999999999996}",2.2,4.54,"{'1': {'start': 2.2, 'end': 2.5500000000000003}, '2': {'start': 4.23, 'end': 4.54}}",Action
14,16,0x19,2,6.658386,Match,Match,ffuuuurrf,120,"{'1': 162.1756481709551, '2': 282.1756481709551}","[0.0, 0.0, 359.7, 358.55, 357.02, 355.36, 353.08, 350.65, 348.19, 345.71, 343.18, 340.55, 337.81, 335.01, 332.2, 329.37, 326.54, 323.71, 320.88, 318.04, 315.21, 312.85, 310.8, 309.26, 308.91, 308.91, 308.58, 307.95, 306.53, 304.16, 301.27, 296.81, 292.03, 287.27, 282.55, 277.84, 273.13, 268.43, 263.74, 259.06, 254.38, 249.7, 245.01, 240.33, 236.64, 235.33]","[2.460907, 2.474823, 2.488739, 2.502472, 2.516388, 2.530487, 2.544159, 2.558136, 2.572083, 2.585815, 2.599701, 2.613739, 2.627502, 2.641357, 2.655243, 2.669067, 2.682953, 2.696869, 2.710968, 2.72464, 2.738495, 2.752502, 2.766266, 2.780151, 2.79422, 5.241608, 5.256012, 5.269806, 5.283234, 5.297363, 5.311249, 5.324646, 5.338989, 5.35321, 5.366425, 5.380554, 5.394623, 5.408295, 5.422333, 5.436279, 5.450195, 5.463501, 5.47757, 5.491852, 5.505402, 5.519562]",2.0,"{'1': 50.98501741417299, '2': 72.69537994350284}","{'1': 0.31999999999999984, '2': 0.2699999999999996}",2.47,5.51,"{'1': {'start': 2.47, 'end': 2.79}, '2': {'start': 5.24, 'end': 5.51}}",Action
14,17,0x19,2,2.737549,Match,Match,rrrrbbbdr,0,"{'1': 111.83661017528601, '2': 111.83661017528601}",[],[],0.0,{},{},0.0,2.737549,{},Action
14,18,0x19,2,7.737793,Match,Match,bdddllbbb,180,"{'1': 70.83012866834986, '2': 250.83012866834986}","[0.0, 359.4, 355.09, 350.87, 346.67, 342.47, 338.27, 334.07, 329.87, 325.67, 321.47, 317.27, 313.07, 308.87, 304.67, 300.48, 296.28, 292.08, 287.88, 283.68, 279.48, 275.28, 271.07, 266.87, 262.67, 258.33, 256.32, 256.32, 255.23, 250.61, 246.09, 241.58, 237.07, 232.55, 228.04, 223.53, 219.02, 214.51, 210.0, 205.49, 200.98, 196.46, 191.86, 187.99, 185.18]","[5.14035, 5.154388, 5.16806, 5.182281, 5.196106, 5.209961, 5.223511, 5.237762, 5.251709, 5.265198, 5.27948, 5.293243, 5.306793, 5.321075, 5.335052, 5.34848, 5.362823, 5.37674, 5.390442, 5.403931, 5.418274, 5.432068, 5.445587, 5.45993, 5.473816, 5.4888, 6.515503, 6.529358, 6.54364, 6.557587, 6.571381, 6.584961, 6.599091, 6.612823, 6.626404, 6.640564, 6.654419, 6.668121, 6.682281, 6.696289, 6.710083, 6.723602, 6.737946, 6.751709, 6.76532]",2.0,"{'1': 101.6723492675097, '2': 70.04168246271394}","{'1': 0.3600000000000003, '2': 0.23999999999999932}",5.13,6.76,"{'1': {'start': 5.13, 'end': 5.49}, '2': {'start': 6.5200000000000005, 'end': 6.76}}",Action
14,19,0x19,2,6.394165,Match,Match,lllbbbluu,120,"{'1': 124.79517812586504, '2': 4.795178125865036}","[0.0, 0.0, 0.4, 1.41, 3.16, 5.7, 8.8, 12.25, 15.88, 19.56, 23.26, 26.95, 30.63, 34.32, 37.9, 41.04, 44.06, 47.03, 49.46, 51.22, 52.29, 53.27, 53.27, 53.27, 54.0, 57.54, 62.45, 67.36, 72.27, 77.17, 82.08, 86.98, 91.89, 96.79, 101.7, 106.6, 111.51, 116.42, 121.33, 126.23, 131.14, 136.05, 140.96, 145.88, 148.64]","[2.599487, 2.613251, 2.627075, 2.641205, 2.654877, 2.668854, 2.682831, 2.696503, 2.710419, 2.724518, 2.73822, 2.752106, 2.766113, 2.779938, 2.793732, 2.807678, 2.821716, 2.835449, 2.849457, 2.863403, 2.877136, 2.890991, 5.171906, 5.185669, 5.199921, 5.213776, 5.227539, 5.241089, 5.255096, 5.269257, 5.28299, 5.296967, 5.310852, 5.324371, 5.33844, 5.35257, 5.366089, 5.38031, 5.394287, 5.407959, 5.42157, 5.435699, 5.449799, 5.463348, 5.477631]",2.0,"{'1': 53.199904005774094, '2': 93.8954106280193}","{'1': 0.28000000000000025, '2': 0.29000000000000004}",2.61,5.47,"{'1': {'start': 2.61, 'end': 2.89}, '2': {'start': 5.18, 'end': 5.47}}",Action
14,20,0x19,2,4.932281,Match,Match,bdddllbbb,180,"{'1': 130.3271492656744, '2': 310.3271492656744}","[0.0, 0.0, 0.0, 0.33, 1.33, 2.35, 3.65, 5.43, 7.4, 9.76, 12.66, 15.59, 18.62, 21.98, 25.54, 29.09, 32.68, 36.28, 39.87, 43.46, 47.05, 50.64, 54.23, 57.83, 61.42, 65.02, 68.61, 72.21, 75.81, 79.41, 83.0, 86.6, 90.2, 93.79, 97.39, 100.98, 104.57, 108.16, 111.75, 115.35, 118.95, 122.55, 126.15, 129.75, 133.36, 136.96, 140.56, 144.17, 147.78, 151.39, 155.0, 158.6, 162.2, 165.27, 167.22, 168.33]","[2.721039, 2.734894, 2.748749, 2.776367, 2.790009, 2.804993, 2.818848, 2.833496, 2.847687, 2.861877, 2.875366, 2.889648, 2.903656, 2.917236, 2.931458, 2.945526, 2.959167, 2.973297, 2.987305, 3.001312, 3.014771, 3.028992, 3.04303, 3.056519, 3.07074, 3.084808, 3.098236, 3.112457, 3.126434, 3.139954, 3.154236, 3.168213, 3.182312, 3.19577, 3.209869, 3.223785, 3.237305, 3.251495, 3.265472, 3.279083, 3.293274, 3.30719, 3.321198, 3.334686, 3.348816, 3.362915, 3.376312, 3.390503, 3.405762, 3.418243, 3.431885, 3.445831, 3.459564, 3.473541, 3.48761, 3.501526]",1.0,{'1': 168.07384452707993},{'1': 0.7399999999999998},2.76,3.5,"{'1': {'start': 2.7600000000000002, 'end': 3.5}}",Action
14,21,0x19,2,3.851715,Match,Match,bdddbllll,180,"{'1': 232.17807634043834, '2': 52.17807634043834}","[0.0, 0.0, 359.15, 357.99, 356.24, 352.77, 348.53, 343.63, 338.75, 333.88, 329.01, 324.13, 319.26, 314.39, 309.52, 304.65, 299.78, 294.89, 292.5]","[2.042938, 2.056854, 2.070831, 2.084625, 2.098511, 2.112457, 2.126221, 2.153778, 2.167725, 2.181976, 2.196594, 2.21106, 2.224854, 2.239258, 2.253296, 2.266876, 2.281097, 2.295105, 2.309113]",1.0,{'1': 65.9451691890349},{'1': 0.25000000000000044},2.05,2.3000000000000003,"{'1': {'start': 2.05, 'end': 2.3000000000000003}}",Action
14,22,0x19,2,3.517059,Match,Match,ffuulllbb,60,"{'1': 114.8321781638573, '2': 54.83217816385729}",[],[],0.0,{},{},0.0,3.517059,{},Action
14,23,0x19,2,3.23938,Match,Match,rbbbbbbub,60,"{'1': 50.04073404308333, '2': 110.04073404308333}",[],[],0.0,{},{},0.0,3.23938,{},Action
14,24,0x19,2,2.906433,Match,Match,bbddbblll,180,"{'1': 74.79259828906683, '2': 254.79259828906683}",[],[],0.0,{},{},0.0,2.906433,{},Action
14,25,0x19,2,1.379364,Mismatch,Mismatch,rbbbbbbub,180,"{'1': 25.544602347334834, '2': 205.54460234733483}",[],[],0.0,{},{},0.0,1.379364,{},Action
14,26,0x19,2,3.907013,Mismatch,Mismatch,bddddddrd,0,"{'1': 136.96175576674432, '2': 136.96175576674432}",[],[],0.0,{},{},0.0,3.907013,{},Action
14,27,0x19,2,5.001343,Mismatch,Mismatch,ffuuuurrf,0,"{'1': 155.40169907698157, '2': 155.40169907698157}","[0.0, 0.0, 0.17, 0.38, 0.74, 1.14, 1.58, 2.06, 2.54, 3.03, 3.53, 4.04, 4.57, 5.13, 5.72, 6.45, 7.25, 8.14, 9.08, 10.02, 11.01, 12.05, 13.09, 14.07, 14.43, 17.26, 20.89, 25.87, 30.83, 35.78, 40.72, 45.65, 50.57, 55.49, 60.42, 65.33, 70.25, 75.16, 80.07, 84.97, 89.87, 94.75, 99.63, 104.5, 109.38, 114.25, 119.12, 123.99, 128.85, 133.7, 138.55, 143.39, 148.16, 152.93, 155.98, 157.26]","[1.77594, 1.789703, 1.803711, 1.817535, 1.831329, 1.845276, 1.859283, 1.872986, 1.886963, 1.90097, 1.914673, 1.928528, 1.942566, 1.956329, 1.983551, 1.997437, 2.012329, 2.026672, 2.041107, 2.054901, 2.069183, 2.08316, 2.096924, 3.001251, 3.015076, 3.029236, 3.043152, 3.056519, 3.070404, 3.084442, 3.09845, 3.112, 3.126221, 3.140167, 3.153717, 3.167725, 3.181763, 3.195343, 3.209534, 3.223511, 3.237061, 3.251068, 3.265289, 3.279205, 3.292297, 3.306335, 3.320618, 3.333984, 3.348267, 3.362427, 3.375946, 3.389923, 3.403931, 3.41806, 3.431427, 3.445465]",1.0,{'1': 142.6930510803862},{'1': 0.43999999999999995},3.0,3.44,"{'1': {'start': 3.0, 'end': 3.44}}",Action
14,28,0x19,2,5.289764,Mismatch,Mismatch,bdddllbbb,0,"{'1': 111.67377432265492, '2': 111.67377432265492}","[0.0, 0.0, 0.88, 2.17, 4.05, 7.96, 12.9, 17.83, 22.77, 27.71, 32.65, 37.6, 42.57, 47.55, 52.55, 57.55, 62.55, 67.55, 72.55, 77.55, 82.55, 87.55, 92.55, 97.55, 102.55, 107.55, 112.55, 117.55, 122.55, 127.55, 132.55, 137.55, 142.55, 146.51, 149.23, 150.19]","[3.553772, 3.567963, 3.581665, 3.595581, 3.609528, 3.622986, 3.636932, 3.651001, 3.664673, 3.678864, 3.692871, 3.706238, 3.720306, 3.734497, 3.748291, 3.761749, 3.776062, 3.790009, 3.803741, 3.81778, 3.831696, 3.845337, 3.859375, 3.876099, 3.887177, 3.900757, 3.914642, 3.928802, 3.942474, 3.956421, 3.970428, 3.984192, 3.998169, 4.012238, 4.025726, 4.039673]",1.0,{'1': 149.52418799741884},{'1': 0.4700000000000002},3.56,4.03,"{'1': {'start': 3.56, 'end': 4.03}}",Action
14,29,0x19,2,5.323212,Mismatch,Mismatch,llbbbbbru,180,"{'1': 285.85479539572475, '2': 105.85479539572475}","[0.0, 0.16, 0.98, 3.91, 7.8, 12.8, 17.8, 22.8, 27.8, 32.8, 37.8, 42.8, 47.8, 52.8, 57.8, 62.8, 67.69, 70.9, 72.98, 74.94, 76.51, 77.9, 79.27, 80.57, 81.84, 83.06, 84.15, 85.13, 85.82, 86.28, 86.52, 86.52]","[3.379028, 3.392548, 3.406616, 3.420807, 3.434265, 3.448212, 3.462311, 3.476227, 3.489655, 3.504028, 3.518158, 3.531494, 3.54538, 3.559509, 3.572998, 3.587372, 3.601288, 3.614655, 3.628784, 3.642853, 3.65686, 3.67041, 3.684357, 3.698456, 3.711945, 3.726318, 3.740448, 3.75351, 3.767731, 3.781708, 3.795288, 3.809448]",1.0,{'1': 86.21228469256128},{'1': 0.40000000000000036},3.38,3.78,"{'1': {'start': 3.38, 'end': 3.7800000000000002}}",Action
14,30,0x19,2,2.873108,Mismatch,Mismatch,bbdddbrrr,180,"{'1': 322.31945152345475, '2': 142.31945152345477}",[],[],0.0,{},{},0.0,2.873108,{},Action
14,31,0x19,2,4.031921,Mismatch,Mismatch,lllllbbul,0,"{'1': 323.8306826964333, '2': 323.8306826964333}",[],[],0.0,{},{},0.0,4.031921,{},Action
14,32,0x19,2,4.46051,Mismatch,Mismatch,lllllbbul,0,"{'1': 44.83170296756913, '2': 44.83170296756913}","[0.0, 0.0, 359.72, 359.15, 358.4, 357.48, 355.92, 354.23, 352.22, 350.02, 347.49, 344.87, 342.16, 339.26, 336.32, 333.34, 330.29, 327.22, 324.15, 321.06, 317.98, 314.87, 311.75, 308.64, 305.52, 302.38, 299.23, 296.09, 292.93, 289.77, 286.6, 283.39, 280.16, 276.9, 273.57, 270.22, 266.87, 263.51, 260.15, 256.78, 253.5, 250.87, 248.71]","[3.127045, 3.141449, 3.155273, 3.168701, 3.182831, 3.196716, 3.210449, 3.224243, 3.238495, 3.252502, 3.265717, 3.279663, 3.293854, 3.307556, 3.321655, 3.335632, 3.34903, 3.363312, 3.377136, 3.3909, 3.404785, 3.418762, 3.4328, 3.446259, 3.46051, 3.474457, 3.487915, 3.502228, 3.516083, 3.52951, 3.543793, 3.55777, 3.571472, 3.585114, 3.599335, 3.613373, 3.626862, 3.640961, 3.65506, 3.668488, 3.682739, 3.696594, 3.710419]",1.0,{'1': 111.22453598553345},{'1': 0.5699999999999998},3.14,3.71,"{'1': {'start': 3.14, 'end': 3.71}}",Action
14,33,0x19,2,4.651215,Mismatch,Mismatch,ffuulllbb,0,"{'1': 316.23463686114036, '2': 316.23463686114036}","[0.0, 0.0, 0.0, 0.18, 0.18, 0.18, 0.43, 0.43, 0.59, 0.59, 0.59, 0.84, 0.84, 1.01, 1.01, 1.18, 1.18, 1.35, 1.35, 1.52, 1.52, 1.68, 1.68, 1.85, 1.85, 2.02, 2.02, 2.21, 2.42, 2.85, 3.53, 4.53, 5.78, 7.3, 9.25, 12.11, 15.04, 18.56, 23.21, 28.2, 33.19, 38.17, 43.14, 48.12, 53.08, 58.05, 63.01, 67.98, 72.95, 77.91, 82.88, 87.84, 92.81, 97.77, 102.74, 107.7, 112.67, 116.76, 118.76, 119.79]","[2.205719, 2.219635, 2.233826, 2.247711, 2.261475, 2.278656, 2.28949, 2.303101, 2.317322, 2.331207, 2.345093, 2.358704, 2.372803, 2.38678, 2.400543, 2.414581, 2.428497, 2.442047, 2.45636, 2.470215, 2.484161, 2.497803, 2.511871, 2.525848, 2.539459, 2.553528, 2.567596, 2.581238, 2.595245, 2.609253, 2.622894, 2.637268, 2.651031, 2.664856, 2.678436, 2.692688, 2.706665, 2.720276, 2.734344, 2.74823, 2.76178, 2.776154, 2.790039, 2.803528, 2.817932, 2.831757, 2.845551, 2.859222, 2.873383, 2.887329, 2.901001, 2.915039, 2.928986, 2.942657, 2.956848, 2.970764, 2.984741, 2.99826, 3.012329, 3.026337]",1.0,{'1': 116.982679799806},{'1': 0.43000000000000016},2.59,3.02,"{'1': {'start': 2.59, 'end': 3.02}}",Action
14,34,0x19,2,3.072449,Mismatch,Mismatch,ffuuuurrf,180,"{'1': 27.900846160553108, '2': 207.9008461605531}",[],[],0.0,{},{},0.0,3.072449,{},Action
14,35,0x19,2,2.670837,Mismatch,Mismatch,uubbbrrrb,180,"{'1': 16.772644557860264, '2': 196.77264455786027}",[],[],0.0,{},{},0.0,2.670837,{},Action
14,36,0x19,2,7.353821,Mismatch,Mismatch,bddrddddd,60,"{'1': 124.94403428537225, '2': 184.94403428537225}","[0.0, 359.53, 358.5, 356.6, 354.32, 351.53, 347.07, 342.18, 337.38, 332.59, 327.79, 322.99, 318.2, 313.4, 308.61, 303.82, 299.03, 294.24, 289.45, 284.66, 279.87, 275.08, 270.29, 265.51, 260.72, 255.94, 251.16, 246.38, 241.58, 239.57, 238.27, 238.27, 238.27, 237.7, 237.11, 235.56, 233.73, 231.69, 228.67, 224.22, 219.77, 215.14, 210.62, 206.11, 201.61, 197.12, 192.64, 188.15, 183.67, 179.19, 174.71, 170.22, 165.73, 162.2, 159.12, 157.43, 157.43, 157.43, 157.7, 158.09, 158.95, 160.03, 161.18, 163.15, 166.0, 168.97, 172.54, 176.23, 179.97, 183.73, 187.5, 191.26, 195.0, 197.0]","[1.575134, 1.589783, 1.603638, 1.617065, 1.631226, 1.645142, 1.658569, 1.672852, 1.68689, 1.700562, 1.714172, 1.728455, 1.74231, 1.75592, 1.770203, 1.783997, 1.797607, 1.811829, 1.825745, 1.839355, 1.853577, 1.867493, 1.881287, 1.894836, 1.909302, 1.922974, 1.936646, 1.950806, 1.964844, 1.978333, 1.992554, 2.992493, 3.006958, 3.020874, 3.03418, 3.048401, 3.062134, 3.075562, 3.089905, 3.103882, 3.117371, 3.13147, 3.145508, 3.158936, 3.173035, 3.187073, 3.200989, 3.2146, 3.229004, 3.24408, 3.256226, 3.270325, 3.284302, 3.297852, 3.311951, 3.326172, 4.95105, 4.965332, 4.978882, 4.993042, 5.007141, 5.020752, 5.034302, 5.048523, 5.062378, 5.075867, 5.090088, 5.104004, 5.117554, 5.131775, 5.145752, 5.159241, 5.173462, 5.187439]",3.0,"{'1': 121.4965283735321, '2': 35.70000000000002, '3': 6.541447548278484}","{'1': 0.41999999999999993, '2': 0.33000000000000007, '3': 0.20999999999999996}",1.57,5.18,"{'1': {'start': 1.57, 'end': 1.99}, '2': {'start': 3.0, 'end': 3.33}, '3': {'start': 4.97, 'end': 5.18}}",Action
14,37,0x19,2,4.084229,Mismatch,Mismatch,bbbdddrrb,0,"{'1': 286.7837823049215, '2': 286.7837823049215}",[],[],0.0,{},{},0.0,4.084229,{},Action
14,38,0x19,2,6.59256,Mismatch,Mismatch,rbbbbbldd,60,"{'1': 330.5624400015628, '2': 30.562440001562763}","[0.0, 0.0, 0.82, 3.71, 7.34, 12.27, 17.19, 22.11, 27.04, 31.96, 36.88, 41.81, 46.73, 51.66, 56.59, 61.52, 66.46, 71.39, 76.32, 81.26, 86.19, 91.13, 96.06, 101.0, 105.94, 110.88, 115.84, 120.79, 125.75, 130.72, 134.01, 135.07]","[5.120056, 5.134338, 5.148376, 5.161926, 5.175934, 5.189972, 5.203491, 5.217529, 5.231476, 5.245361, 5.258789, 5.273071, 5.286987, 5.300568, 5.314819, 5.328705, 5.342285, 5.356445, 5.370392, 5.383942, 5.398071, 5.41217, 5.426086, 5.439545, 5.453674, 5.467529, 5.481262, 5.495331, 5.509369, 5.522888, 5.53717, 5.550598]",1.0,{'1': 135.02279416145367},{'1': 0.4299999999999997},5.12,5.55,"{'1': {'start': 5.12, 'end': 5.55}}",Action
14,39,0x19,2,4.822357,Mismatch,Mismatch,bbddbblll,180,"{'1': 115.67765407141891, '2': 295.67765407141894}",[],[],0.0,{},{},0.0,4.822357,{},Action
14,40,0x19,2,5.442871,Mismatch,Mismatch,rbbbbbldd,0,"{'1': 253.71458745796218, '2': 253.71458745796218}","[0.0, 0.0, 359.46, 358.09, 355.86, 352.5, 348.36, 343.78, 339.28, 334.77, 330.31, 325.87, 321.44, 317.07, 312.71, 308.35, 304.01, 299.67, 295.33, 291.0, 286.67, 282.34, 278.02, 273.7, 269.39, 265.09, 260.81, 256.53, 252.26, 247.98, 243.76, 240.89, 238.71, 238.21, 236.15, 232.43, 228.01, 223.63, 219.29, 214.95, 210.62, 206.28, 201.95, 197.62, 193.3, 188.98, 184.7, 182.41, 181.66]","[2.595551, 2.609375, 2.626312, 2.637421, 2.651093, 2.66507, 2.678955, 2.693024, 2.706421, 2.720398, 2.734528, 2.747986, 2.762238, 2.776184, 2.789612, 2.803864, 2.817902, 2.831329, 2.845612, 2.859619, 2.873413, 2.886902, 2.901245, 2.915222, 2.928711, 2.942963, 2.956879, 2.970337, 2.984528, 2.998566, 3.012177, 3.026489, 3.609406, 3.623596, 3.637787, 3.651031, 3.6651, 3.679138, 3.693207, 3.706512, 3.720612, 3.734772, 3.748291, 3.76236, 3.77655, 3.789978, 3.804108, 3.818085, 3.845306]",2.0,"{'1': 119.12313047998258, '2': 56.93898439378685}","{'1': 0.43000000000000016, '2': 0.23999999999999977}",2.6,3.84,"{'1': {'start': 2.6, 'end': 3.0300000000000002}, '2': {'start': 3.6, 'end': 3.84}}",Action
14,41,0x19,2,2.375977,Mismatch,Mismatch,bdddddfll,180,"{'1': 231.7271989718929, '2': 51.7271989718929}",[],[],0.0,{},{},0.0,2.375977,{},Action
14,42,0x19,2,6.379639,Mismatch,Mismatch,bbddbblll,0,"{'1': 73.48919106518375, '2': 73.48919106518375}","[0.0, 0.0, 0.33, 0.67, 1.27, 2.06, 3.02, 4.08, 5.24, 6.56, 8.19, 9.94, 11.81, 14.34, 17.18, 20.12, 23.09, 26.27, 29.55, 32.91, 36.44, 40.05, 43.81, 47.71, 51.89, 56.5, 61.46, 66.44, 71.43, 76.41, 81.39, 86.37, 91.35, 96.33, 101.31, 106.29, 111.27, 116.25, 121.24, 126.21, 131.19, 136.17, 141.0, 142.81, 143.1, 143.1, 143.31, 143.61, 144.08, 145.1, 146.13, 147.18, 148.23, 149.27, 150.3]","[2.66983, 2.683746, 2.697662, 2.711365, 2.725708, 2.739502, 2.753143, 2.767395, 2.781342, 2.795502, 2.80896, 2.82309, 2.837433, 2.850769, 2.864807, 2.878815, 2.892609, 2.906647, 2.920654, 2.934601, 2.948181, 2.96225, 2.977509, 2.989838, 3.004028, 3.017944, 3.031464, 3.045715, 3.059662, 3.073242, 3.087402, 3.101501, 3.115448, 3.128906, 3.143158, 3.157135, 3.170654, 3.184723, 3.198792, 3.212463, 3.226532, 3.240509, 3.254364, 3.267883, 4.809692, 4.824158, 4.838257, 4.851624, 4.865814, 4.879547, 4.893158, 4.907257, 4.921265, 4.93512, 4.948425]",1.0,{'1': 142.42238753350122},{'1': 0.5699999999999998},2.7,3.27,"{'1': {'start': 2.7, 'end': 3.27}}",Action
14,43,0x19,2,2.351715,Mismatch,Mismatch,uuuubbbur,120,"{'1': 308.8200960962514, '2': 188.82009609625138}",[],[],0.0,{},{},0.0,2.351715,{},Action
14,44,0x19,2,8.060974,Match,Mismatch,ffuulllbb,60,"{'1': 331.46080369408133, '2': 271.46080369408133}","[0.0, 0.0, 0.19, 0.39, 0.67, 0.99, 1.5, 2.1, 2.76, 3.66, 4.69, 5.74, 6.82, 7.93, 9.05, 10.16, 11.28, 12.4, 13.52, 14.64, 15.76, 16.88, 18.0, 19.11, 20.22, 21.34, 22.46, 23.57, 24.68, 25.8, 26.91, 28.02, 29.13, 30.24, 31.36, 32.47, 33.58, 34.7, 35.85, 37.14, 38.57, 40.1, 42.11, 44.81, 47.81, 51.31, 55.08, 59.33, 64.25, 69.18, 74.1, 79.01, 83.92, 88.82, 93.73, 98.64, 103.54, 108.45, 113.36, 118.27, 123.17, 128.08, 132.99, 137.9, 142.8, 147.71, 152.62, 157.53, 162.44, 167.35, 172.26, 177.17, 182.08, 186.99, 190.08, 192.53, 194.3, 195.45, 196.54, 197.52, 198.32, 198.63, 198.63]","[3.907593, 3.921875, 3.935913, 3.949158, 3.963379, 3.9776, 3.990967, 4.007813, 4.018982, 4.032288, 4.045959, 4.060364, 4.074402, 4.087891, 4.102173, 4.116333, 4.129822, 4.143982, 4.15802, 4.171387, 4.185669, 4.199829, 4.213562, 4.226929, 4.24115, 4.255005, 4.268555, 4.282715, 4.296875, 4.310242, 4.324402, 4.338562, 4.352295, 4.366089, 4.380493, 4.393921, 4.407349, 4.422058, 4.435669, 4.449097, 4.463318, 4.477661, 4.490845, 4.505066, 4.519409, 4.532898, 4.546387, 4.560608, 4.574463, 4.587952, 4.602295, 4.616211, 4.629639, 4.64386, 4.657898, 4.671265, 4.685547, 4.699707, 4.713562, 4.727051, 4.741211, 4.755127, 4.768738, 4.782837, 4.796692, 4.810181, 4.824463, 4.838501, 4.852173, 4.865723, 4.879944, 4.89386, 4.90741, 4.921631, 4.935669, 4.949707, 4.963257, 4.977356, 4.990723, 5.004944, 5.018982, 5.032715, 5.046265]",1.0,{'1': 161.05355009593006},{'1': 1.0600000000000005},3.96,5.0200000000000005,"{'1': {'start': 3.96, 'end': 5.0200000000000005}}",Action
14,45,0x19,2,5.6008,Mismatch,Mismatch,bdddddfll,60,"{'1': 114.99966345432588, '2': 174.99966345432588}","[0.0, 359.8, 359.11, 358.43, 355.71, 352.99, 348.61, 343.99, 339.37, 334.87, 330.37, 325.87, 321.41, 316.96, 312.52, 308.08, 303.64, 299.21, 294.77, 290.34, 285.9, 281.47, 277.03, 272.6, 268.17, 263.74, 259.32, 254.9, 250.48, 246.12, 243.62]","[2.489044, 2.503143, 2.516785, 2.530975, 2.54483, 2.558594, 2.572906, 2.586487, 2.600433, 2.613892, 2.628113, 2.642151, 2.655762, 2.670593, 2.683716, 2.697021, 2.71109, 2.72522, 2.7388, 2.75296, 2.766937, 2.780945, 2.794495, 2.808746, 2.822693, 2.836304, 2.850433, 2.86438, 2.878052, 2.892303, 2.906158]",1.0,{'1': 115.25528754557172},{'1': 0.4099999999999997},2.49,2.9,"{'1': {'start': 2.49, 'end': 2.9}}",Action
14,46,0x19,2,4.387848,Mismatch,Mismatch,ffuuuurrf,120,"{'1': 214.4600399441171, '2': 94.46003994411711}","[0.0, 0.0, 0.0, 0.0, 359.79, 359.79, 359.6, 359.6]","[3.233917, 3.248138, 3.26181, 3.27594, 3.290039, 3.303833, 3.317352, 3.331451]",0.0,{},{},0.0,4.387848,{},Action
14,47,0x19,2,3.408844,Mismatch,Mismatch,ddbbddddl,60,"{'1': 299.12800295763884, '2': 239.12800295763884}",[],[],0.0,{},{},0.0,3.408844,{},Action
14,48,0x19,2,5.422668,Mismatch,Mismatch,bdddddfll,120,"{'1': 224.91485306237314, '2': 104.91485306237314}","[0.0, 0.0, 0.0, 0.0, 0.2, 0.2, 0.67, 1.2, 1.94, 2.76, 3.72, 4.96, 6.31, 7.78, 9.79, 12.12, 15.28, 18.6, 21.95, 25.31, 28.68, 32.05, 35.43, 38.81, 42.17, 45.4, 48.04, 49.93, 51.36, 52.21]","[2.60022, 2.614014, 2.627869, 2.641846, 2.655579, 2.669495, 2.696838, 2.710693, 2.725586, 2.740051, 2.754211, 2.767944, 2.782288, 2.79657, 2.809875, 2.824158, 2.838379, 2.852173, 2.865662, 2.880005, 2.894043, 2.907593, 2.921875, 2.935791, 2.949341, 2.963623, 2.977661, 2.992065, 3.006042, 3.019348]",1.0,{'1': 51.060379499035115},{'1': 0.3200000000000003},2.69,3.01,"{'1': {'start': 2.69, 'end': 3.0100000000000002}}",Action
14,49,0x19,2,4.686371,Mismatch,Mismatch,bddrbbbbb,0,"{'1': 149.27152010301435, '2': 149.27152010301435}","[0.0, 359.81, 358.97, 357.51, 354.65, 350.4, 345.74, 341.12, 336.57, 332.06, 327.55, 323.05, 318.57, 314.11, 309.66, 305.22, 300.79, 296.35, 291.92, 287.49, 283.06, 278.64, 274.24, 269.83, 265.43, 261.04, 256.65, 252.26, 247.87, 243.49, 239.12, 234.74, 230.37, 226.06, 223.41, 221.91]","[2.839355, 2.853027, 2.867249, 2.881256, 2.894623, 2.908752, 2.922638, 2.936218, 2.9505, 2.964478, 2.977966, 2.992279, 3.006134, 3.020142, 3.033569, 3.047913, 3.061859, 3.075317, 3.089142, 3.10318, 3.116974, 3.131226, 3.14505, 3.159027, 3.172424, 3.186768, 3.200623, 3.214142, 3.228363, 3.242371, 3.25589, 3.270142, 3.284088, 3.297516, 3.311371, 3.325348]",1.0,{'1': 137.50709351860684},{'1': 0.4800000000000004},2.84,3.3200000000000003,"{'1': {'start': 2.84, 'end': 3.3200000000000003}}",Action
15,0,0x19,1,3.532166,Match,Match,lllbbbubb,120,"{'1': 48.38156622488646, '2': 288.38156622488646}","[0.0, 0.0, 0.0, 0.31, 0.6, 0.98, 1.45, 1.98, 2.58, 3.35, 4.27, 5.26, 6.28, 7.3, 8.34, 9.54, 11.24, 12.93, 14.97, 17.7, 20.61, 23.56, 26.59, 30.03, 34.06, 38.83, 43.78, 48.72, 53.67, 58.61, 63.55, 68.49, 73.43, 78.38, 83.32, 88.26, 93.2, 98.14, 103.08, 108.02, 112.96, 116.0, 117.11, 117.34]","[1.835022, 1.848877, 1.862671, 1.87677, 1.890625, 1.904419, 1.918396, 1.93219, 1.946106, 1.959961, 1.973816, 1.987671, 2.001587, 2.015686, 2.029358, 2.043274, 2.05719, 2.070923, 2.084839, 2.098877, 2.112732, 2.126526, 2.140442, 2.154358, 2.168152, 2.182068, 2.196106, 2.209839, 2.223755, 2.237793, 2.251465, 2.265381, 2.279419, 2.293152, 2.307007, 2.320923, 2.3349, 2.348694, 2.362671, 2.376587, 2.39032, 2.404236, 2.418213, 2.431946]",1.0,{'1': 116.76232127708144},{'1': 0.5399999999999998},1.88,2.42,"{'1': {'start': 1.8800000000000001, 'end': 2.42}}",Action
15,1,0x19,1,2.670105,Match,Match,ffffuulff,120,"{'1': 297.5408891022496, '2': 177.54088910224957}","[0.0, 1.06, 3.94, 8.94, 13.93, 18.93, 23.93, 28.92, 33.92, 38.91, 43.91, 48.91, 53.9, 58.9, 63.9, 68.89, 73.89, 78.88, 83.87, 88.86, 93.84, 98.81, 103.78, 108.73, 111.6]","[1.681824, 1.69574, 1.709595, 1.723511, 1.737366, 1.75116, 1.765198, 1.779053, 1.792847, 1.807007, 1.820618, 1.834534, 1.848511, 1.862366, 1.87616, 1.890137, 1.904053, 1.917786, 1.931641, 1.94574, 1.959473, 1.973389, 1.987427, 2.001099, 2.015015]",1.0,{'1': 110.56571931589542},{'1': 0.3400000000000003},1.67,2.01,"{'1': {'start': 1.67, 'end': 2.0100000000000002}}",Action
15,2,0x19,1,3.187317,Mismatch,Match,ffuulllbb,180,"{'1': 330.1757915221256, '2': 150.17579152212562}","[0.0, 1.06, 6.01, 10.96, 15.88, 20.81, 25.73, 30.66, 35.58, 40.5, 45.43, 50.35, 55.27, 60.2, 65.12, 70.04, 74.97, 79.89, 84.81, 89.74, 91.57]","[2.590393, 2.603821, 2.617615, 2.631836, 2.645752, 2.658997, 2.673218, 2.687073, 2.700806, 2.715088, 2.729065, 2.742493, 2.756592, 2.770691, 2.784119, 2.798462, 2.812561, 2.825989, 2.839661, 2.854004, 2.86792]",1.0,{'1': 90.5284938200632},{'1': 0.2799999999999998},2.58,2.86,"{'1': {'start': 2.58, 'end': 2.86}}",Action
15,3,0x19,1,3.992065,Match,Match,bddddddrd,180,"{'1': 160.02499707334505, '2': 340.02499707334505}","[0.0, 0.0, 1.19, 3.08, 6.08, 11.01, 15.94, 20.86, 25.79, 30.71, 35.63, 40.56, 45.49, 50.41, 55.34, 60.27, 65.19, 70.12, 75.05, 79.97, 84.9, 89.83, 94.77, 99.7, 104.63, 109.56, 114.5, 119.43, 124.36, 129.3, 134.23, 139.16, 144.1, 149.03, 153.97, 158.67, 160.94, 162.32]","[2.252808, 2.266663, 2.280579, 2.294434, 2.308289, 2.322205, 2.336182, 2.349976, 2.363892, 2.377747, 2.391541, 2.405457, 2.419495, 2.43335, 2.447144, 2.46106, 2.474976, 2.488892, 2.502625, 2.516724, 2.530518, 2.544495, 2.55835, 2.572205, 2.58606, 2.599976, 2.613953, 2.627625, 2.641602, 2.655579, 2.669373, 2.683167, 2.697266, 2.710938, 2.724915, 2.738892, 2.752808, 2.766663]",1.0,{'1': 161.65634500180443},{'1': 0.5100000000000002},2.25,2.76,"{'1': {'start': 2.25, 'end': 2.7600000000000002}}",Action
15,4,0x19,1,3.907532,Mismatch,Match,ffffuulff,180,"{'1': 313.7397035811324, '2': 133.73970358113243}",[],[],0.0,{},{},0.0,3.907532,{},Action
15,5,0x19,1,3.19989,Match,Match,rbbbdddff,120,"{'1': 293.50416937270836, '2': 53.50416937270836}","[0.0, 0.0, 359.5, 358.73, 357.66, 355.88, 353.34, 349.26, 344.6, 340.0, 335.48, 330.95, 326.44, 321.93, 317.42, 312.91, 308.4, 303.89, 299.38, 294.88, 290.37, 285.86, 281.35, 276.72, 272.08, 268.87, 267.27, 266.48]","[1.141968, 1.155701, 1.169739, 1.183533, 1.197571, 1.211365, 1.225159, 1.239136, 1.252869, 1.266846, 1.280762, 1.294617, 1.308472, 1.322388, 1.336304, 1.35022, 1.364136, 1.378113, 1.391907, 1.405823, 1.419617, 1.433472, 1.447327, 1.461304, 1.475037, 1.488953, 1.50293, 1.516785]",1.0,{'1': 93.13312522555034},{'1': 0.3599999999999999},1.15,1.51,"{'1': {'start': 1.1500000000000001, 'end': 1.51}}",Action
15,6,0x19,1,2.306458,Match,Match,ffuubrrrr,60,"{'1': 319.5527096650253, '2': 19.552709665025297}","[0.0, 0.39, 1.46, 3.15, 4.89, 6.63, 8.38, 9.42, 9.42, 8.66, 6.99, 4.34, 359.45, 354.6, 349.79, 344.98, 340.17, 335.37, 330.59, 325.82, 321.06, 316.3, 311.54, 306.78, 302.02, 297.26, 292.5, 287.74, 282.98, 278.18, 275.34]","[1.12616, 1.140015, 1.154053, 1.167786, 1.181702, 1.195679, 1.209473, 1.667664, 1.68158, 1.695679, 1.709351, 1.723267, 1.737183, 1.750977, 1.764893, 1.778809, 1.792786, 1.806519, 1.820496, 1.834412, 1.848206, 1.862061, 1.876038, 1.889893, 1.903687, 1.917664, 1.931641, 1.945313, 1.959351, 1.973267, 1.987]",1.0,{'1': 73.79239204835066},{'1': 0.31000000000000005},1.67,1.98,"{'1': {'start': 1.67, 'end': 1.98}}",Action
15,7,0x19,1,7.129883,Match,Match,uubbbrrrb,120,"{'1': 116.97873408271494, '2': 356.97873408271494}","[0.0, 2.57, 7.5, 12.42, 17.31, 22.16, 26.94, 31.69, 36.44, 41.18, 45.92, 50.66, 55.4, 60.14, 64.88, 69.62, 74.35, 79.1, 83.83, 88.57, 93.3, 98.03, 102.75, 107.48, 112.21, 116.93, 121.66, 126.39, 131.12, 135.85, 140.58, 145.3, 150.03, 154.76, 159.49, 164.22, 168.95, 172.07, 173.92, 175.34, 176.61, 177.37, 177.89, 178.31, 178.58, 178.58, 178.03, 177.2, 175.24, 172.8, 168.4, 163.75, 158.95, 154.16, 149.38, 144.6, 139.81, 135.03, 131.08, 128.51, 127.71]","[2.990051, 3.004333, 3.018311, 3.032166, 3.045715, 3.059998, 3.073975, 3.087646, 3.101685, 3.115601, 3.129272, 3.143311, 3.157349, 3.171448, 3.184753, 3.198914, 3.214417, 3.22644, 3.240173, 3.25415, 3.267761, 3.281982, 3.296021, 3.309814, 3.323853, 3.337769, 3.351746, 3.365173, 3.3797, 3.393677, 3.407227, 3.421387, 3.435303, 3.448792, 3.462952, 3.476929, 3.490845, 3.504395, 3.518616, 3.532532, 3.545959, 3.560303, 3.574158, 3.587769, 6.060303, 6.074463, 6.088196, 6.102356, 6.11615, 6.129822, 6.14386, 6.157715, 6.171753, 6.18512, 6.199341, 6.213379, 6.226929, 6.241028, 6.255005, 6.268494, 6.282715]",2.0,"{'1': 178.07026890015428, '2': -50.717268124604516}","{'1': 0.6000000000000001, '2': 0.20999999999999996}",2.98,6.28,"{'1': {'start': 2.98, 'end': 3.58}, '2': {'start': 6.07, 'end': 6.28}}",Action
15,8,0x19,1,2.810974,Match,Match,rrrbbbddb,60,"{'1': 327.828022408333, '2': 267.828022408333}","[0.0, 0.0, 0.18, 0.62, 1.63, 3.05, 4.88, 7.34, 10.31, 13.31, 16.31, 19.32, 22.32, 24.93, 26.39]","[1.419495, 1.43335, 1.447205, 1.461121, 1.475037, 1.48877, 1.502747, 1.516724, 1.530579, 1.544434, 1.55835, 1.572205, 1.585938, 1.599976, 1.613831]",1.0,{'1': 25.89990544929629},{'1': 0.17000000000000015},1.44,1.61,"{'1': {'start': 1.44, 'end': 1.61}}",Action
15,9,0x19,1,1.560669,Match,Match,uuuubbbur,0,"{'1': 311.720999252202, '2': 311.720999252202}",[],[],0.0,{},{},0.0,1.560669,{},Action
15,10,0x19,1,1.551941,Match,Match,rrrrbbbdr,0,"{'1': 60.55956245155574, '2': 60.55956245155574}",[],[],0.0,{},{},0.0,1.551941,{},Action
15,11,0x19,1,2.238464,Mismatch,Match,ffffuulff,120,"{'1': 140.56819771669913, '2': 260.56819771669916}","[0.0, 0.0, 0.6, 2.4, 6.87, 11.35, 15.82, 20.3, 24.78, 29.25, 33.73, 38.2, 42.68, 47.16, 51.63, 56.11, 60.47, 63.5]","[0.9181519, 0.9321289, 0.9458008, 0.9598389, 0.9738159, 0.9874878, 1.001465, 1.015442, 1.029175, 1.043091, 1.057068, 1.070801, 1.084717, 1.098694, 1.112549, 1.126404, 1.14032, 1.154236]",1.0,{'1': 62.57767461914345},{'1': 0.2300000000000001},0.92,1.15,"{'1': {'start': 0.92, 'end': 1.1500000000000001}}",Action
15,12,0x19,1,3.326355,Mismatch,Match,bdddddfll,120,"{'1': 45.71605237324177, '2': 165.71605237324178}","[0.0, 0.0, 0.41, 5.34, 10.26, 15.19, 20.11, 25.04, 29.96, 34.89, 39.81, 44.74, 49.67, 54.59, 59.52, 64.45, 69.38, 74.32, 79.27, 82.0]","[1.784302, 1.797974, 1.812195, 1.826233, 1.839844, 1.853394, 1.86908, 1.881592, 1.895142, 1.909363, 1.923218, 1.936829, 1.95105, 1.96521, 1.978821, 1.992798, 2.006653, 2.020264, 2.033936, 2.04834]",1.0,{'1': 80.41931407942236},{'1': 0.25},1.79,2.04,"{'1': {'start': 1.79, 'end': 2.04}}",Action
15,13,0x19,1,1.475037,Match,Match,bdddllbbb,0,"{'1': 319.5833637976533, '2': 319.5833637976533}",[],[],0.0,{},{},0.0,1.475037,{},Action
15,14,0x19,1,2.638916,Match,Match,rbbbdddff,60,"{'1': 114.33822888007163, '2': 54.338228880071625}","[0.0, 0.0, 0.46, 3.55, 8.49, 13.43, 18.37, 23.31, 28.25, 33.18, 38.12, 43.06, 48.0, 52.93, 57.87, 62.81, 67.59, 70.29]","[1.778015, 1.791931, 1.805664, 1.819702, 1.833557, 1.847351, 1.861267, 1.875305, 1.888977, 1.902954, 1.917053, 1.930786, 1.94458, 1.958618, 1.97229, 1.986328, 2.000305, 2.01416]",1.0,{'1': 69.47931793576332},{'1': 0.2300000000000002},1.78,2.01,"{'1': {'start': 1.78, 'end': 2.0100000000000002}}",Action
15,15,0x19,1,3.202637,Match,Match,bddddddrd,60,"{'1': 148.1295172972594, '2': 208.1295172972594}","[0.0, 359.47, 358.15, 355.58, 352.11, 347.98, 343.57, 338.85, 333.97, 329.01, 324.04, 319.08, 314.11, 309.14, 305.33, 302.75, 301.77]","[1.895935, 1.910583, 1.924072, 1.938293, 1.952515, 1.966187, 1.979675, 1.994019, 2.007874, 2.021545, 2.03595, 2.049805, 2.063232, 2.077454, 2.091614, 2.105286, 2.118896]",1.0,{'1': 57.589435709037474},{'1': 0.21999999999999975},1.89,2.11,"{'1': {'start': 1.8900000000000001, 'end': 2.11}}",Action
15,16,0x19,1,3.422485,Match,Match,bbdddbrrr,180,"{'1': 151.1915878323806, '2': 331.1915878323806}","[0.0, 0.0, 358.7, 356.48, 351.97, 347.52, 343.07, 338.63, 334.2, 329.78, 325.37, 320.96, 316.57, 312.19, 307.83, 303.47, 299.11, 294.75, 290.4, 286.04, 281.7, 277.35, 273.01, 268.66, 264.32, 259.98, 255.64, 251.3, 246.96, 242.62, 238.28, 233.94, 231.31, 230.01, 229.45, 229.45, 227.51, 224.72, 220.28, 215.87, 211.48, 207.08, 202.7, 198.34, 193.98, 189.62, 185.26, 180.91, 176.55, 172.74, 170.04]","[1.392578, 1.40625, 1.420227, 1.43396, 1.447998, 1.461914, 1.475647, 1.489563, 1.50354, 1.517273, 1.53125, 1.545166, 1.55896, 1.572815, 1.586792, 1.600708, 1.614563, 1.628418, 1.642395, 1.656189, 1.670044, 1.684082, 1.697937, 1.711731, 1.725708, 1.739563, 1.753357, 1.767273, 1.781311, 1.795044, 1.808899, 1.822998, 1.83667, 1.850586, 2.572571, 2.586609, 2.600342, 2.614136, 2.628174, 2.642212, 2.669312, 2.68335, 2.698364, 2.712524, 2.726501, 2.740906, 2.754822, 2.768799, 2.782593, 2.796692, 2.810852]",2.0,"{'1': 129.93525725783272, '2': 39.65445179597256}","{'1': 0.45999999999999996, '2': 0.2400000000000002}",1.39,2.81,"{'1': {'start': 1.3900000000000001, 'end': 1.85}, '2': {'start': 2.57, 'end': 2.81}}",Action
15,17,0x19,1,1.518494,Match,Match,uuuubbbur,0,"{'1': 73.35684643881032, '2': 73.35684643881032}",[],[],0.0,{},{},0.0,1.518494,{},Action
15,18,0x19,1,2.678772,Match,Match,lllllbbul,60,"{'1': 21.56177042010947, '2': 81.56177042010947}",[],[],0.0,{},{},0.0,2.678772,{},Action
15,19,0x19,1,2.250549,Match,Match,llbbbrruu,0,"{'1': 330.9857692533561, '2': 330.9857692533561}",[],[],0.0,{},{},0.0,2.250549,{},Action
15,20,0x19,1,3.769592,Match,Match,ffuubrrrr,180,"{'1': 304.01941384016175, '2': 124.01941384016175}","[0.0, 359.63, 358.92, 357.0, 354.33, 350.34, 345.55, 340.79, 336.06, 331.34, 326.62, 321.93, 317.26, 312.61, 307.96, 303.32, 298.68, 294.04, 289.4, 284.76, 280.13, 275.49, 270.85, 266.21, 261.58, 256.94, 252.31, 247.68, 243.04, 238.41, 233.77, 229.13, 224.49, 219.82, 217.3]","[1.978149, 1.992126, 2.005493, 2.019775, 2.033691, 2.04718, 2.06134, 2.075439, 2.088928, 2.103027, 2.117004, 2.130615, 2.144775, 2.158691, 2.172546, 2.186035, 2.200256, 2.214172, 2.228088, 2.241943, 2.256042, 2.269104, 2.28363, 2.297607, 2.311523, 2.325012, 2.339172, 2.353394, 2.366638, 2.380615, 2.394958, 2.408264, 2.422424, 2.436462, 2.450073]",1.0,{'1': 142.68648446109762},{'1': 0.4800000000000002},1.97,2.45,"{'1': {'start': 1.97, 'end': 2.45}}",Action
15,21,0x19,1,1.575928,Match,Match,bbddbblll,0,"{'1': 240.34161902561647, '2': 240.34161902561647}",[],[],0.0,{},{},0.0,1.575928,{},Action
15,22,0x19,1,1.836121,Match,Match,ffuulllbb,0,"{'1': 213.72986700080804, '2': 213.72986700080804}",[],[],0.0,{},{},0.0,1.836121,{},Action
15,23,0x19,1,4.170837,Match,Match,lbbddllll,120,"{'1': 285.99622899969273, '2': 45.99622899969273}",[],[],0.0,{},{},0.0,4.170837,{},Action
15,24,0x19,1,5.822021,Match,Match,bbddbblll,60,"{'1': 72.44936171993061, '2': 12.449361719930607}",[],[],0.0,{},{},0.0,5.822021,{},Action
15,25,0x19,1,4.9646,Match,Mismatch,ddbbddddl,120,"{'1': 39.062583452168205, '2': 159.0625834521682}","[0.0, 0.0, 0.19, 0.19, 1.34, 2.48, 4.33, 6.4, 9.2, 12.01, 14.89, 17.77, 20.65, 23.52, 25.71, 27.42, 29.13, 29.41, 29.62, 30.91, 32.81, 35.62, 39.25, 43.84, 48.79, 53.73, 58.66, 63.6, 68.54, 73.48, 78.42, 83.35, 88.29, 93.23, 98.07, 100.7, 102.44, 102.82, 102.82]","[3.283936, 3.298279, 3.311829, 3.325928, 3.339722, 3.353027, 3.367188, 3.381226, 3.394653, 3.408752, 3.422791, 3.436462, 3.450623, 3.464661, 3.478394, 3.491821, 3.505981, 3.936462, 3.950745, 3.964844, 3.978699, 3.992004, 4.006226, 4.020325, 4.033752, 4.047913, 4.062012, 4.075317, 4.0896, 4.103638, 4.117432, 4.130859, 4.14502, 4.159241, 4.172607, 4.186707, 4.200867, 4.214355, 4.228394]",2.0,"{'1': 28.96826059357733, '2': 73.23528726975029}","{'1': 0.20000000000000018, '2': 0.27}",3.31,4.21,"{'1': {'start': 3.31, 'end': 3.5100000000000002}, '2': {'start': 3.94, 'end': 4.21}}",Action
15,26,0x19,1,3.755615,Mismatch,Mismatch,ddbbddddl,0,"{'1': 237.22949154803385, '2': 237.22949154803385}","[0.0, 0.0, 0.68, 3.07, 7.51, 12.02, 16.5, 20.98, 25.45, 29.93, 34.4, 38.88, 43.36, 47.84, 52.31, 56.79, 61.28, 65.81, 70.37, 72.58, 73.63]","[2.338562, 2.353027, 2.366882, 2.380493, 2.394775, 2.408691, 2.422058, 2.436096, 2.450134, 2.463562, 2.477783, 2.491821, 2.505615, 2.519226, 2.533447, 2.547424, 2.561035, 2.575256, 2.589233, 2.602722, 2.61676]",1.0,{'1': 73.12437241772331},{'1': 0.27},2.34,2.61,"{'1': {'start': 2.34, 'end': 2.61}}",Action
15,27,0x19,1,2.23822,Match,Mismatch,dbbbblllu,120,"{'1': 148.57931685215686, '2': 28.579316852156865}",[],[],0.0,{},{},0.0,2.23822,{},Action
15,28,0x19,1,1.811157,Mismatch,Mismatch,lllllbbul,60,"{'1': 162.69810194921968, '2': 222.69810194921968}",[],[],0.0,{},{},0.0,1.811157,{},Action
15,29,0x19,1,2.6026,Mismatch,Mismatch,bbbdddrrb,180,"{'1': 106.87489120228682, '2': 286.8748912022868}","[0.0, 0.0, 1.38, 4.6, 9.6, 14.6, 19.6, 24.6, 29.6, 34.6, 39.6, 44.6, 49.6, 54.6, 59.6, 64.6, 69.6, 74.52, 77.24]","[1.616272, 1.630249, 1.644165, 1.657776, 1.671875, 1.685852, 1.699524, 1.713623, 1.727539, 1.741211, 1.755493, 1.769287, 1.783142, 1.796875, 1.810791, 1.82605, 1.83844, 1.852478, 1.866394]",1.0,{'1': 75.99023857430296},{'1': 0.24},1.62,1.86,"{'1': {'start': 1.62, 'end': 1.86}}",Action
15,30,0x19,1,3.672546,Mismatch,Mismatch,ffuuuurrf,120,"{'1': 300.51629258113576, '2': 180.51629258113576}","[0.0, 3.54, 7.08, 10.68, 14.38, 18.34, 22.58, 27.0, 31.56, 36.24, 41.0, 45.8, 50.61, 55.42, 60.25, 65.11, 70.01, 74.91, 79.82, 84.72, 89.63, 94.54, 99.44, 104.35, 109.26, 114.18, 119.1, 124.03]","[2.130737, 2.145142, 2.159119, 2.172546, 2.186829, 2.200745, 2.2146, 2.228149, 2.242371, 2.256409, 2.269836, 2.283752, 2.297791, 2.311279, 2.325684, 2.339661, 2.353271, 2.367126, 2.380981, 2.39502, 2.408508, 2.422791, 2.436829, 2.450378, 2.464294, 2.478394, 2.491943, 2.506165]",1.0,{'1': 121.89292715511175},{'1': 0.3799999999999999},2.12,2.5,"{'1': {'start': 2.12, 'end': 2.5}}",Action
15,31,0x19,1,2.462036,Mismatch,Mismatch,bddddddrd,120,"{'1': 143.25859265589713, '2': 263.25859265589713}","[0.0, 0.59, 3.37, 8.31, 13.25, 18.19, 23.13, 28.07, 33.01, 37.96, 42.9, 47.84, 52.78, 57.72, 62.68]","[1.306519, 1.320251, 1.334229, 1.348206, 1.362, 1.375854, 1.389771, 1.403687, 1.417542, 1.431519, 1.445496, 1.459167, 1.473022, 1.487061, 1.500793]",1.0,{'1': 62.39356830760266},{'1': 0.19999999999999996},1.3,1.5,"{'1': {'start': 1.3, 'end': 1.5}}",Action
15,32,0x19,1,5.020386,Mismatch,Mismatch,bdddllbbb,0,"{'1': 327.35104805595415, '2': 327.35104805595415}","[0.0, 0.47, 2.05, 7.05, 12.05, 17.05, 22.05, 27.05, 32.05, 37.05, 42.05, 47.05, 52.05, 57.05, 62.05, 67.05, 72.05, 77.05, 81.68, 84.2, 85.04, 85.04, 86.03, 87.55, 92.42, 97.36, 102.28, 107.2, 112.11, 117.02, 121.93, 126.84, 131.74, 136.65, 139.46, 140.58]","[1.3927, 1.406738, 1.420532, 1.434448, 1.448364, 1.462036, 1.476013, 1.48999, 1.503723, 1.517639, 1.531555, 1.54541, 1.559204, 1.573181, 1.58728, 1.600952, 1.614868, 1.628784, 1.6427, 1.656555, 3.36731, 3.38147, 3.395386, 3.410461, 3.423157, 3.437134, 3.450806, 3.464783, 3.478699, 3.492615, 3.506226, 3.520325, 3.534241, 3.547913, 3.562073, 3.575989]",2.0,"{'1': 84.20169153385494, '2': 55.057987927565435}","{'1': 0.27, '2': 0.20000000000000018}",1.39,3.5700000000000003,"{'1': {'start': 1.3900000000000001, 'end': 1.6600000000000001}, '2': {'start': 3.37, 'end': 3.5700000000000003}}",Action
15,33,0x19,1,3.157654,Mismatch,Mismatch,uubbbrrrb,0,"{'1': 305.32181504022583, '2': 305.32181504022583}","[0.0, 1.1, 6.1, 11.1, 16.1, 21.1, 26.1, 31.1, 36.1, 41.1, 46.1, 51.09, 56.08, 61.08, 66.06, 71.04, 76.02, 80.99, 85.95, 90.91, 95.85, 100.78, 105.71, 110.63, 115.56, 120.48, 125.41, 130.33, 135.25, 140.17, 145.1, 149.33, 152.05, 153.43, 153.43, 153.68, 154.03, 154.95, 157.72, 161.64, 166.63, 171.63, 176.63, 181.62, 186.61, 191.61, 196.6, 201.6, 206.59, 211.59, 216.58, 220.52, 221.52]","[1.531616, 1.545349, 1.559692, 1.573547, 1.587219, 1.601318, 1.615234, 1.629028, 1.643005, 1.656921, 1.670471, 1.684937, 1.698669, 1.712646, 1.726196, 1.740295, 1.75415, 1.767944, 1.782104, 1.795898, 1.80957, 1.823669, 1.837585, 1.851563, 1.865051, 1.879333, 1.894775, 1.90686, 1.920715, 1.93457, 1.948242, 1.962463, 1.976379, 1.98999, 2.546143, 2.560608, 2.574585, 2.587952, 2.601807, 2.615967, 2.629517, 2.643738, 2.657654, 2.67157, 2.685181, 2.699219, 2.713196, 2.726563, 2.740784, 2.7547, 2.768555, 2.782593, 2.796631]",2.0,"{'1': 153.43, '2': -14.717131141796926}","{'1': 0.47, '2': 0.22999999999999998}",1.52,2.79,"{'1': {'start': 1.52, 'end': 1.99}, '2': {'start': 2.56, 'end': 2.79}}",Action
15,34,0x19,1,3.864075,Mismatch,Mismatch,ffuuuurrf,60,"{'1': 246.67597189214007, '2': 186.67597189214007}","[0.0, 0.0, 3.01, 7.95, 12.89, 17.84, 22.78, 27.72, 32.66, 37.6, 42.54, 47.48, 52.41, 57.35, 62.29, 67.23, 72.17, 77.11, 82.06, 84.94, 86.92, 87.67, 87.92]","[1.319458, 1.333435, 1.347412, 1.361145, 1.375061, 1.38916, 1.402954, 1.416687, 1.430664, 1.444519, 1.458313, 1.472351, 1.486328, 1.5, 1.513916, 1.527954, 1.541626, 1.555725, 1.569641, 1.583496, 1.597229, 1.611145, 1.625061]",1.0,{'1': 87.60829045702789},{'1': 0.29000000000000004},1.32,1.61,"{'1': {'start': 1.32, 'end': 1.61}}",Action
15,35,0x19,1,3.979065,Mismatch,Mismatch,ffuubrrrr,120,"{'1': 60.31484073205433, '2': 300.31484073205434}","[0.0, 0.0, 0.52, 1.03, 2.03, 3.13, 4.45, 6.41, 8.83, 11.78, 14.77, 17.79, 20.9, 24.2, 27.58, 30.97, 34.36, 37.77, 41.19, 44.63, 48.09, 51.58, 55.09, 58.66, 62.23, 65.79, 69.32, 72.62, 75.88, 79.09, 81.61, 83.8, 85.38, 86.64, 87.33, 87.5]","[2.12854, 2.142517, 2.156372, 2.170227, 2.184204, 2.198242, 2.211853, 2.225708, 2.239807, 2.25354, 2.267578, 2.281555, 2.295227, 2.309143, 2.323059, 2.336792, 2.350891, 2.364746, 2.37854, 2.392395, 2.406311, 2.420227, 2.434143, 2.447998, 2.462036, 2.475769, 2.489624, 2.50354, 2.517456, 2.531189, 2.545166, 2.559082, 2.572876, 2.586792, 2.60083, 2.614685]",1.0,{'1': 87.28920359025501},{'1': 0.4700000000000002},2.13,2.6,"{'1': {'start': 2.13, 'end': 2.6}}",Action
15,36,0x19,1,2.839355,Mismatch,Mismatch,uuuubbbur,60,"{'1': 297.0449345488158, '2': 237.04493454881575}","[0.0, 0.0, 0.84, 5.57, 10.3, 15.04, 19.77, 24.51, 29.26, 34.01, 38.77, 43.54, 48.32, 53.1, 57.88, 62.66, 67.44, 72.22, 77.0, 81.78, 86.56, 91.34, 96.12, 100.9, 105.69, 110.48, 115.27, 120.06, 124.85, 129.65, 134.45, 137.65]","[1.225708, 1.239563, 1.25354, 1.267456, 1.281311, 1.295288, 1.30896, 1.322937, 1.336975, 1.351074, 1.364624, 1.378418, 1.392395, 1.406067, 1.419983, 1.434021, 1.447754, 1.46167, 1.475647, 1.489441, 1.503296, 1.517273, 1.531189, 1.544922, 1.558838, 1.572876, 1.586609, 1.600525, 1.614563, 1.628296, 1.642212, 1.656128]",1.0,{'1': 136.24085944236853},{'1': 0.42000000000000015},1.23,1.65,"{'1': {'start': 1.23, 'end': 1.6500000000000001}}",Action
15,37,0x19,1,2.751953,Mismatch,Mismatch,uuuuubbul,120,"{'1': 37.52786872796199, '2': 277.52786872796196}","[0.0, 0.0, 1.65, 6.56, 11.46, 16.37, 21.27, 26.18, 31.09, 35.99, 40.9, 45.8, 50.71, 55.62, 60.52, 65.43, 69.74]","[1.904663, 1.918518, 1.932495, 1.946411, 1.960205, 1.97406, 1.988098, 2.001831, 2.015808, 2.029663, 2.043518, 2.057373, 2.07135, 2.085205, 2.098999, 2.112915, 2.126892]",1.0,{'1': 67.61475710095162},{'1': 0.20999999999999996},1.91,2.12,"{'1': {'start': 1.9100000000000001, 'end': 2.12}}",Action
15,38,0x19,1,4.247986,Mismatch,Mismatch,uuuuubbul,0,"{'1': 157.81106541547643, '2': 157.81106541547643}",[],[],0.0,{},{},0.0,4.247986,{},Action
15,39,0x19,1,3.62915,Mismatch,Mismatch,llbbbbbru,60,"{'1': 44.21032944926067, '2': 344.21032944926066}","[0.0, 0.0, 359.18, 357.85, 356.15, 353.45, 349.4, 344.54, 339.72, 334.97, 330.23, 325.5, 320.77, 316.05, 311.33, 306.64, 301.96, 297.28, 292.62, 287.96, 283.29, 278.63, 273.97, 269.31, 264.65, 259.99, 255.34, 250.69, 246.05, 241.41, 236.78, 232.14, 227.5, 222.87, 218.23, 213.6, 208.96, 204.33, 202.72]","[1.959595, 1.973267, 1.987305, 2.001221, 2.014954, 2.028809, 2.042908, 2.056702, 2.070618, 2.084534, 2.098389, 2.112549, 2.12616, 2.140137, 2.153931, 2.167786, 2.181702, 2.195618, 2.209473, 2.223389, 2.237244, 2.251038, 2.264954, 2.278992, 2.292664, 2.306702, 2.32074, 2.334351, 2.348267, 2.362305, 2.376099, 2.390015, 2.403931, 2.417847, 2.43158, 2.445496, 2.459534, 2.473267, 2.487122]",1.0,{'1': 156.4523984121256},{'1': 0.52},1.96,2.48,"{'1': {'start': 1.96, 'end': 2.48}}",Action
15,40,0x19,1,1.875488,Mismatch,Mismatch,rbbbdddff,60,"{'1': 208.1662905911495, '2': 148.1662905911495}",[],[],0.0,{},{},0.0,1.875488,{},Action
15,41,0x19,1,1.561829,Match,Mismatch,rbbbdddff,180,"{'1': 16.64519352825595, '2': 196.64519352825596}",[],[],0.0,{},{},0.0,1.561829,{},Action
15,42,0x19,1,2.336365,Mismatch,Mismatch,uuuuubbul,120,"{'1': 23.936643218485422, '2': 143.93664321848541}",[],[],0.0,{},{},0.0,2.336365,{},Action
15,43,0x19,1,3.365601,Mismatch,Mismatch,bddrbbbbb,60,"{'1': 32.141247008901345, '2': 332.14124700890136}","[0.0, 359.6, 358.46, 355.13, 350.41, 345.78, 341.18, 336.59, 332.04, 327.5, 322.97, 318.46, 313.95, 309.44, 304.93, 300.42, 295.91, 291.41, 286.9, 282.32, 278.75, 276.7]","[1.682678, 1.696655, 1.71106, 1.724304, 1.738098, 1.752014, 1.76593, 1.779785, 1.793701, 1.807434, 1.821472, 1.835449, 1.849182, 1.863037, 1.876953, 1.890808, 1.904663, 1.918579, 1.932678, 1.946411, 1.960266, 1.974304]",1.0,{'1': 82.67147741843567},{'1': 0.29000000000000004},1.68,1.97,"{'1': {'start': 1.68, 'end': 1.97}}",Action
15,44,0x19,1,7.220581,Mismatch,Mismatch,bddddddrd,180,"{'1': 145.86785820030502, '2': 325.867858200305}","[0.0, 0.23, 1.67, 4.19, 8.74, 13.37, 17.97, 22.57, 27.16, 31.75, 36.35, 40.95, 45.6, 50.27, 54.98, 59.7, 64.44, 69.19, 73.96, 78.74, 83.54, 88.37, 93.29, 96.16]","[5.789673, 5.803833, 5.817505, 5.831482, 5.845398, 5.858948, 5.873291, 5.887146, 5.901001, 5.914551, 5.930176, 5.942627, 5.955994, 5.970154, 5.98407, 5.99762, 6.01178, 6.025696, 6.039307, 6.053589, 6.067444, 6.081543, 6.094971, 6.10907]",1.0,{'1': 94.30839449591338},{'1': 0.3100000000000005},5.79,6.1000000000000005,"{'1': {'start': 5.79, 'end': 6.1000000000000005}}",Action
15,45,0x19,1,2.654053,Mismatch,Mismatch,llbbbbbru,60,"{'1': 115.6707816584417, '2': 55.6707816584417}","[0.0, 2.03, 6.91, 11.72, 16.5, 21.23, 25.95, 30.67, 35.39, 40.11, 44.83, 49.54, 54.25, 58.94, 63.64, 68.33, 70.42]","[2.112366, 2.126221, 2.14032, 2.154236, 2.167908, 2.181946, 2.195923, 2.209534, 2.223633, 2.237671, 2.251465, 2.265015, 2.279175, 2.293152, 2.306885, 2.320923, 2.334839]",1.0,{'1': 69.6932459039954},{'1': 0.22999999999999998},2.1,2.33,"{'1': {'start': 2.1, 'end': 2.33}}",Action
15,46,0x19,1,4.214661,Mismatch,Mismatch,bdddddfll,180,"{'1': 253.0788219560313, '2': 73.0788219560313}","[0.0, 359.3, 357.92, 354.87, 350.0, 345.13, 340.27, 335.4, 330.54, 325.67, 320.81, 315.94, 311.08, 306.19, 301.29, 296.37, 292.81, 291.51]","[3.269592, 3.283447, 3.297607, 3.311646, 3.325134, 3.339355, 3.356262, 3.367126, 3.380676, 3.394958, 3.408386, 3.422668, 3.436707, 3.450378, 3.464111, 3.478271, 3.492004, 3.505676]",1.0,{'1': 67.95029842012875},{'1': 0.23999999999999977},3.26,3.5,"{'1': {'start': 3.2600000000000002, 'end': 3.5}}",Action
15,47,0x19,1,2.950562,Match,Mismatch,dbbbblllu,180,"{'1': 336.4782822655466, '2': 156.47828226554662}",[],[],0.0,{},{},0.0,2.950562,{},Action
15,48,0x19,1,3.56134,Mismatch,Mismatch,uuubbrrrf,0,"{'1': 221.2588229142575, '2': 221.2588229142575}","[0.0, 359.7, 359.18, 358.17, 355.95, 353.18, 349.92, 345.26, 340.55, 335.91, 331.29, 326.69, 322.13, 317.59, 313.06, 308.55, 304.05, 299.54, 295.04, 290.55, 286.07, 281.58, 277.11, 272.64, 268.2, 263.76, 259.32, 254.89, 250.46, 246.03, 241.62, 237.22, 232.82, 228.43, 224.04, 219.67, 215.3, 210.95, 207.55, 205.6]","[1.697754, 1.711426, 1.725342, 1.739319, 1.753052, 1.767029, 1.780884, 1.794861, 1.808594, 1.822571, 1.836548, 1.850342, 1.864075, 1.878113, 1.892029, 1.905762, 1.919739, 1.933716, 1.947449, 1.961487, 1.975342, 1.989136, 2.003052, 2.017029, 2.030823, 2.044678, 2.058716, 2.072449, 2.086365, 2.100281, 2.114197, 2.127991, 2.141968, 2.155884, 2.169678, 2.183533, 2.19751, 2.211426, 2.225281, 2.239136]",1.0,{'1': 153.06488496378208},{'1': 0.53},1.7,2.23,"{'1': {'start': 1.7, 'end': 2.23}}",Action
15,49,0x19,1,2.528259,Mismatch,Mismatch,bddrbbbbb,0,"{'1': 326.71596269915057, '2': 326.71596269915057}","[0.0, 0.0, 359.35, 358.04, 355.41, 352.28, 347.53, 342.81, 338.09, 333.41, 328.75, 324.11, 319.49, 314.94, 310.4, 305.89, 301.39, 296.91, 292.45, 288.0, 283.55, 279.12, 274.68, 270.26, 265.84, 261.44, 257.03, 252.63, 248.23, 243.84, 239.45, 235.06, 230.67, 226.26, 221.89, 220.8]","[1.011841, 1.025818, 1.039673, 1.053467, 1.067444, 1.081421, 1.095154, 1.109009, 1.123047, 1.136902, 1.150757, 1.164795, 1.178528, 1.192383, 1.206421, 1.220337, 1.23407, 1.247864, 1.262024, 1.275696, 1.289673, 1.30365, 1.317383, 1.331299, 1.345215, 1.35907, 1.372925, 1.386902, 1.400818, 1.414551, 1.428528, 1.442566, 1.456238, 1.470154, 1.484131, 1.498047]",1.0,{'1': 138.5697017821213},{'1': 0.47},1.02,1.49,"{'1': {'start': 1.02, 'end': 1.49}}",Action
22,0,0x66,2,1.823303,Match,Match,lllllbbul,60,"{'1': 286.3139631871414, '2': 346.3139631871414}",[],[],0.0,{},{},0.0,1.823303,{},Action
22,1,0x66,2,6.335083,Match,Match,rbbbdddff,60,"{'1': 106.55160670497635, '2': 46.55160670497635}","[0.0, 0.0, 5.12, 10.1, 15.07, 20.05, 25.02, 29.98, 34.92, 39.85, 44.77, 49.69]","[4.27356, 4.28833, 4.302246, 4.315674, 4.329834, 4.34375, 4.357544, 4.371094, 4.385498, 4.399292, 4.412964, 4.427246]",1.0,{'1': 47.19382859543481},{'1': 0.14999999999999947},4.2700000000000005,4.42,"{'1': {'start': 4.2700000000000005, 'end': 4.42}}",Action
22,2,0x66,2,2.478394,Match,Match,bbdddbrrr,180,"{'1': 27.527655538151066, '2': 207.52765553815107}","[0.0, 358.39, 354.48, 350.15, 345.82, 341.49, 337.17, 332.85, 328.53, 324.2, 319.88, 315.55, 311.22, 306.89, 302.55, 298.2, 293.85, 289.48, 285.12, 280.74, 276.35, 271.94, 267.5, 263.05, 258.61, 254.15, 249.68, 245.2, 240.72, 236.24, 231.75, 227.27, 222.78, 218.29, 213.79, 209.3, 204.8, 201.3, 199.86]","[1.096436, 1.110474, 1.124512, 1.138306, 1.1521, 1.166138, 1.180176, 1.19397, 1.207886, 1.221924, 1.23584, 1.249634, 1.263672, 1.277588, 1.291382, 1.30542, 1.319458, 1.33313, 1.347168, 1.361206, 1.375, 1.388916, 1.403076, 1.4198, 1.430786, 1.444824, 1.458496, 1.472534, 1.486572, 1.500366, 1.514282, 1.528076, 1.542114, 1.556152, 1.569946, 1.583984, 1.5979, 1.611694, 1.62561]",1.0,{'1': 159.55948835872377},{'1': 0.54},1.08,1.62,"{'1': {'start': 1.08, 'end': 1.62}}",Action
22,3,0x66,2,3.500122,Match,Match,llbbbbbru,120,"{'1': 252.0093622455621, '2': 12.009362245562102}",[],[],0.0,{},{},0.0,3.500122,{},Action
22,4,0x66,2,4.401184,Match,Match,ffuuuurrf,180,"{'1': 234.68915252874177, '2': 54.689152528741786}",[],[],0.0,{},{},0.0,4.401184,{},Action
22,5,0x66,2,1.662231,Match,Match,rbbbbbbub,0,"{'1': 134.17510137303654, '2': 134.17510137303654}",[],[],0.0,{},{},0.0,1.662231,{},Action
22,6,0x66,2,2.645264,Match,Match,uuuuubbul,180,"{'1': 71.42017063593104, '2': 251.42017063593104}",[],[],0.0,{},{},0.0,2.645264,{},Action
22,7,0x66,2,3.76532,Match,Match,llbbbbbru,180,"{'1': 323.6733423400776, '2': 143.67334234007762}","[0.0, 0.0, 1.0, 4.11, 8.67, 13.61, 18.54, 23.47, 28.4, 33.31, 38.22, 43.13, 48.03, 52.94, 57.84, 62.75, 67.65, 72.55, 77.45, 82.35, 87.24, 92.12, 96.86]","[1.658936, 1.672852, 1.68689, 1.700745, 1.714661, 1.728638, 1.742676, 1.75647, 1.770447, 1.784363, 1.798279, 1.812134, 1.826111, 1.840088, 1.853882, 1.86792, 1.881897, 1.895691, 1.909607, 1.923645, 1.940186, 1.951355, 1.965393]",1.0,{'1': 95.03902692691267},{'1': 0.2999999999999998},1.66,1.96,"{'1': {'start': 1.6600000000000001, 'end': 1.96}}",Action
22,8,0x66,2,2.966309,Match,Match,bddrbbbbb,120,"{'1': 333.8343103460518, '2': 213.83431034605178}","[0.0, 0.22, 5.14, 10.06, 14.98, 19.93, 24.93, 29.93, 34.93, 39.91, 44.89, 49.85, 54.8, 59.74, 64.68, 69.62, 74.56, 79.48, 84.39, 89.29, 94.11]","[1.487061, 1.501221, 1.515015, 1.528809, 1.542847, 1.556885, 1.570557, 1.584595, 1.598633, 1.612427, 1.626343, 1.640381, 1.654175, 1.668091, 1.682129, 1.695923, 1.709961, 1.723877, 1.737793, 1.751709, 1.765625]",1.0,{'1': 92.11604064621791},{'1': 0.27},1.49,1.76,"{'1': {'start': 1.49, 'end': 1.76}}",Action
22,9,0x66,2,6.503784,Match,Match,lllllbbul,180,"{'1': 205.5984514023973, '2': 25.598451402397302}","[0.0, 356.44, 352.84, 349.23, 345.58, 341.92, 338.25, 334.63, 331.07, 329.57, 333.36, 337.49, 341.83, 346.3, 350.84, 355.45, 0.26, 5.12, 7.99, 7.34, 5.1, 1.54, 356.57, 351.6, 346.65, 341.7, 336.78, 331.88, 326.97, 322.08, 317.19, 312.31, 307.42, 302.53, 297.64, 292.75, 287.87, 282.98, 278.1, 273.22, 268.36, 263.5, 258.64, 253.78, 248.93, 244.07, 239.22, 234.36, 229.51, 224.66, 219.81, 214.96, 210.11, 205.27, 200.42]","[3.049072, 3.063538, 3.077515, 3.090942, 3.105103, 3.119019, 3.132629, 3.146973, 3.174316, 3.941101, 3.955078, 3.96875, 3.982849, 3.996643, 4.010132, 4.024353, 4.038574, 4.05188, 4.609253, 4.623535, 4.637329, 4.65094, 4.665222, 4.679016, 4.692505, 4.706909, 4.721008, 4.734863, 4.748474, 4.762634, 4.776428, 4.7901, 4.804199, 4.818298, 4.831848, 4.846069, 4.859985, 4.87384, 4.887512, 4.901855, 4.91571, 4.929382, 4.943665, 4.95752, 4.971191, 4.985352, 4.999329, 5.013245, 5.026978, 5.041077, 5.056152, 5.068665, 5.082642, 5.09668, 5.110596]",3.0,"{'1': 28.941119153348076, '2': -25.246472864950945, '3': 151.42992739673485}","{'1': 0.14000000000000012, '2': 0.13000000000000034, '3': 0.5099999999999998}",3.04,5.11,"{'1': {'start': 3.04, 'end': 3.18}, '2': {'start': 3.93, 'end': 4.0600000000000005}, '3': {'start': 4.6000000000000005, 'end': 5.11}}",Action
22,10,0x66,2,5.492981,Match,Match,ffffuulff,180,"{'1': 105.6263090371286, '2': 285.62630903712864}","[0.0, 0.0, 3.38, 3.38, 2.69, 0.8, 356.75, 351.76, 346.77, 341.77, 336.79, 331.85, 326.97, 322.17, 317.46, 312.94, 308.47, 304.2, 300.01, 295.88, 291.84, 287.83, 283.91, 280.14, 276.44, 272.8, 269.21, 269.21, 268.42, 267.52, 266.31, 264.91, 263.43, 261.42, 259.2, 258.26, 255.71, 251.74, 247.84, 244.18, 240.55, 236.94, 233.36, 229.78, 226.2, 222.63, 219.05, 215.47, 211.89, 208.31, 204.75]","[1.857117, 2.052612, 2.470764, 2.679443, 2.693481, 2.707703, 2.721436, 2.734924, 2.749268, 2.763184, 2.776672, 2.791077, 2.805054, 2.818909, 2.832581, 2.846558, 2.860535, 2.874207, 2.88855, 2.902527, 2.915955, 2.930237, 2.944092, 2.957581, 2.971802, 2.98584, 3.501282, 3.54303, 3.556641, 3.570801, 3.585022, 3.598694, 3.612122, 3.626282, 4.155518, 4.169922, 4.18396, 4.19751, 4.21167, 4.225647, 4.23938, 4.252991, 4.267273, 4.28125, 4.2948, 4.309021, 4.322937, 4.337585, 4.351257, 4.366028, 4.378601]",2.0,"{'1': 83.84897396797311, '2': 52.07975135741252}","{'1': 0.3200000000000003, '2': 0.23000000000000043}",2.67,4.37,"{'1': {'start': 2.67, 'end': 2.99}, '2': {'start': 4.14, 'end': 4.37}}",Action
22,11,0x66,2,4.023193,Match,Match,ffffuulff,120,"{'1': 17.72955624871554, '2': 137.72955624871554}","[0.0, 0.0, 359.67, 357.13, 352.56, 347.61, 342.67, 337.72, 332.77, 327.82, 322.88, 317.93, 312.98, 308.04, 303.1, 298.15, 293.2, 288.26, 283.31, 278.37, 273.42, 268.48, 263.53, 258.59, 253.64, 248.69, 243.75, 238.8, 233.84, 228.95, 226.53, 229.34, 234.34, 239.34, 244.34, 249.34, 254.28, 259.21, 264.12, 269.03, 273.95, 276.93]","[1.276428, 1.290527, 1.304382, 1.318176, 1.332214, 1.347473, 1.360046, 1.373962, 1.387939, 1.401794, 1.415771, 1.429749, 1.443542, 1.45752, 1.471436, 1.485291, 1.499268, 1.513245, 1.5271, 1.541077, 1.554993, 1.568909, 1.582764, 1.596741, 1.610779, 1.624573, 1.638428, 1.652527, 1.666443, 1.680359, 3.104004, 3.118286, 3.132202, 3.145691, 3.159607, 3.173645, 3.187378, 3.20166, 3.215698, 3.229248, 3.243225, 3.257263]",2.0,"{'1': 130.92384952572579, '2': -48.83439858070045}","{'1': 0.3899999999999999, '2': 0.16000000000000014}",1.29,3.25,"{'1': {'start': 1.29, 'end': 1.68}, '2': {'start': 3.09, 'end': 3.25}}",Action
22,12,0x66,2,4.651794,Match,Match,dbbbblllu,0,"{'1': 159.41008806468335, '2': 159.41008806468335}",[],[],0.0,{},{},0.0,4.651794,{},Action
22,13,0x66,2,1.282959,Match,Match,bdddbllll,0,"{'1': 113.36729326366782, '2': 113.36729326366782}",[],[],0.0,{},{},0.0,1.282959,{},Action
22,14,0x66,2,5.803894,Match,Match,ffuubllll,180,"{'1': 197.6159486272411, '2': 17.615948627241096}","[0.0, 3.53, 8.52, 13.49, 18.42, 23.34, 28.26, 33.18, 38.1, 43.02, 47.94, 52.86, 57.78, 62.7, 67.61, 72.53, 77.44, 80.81, 81.49, 82.03, 84.23, 88.82, 93.33, 97.78, 102.22, 106.66, 111.06, 115.43, 119.69, 123.93, 124.92, 129.65, 134.38, 139.09, 143.79, 148.46, 153.09, 157.69, 162.28, 166.86, 171.44, 176.02, 180.6, 185.18]","[1.472473, 1.486389, 1.500183, 1.51416, 1.528137, 1.542114, 1.555908, 1.569824, 1.583923, 1.597839, 1.611755, 1.62561, 1.639587, 1.653381, 1.66748, 1.681396, 1.69519, 1.709106, 4.048706, 4.062988, 4.076477, 4.090637, 4.104614, 4.118225, 4.13269, 4.146301, 4.160034, 4.174133, 4.18811, 4.369141, 4.383362, 4.396973, 4.411194, 4.425171, 4.438843, 4.452942, 4.466858, 4.480835, 4.494812, 4.508789, 4.522583, 4.536072, 4.550415, 4.564453]",3.0,"{'1': 80.81025983928878, '2': 38.24679683286398, '3': 52.79113283820533}","{'1': 0.25, '2': 0.15000000000000036, '3': 0.20999999999999996}",1.46,4.5600000000000005,"{'1': {'start': 1.46, 'end': 1.71}, '2': {'start': 4.04, 'end': 4.19}, '3': {'start': 4.3500000000000005, 'end': 4.5600000000000005}}",Action
22,15,0x66,2,2.531311,Match,Match,rbbbbbldd,0,"{'1': 15.26692981919393, '2': 15.26692981919393}",[],[],0.0,{},{},0.0,2.531311,{},Action
22,16,0x66,2,2.640686,Match,Match,ffuubllll,60,"{'1': 68.48769094485282, '2': 8.487690944852815}","[0.0, 0.0, 2.88, 7.82, 12.76, 17.71, 22.71, 27.71, 32.71, 37.7, 42.69, 47.67, 52.07, 53.79]","[1.161438, 1.175354, 1.189331, 1.203247, 1.217224, 1.231018, 1.244934, 1.259033, 1.272766, 1.286804, 1.300781, 1.314575, 1.328491, 1.342529]",1.0,{'1': 53.48013534691552},{'1': 0.18000000000000016},1.16,1.34,"{'1': {'start': 1.16, 'end': 1.34}}",Action
22,17,0x66,2,2.155457,Match,Match,bbbdddrrb,60,"{'1': 35.31439890238096, '2': 335.31439890238096}","[0.0, 0.39, 3.36, 8.29, 13.21, 18.1, 22.98, 27.81, 32.63, 37.45, 42.26]","[1.498169, 1.512146, 1.53949, 1.553833, 1.568726, 1.583008, 1.597107, 1.610718, 1.625244, 1.63916, 1.652832]",1.0,{'1': 41.26366296079581},{'1': 0.16000000000000014},1.49,1.65,"{'1': {'start': 1.49, 'end': 1.6500000000000001}}",Action
22,18,0x66,2,3.857605,Match,Match,bddddddrd,120,"{'1': 117.27508245732201, '2': 357.275082457322}","[0.0, 359.46, 356.18, 351.65, 347.14, 342.62, 338.11, 333.6, 329.09, 324.57, 320.08, 315.6, 311.21, 310.32, 307.94, 302.97, 298.0, 293.03, 288.06, 283.09, 278.12, 273.15, 268.17, 263.2, 258.23, 253.94, 252.04, 251.26, 249.59, 244.96, 240.39, 235.85, 231.35, 226.86, 222.41, 218.02, 213.8, 209.67, 205.55, 201.48, 197.45]","[2.002136, 2.016296, 2.030579, 2.044373, 2.058105, 2.072327, 2.086243, 2.099854, 2.114075, 2.128113, 2.141907, 2.155518, 2.169922, 2.309082, 2.323181, 2.336975, 2.351501, 2.365112, 2.378601, 2.392578, 2.406799, 2.420166, 2.434387, 2.448486, 2.462524, 2.476013, 2.852173, 2.866638, 2.881592, 2.894287, 2.90802, 2.921692, 2.935364, 2.949951, 2.963806, 2.9776, 2.991821, 3.005798, 3.019348, 3.033447, 3.047546]",3.0,"{'1': 48.79049885024434, '2': 56.458222580775406, '3': 52.494568823721636}","{'1': 0.17999999999999994, '2': 0.17999999999999972, '3': 0.20000000000000018}",1.99,3.04,"{'1': {'start': 1.99, 'end': 2.17}, '2': {'start': 2.3000000000000003, 'end': 2.48}, '3': {'start': 2.84, 'end': 3.04}}",Action
22,19,0x66,2,3.717773,Match,Match,lbbddllll,0,"{'1': 49.95093791132378, '2': 49.95093791132378}",[],[],0.0,{},{},0.0,3.717773,{},Action
22,20,0x66,2,4.576904,Match,Match,ffffuulff,180,"{'1': 227.01718802591347, '2': 47.01718802591347}","[0.0, 0.24, 0.92, 1.84, 2.81, 3.76, 4.72, 5.68, 6.25, 6.66, 6.88, 7.29, 12.17, 17.04, 21.8, 26.48, 31.14, 35.8, 40.46, 45.12, 49.79, 54.47, 59.15, 63.84, 68.53, 73.24, 77.96, 82.68, 87.41, 92.13, 96.81, 101.45, 106.06]","[2.459839, 2.474182, 2.48822, 2.50177, 2.51593, 2.529907, 2.543884, 2.557434, 2.571655, 2.585693, 2.961487, 2.97583, 2.989868, 3.003601, 3.017029, 3.031189, 3.045349, 3.05896, 3.072876, 3.086914, 3.100586, 3.117371, 3.128845, 3.141907, 3.155518, 3.170044, 3.184204, 3.197754, 3.212097, 3.226196, 3.239929, 3.25415, 3.268127]",1.0,{'1': 96.50036183727842},{'1': 0.30000000000000027},2.96,3.26,"{'1': {'start': 2.96, 'end': 3.2600000000000002}}",Action
22,21,0x66,2,5.171753,Match,Match,uuuuubbul,180,"{'1': 135.5909289679036, '2': 315.5909289679036}","[0.0, 356.44, 352.7, 348.95, 345.2, 341.44, 337.68, 333.92, 330.16, 326.39, 322.61, 318.84, 315.07, 311.3, 307.71, 304.12, 301.65, 300.27, 298.75, 296.19, 292.43, 288.53, 284.63, 280.73, 276.83, 272.93, 269.03, 265.27, 261.97, 259.58, 255.98, 252.36, 248.72, 245.05, 241.39, 237.72, 234.06, 230.44, 226.82, 223.19, 219.58, 218.12, 214.57, 211.01, 207.44, 203.88, 200.31]","[1.283142, 1.296875, 1.310913, 1.32489, 1.338623, 1.352661, 1.366699, 1.380493, 1.394348, 1.408508, 1.422241, 1.436157, 1.450073, 1.464233, 1.477905, 1.491882, 1.505981, 1.672852, 1.68689, 1.700684, 1.7146, 1.728638, 1.742554, 1.756348, 1.770325, 1.784241, 1.798157, 1.812012, 1.826233, 2.315918, 2.330139, 2.343872, 2.357971, 2.371948, 2.385681, 2.399658, 2.413757, 2.427612, 2.441284, 2.455383, 2.496887, 4.043396, 4.057739, 4.071777, 4.085327, 4.099365, 4.113525]",4.0,"{'1': 58.3832365719628, '2': 38.42466980948128, '3': 40.08062966547131, '4': 16.933928430925363}","{'1': 0.24, '2': 0.16999999999999993, '3': 0.19999999999999973, '4': 0.08000000000000007}",1.27,4.11,"{'1': {'start': 1.27, 'end': 1.51}, '2': {'start': 1.6600000000000001, 'end': 1.83}, '3': {'start': 2.3000000000000003, 'end': 2.5}, '4': {'start': 4.03, 'end': 4.11}}",Action
22,22,0x66,2,2.376587,Match,Match,bbdddbrrr,60,"{'1': 292.1193976950554, '2': 232.1193976950554}",[],[],0.0,{},{},0.0,2.376587,{},Action
22,23,0x66,2,4.035583,Match,Match,uuubbrrrf,180,"{'1': 326.22291572063955, '2': 146.22291572063952}","[0.0, 356.65, 352.49, 348.24, 343.98, 339.71, 335.42, 331.11, 326.71, 322.25, 317.78, 313.24, 308.68, 303.92, 299.35, 298.02, 298.02, 297.74, 295.12, 290.49, 285.91, 281.32, 276.73, 272.13, 267.54, 262.88, 258.19, 253.45, 248.64, 243.8, 238.89, 233.98, 229.06, 224.14, 219.21, 216.04, 214.51]","[2.419189, 2.433716, 2.447571, 2.461121, 2.475525, 2.489441, 2.502991, 2.517212, 2.531372, 2.544983, 2.558533, 2.572998, 2.586792, 2.600403, 2.614746, 2.628601, 3.005005, 3.018921, 3.033203, 3.047058, 3.060486, 3.074585, 3.08844, 3.102112, 3.116394, 3.130493, 3.144409, 3.157837, 3.17218, 3.186096, 3.199341, 3.213806, 3.227783, 3.241455, 3.255798, 3.269714, 3.283081]",2.0,"{'1': 61.98000000000002, '2': 83.15734570210219}","{'1': 0.21999999999999975, '2': 0.28000000000000025}",2.41,3.28,"{'1': {'start': 2.41, 'end': 2.63}, '2': {'start': 3.0, 'end': 3.2800000000000002}}",Action
22,24,0x66,2,3.96814,Match,Match,ddbbddddl,180,"{'1': 326.21249494290464, '2': 146.21249494290464}","[0.0, 1.7, 6.65, 11.63, 16.63, 21.63, 26.61, 31.57, 36.53, 41.48, 46.42, 51.36, 52.39, 57.33, 62.25, 67.17, 72.06, 76.93, 81.73, 86.45, 91.13, 95.78, 97.51, 97.51, 99.73, 104.62, 109.5, 114.37, 119.25, 124.11, 128.92, 133.67]","[1.193848, 1.207825, 1.221741, 1.235535, 1.249512, 1.263611, 1.277405, 1.291321, 1.305359, 1.319336, 1.333069, 1.347107, 2.923889, 2.938049, 2.952148, 2.965515, 2.979553, 2.993652, 3.007263, 3.021729, 3.035522, 3.04895, 3.216675, 3.230286, 3.244385, 3.258423, 3.272217, 3.285645, 3.300049, 3.314026, 3.327515, 3.342041]",3.0,"{'1': 51.361889791994074, '2': 43.40990292801928, '3': 35.49259328101327}","{'1': 0.17000000000000015, '2': 0.14000000000000012, '3': 0.11999999999999966}",1.18,3.34,"{'1': {'start': 1.18, 'end': 1.35}, '2': {'start': 2.91, 'end': 3.0500000000000003}, '3': {'start': 3.22, 'end': 3.34}}",Action
22,25,0x66,2,5.238159,Mismatch,Mismatch,uuuubbbur,0,"{'1': 291.4873886386936, '2': 291.4873886386936}","[0.0, 358.48, 356.62, 354.17, 351.04, 347.3, 343.09, 338.81, 334.53, 330.24, 325.96, 321.67, 317.27, 312.82, 308.35, 303.84, 299.31, 294.78, 290.23, 285.61, 280.9, 276.61, 274.03, 273.12, 272.93, 272.93]","[2.229187, 2.243164, 2.257263, 2.271301, 2.28479, 2.299194, 2.31311, 2.326538, 2.340942, 2.354736, 2.368591, 2.382385, 2.396545, 2.410461, 2.424072, 2.438416, 2.452332, 2.46582, 2.480164, 2.494019, 2.507935, 2.521606, 2.535767, 2.549805, 2.563416, 2.577637]",1.0,{'1': 86.88272206303725},{'1': 0.33000000000000007},2.22,2.5500000000000003,"{'1': {'start': 2.22, 'end': 2.5500000000000003}}",Action
22,26,0x66,2,4.470398,Mismatch,Mismatch,ffuulllbb,0,"{'1': 230.778299308678, '2': 230.778299308678}","[0.0, 1.5, 6.5, 11.5, 16.5, 21.5, 26.48, 31.44, 36.39, 41.32, 46.24, 49.77, 50.73, 50.73, 51.25, 56.14, 61.01, 65.82, 70.59, 75.31, 79.94, 84.51, 89.02, 93.48, 97.94, 101.5, 105.2, 109.45, 113.69, 117.94, 122.22, 126.5, 130.79, 135.07, 139.33, 143.57]","[1.989746, 2.003845, 2.017578, 2.032166, 2.045959, 2.059875, 2.073608, 2.08783, 2.101807, 2.115417, 2.129822, 2.143738, 2.157349, 2.952332, 2.966553, 2.980469, 2.993774, 3.007874, 3.02179, 3.035461, 3.049927, 3.063782, 3.077087, 3.091492, 3.105408, 3.244812, 3.258362, 3.272766, 3.286682, 3.300415, 3.313904, 3.328308, 3.342224, 3.355652, 3.370117, 3.384033]",2.0,"{'1': 50.73, '2': 91.61120436907154}","{'1': 0.18000000000000016, '2': 0.43999999999999995}",1.98,3.38,"{'1': {'start': 1.98, 'end': 2.16}, '2': {'start': 2.94, 'end': 3.38}}",Action
22,27,0x66,2,5.233154,Match,Mismatch,bdddllbbb,120,"{'1': 116.04816564307694, '2': 236.04816564307694}","[0.0, 4.96, 9.9, 14.84, 19.78, 24.72, 29.65, 34.57, 39.48, 44.4]","[4.049316, 4.063599, 4.077148, 4.091309, 4.105347, 4.119019, 4.13269, 4.146973, 4.160767, 4.174438]",1.0,{'1': 42.802826420890845},{'1': 0.1299999999999999},4.04,4.17,"{'1': {'start': 4.04, 'end': 4.17}}",Action
22,28,0x66,2,8.022949,Mismatch,Mismatch,ffuulllbb,120,"{'1': 252.86912030903224, '2': 132.86912030903224}","[0.0, 0.57, 5.5, 10.41, 15.33, 20.24, 25.16, 30.07, 34.99, 39.91, 44.84, 49.77, 54.73, 59.71, 61.34, 62.26, 65.14, 70.13, 75.12, 80.11, 85.11, 90.11, 95.11, 100.11, 105.1, 110.07, 115.04]","[1.92157, 1.935303, 1.949585, 1.963562, 1.977051, 1.991333, 2.005371, 2.019287, 2.032837, 2.046997, 2.061157, 2.074646, 2.088928, 2.102905, 2.632629, 2.64679, 2.660767, 2.674011, 2.688232, 2.702148, 2.715637, 2.72998, 2.744019, 2.757813, 2.771851, 2.785889, 2.799927]",2.0,"{'1': 59.731831840732156, '2': 50.224314849491094}","{'1': 0.19999999999999973, '2': 0.16999999999999993}",1.91,2.79,"{'1': {'start': 1.9100000000000001, 'end': 2.11}, '2': {'start': 2.62, 'end': 2.79}}",Action
22,29,0x66,2,3.982727,Mismatch,Mismatch,ffffuulff,120,"{'1': 117.4167170006644, '2': 357.4167170006644}",[],[],0.0,{},{},0.0,3.982727,{},Action
22,30,0x66,2,2.472229,Mismatch,Mismatch,bddrddddd,60,"{'1': 139.14013273435856, '2': 199.14013273435856}",[],[],0.0,{},{},0.0,2.472229,{},Action
22,31,0x66,2,7.184875,Mismatch,Mismatch,ffuubllll,60,"{'1': 247.33774702335654, '2': 187.33774702335654}","[0.0, 0.0, 358.4, 354.19, 349.87, 344.93, 340.03, 335.14, 330.34, 325.7, 321.15, 316.68, 312.38, 308.08, 304.09, 300.32, 296.71, 299.19, 303.5, 307.8, 312.1, 316.39, 320.68, 324.97, 329.24, 333.52, 337.8, 342.08, 346.36, 350.65, 354.97, 358.61, 359.02, 3.17, 7.47, 11.77, 16.05, 20.34, 24.62, 28.91, 33.19, 37.48, 41.87, 45.24]","[3.201477, 3.215881, 3.229797, 3.243103, 3.257324, 3.27124, 3.284912, 3.299377, 3.313049, 3.326721, 3.340515, 3.354736, 3.37146, 3.382568, 3.395935, 3.410034, 4.287903, 4.301697, 4.315796, 4.329773, 4.343262, 4.357422, 4.371582, 4.385437, 4.398926, 4.413086, 4.427307, 4.440857, 4.454895, 4.469055, 4.482666, 4.705811, 4.719604, 4.733765, 4.747803, 4.76123, 4.775391, 4.789246, 4.802856, 4.817078, 4.831238, 4.844727, 4.858948, 4.873047]",3.0,"{'1': 59.67090857507629, '2': -58.30601287000422, '3': 43.24621269603677}","{'1': 0.20999999999999996, '2': 0.21999999999999975, '3': 0.16000000000000014}",3.2,4.87,"{'1': {'start': 3.2, 'end': 3.41}, '2': {'start': 4.2700000000000005, 'end': 4.49}, '3': {'start': 4.71, 'end': 4.87}}",Action
22,32,0x66,2,5.306641,Mismatch,Mismatch,uubbbbruu,180,"{'1': 142.35642531397463, '2': 322.3564253139746}","[0.0, 3.27, 8.19, 13.13, 18.07, 23.04, 28.03, 33.03, 38.03, 42.83, 43.11, 44.77, 49.76, 54.75, 59.74, 64.73, 69.73, 74.72, 79.72, 84.72, 89.72, 94.71, 97.79]","[1.222534, 1.23645, 1.264343, 1.278076, 1.292603, 1.307251, 1.321594, 1.335754, 1.349365, 1.363647, 1.531006, 1.54541, 1.55957, 1.573486, 1.586914, 1.601257, 1.615295, 1.628845, 1.643066, 1.657288, 1.670654, 1.684814, 1.69873]",2.0,"{'1': 42.84062888760091, '2': 52.76622043099361}","{'1': 0.16000000000000014, '2': 0.16999999999999993}",1.21,1.69,"{'1': {'start': 1.21, 'end': 1.37}, '2': {'start': 1.52, 'end': 1.69}}",Action
22,33,0x66,2,4.113831,Mismatch,Mismatch,bbdddbrrr,60,"{'1': 26.14307205192634, '2': 86.14307205192634}","[0.0, 0.0, 359.54, 358.44, 356.3, 353.32, 348.83, 344.28, 339.74, 335.2, 330.66, 326.11, 321.57, 317.03, 312.49, 307.95, 303.41, 298.86, 294.32, 289.71, 286.65, 285.11, 284.28, 283.04, 278.71, 273.93, 269.22, 264.52, 259.82, 255.13, 250.44, 245.75, 241.06, 236.37, 231.68, 226.99, 222.3, 217.61, 213.12, 210.55, 210.12, 210.12, 210.12, 209.45, 207.04, 202.97, 198.06, 193.2, 188.34, 183.51, 178.71, 173.92, 169.13, 164.34, 159.55, 154.76, 149.98, 145.19, 140.4, 135.62, 130.83, 128.38, 127.89]","[1.102234, 1.116089, 1.130127, 1.144043, 1.157898, 1.171814, 1.185852, 1.199707, 1.213562, 1.227722, 1.254761, 1.269287, 1.283691, 1.29834, 1.312744, 1.327026, 1.340515, 1.354919, 1.369019, 1.382874, 1.396851, 1.410889, 2.010681, 2.024658, 2.038818, 2.052795, 2.06665, 2.0802, 2.094482, 2.108337, 2.121826, 2.136108, 2.150146, 2.163574, 2.177917, 2.191956, 2.205994, 2.219482, 2.233643, 2.24762, 2.261108, 2.456543, 2.470825, 2.484436, 2.498352, 2.512451, 2.526367, 2.539612, 2.553833, 2.567932, 2.581421, 2.595703, 2.609741, 2.623474, 2.637634, 2.651672, 2.665649, 2.678955, 2.693115, 2.707214, 2.721985, 2.735229, 2.748779]",3.0,"{'1': 74.79247471149733, '2': 74.13945725694592, '3': -21.672530627306287}","{'1': 0.2999999999999998, '2': 0.26000000000000023, '3': 0.28000000000000025}",1.11,2.74,"{'1': {'start': 1.11, 'end': 1.41}, '2': {'start': 2.0, 'end': 2.2600000000000002}, '3': {'start': 2.46, 'end': 2.74}}",Action
22,34,0x66,2,1.886353,Mismatch,Mismatch,bbddbblll,180,"{'1': 53.90372555404596, '2': 233.90372555404596}",[],[],0.0,{},{},0.0,1.886353,{},Action
22,35,0x66,2,3.156006,Mismatch,Mismatch,ffuubrrrr,60,"{'1': 301.0783627090495, '2': 241.0783627090495}","[0.0, 358.35, 354.77, 350.72, 346.6, 342.48, 338.35, 334.23, 330.13, 326.09, 322.4, 320.99, 323.98, 328.96, 333.93, 338.88, 343.79, 348.7, 353.59, 358.46, 3.31, 8.15]","[1.245361, 1.259277, 1.273193, 1.287231, 1.301147, 1.314941, 1.329102, 1.342896, 1.356812, 1.370728, 1.412476, 2.275757, 2.289795, 2.303711, 2.317505, 2.331543, 2.345459, 2.359253, 2.373291, 2.387329, 2.401123, 2.415039]",2.0,"{'1': 37.38115263006612, '2': -32.5868337384759}","{'1': 0.17999999999999994, '2': 0.1499999999999999}",1.23,2.41,"{'1': {'start': 1.23, 'end': 1.41}, '2': {'start': 2.2600000000000002, 'end': 2.41}}",Action
22,36,0x66,2,3.832153,Mismatch,Mismatch,ffuulllbb,0,"{'1': 229.91178435253713, '2': 229.91178435253713}",[],[],0.0,{},{},0.0,3.832153,{},Action
22,37,0x66,2,6.388062,Mismatch,Mismatch,bdddllbbb,0,"{'1': 25.490629253958023, '2': 25.490629253958023}","[0.0, 0.0, 358.81, 356.94, 354.6, 351.98, 349.34, 346.69, 344.06, 342.67, 342.98, 344.66, 348.41, 353.35, 358.28, 3.2, 8.11, 13.03, 17.92, 22.79, 27.64, 32.48, 37.31, 42.12, 46.92, 51.68, 54.97, 56.08, 57.15, 62.13, 67.09, 72.04, 76.98, 81.91, 86.83, 91.75, 96.67, 101.59, 106.51, 111.43, 116.34, 121.24, 126.15]","[3.128601, 3.156921, 3.17041, 3.184631, 3.198792, 3.211975, 3.226074, 3.240112, 3.267517, 3.629761, 3.644104, 3.658264, 3.671631, 3.685791, 3.699951, 3.713867, 3.727295, 3.741638, 3.755615, 3.769104, 3.783264, 3.797424, 3.811096, 3.825134, 3.839355, 3.853088, 3.866577, 4.159668, 4.173645, 4.187134, 4.201416, 4.215515, 4.228943, 4.243103, 4.257263, 4.27063, 4.284912, 4.299072, 4.312866, 4.326355, 4.340576, 4.354614, 4.368103]",3.0,"{'1': 15.949527749251883, '2': 37.65812923892706, '3': 67.15712043691312}","{'1': 0.1299999999999999, '2': 0.2400000000000002, '3': 0.20999999999999996}",3.14,4.36,"{'1': {'start': 3.14, 'end': 3.27}, '2': {'start': 3.63, 'end': 3.87}, '3': {'start': 4.15, 'end': 4.36}}",Action
22,38,0x66,2,2.436279,Mismatch,Mismatch,bddddddrd,120,"{'1': 149.1364000444297, '2': 29.136400044429706}",[],[],0.0,{},{},0.0,2.436279,{},Action
22,39,0x66,2,4.245728,Mismatch,Mismatch,bdddbllll,60,"{'1': 133.4738681862974, '2': 73.47386818629741}","[0.0, 0.0, 359.58, 357.56, 353.66, 348.82, 343.98, 339.15, 334.31, 329.47, 324.64, 319.8, 314.91, 309.96, 304.98, 300.0, 298.22, 298.22, 297.66, 295.91, 291.22, 286.53, 281.98, 277.52, 273.06, 268.65, 264.33, 260.07, 255.85, 251.69, 247.56, 243.44, 239.93, 237.27]","[2.379272, 2.393494, 2.407471, 2.421021, 2.435242, 2.449219, 2.462646, 2.47699, 2.490967, 2.504578, 2.518738, 2.532776, 2.546814, 2.560242, 2.574524, 2.588501, 2.602234, 2.797485, 2.811646, 2.825378, 2.839294, 2.853333, 2.867188, 2.880798, 2.894775, 2.908813, 2.922607, 2.936707, 2.950684, 2.964478, 2.978577, 2.992554, 3.006226, 3.03418]",2.0,"{'1': 61.77999999999997, '2': 60.552246547900154}","{'1': 0.21999999999999975, '2': 0.2400000000000002}",2.39,3.03,"{'1': {'start': 2.39, 'end': 2.61}, '2': {'start': 2.79, 'end': 3.0300000000000002}}",Action
22,40,0x66,2,2.813965,Mismatch,Mismatch,bbddbblll,120,"{'1': 64.90048177506822, '2': 184.90048177506822}","[0.0, 3.62, 7.97, 12.31, 16.58, 20.83, 25.07, 29.3, 33.51, 37.72]","[1.055725, 1.069702, 1.083557, 1.097534, 1.111572, 1.125305, 1.139343, 1.15332, 1.167053, 1.18103]",1.0,{'1': 37.40975459683764},{'1': 0.1399999999999999},1.04,1.18,"{'1': {'start': 1.04, 'end': 1.18}}",Action
22,41,0x66,2,5.715942,Mismatch,Mismatch,lllbbbubb,180,"{'1': 307.4284369147328, '2': 127.4284369147328}","[0.0, 358.32, 354.61, 349.69, 344.78, 339.88, 334.99, 330.11, 325.23, 320.34, 315.46, 310.57, 309.91, 309.91, 308.55, 304.03, 299.08, 294.13, 289.18, 284.23, 279.28, 274.31, 269.33, 264.35, 260.57, 259.19, 259.19, 256.22, 251.37, 246.56, 241.79, 237.06, 232.38, 227.82, 223.27, 218.75, 214.27, 209.83, 205.75]","[3.696228, 3.709961, 3.724243, 3.738159, 3.751709, 3.765747, 3.779724, 3.793274, 3.807495, 3.821655, 3.835083, 3.849304, 3.988403, 4.002869, 4.016663, 4.030212, 4.044434, 4.058411, 4.07196, 4.086182, 4.100281, 4.113708, 4.128296, 4.14209, 4.155701, 4.462585, 4.476501, 4.48999, 4.504211, 4.518188, 4.531677, 4.545959, 4.559937, 4.574646, 4.587769, 4.601868, 4.615234, 4.629456, 4.643494]",3.0,"{'1': 49.43330239613513, '2': 49.35933179963769, '3': 52.43612917716618}","{'1': 0.16999999999999993, '2': 0.16999999999999993, '3': 0.17999999999999972}",3.68,4.64,"{'1': {'start': 3.68, 'end': 3.85}, '2': {'start': 3.99, 'end': 4.16}, '3': {'start': 4.46, 'end': 4.64}}",Action
22,42,0x66,2,5.988281,Mismatch,Mismatch,bdddddfll,60,"{'1': 344.77392651817894, '2': 284.77392651817894}","[0.0, 356.45, 352.65, 348.86, 345.04, 341.16, 337.21, 333.23, 329.22, 325.19, 321.13, 317.04, 312.89, 309.33, 307.21, 306.17, 306.17, 306.17, 304.45, 300.39, 296.27, 292.28, 288.37, 284.59, 280.87, 277.15, 273.43, 269.71, 265.98, 262.26, 258.55, 254.88]","[2.170471, 2.185852, 2.198853, 2.21283, 2.226929, 2.24054, 2.254761, 2.268738, 2.282593, 2.296753, 2.310791, 2.324341, 2.33844, 2.352417, 2.366394, 2.380127, 4.818115, 4.832458, 4.846313, 4.859985, 4.874084, 4.888, 4.90155, 4.915771, 4.929871, 4.943481, 4.957764, 4.971741, 4.985168, 4.999329, 5.013245, 5.027222]",2.0,"{'1': 53.820382290832285, '2': 49.393688917507404}","{'1': 0.21999999999999975, '2': 0.20000000000000018}",2.16,5.0200000000000005,"{'1': {'start': 2.16, 'end': 2.38}, '2': {'start': 4.82, 'end': 5.0200000000000005}}",Action
22,43,0x66,2,4.873779,Mismatch,Mismatch,rrrrbbbdr,120,"{'1': 294.7966450565814, '2': 54.796645056581355}","[0.0, 0.0, 1.29, 4.33, 9.26, 14.26, 19.26, 24.25, 29.2, 34.12, 39.04, 43.91, 48.77, 53.59, 58.39, 63.15, 67.87, 72.59, 72.99, 75.76, 80.76, 85.76, 90.73, 95.65, 100.55, 105.44, 110.25, 114.99, 119.71, 124.39]","[1.556091, 1.569885, 1.583923, 1.597839, 1.611633, 1.625732, 1.639587, 1.653503, 1.667603, 1.68158, 1.69519, 1.709229, 1.723206, 1.736938, 1.750916, 1.765015, 1.778748, 1.792847, 2.464355, 2.478333, 2.491882, 2.506165, 2.520142, 2.533813, 2.547913, 2.562012, 2.575867, 2.589355, 2.603699, 2.617554]",2.0,"{'1': 72.59426085765173, '2': 48.85692910615472}","{'1': 0.24, '2': 0.1599999999999997}",1.56,2.61,"{'1': {'start': 1.56, 'end': 1.8}, '2': {'start': 2.45, 'end': 2.61}}",Action
22,44,0x66,2,8.913208,Mismatch,Mismatch,rrrbbbddb,180,"{'1': 239.3356410823706, '2': 59.335641082370614}","[0.0, 2.82, 7.78, 12.74, 17.69, 22.65, 27.61, 32.55, 37.47, 42.38, 47.29, 52.19, 57.09, 61.99, 66.88, 71.78, 76.66, 81.55, 86.43, 91.29, 96.13, 100.95, 105.77, 110.59, 115.41, 120.22, 125.04, 129.81, 134.54, 135.08, 135.58, 139.17, 143.6, 147.87, 152.01, 156.14, 160.21, 164.25, 168.29, 172.33, 176.36, 180.01, 180.72, 184.75, 188.8, 192.85, 196.88, 200.92, 204.95, 208.96, 212.94, 216.89, 220.49, 221.15, 223.83, 227.89, 231.86, 235.78, 239.64, 243.33, 246.9, 250.44, 253.99, 258.98, 263.98, 268.98, 273.96, 278.92, 283.85, 288.76, 293.68, 298.59, 303.5, 308.41, 313.32, 318.23, 323.14, 328.05, 332.96, 337.87, 342.78, 347.69, 352.6, 357.51, 2.41, 7.31, 10.18]","[2.200012, 2.213806, 2.228149, 2.242188, 2.255493, 2.26947, 2.283447, 2.296936, 2.311218, 2.325256, 2.339172, 2.352844, 2.367126, 2.381165, 2.394775, 2.409058, 2.423096, 2.436646, 2.450623, 2.464539, 2.481323, 2.492249, 2.505493, 2.519653, 2.533203, 2.547485, 2.561768, 2.575378, 2.589722, 3.174805, 3.189026, 3.203186, 3.21637, 3.230591, 3.244629, 3.258667, 3.271973, 3.286255, 3.300232, 3.313904, 3.328308, 4.164001, 4.177734, 4.192017, 4.205933, 4.219727, 4.233276, 4.247498, 4.261597, 4.275024, 4.289246, 4.303467, 6.796265, 6.810852, 6.824829, 6.838562, 6.852234, 6.866577, 6.880432, 6.893799, 7.074585, 7.089355, 7.771606, 7.785767, 7.799805, 7.813232, 7.827515, 7.84137, 7.854858, 7.869141, 7.883179, 7.896606, 7.910889, 7.924927, 7.938721, 7.952271, 7.966553, 7.98053, 7.994141, 8.008362, 8.0224, 8.035828, 8.050171, 8.064148, 8.078674, 8.091492, 8.105896]",5.0,"{'1': 134.5402565789811, '2': 41.29178429645037, '3': -36.82861855048975, '4': -22.971499458345548, '5': -97.06516946560279}","{'1': 0.3999999999999999, '2': 0.16000000000000014, '3': 0.16000000000000014, '4': 0.11000000000000032, '5': 0.33999999999999986}",2.19,8.1,"{'1': {'start': 2.19, 'end': 2.59}, '2': {'start': 3.17, 'end': 3.33}, '3': {'start': 4.15, 'end': 4.3100000000000005}, '4': {'start': 6.79, 'end': 6.9}, '5': {'start': 7.76, 'end': 8.1}}",Action
22,45,0x66,2,2.812866,Mismatch,Mismatch,uubbbbruu,120,"{'1': 196.76535470141886, '2': 316.76535470141886}","[0.0, 2.59, 7.59, 12.59, 17.59, 22.55, 27.51, 32.47, 37.41, 40.36]","[1.737183, 1.751221, 1.765137, 1.779053, 1.806519, 1.820557, 1.835205, 1.849365, 1.864014, 1.878418]",1.0,{'1': 38.635958067203575},{'1': 0.15000000000000013},1.72,1.87,"{'1': {'start': 1.72, 'end': 1.87}}",Action
22,46,0x66,2,4.943909,Mismatch,Mismatch,lllbbbubb,60,"{'1': 151.2822174566801, '2': 211.2822174566801}","[0.0, 359.15, 355.07, 350.9, 346.75, 342.6, 338.46, 334.32, 330.18, 326.04, 321.93, 317.91, 313.9, 309.93, 305.92, 302.5, 302.69, 304.7, 308.83, 312.97, 317.11, 321.24, 325.38, 329.57, 333.89, 338.25, 342.72, 347.2, 351.67, 356.16, 0.64, 5.13, 9.62, 14.11, 18.61, 23.11, 27.61, 32.14, 36.66, 41.21, 45.77, 50.43, 55.25, 60.16, 65.11, 65.33, 67.55, 72.55, 77.54, 82.52, 87.48, 92.4, 97.32, 102.24, 107.14, 112.04, 116.93, 121.82, 126.71]","[1.375366, 1.389221, 1.403076, 1.417175, 1.430908, 1.444824, 1.459045, 1.472778, 1.486572, 1.500732, 1.527832, 1.541809, 1.556946, 1.571228, 1.585571, 2.896729, 2.910828, 2.924561, 2.938171, 2.952515, 2.966431, 2.97998, 2.994263, 3.00824, 3.021606, 3.035706, 3.049744, 3.063721, 3.077576, 3.091736, 3.105896, 3.119385, 3.133301, 3.147339, 3.161133, 3.175415, 3.189453, 3.202759, 3.21698, 3.231079, 3.244812, 3.258362, 3.272522, 3.286499, 3.955078, 3.969421, 3.98291, 3.997131, 4.010925, 4.02478, 4.038391, 4.052551, 4.066711, 4.080322, 4.094482, 4.108276, 4.121887, 4.136292, 4.15033]",4.0,"{'1': 54.09155252074882, '2': -55.4834901902327, '3': 58.21349119330863, '4': 61.409551666800326}","{'1': 0.22999999999999998, '2': 0.20000000000000018, '3': 0.18999999999999995, '4': 0.1900000000000004}",1.36,4.15,"{'1': {'start': 1.36, 'end': 1.59}, '2': {'start': 2.9, 'end': 3.1}, '3': {'start': 3.1, 'end': 3.29}, '4': {'start': 3.96, 'end': 4.15}}",Action
22,47,0x66,2,4.49823,Mismatch,Mismatch,bdddbllll,0,"{'1': 228.09757093624302, '2': 228.09757093624302}","[0.0, 355.78, 351.3, 346.67, 341.87, 337.0, 332.05, 327.07, 322.07, 317.09, 312.15, 307.38, 302.74, 298.24, 293.96, 289.82, 289.82, 289.46, 289.12, 288.78, 288.43, 288.1, 287.76, 287.42, 287.08, 286.77, 286.16, 283.97, 279.93, 274.95, 269.96, 264.98, 259.99, 255.0, 250.01, 245.02, 240.03, 235.04, 230.05, 226.23]","[2.115601, 2.130188, 2.144043, 2.157654, 2.172058, 2.185974, 2.199524, 2.213745, 2.227661, 2.241577, 2.255188, 2.272339, 2.283569, 2.296143, 2.310608, 2.715332, 2.729858, 2.743713, 2.757324, 2.771606, 2.785461, 2.799072, 2.813354, 2.827271, 2.841248, 3.593323, 3.607544, 3.621216, 3.634705, 3.648926, 3.662781, 3.676331, 3.690735, 3.704651, 3.718262, 3.732483, 3.746399, 3.759949, 3.774475, 3.78833]",2.0,"{'1': 66.13607258279718, '2': 58.24880452988047}","{'1': 0.21999999999999975, '2': 0.20000000000000018}",2.1,3.78,"{'1': {'start': 2.1, 'end': 2.32}, '2': {'start': 3.58, 'end': 3.7800000000000002}}",Action
22,48,0x66,2,5.889587,Mismatch,Mismatch,bddrbbbbb,0,"{'1': 196.06288762011462, '2': 196.06288762011462}","[0.0, 359.39, 357.65, 353.28, 348.33, 343.38, 338.44, 333.49, 328.54, 323.6, 318.66, 313.71, 308.77, 303.83, 298.89, 293.95, 289.01, 284.06, 279.09, 274.11, 269.43, 264.9, 260.42, 255.95, 251.55, 247.26, 243.56, 241.74, 241.11, 240.84, 239.55, 237.69, 234.79, 230.53, 226.09, 221.18, 216.26, 211.34, 206.41, 201.46, 197.51]","[2.756042, 2.769897, 2.78418, 2.79834, 2.811523, 2.825806, 2.839783, 2.853149, 2.867126, 2.881165, 2.895325, 2.908875, 2.922913, 2.937134, 2.950684, 2.964844, 2.978821, 2.992493, 3.006531, 3.020691, 3.034302, 3.048462, 3.0625, 3.076538, 3.089905, 3.104065, 3.118164, 3.131775, 4.63623, 4.650085, 4.664429, 4.678284, 4.691833, 4.706116, 4.720032, 4.733521, 4.747742, 4.761719, 4.775818, 4.789185, 4.803406]",2.0,"{'1': 118.02265520534857, '2': 42.58048735597231}","{'1': 0.3799999999999999, '2': 0.16000000000000014}",2.75,4.8,"{'1': {'start': 2.75, 'end': 3.13}, '2': {'start': 4.64, 'end': 4.8}}",Action
22,49,0x66,2,3.851074,Mismatch,Mismatch,rbbbbbldd,180,"{'1': 290.46916130859756, '2': 110.46916130859759}",[],[],0.0,{},{},0.0,3.851074,{},Action
23,0,0x66,1,3.049683,Match,Match,lllbbbluu,60,"{'1': 109.04129201997216, '2': 49.04129201997216}",[],[],0.0,{},{},0.0,3.049683,{},Action
23,1,0x66,1,3.511597,Match,Match,rbbbbbldd,120,"{'1': 122.56615425412275, '2': 242.56615425412275}","[0.0, 0.0, 356.76, 351.79, 346.84, 341.89, 336.94, 331.98, 327.0, 322.02, 317.02, 312.02, 307.05, 302.1, 297.14, 292.19, 287.25, 282.31, 277.38, 272.44, 270.0, 268.67]","[2.285767, 2.299927, 2.313965, 2.327393, 2.341675, 2.355713, 2.369141, 2.383423, 2.397461, 2.411011, 2.425171, 2.439087, 2.452637, 2.466919, 2.480835, 2.494751, 2.508423, 2.522583, 2.536621, 2.550293, 2.564453, 2.578613]",1.0,{'1': 90.52101059322032},{'1': 0.2799999999999998},2.29,2.57,"{'1': {'start': 2.29, 'end': 2.57}}",Action
23,2,0x66,1,2.715698,Match,Match,ffuuuurrf,120,"{'1': 341.4879703630686, '2': 221.4879703630686}",[],[],0.0,{},{},0.0,2.715698,{},Action
23,3,0x66,1,2.12793,Match,Match,bbddbblll,60,"{'1': 298.22643246554503, '2': 238.22643246554506}",[],[],0.0,{},{},0.0,2.12793,{},Action
23,4,0x66,1,2.312256,Match,Match,uuuuubbul,60,"{'1': 125.01340932634498, '2': 65.01340932634498}","[0.0, 3.93, 8.93, 13.93, 18.92, 23.92, 28.89, 33.85, 38.78, 43.69, 48.59, 53.47, 58.34, 63.21, 68.09]","[1.322388, 1.336792, 1.350586, 1.364136, 1.37854, 1.392334, 1.406128, 1.42041, 1.434204, 1.447876, 1.462158, 1.476196, 1.48999, 1.503662, 1.518188]",1.0,{'1': 65.33924686768552},{'1': 0.19999999999999996},1.31,1.51,"{'1': {'start': 1.31, 'end': 1.51}}",Action
23,5,0x66,1,6.253296,Match,Match,bdddllbbb,180,"{'1': 58.33189956779787, '2': 238.33189956779788}","[0.0, 359.48, 355.18, 350.32, 345.49, 340.7, 335.99, 331.38, 326.85, 322.4, 318.02, 313.79, 309.64, 305.53, 301.52, 297.55, 293.8, 290.11, 286.44, 286.44, 282.98, 278.48, 274.04, 269.67, 265.35, 261.12, 256.93, 252.76, 248.61, 244.46, 240.33, 236.21, 232.1, 227.99, 223.88, 220.23, 218.4, 217.91, 217.54, 216.63, 214.44, 209.62, 204.81, 200.01, 195.2, 190.4, 185.6, 180.8, 176.0, 171.2, 166.4, 161.6, 156.8, 151.99, 147.19, 142.37, 137.52, 132.61, 127.69, 122.74, 120.24, 120.68, 122.39, 125.54, 130.24, 134.9, 139.54, 144.17, 148.81, 153.43, 158.01, 162.42, 166.71, 170.85, 174.75]","[2.589844, 2.604126, 2.617798, 2.631836, 2.64563, 2.659546, 2.673096, 2.687378, 2.701416, 2.714966, 2.72937, 2.743164, 2.756714, 2.770996, 2.784912, 2.798706, 2.812866, 2.826782, 3.147217, 3.161499, 3.174927, 3.188843, 3.203003, 3.216675, 3.230713, 3.244751, 3.258423, 3.272583, 3.286621, 3.300415, 3.313721, 3.328125, 3.342163, 3.355835, 3.370117, 3.383911, 3.397217, 3.509033, 3.523315, 3.537109, 3.551147, 3.565063, 3.578491, 3.592651, 3.606689, 3.620972, 3.634644, 3.648682, 3.662476, 3.675781, 3.690186, 3.704346, 3.718018, 3.732056, 3.746216, 3.761475, 3.77356, 3.78772, 3.80188, 3.815308, 5.250244, 5.264404, 5.278198, 5.292236, 5.306274, 5.320313, 5.333618, 5.348022, 5.362061, 5.375488, 5.389648, 5.403687, 5.417236, 5.431396, 5.445435]",4.0,"{'1': 69.92685633591834, '2': 68.05219566072833, '3': -19.318590174083482, '4': 52.9823227541648}","{'1': 0.25, '2': 0.25, '3': 0.3200000000000003, '4': 0.20000000000000018}",2.58,5.44,"{'1': {'start': 2.58, 'end': 2.83}, '2': {'start': 3.15, 'end': 3.4}, '3': {'start': 3.5, 'end': 3.8200000000000003}, '4': {'start': 5.24, 'end': 5.44}}",Action
23,6,0x66,1,3.05957,Match,Match,bbdddbrrr,180,"{'1': 73.59493961998993, '2': 253.59493961998993}","[0.0, 1.06, 3.8, 8.8, 13.76, 18.69, 23.59, 28.46, 33.33, 38.1, 42.83, 47.56, 52.21, 56.84, 61.46, 66.07, 70.66, 75.23, 79.8, 84.36, 88.92, 93.46, 97.97, 102.4, 106.79, 111.17]","[1.401489, 1.416748, 1.430054, 1.442993, 1.457275, 1.471313, 1.485474, 1.498901, 1.513184, 1.527222, 1.540771, 1.555054, 1.569092, 1.582642, 1.596924, 1.610962, 1.624878, 1.638428, 1.65271, 1.666748, 1.680176, 1.69458, 1.708618, 1.722168, 1.736694, 1.750366]",1.0,{'1': 111.05274722059681},{'1': 0.3599999999999999},1.39,1.75,"{'1': {'start': 1.3900000000000001, 'end': 1.75}}",Action
23,7,0x66,1,4.039551,Match,Match,lllbbbluu,60,"{'1': 29.003664093713457, '2': 329.00366409371344}","[0.0, 0.35, 2.61, 7.5, 12.39, 17.26, 22.07, 26.85, 31.57, 36.26, 40.83, 45.33, 49.77, 54.15, 58.51]","[1.584595, 1.598633, 1.612427, 1.626465, 1.640503, 1.654419, 1.668091, 1.682129, 1.696167, 1.709839, 1.723877, 1.737915, 1.751709, 1.765625, 1.779663]",1.0,{'1': 55.50881179655222},{'1': 0.18999999999999995},1.58,1.77,"{'1': {'start': 1.58, 'end': 1.77}}",Action
23,8,0x66,1,1.825562,Match,Match,ffuulllbb,0,"{'1': 335.91892105326394, '2': 335.91892105326394}",[],[],0.0,{},{},0.0,1.825562,{},Action
23,9,0x66,1,1.926392,Match,Match,rrrrbbbdr,60,"{'1': 130.8355546899995, '2': 190.8355546899995}",[],[],0.0,{},{},0.0,1.926392,{},Action
23,10,0x66,1,4.374512,Match,Match,uuuubbbur,60,"{'1': 223.36803060710025, '2': 283.36803060710025}","[0.0, 359.6, 358.4, 357.21, 354.57, 350.11, 345.64, 341.22, 336.82, 332.42, 328.03, 323.63, 319.23, 314.84, 310.45, 306.07, 303.76, 302.64]","[1.449341, 1.463623, 1.477539, 1.491089, 1.505493, 1.519165, 1.532837, 1.547241, 1.561035, 1.574707, 1.588867, 1.602661, 1.616577, 1.630249, 1.644531, 1.658447, 1.671997, 1.686523]",1.0,{'1': 56.8570563128184},{'1': 0.24},1.44,1.68,"{'1': {'start': 1.44, 'end': 1.68}}",Action
23,11,0x66,1,5.016479,Match,Match,uuubbrrrf,120,"{'1': 303.3208207254718, '2': 63.320820725471805}","[0.0, 2.79, 7.73, 12.65, 17.57, 22.48, 27.39, 32.29, 37.18, 41.98, 46.73, 51.46, 56.18, 60.89, 65.61, 68.71, 69.12, 69.7, 72.93, 77.65, 82.37, 87.1, 91.82, 96.52, 101.17, 105.68, 110.12, 114.49, 118.83, 121.18, 122.39, 127.01, 131.45, 135.81, 140.12, 144.4, 148.65, 152.86, 157.05, 161.19, 165.28, 169.32, 173.33, 177.03, 177.21, 182.03, 186.76, 191.27, 195.58, 199.82, 203.98, 208.12, 212.22, 216.27, 220.31, 224.33]","[1.714844, 1.728638, 1.74292, 1.756958, 1.770752, 1.784424, 1.798706, 1.812622, 1.826416, 1.840576, 1.854614, 1.870728, 1.882202, 1.895386, 1.908936, 1.92334, 2.006836, 2.021362, 2.035522, 2.049316, 2.062988, 2.077148, 2.091431, 2.10498, 2.119019, 2.133057, 2.146606, 2.160889, 2.174927, 2.593018, 2.606934, 2.621094, 2.635132, 2.648438, 2.662598, 2.676636, 2.69043, 2.703857, 2.718262, 2.732178, 2.74585, 2.760254, 2.774292, 4.027222, 4.041626, 4.055786, 4.069458, 4.08313, 4.097412, 4.11145, 4.124878, 4.13916, 4.153076, 4.166504, 4.180786, 4.194946]",3.0,"{'1': 68.74270336303535, '2': 52.24002756005683, '3': -39.99055433989628}","{'1': 0.22999999999999998, '2': 0.20000000000000018, '3': 0.16000000000000014}",1.7,4.19,"{'1': {'start': 1.7, 'end': 1.93}, '2': {'start': 2.58, 'end': 2.7800000000000002}, '3': {'start': 4.03, 'end': 4.19}}",Action
23,12,0x66,1,2.576538,Match,Match,ffuubrrrr,120,"{'1': 335.2636740423395, '2': 95.2636740423395}","[0.0, 359.41, 354.94, 350.22, 345.51, 340.79, 336.08, 331.36, 326.65, 321.93, 317.22, 312.46, 307.69, 302.86, 302.86, 299.43, 294.66, 289.91, 285.17, 280.44, 275.7, 270.94, 266.15]","[1.208618, 1.222534, 1.236328, 1.250488, 1.264404, 1.278198, 1.292114, 1.306152, 1.319946, 1.333862, 1.3479, 1.361694, 1.37561, 1.556641, 1.570557, 1.584595, 1.598389, 1.612305, 1.626343, 1.640137, 1.654053, 1.668091, 1.682007]",2.0,"{'1': 56.96281471129253, '2': 36.01917433170452}","{'1': 0.3500000000000001, '2': 0.11999999999999988}",1.2,1.68,"{'1': {'start': 1.2, 'end': 1.55}, '2': {'start': 1.56, 'end': 1.68}}",Action
23,13,0x66,1,2.189575,Match,Match,dbbbblllu,60,"{'1': 246.073402327187, '2': 306.073402327187}",[],[],0.0,{},{},0.0,2.189575,{},Action
23,14,0x66,1,2.966187,Match,Match,lllllbbul,60,"{'1': 202.42545246153847, '2': 142.42545246153847}",[],[],0.0,{},{},0.0,2.966187,{},Action
23,15,0x66,1,3.064453,Match,Match,bbddbblll,120,"{'1': 198.2805088396299, '2': 78.28050883962987}","[0.0, 0.0, 3.51, 8.41, 13.31, 18.21, 23.11, 28.01, 32.92, 37.83, 42.75, 45.5, 45.76, 50.73, 55.68, 60.62, 65.57, 70.51, 75.47, 80.44, 85.44, 90.44, 95.44, 96.93, 96.93, 101.95, 106.95, 111.95, 116.93, 121.91, 126.87, 131.82, 136.75, 141.67, 146.58, 151.49, 154.59]","[0.9022217, 0.9161377, 0.9300537, 0.9440918, 0.9578857, 0.9718018, 0.9858398, 0.9997559, 1.013672, 1.027588, 1.041504, 1.05542, 1.375366, 1.390259, 1.404907, 1.419189, 1.43335, 1.447021, 1.461548, 1.475342, 1.489014, 1.503418, 1.517334, 1.963745, 1.977905, 1.991821, 2.005371, 2.019653, 2.033569, 2.046997, 2.061523, 2.075317, 2.088867, 2.103149, 2.117188, 2.130737, 2.14502]",3.0,"{'1': 45.503721878066926, '2': 49.70138537401895, '3': 56.582952790059664}","{'1': 0.16000000000000003, '2': 0.15999999999999992, '3': 0.18000000000000016}",0.9,2.14,"{'1': {'start': 0.9, 'end': 1.06}, '2': {'start': 1.36, 'end': 1.52}, '3': {'start': 1.96, 'end': 2.14}}",Action
23,16,0x66,1,1.609009,Match,Match,bdddbllll,0,"{'1': 154.37564176215216, '2': 154.37564176215216}",[],[],0.0,{},{},0.0,1.609009,{},Action
23,17,0x66,1,3.987305,Match,Match,lllbbbluu,120,"{'1': 309.9688586261017, '2': 189.9688586261017}","[0.0, 0.46, 3.71, 8.22, 12.73, 17.24, 21.74, 26.25, 30.76, 35.26, 39.75, 44.21, 48.67, 48.67, 49.77, 54.75, 59.71, 64.64, 69.57, 74.49, 79.4, 84.3, 89.1, 93.82, 98.47, 103.09, 106.43]","[2.664185, 2.678345, 2.691895, 2.706177, 2.720215, 2.734131, 2.748047, 2.761963, 2.775513, 2.789673, 2.805054, 2.817627, 3.374756, 3.388916, 3.403076, 3.416748, 3.430664, 3.444702, 3.458618, 3.472168, 3.486206, 3.500122, 3.513916, 3.528198, 3.542236, 3.555908, 3.569946]",2.0,"{'1': 44.22899664171135, '2': 55.39359167972647}","{'1': 0.1599999999999997, '2': 0.18000000000000016}",2.66,3.56,"{'1': {'start': 2.66, 'end': 2.82}, '2': {'start': 3.38, 'end': 3.56}}",Action
23,18,0x66,1,4.455444,Match,Match,bbbdddrrb,120,"{'1': 253.28894218236167, '2': 133.28894218236167}","[0.0, 0.96, 5.96, 10.9, 15.8, 20.65, 25.46, 30.21, 34.95, 39.67, 44.4, 49.12, 53.82, 58.48, 63.1, 67.69, 72.27, 76.86, 81.44, 86.01, 90.53, 94.91, 99.24, 99.24, 100.37, 102.91, 107.12, 111.27, 115.28, 119.25, 123.21, 127.17, 131.12]","[1.555542, 1.569092, 1.58313, 1.597168, 1.610962, 1.625, 1.638916, 1.65271, 1.666626, 1.680664, 1.69458, 1.721802, 1.735718, 1.750854, 1.765015, 1.779663, 1.793579, 1.807495, 1.821289, 1.835815, 1.849609, 1.863159, 3.11853, 3.132813, 3.146484, 3.159912, 3.174194, 3.188232, 3.201904, 3.216187, 3.230103, 3.24353, 3.257935]",2.0,"{'1': 94.93359583740583, '2': 29.70414092329058}","{'1': 0.33000000000000007, '2': 0.1299999999999999}",1.54,3.25,"{'1': {'start': 1.54, 'end': 1.87}, '2': {'start': 3.12, 'end': 3.25}}",Action
23,19,0x66,1,2.305542,Match,Match,uubbbbruu,120,"{'1': 108.89941308683474, '2': 228.89941308683473}","[0.0, 359.26, 357.12, 353.63, 349.03, 344.43, 339.76, 334.98, 330.16, 325.25, 320.34, 315.41, 310.46, 305.52, 300.56, 295.6, 290.73, 289.37]","[1.077515, 1.091431, 1.105469, 1.119263, 1.133301, 1.147217, 1.161011, 1.174927, 1.188965, 1.202881, 1.216797, 1.230713, 1.244751, 1.258545, 1.272461, 1.286499, 1.300415, 1.314453]",1.0,{'1': 70.198593816783},{'1': 0.24},1.07,1.31,"{'1': {'start': 1.07, 'end': 1.31}}",Action
23,20,0x66,1,2.437744,Match,Match,bbddbblll,120,"{'1': 234.33590575361313, '2': 114.33590575361313}","[0.0, 0.0, 1.69, 6.63, 11.57, 16.51, 21.45, 26.41, 31.38, 36.37, 41.37, 46.37, 51.35, 56.32, 61.27, 62.67, 63.73, 68.67, 73.59, 78.48, 83.37, 88.24, 93.05, 97.84, 102.6, 107.34, 112.08, 116.81, 121.55, 124.82, 126.26]","[1.362793, 1.376709, 1.390747, 1.404541, 1.418457, 1.432495, 1.446289, 1.460205, 1.474365, 1.488037, 1.501831, 1.515991, 1.529907, 1.543945, 1.557739, 1.878784, 1.893799, 1.908447, 1.921997, 1.935303, 1.949829, 1.963745, 1.977417, 1.991821, 2.005737, 2.019287, 2.033691, 2.047485, 2.061523, 2.075073, 2.089355]",2.0,"{'1': 61.279859676992324, '2': 62.68507567092426}","{'1': 0.19999999999999996, '2': 0.20999999999999996}",1.36,2.08,"{'1': {'start': 1.36, 'end': 1.56}, '2': {'start': 1.87, 'end': 2.08}}",Action
23,21,0x66,1,2.646362,Match,Match,ffffuulff,120,"{'1': 159.00991851773608, '2': 39.00991851773608}","[0.0, 1.86, 6.67, 11.41, 16.09, 20.73, 25.33, 29.79, 34.16, 38.4, 42.61, 46.76, 50.85, 54.89, 58.93]","[1.389526, 1.403564, 1.417236, 1.431152, 1.44519, 1.459106, 1.4729, 1.486938, 1.500977, 1.514771, 1.528687, 1.542725, 1.556519, 1.570435, 1.584473]",1.0,{'1': 57.64271406183219},{'1': 0.19999999999999996},1.38,1.58,"{'1': {'start': 1.3800000000000001, 'end': 1.58}}",Action
23,22,0x66,1,2.660278,Match,Match,bbddbblll,180,"{'1': 203.52651445354192, '2': 23.52651445354195}","[0.0, 358.39, 355.79, 352.05, 348.12, 344.22, 340.32, 336.43, 332.53, 328.64, 324.74, 320.84, 317.15]","[1.153076, 1.167114, 1.180786, 1.194824, 1.208984, 1.222656, 1.236694, 1.25061, 1.264404, 1.27832, 1.292358, 1.306274, 1.320068]",1.0,{'1': 42.83180948238368},{'1': 0.17999999999999994},1.14,1.32,"{'1': {'start': 1.1400000000000001, 'end': 1.32}}",Action
23,23,0x66,1,2.043823,Match,Match,uuubbrrrf,60,"{'1': 109.28970074150992, '2': 49.28970074150992}",[],[],0.0,{},{},0.0,2.043823,{},Action
23,24,0x66,1,2.512329,Mismatch,Match,ffuuuurrf,120,"{'1': 227.56587542057133, '2': 347.56587542057133}",[],[],0.0,{},{},0.0,2.512329,{},Action
23,25,0x66,1,7.661255,Mismatch,Mismatch,uubbbbruu,0,"{'1': 152.82307783607772, '2': 152.82307783607772}","[0.0, 359.68, 357.76, 354.04, 349.64, 345.24, 340.85, 336.44, 332.02, 327.57, 323.11, 318.65, 314.13, 309.32, 306.57, 305.18, 301.99, 297.44, 292.92, 288.39, 283.86, 279.33, 274.79, 270.24, 265.62, 260.91, 256.2, 251.43, 246.67, 241.89, 237.11, 232.33, 227.55, 222.77, 218.0, 213.22, 208.44, 203.66, 198.88, 194.1, 189.32, 184.55, 179.77, 174.96, 170.7, 168.15, 168.15, 169.37, 172.21, 177.21, 182.21, 187.2, 192.18, 197.15, 202.1, 207.04, 211.96, 216.85, 219.74]","[1.599121, 1.613037, 1.627075, 1.640869, 1.654785, 1.668823, 1.682617, 1.696533, 1.710571, 1.724487, 1.741333, 1.766113, 1.780029, 1.794922, 1.808838, 2.033325, 2.047241, 2.061279, 2.075317, 2.089111, 2.103394, 2.117432, 2.131104, 2.144775, 2.159058, 2.172974, 2.186523, 2.200684, 2.2146, 2.228271, 2.242554, 2.25647, 2.270386, 2.283936, 2.298218, 2.312256, 2.325928, 2.340088, 2.354126, 2.367798, 2.381958, 2.395996, 2.409546, 2.42395, 2.437744, 5.892578, 5.906372, 5.920532, 5.934448, 5.94812, 5.962158, 5.976196, 5.989868, 6.004028, 6.018066, 6.031982, 6.045654, 6.059814, 6.073853]",3.0,"{'1': 53.41698227753729, '2': 115.96084185973288, '3': -27.09874304290352}","{'1': 0.20999999999999996, '2': 0.41999999999999993, '3': 0.1800000000000006}",1.6,6.07,"{'1': {'start': 1.6, 'end': 1.81}, '2': {'start': 2.02, 'end': 2.44}, '3': {'start': 5.89, 'end': 6.07}}",Action
23,26,0x66,1,2.715454,Mismatch,Mismatch,lllbbbubb,60,"{'1': 164.5814895806044, '2': 224.5814895806044}","[0.0, 3.97, 7.93, 11.9, 15.9, 19.91, 24.0, 28.13, 32.3, 36.7, 41.19, 45.73, 50.45, 53.55, 53.84, 55.92, 60.88, 65.81, 70.74, 75.66, 80.56, 85.42, 90.18, 94.87, 99.51]","[1.40332, 1.417236, 1.431274, 1.44519, 1.458984, 1.473022, 1.487061, 1.500732, 1.514648, 1.528809, 1.542603, 1.556519, 1.570557, 1.584229, 1.960205, 1.974243, 2.001099, 2.015381, 2.030029, 2.0448, 2.059082, 2.073242, 2.087036, 2.101318, 2.115234]",2.0,"{'1': 53.554451321360936, '2': 43.93270322832029}","{'1': 0.19999999999999996, '2': 0.15999999999999992}",1.39,2.11,"{'1': {'start': 1.3900000000000001, 'end': 1.59}, '2': {'start': 1.95, 'end': 2.11}}",Action
23,27,0x66,1,3.776123,Mismatch,Mismatch,bddddddrd,120,"{'1': 25.38259459926877, '2': 145.38259459926877}",[],[],0.0,{},{},0.0,3.776123,{},Action
23,28,0x66,1,6.016724,Mismatch,Mismatch,bbbdddrrb,60,"{'1': 105.69400727606387, '2': 45.69400727606387}","[0.0, 359.42, 359.42, 358.95, 355.39, 353.73, 350.16, 346.58, 342.77, 338.86, 334.84, 330.75, 326.43, 321.98, 317.44, 312.88, 308.18, 303.38, 298.57, 293.66, 288.73, 283.77, 279.23]","[2.575562, 3.69043, 3.70459, 3.940674, 3.955078, 4.163818, 4.177979, 4.192139, 4.205566, 4.219727, 4.233521, 4.247559, 4.260986, 4.275269, 4.289307, 4.302734, 4.316895, 4.331055, 4.344727, 4.358887, 4.373047, 4.386841, 4.400391]",2.0,"{'1': 3.620392069460173, '2': 74.47888068187737}","{'1': 0.029999999999999805, '2': 0.25}",3.93,4.4,"{'1': {'start': 3.93, 'end': 3.96}, '2': {'start': 4.15, 'end': 4.4}}",Action
23,29,0x66,1,2.595337,Mismatch,Mismatch,ffffuulff,120,"{'1': 66.26859093692094, '2': 186.26859093692093}","[0.0, 0.0, 3.54, 8.47, 13.37, 18.27, 23.15, 28.02, 32.83, 37.57, 42.29, 46.99, 51.67, 56.35, 59.25]","[0.9206543, 0.9346924, 0.9486084, 0.9624023, 0.9765625, 0.9904785, 1.004272, 1.018311, 1.032349, 1.046021, 1.060181, 1.074097, 1.087891, 1.101807, 1.115845]",1.0,{'1': 58.04252742555922},{'1': 0.19000000000000006},0.92,1.11,"{'1': {'start': 0.92, 'end': 1.11}}",Action
23,30,0x66,1,5.859253,Mismatch,Mismatch,rbbbbbldd,120,"{'1': 252.45480882577155, '2': 12.45480882577155}","[0.0, 359.79, 356.41, 352.28, 348.14, 344.0, 339.87, 335.73, 331.59, 327.46, 323.32, 319.18, 315.05, 310.91, 306.78, 302.62, 298.4, 293.97, 289.47, 286.29, 284.77, 284.56, 284.56, 283.35, 278.45, 273.59, 268.72, 263.84, 258.97, 254.06, 249.14, 244.21, 239.23, 234.24, 229.24]","[2.641479, 2.655762, 2.669434, 2.683472, 2.697388, 2.711182, 2.725342, 2.739258, 2.753174, 2.766724, 2.781372, 2.795044, 2.808228, 2.82251, 2.836426, 2.850098, 2.86438, 2.878418, 2.89209, 2.906372, 2.920288, 4.549805, 4.564087, 4.578003, 4.591553, 4.605713, 4.619629, 4.633545, 4.646973, 4.661255, 4.675415, 4.689087, 4.703247, 4.717041, 4.730591]",2.0,"{'1': 75.1985426846795, '2': 55.1019188191882}","{'1': 0.2799999999999998, '2': 0.1800000000000006}",2.64,4.73,"{'1': {'start': 2.64, 'end': 2.92}, '2': {'start': 4.55, 'end': 4.73}}",Action
23,31,0x66,1,3.356445,Mismatch,Mismatch,ffuubllll,0,"{'1': 338.81452612666965, '2': 338.81452612666965}","[0.0, 3.33, 8.06, 12.78, 17.5, 22.21, 26.91, 31.58, 36.26, 40.94, 45.6, 50.25, 54.89, 59.53, 63.01, 65.1, 66.73, 68.36, 70.0, 72.2, 75.94, 80.57, 85.2, 89.84, 94.47, 99.1]","[1.573364, 1.587646, 1.601196, 1.615356, 1.629395, 1.642822, 1.657104, 1.671021, 1.684937, 1.698608, 1.712769, 1.726807, 1.740479, 1.754639, 1.768555, 1.782104, 1.796509, 1.810425, 1.823975, 1.838257, 1.852173, 1.866211, 1.879883, 1.893921, 1.907959, 1.921631]",1.0,{'1': 98.54766456992388},{'1': 0.3599999999999999},1.56,1.92,"{'1': {'start': 1.56, 'end': 1.92}}",Action
23,32,0x66,1,4.934814,Mismatch,Mismatch,ffuuuurrf,60,"{'1': 210.44420546385874, '2': 150.44420546385874}","[0.0, 0.0, 2.63, 7.49, 12.39, 17.3, 22.22, 27.15, 32.11, 37.08, 42.07, 47.07, 52.07, 57.05, 62.03, 67.0, 67.4, 67.62, 68.08, 69.84, 74.82, 79.81, 84.81, 89.81, 94.81, 99.81, 104.81, 109.81, 114.81, 119.6, 120.41, 120.41, 122.56, 127.5, 132.44, 137.36, 142.27, 147.18, 152.03, 156.84, 161.59, 166.33, 171.07, 175.81]","[1.589233, 1.603149, 1.617065, 1.630981, 1.64502, 1.658813, 1.672852, 1.686768, 1.700562, 1.7146, 1.728516, 1.74231, 1.756226, 1.770386, 1.78418, 1.798096, 1.812012, 1.825928, 1.839844, 1.85376, 1.867798, 1.881714, 1.895508, 1.909546, 1.923584, 1.937256, 1.951294, 1.96521, 1.979004, 1.993042, 2.399658, 2.413452, 2.427612, 2.44165, 2.4552, 2.46936, 2.483398, 2.496948, 2.51123, 2.525269, 2.539063, 2.552612, 2.567017, 2.580811]",3.0,"{'1': 67.342167289451, '2': 52.0875772793449, '3': 55.12131796433229}","{'1': 0.21999999999999997, '2': 0.17999999999999994, '3': 0.18000000000000016}",1.59,2.58,"{'1': {'start': 1.59, 'end': 1.81}, '2': {'start': 1.82, 'end': 2.0}, '3': {'start': 2.4, 'end': 2.58}}",Action
23,33,0x66,1,1.978149,Mismatch,Mismatch,uubbbbruu,120,"{'1': 126.14565713182895, '2': 246.14565713182895}","[0.0, 2.02, 6.23, 10.43, 14.63, 18.83, 23.05, 27.34, 31.68, 36.15, 40.69, 45.41, 50.18, 54.99, 59.87]","[0.973877, 0.9880371, 1.001709, 1.015747, 1.029785, 1.043457, 1.057617, 1.071533, 1.085449, 1.099365, 1.113159, 1.127075, 1.140991, 1.154907, 1.169189]",1.0,{'1': 56.73022125752695},{'1': 0.19999999999999996},0.96,1.16,"{'1': {'start': 0.96, 'end': 1.16}}",Action
23,34,0x66,1,2.893921,Mismatch,Mismatch,uuuuubbul,0,"{'1': 226.08960042227625, '2': 226.08960042227625}",[],[],0.0,{},{},0.0,2.893921,{},Action
23,35,0x66,1,4.112915,Mismatch,Mismatch,bdddddfll,0,"{'1': 240.71818588710755, '2': 240.71818588710755}","[0.0, 359.68, 357.82, 353.15, 348.5, 343.87, 339.26, 334.65, 330.04, 325.43, 320.82, 316.22, 311.6, 306.91, 303.55, 303.55, 303.12, 298.28, 293.49, 288.73, 283.97, 279.22, 274.47, 269.71, 264.96, 260.18, 255.34, 250.43, 245.45, 244.29, 242.13, 237.21, 232.3, 227.39, 222.48, 217.57, 212.66, 207.74, 202.83, 197.91, 192.94, 187.96, 182.96, 177.96]","[0.9621582, 0.9760742, 0.9899902, 1.003906, 1.017944, 1.031738, 1.045654, 1.059814, 1.073608, 1.087402, 1.101563, 1.115601, 1.132202, 1.143188, 1.157349, 2.145386, 2.160278, 2.174927, 2.189209, 2.202881, 2.217407, 2.231323, 2.245361, 2.259155, 2.273438, 2.287598, 2.301147, 2.315552, 2.329346, 2.496826, 2.510864, 2.524902, 2.538696, 2.552734, 2.56665, 2.580322, 2.594604, 2.608521, 2.62207, 2.636353, 2.650146, 2.664063, 2.677734, 2.691895]",3.0,"{'1': 56.44999999999999, '2': 58.104529734893745, '3': 62.243427469089596}","{'1': 0.19999999999999996, '2': 0.18999999999999995, '3': 0.20999999999999996}",0.96,2.69,"{'1': {'start': 0.96, 'end': 1.16}, '2': {'start': 2.14, 'end': 2.33}, '3': {'start': 2.48, 'end': 2.69}}",Action
23,36,0x66,1,2.928711,Mismatch,Mismatch,rrrrbbbdr,0,"{'1': 129.38551795354732, '2': 129.38551795354732}",[],[],0.0,{},{},0.0,2.928711,{},Action
23,37,0x66,1,3.621948,Mismatch,Mismatch,bdddllbbb,0,"{'1': 235.7481990099778, '2': 235.7481990099778}","[0.0, 0.16, 3.23, 8.14, 13.04, 17.92, 22.79, 27.66, 32.52, 37.37, 42.19, 47.01, 51.82, 56.63, 56.89, 57.44, 62.17, 66.89, 71.6, 76.3, 80.93, 85.54, 90.06, 94.54, 98.98, 103.4, 107.82, 112.21, 116.61, 121.0, 125.39, 129.78, 134.18, 138.57, 142.97, 147.36, 151.76, 156.15, 160.54, 164.92, 169.19]","[0.9448242, 0.9587402, 0.9726563, 0.9865723, 1.00061, 1.014282, 1.02832, 1.042358, 1.056152, 1.069946, 1.083984, 1.0979, 1.111816, 1.125732, 1.279175, 1.292847, 1.307007, 1.320923, 1.334717, 1.348755, 1.362671, 1.376465, 1.390381, 1.404419, 1.418335, 1.432129, 1.446167, 1.460205, 1.487427, 1.501343, 1.516357, 1.53064, 1.545044, 1.559082, 1.573486, 1.587402, 1.601196, 1.615356, 1.629517, 1.643188, 1.657349]",2.0,"{'1': 56.63723187111827, '2': 110.09958504617506}","{'1': 0.19000000000000006, '2': 0.3800000000000001}",0.94,1.65,"{'1': {'start': 0.9400000000000001, 'end': 1.1300000000000001}, '2': {'start': 1.27, 'end': 1.6500000000000001}}",Action
23,38,0x66,1,5.830566,Match,Mismatch,uuuubbbur,60,"{'1': 247.86600742365044, '2': 307.86600742365044}","[0.0, 3.34, 8.21, 13.08, 17.89, 22.63, 27.35, 32.05, 36.67, 41.19, 45.65, 50.07, 52.96, 56.14, 60.3, 64.35, 68.34, 72.31, 76.27, 80.23, 84.19, 88.15, 92.12, 96.08, 96.43, 98.39, 102.54, 106.68, 110.8, 114.87, 118.92, 122.96, 127.0, 131.03, 134.98]","[2.654541, 2.668823, 2.682251, 2.696533, 2.710449, 2.723999, 2.738281, 2.752319, 2.766113, 2.779541, 2.793823, 2.807739, 3.685059, 3.699463, 3.713501, 3.727295, 3.740723, 3.755005, 3.768921, 3.782349, 3.796631, 3.810913, 3.824341, 4.966797, 4.980591, 4.994873, 5.008667, 5.022217, 5.036499, 5.050415, 5.063843, 5.078125, 5.092285, 5.105835, 5.119995]",3.0,"{'1': 50.077448012127846, '2': 39.22922151839979, '3': 36.135406625928454}","{'1': 0.16999999999999993, '2': 0.16000000000000014, '3': 0.15000000000000036}",2.64,5.11,"{'1': {'start': 2.64, 'end': 2.81}, '2': {'start': 3.67, 'end': 3.83}, '3': {'start': 4.96, 'end': 5.11}}",Action
23,39,0x66,1,4.300659,Mismatch,Mismatch,ffuuuurrf,120,"{'1': 332.8593824392543, '2': 212.85938243925435}","[0.0, 0.2, 4.97, 9.7, 14.43, 19.16, 23.86, 28.54, 33.18, 37.81, 42.45, 43.84, 44.33, 49.25, 54.15, 59.04, 63.91, 68.76, 73.59, 78.4, 83.19, 87.97, 92.75, 97.51, 102.26, 107.01, 111.73, 116.45, 121.17, 125.76, 130.23, 134.67]","[0.9550781, 0.9688721, 0.9827881, 0.9969482, 1.010742, 1.024536, 1.038696, 1.05249, 1.066284, 1.080444, 1.094482, 1.375488, 1.389526, 1.403442, 1.417114, 1.431396, 1.445313, 1.458984, 1.473022, 1.487305, 1.500732, 1.514893, 1.528809, 1.542847, 1.556519, 1.570679, 1.584717, 1.598389, 1.612671, 1.626465, 1.640137, 1.654541]",2.0,"{'1': 42.47729486203142, '2': 89.45739362019197}","{'1': 0.15000000000000002, '2': 0.28}",0.95,1.65,"{'1': {'start': 0.9500000000000001, 'end': 1.1}, '2': {'start': 1.37, 'end': 1.6500000000000001}}",Action
23,40,0x66,1,3.863281,Mismatch,Mismatch,uuubbrrrf,0,"{'1': 130.48257805420582, '2': 130.48257805420582}","[0.0, 2.94, 7.72, 12.35, 16.87, 21.32, 25.71, 30.07, 34.41, 38.65, 42.85, 46.16, 49.93, 53.62, 57.25, 60.82, 64.38, 67.94, 71.49, 75.04, 75.04, 77.1, 81.13, 85.08, 88.97, 92.82, 96.59, 100.15]","[1.338989, 1.352783, 1.366699, 1.380737, 1.394531, 1.408569, 1.422485, 1.436401, 1.450195, 1.464111, 1.478149, 2.651245, 2.665649, 2.679688, 2.692871, 2.707153, 2.721069, 2.734741, 2.748901, 3.236328, 3.250488, 3.264526, 3.278442, 3.291626, 3.305908, 3.320068, 3.33374, 3.347656]",3.0,"{'1': 42.85522276949201, '2': 25.36973299137538, '3': 23.15143719459607}","{'1': 0.1499999999999999, '2': 0.10999999999999988, '3': 0.09999999999999964}",1.33,3.34,"{'1': {'start': 1.33, 'end': 1.48}, '2': {'start': 2.64, 'end': 2.75}, '3': {'start': 3.24, 'end': 3.34}}",Action
23,41,0x66,1,3.096558,Mismatch,Mismatch,rbbbbbldd,120,"{'1': 199.37282684294163, '2': 319.37282684294166}",[],[],0.0,{},{},0.0,3.096558,{},Action
23,42,0x66,1,1.746338,Match,Mismatch,bddrbbbbb,120,"{'1': 152.44465101465437, '2': 272.44465101465437}",[],[],0.0,{},{},0.0,1.746338,{},Action
23,43,0x66,1,1.996094,Match,Mismatch,bddddddrd,180,"{'1': 105.58939026884474, '2': 285.58939026884474}",[],[],0.0,{},{},0.0,1.996094,{},Action
23,44,0x66,1,3.259033,Mismatch,Mismatch,lllllbbul,120,"{'1': 222.9071856336368, '2': 342.9071856336368}","[0.0, 357.8, 354.72, 350.29, 345.81, 341.33, 336.85, 332.37, 327.89, 323.39, 318.89, 314.38, 309.87, 305.36, 300.84, 296.3, 294.0, 293.39]","[1.990967, 2.005249, 2.019287, 2.032959, 2.047119, 2.061035, 2.075073, 2.088501, 2.102905, 2.116821, 2.131592, 2.144653, 2.158569, 2.171997, 2.186279, 2.200317, 2.214233, 2.227783]",1.0,{'1': 66.25962140221404},{'1': 0.2400000000000002},1.98,2.22,"{'1': {'start': 1.98, 'end': 2.22}}",Action
23,45,0x66,1,4.360962,Mismatch,Mismatch,rrrbbbddb,180,"{'1': 239.38605794444993, '2': 59.38605794444992}","[0.0, 0.58, 5.3, 9.94, 14.55, 19.13, 23.65, 28.11, 32.55, 36.98, 41.41, 45.19, 46.21, 51.17, 56.12, 61.05, 65.97, 70.87, 75.76, 80.64, 85.52, 90.39, 95.26, 100.13, 102.45, 102.68, 102.68, 104.72, 109.44, 114.07, 118.53, 122.96, 127.34, 131.66, 135.92, 140.17, 144.38, 148.57, 152.69, 156.74]","[1.725342, 1.739258, 1.753296, 1.767212, 1.781006, 1.794922, 1.82251, 1.838013, 1.851563, 1.865356, 1.879761, 2.466675, 2.480835, 2.494629, 2.509277, 2.522949, 2.535889, 2.550293, 2.564087, 2.578003, 2.591675, 2.606079, 2.619995, 2.633545, 2.647949, 3.748169, 3.762451, 3.775879, 3.790161, 3.804077, 3.817871, 3.831543, 3.845825, 3.859619, 3.873169, 3.887451, 3.901367, 3.914917, 3.929321, 3.943359]",3.0,"{'1': 41.411539271511664, '2': 57.36782353985779, '3': 53.090919646673285}","{'1': 0.16000000000000014, '2': 0.19999999999999973, '3': 0.18999999999999995}",1.72,3.94,"{'1': {'start': 1.72, 'end': 1.8800000000000001}, '2': {'start': 2.45, 'end': 2.65}, '3': {'start': 3.75, 'end': 3.94}}",Action
23,46,0x66,1,2.438965,Mismatch,Mismatch,uubbbrrrb,60,"{'1': 336.0058570321069, '2': 36.00585703210692}",[],[],0.0,{},{},0.0,2.438965,{},Action
23,47,0x66,1,2.183105,Mismatch,Mismatch,uuuubbbur,120,"{'1': 154.47688439157997, '2': 34.47688439157997}","[0.0, 0.0, 358.71, 356.13, 352.56, 348.1, 343.65, 339.15, 334.6, 329.7, 325.13]","[1.734497, 1.748413, 1.762207, 1.776123, 1.803467, 1.817749, 1.832275, 1.846924, 1.86145, 1.875122, 1.889648]",1.0,{'1': 31.834659231722483},{'1': 0.14000000000000012},1.74,1.88,"{'1': {'start': 1.74, 'end': 1.8800000000000001}}",Action
23,48,0x66,1,2.869263,Mismatch,Mismatch,bdddllbbb,0,"{'1': 321.7488399901926, '2': 321.7488399901926}","[0.0, 1.56, 6.41, 11.14, 15.79, 20.31, 24.76, 29.16, 33.48, 37.73, 41.94, 46.1, 50.25, 54.4, 58.5, 62.58, 66.63, 70.67, 74.71, 78.75, 82.79, 86.83, 90.86, 94.89, 98.93, 102.94, 106.96, 110.95, 114.92, 118.75, 122.51, 126.14, 128.93, 132.7, 136.47, 140.24, 144.01, 147.78, 151.55, 155.32, 159.05, 162.67]","[1.013428, 1.027466, 1.041382, 1.055298, 1.069092, 1.083252, 1.097168, 1.111084, 1.125122, 1.138794, 1.152832, 1.166748, 1.180542, 1.19458, 1.208496, 1.222534, 1.236328, 1.250366, 1.264282, 1.278076, 1.291992, 1.30603, 1.319946, 1.333862, 1.361328, 1.375122, 1.390137, 1.404663, 1.418457, 1.432983, 1.447144, 2.409546, 2.423828, 2.437378, 2.451416, 2.465454, 2.479126, 2.493042, 2.506958, 2.520874, 2.535034, 2.549072]",2.0,"{'1': 122.52077229681568, '2': 34.22659555079092}","{'1': 0.44999999999999996, '2': 0.14000000000000012}",1.0,2.54,"{'1': {'start': 1.0, 'end': 1.45}, '2': {'start': 2.4, 'end': 2.54}}",Action
23,49,0x66,1,3.424683,Mismatch,Mismatch,llbbbrruu,0,"{'1': 303.78990009888344, '2': 303.78990009888344}","[0.0, 359.09, 354.93, 350.09, 345.26, 340.42, 335.56, 330.69, 325.78, 320.84, 315.88, 310.89, 305.89, 300.89, 298.31, 298.31, 295.71, 290.73, 285.75, 280.76, 275.78, 270.8, 265.82, 260.84, 255.86, 250.88, 245.9, 240.92, 235.94, 230.96, 226.13, 225.31, 224.49]","[1.583374, 1.59729, 1.611328, 1.625122, 1.63916, 1.653076, 1.66687, 1.680786, 1.694824, 1.70874, 1.722534, 1.73645, 1.75061, 1.764404, 1.77832, 2.112671, 2.126709, 2.140259, 2.154297, 2.168335, 2.182129, 2.196045, 2.210205, 2.223877, 2.237793, 2.251831, 2.265503, 2.279541, 2.293579, 2.307373, 2.321411, 2.335327, 2.349121]",2.0,"{'1': 61.69, '2': 73.27779179353342}","{'1': 0.20999999999999996, '2': 0.23999999999999977}",1.57,2.34,"{'1': {'start': 1.57, 'end': 1.78}, '2': {'start': 2.1, 'end': 2.34}}",Action
24,0,0x47,2,8.878418,Match,Match,lllbbbluu,60,"{'1': 109.04129201997216, '2': 49.04129201997216}",[],[],0.0,{},{},0.0,8.878418,{},Action
24,1,0x47,2,3.901489,Match,Match,rbbbbbldd,120,"{'1': 122.56615425412275, '2': 242.56615425412275}",[],[],0.0,{},{},0.0,3.901489,{},Action
24,2,0x47,2,7.378052,Match,Match,ffuuuurrf,120,"{'1': 341.4879703630686, '2': 221.4879703630686}","[0.0, 359.17, 357.34, 355.5, 350.5, 345.5, 340.5, 335.5, 330.5, 325.5, 320.5, 315.5, 310.5, 305.5, 300.5, 295.5, 290.5, 286.56, 282.61, 282.85, 287.83, 292.82, 297.8, 302.79, 307.77, 312.74, 317.68, 322.63, 327.55, 332.47, 337.39, 342.31, 347.23, 352.15, 357.07, 1.99, 6.91, 11.83, 16.75, 21.67, 26.58, 31.5, 36.41, 41.3, 46.17, 49.22, 49.64, 49.64, 49.92, 51.95, 56.87, 61.78, 66.7, 71.62, 76.54, 81.46, 86.37, 91.28, 91.59, 91.87, 93.37, 95.18, 97.27, 99.88, 102.49, 105.11]","[2.321899, 2.33606, 2.349609, 2.36377, 2.377808, 2.391724, 2.404785, 2.419067, 2.432983, 2.446533, 2.460815, 2.474731, 2.488281, 2.502563, 2.516479, 2.530151, 2.544312, 2.558472, 2.988525, 3.002808, 3.016846, 3.03125, 3.044067, 3.057739, 3.071777, 3.085327, 3.099731, 3.113892, 3.127197, 3.141235, 3.155273, 3.168945, 3.183228, 3.197144, 3.210693, 3.224731, 3.23877, 3.25293, 3.266113, 3.280151, 3.294312, 3.307861, 3.321899, 3.335938, 3.349609, 3.363647, 3.807739, 3.822144, 3.836304, 3.849976, 3.863892, 3.877686, 3.891479, 3.904907, 3.919067, 3.933228, 3.946655, 3.960815, 5.016602, 5.030396, 5.044556, 5.058716, 5.072266, 5.085693, 5.099854, 5.11377]",4.0,"{'1': 73.45403454922997, '2': -28.13920694128401, '3': 41.642696898143285, '4': 12.741237788169911}","{'1': 0.25, '2': 0.3799999999999999, '3': 0.1499999999999999, '4': 0.08999999999999986}",2.31,5.11,"{'1': {'start': 2.31, 'end': 2.56}, '2': {'start': 2.99, 'end': 3.37}, '3': {'start': 3.8200000000000003, 'end': 3.97}, '4': {'start': 5.0200000000000005, 'end': 5.11}}",Action
24,3,0x47,2,5.490601,Match,Match,bbddbblll,60,"{'1': 298.22643246554503, '2': 238.22643246554506}",[],[],0.0,{},{},0.0,5.490601,{},Action
24,4,0x47,2,4.587036,Match,Match,uuuuubbul,60,"{'1': 125.01340932634498, '2': 65.01340932634498}",[],[],0.0,{},{},0.0,4.587036,{},Action
24,5,0x47,2,7.706787,Match,Match,bdddllbbb,180,"{'1': 58.33189956779787, '2': 238.33189956779788}","[0.0, 0.0, 1.15, 3.3, 8.3, 13.28, 18.26, 23.22, 28.18, 33.13, 38.08, 43.02, 47.96, 52.9, 57.84, 58.93, 59.24, 60.4, 65.38, 70.35, 75.33, 80.31, 85.28, 90.26, 91.31, 92.53, 96.39, 101.39, 106.38, 111.38, 116.37, 121.37, 126.36, 131.36, 136.35, 141.34, 146.34, 151.33, 156.33, 159.28, 160.26, 161.24, 163.36, 167.18, 172.09, 177.0, 181.9]","[2.497681, 2.511963, 2.526001, 2.539429, 2.553589, 2.567505, 2.581055, 2.595215, 2.609131, 2.623047, 2.636475, 2.650879, 2.664673, 2.678345, 2.692383, 3.234253, 3.248413, 3.262207, 3.276001, 3.289795, 3.303833, 3.317139, 3.331299, 3.345337, 5.331421, 5.346191, 5.359253, 5.373413, 5.387451, 5.400757, 5.414917, 5.428955, 5.442871, 5.456299, 5.470581, 5.484619, 5.497925, 5.512207, 5.526123, 5.539673, 5.554565, 6.081299, 6.095825, 6.109741, 6.123657, 6.137085, 6.151245]",4.0,"{'1': 57.85532199605072, '2': 31.341020361206844, '3': 68.96614997272249, '4': 16.784305932196958}","{'1': 0.20000000000000018, '2': 0.1200000000000001, '3': 0.2400000000000002, '4': 0.08000000000000007}",2.5,6.15,"{'1': {'start': 2.5, 'end': 2.7}, '2': {'start': 3.23, 'end': 3.35}, '3': {'start': 5.32, 'end': 5.5600000000000005}, '4': {'start': 6.07, 'end': 6.15}}",Action
24,6,0x47,2,8.395142,Match,Match,bbdddbrrr,180,"{'1': 73.59493961998993, '2': 253.59493961998993}","[0.0, 359.7, 356.78, 351.95, 347.15, 342.4, 337.64, 332.9, 328.16, 323.42, 318.69, 313.98, 309.27, 304.58, 299.89, 295.2, 290.52, 285.84, 282.35, 280.35, 279.14, 278.11, 277.13, 276.17, 275.2, 274.02, 272.28, 270.41, 268.52, 266.66, 264.83, 263.71, 263.2, 263.2, 263.2, 263.0, 262.66, 262.13, 261.28, 259.06, 256.35, 253.05, 248.53, 243.93, 239.43, 234.94, 230.44, 225.95, 221.45, 216.96, 212.46, 207.96, 203.46, 198.96, 194.47, 189.97, 185.46, 180.96, 176.46, 171.96, 167.46, 162.96, 158.46, 153.96, 149.46, 144.96, 140.46, 135.96, 131.46, 126.96, 122.45, 117.95, 113.45, 108.96, 105.06, 103.83, 103.42, 102.79, 101.35, 99.9, 97.64, 95.24, 92.83, 90.43, 88.34, 86.25, 84.16, 82.08, 80.01, 78.04, 76.24, 74.79, 74.47, 74.08, 69.92, 65.77, 60.78, 55.81, 50.84, 45.87, 40.92, 35.97, 31.02, 26.07, 21.12, 16.17, 11.22, 6.27, 1.32, 356.38, 351.43, 346.49, 341.54, 336.59, 331.65, 326.7, 321.75, 316.8, 311.86, 306.91, 301.96, 297.02, 292.26, 288.39, 285.87, 283.69, 281.52, 279.43, 278.05, 277.25, 277.25, 274.72, 270.42, 265.44, 260.46, 255.48, 250.51, 245.53, 240.55, 235.58, 230.61, 225.65, 220.71, 215.76, 212.28, 210.05, 209.64, 208.19, 205.04, 200.04, 195.05, 190.06, 185.07, 180.08, 175.1, 170.11, 165.14, 162.26, 160.92]","[2.352905, 2.367432, 2.381226, 2.395142, 2.408691, 2.422852, 2.436768, 2.450317, 2.4646, 2.478516, 2.491943, 2.506226, 2.520142, 2.533447, 2.547729, 2.561768, 2.575562, 2.589233, 2.603516, 2.61731, 2.630615, 2.64502, 2.658813, 2.672485, 2.686768, 2.700684, 2.7146, 2.728271, 2.742432, 2.756348, 2.769653, 2.784058, 2.797852, 3.422729, 3.437012, 3.450439, 3.4646, 3.478516, 3.491943, 3.506226, 3.520264, 3.533691, 3.547607, 3.561768, 3.575684, 3.589111, 3.603394, 3.61731, 3.630859, 3.64502, 3.658936, 3.672363, 3.686646, 3.700562, 3.714355, 3.728027, 3.742065, 3.756226, 3.769653, 3.783813, 3.797974, 3.811279, 3.825562, 3.839478, 3.853027, 3.867188, 3.881226, 3.895142, 3.909668, 3.922852, 3.936523, 3.950195, 3.964722, 3.978271, 3.991821, 4.005981, 4.450317, 4.464722, 4.478516, 4.492065, 4.506348, 4.520142, 4.533691, 4.547852, 4.56189, 4.575684, 4.589233, 4.603394, 4.61731, 4.630859, 4.645142, 4.658936, 5.075684, 5.089478, 5.103638, 5.117676, 5.131104, 5.145386, 5.15918, 5.172852, 5.18689, 5.200806, 5.214722, 5.228271, 5.242554, 5.256348, 5.269897, 5.28418, 5.297974, 5.311523, 5.325806, 5.3396, 5.353271, 5.367432, 5.381348, 5.395264, 5.408813, 5.422974, 5.43689, 5.450439, 5.464722, 5.478638, 5.492188, 5.506348, 5.520264, 5.533936, 5.548218, 5.562134, 5.575806, 5.895386, 5.909058, 5.923462, 5.937256, 5.950806, 5.965088, 5.978882, 5.99231, 6.006592, 6.020386, 6.034302, 6.047974, 6.062134, 6.076782, 6.0896, 6.103638, 6.117432, 6.839844, 6.85376, 6.86792, 6.881836, 6.895508, 6.90918, 6.92334, 6.937134, 6.950684, 6.964966, 6.979004, 6.992432, 7.006592]",6.0,"{'1': 96.80000000000001, '2': 6.832830630724345, '3': -28.64033674784335, '4': 7.4861343195908745, '5': 67.20145745087291, '6': 11.189406104052352}","{'1': 0.4500000000000002, '2': 0.5599999999999996, '3': 0.21999999999999975, '4': 0.5099999999999998, '5': 0.21999999999999975, '6': 0.16999999999999993}",2.35,7.0,"{'1': {'start': 2.35, 'end': 2.8000000000000003}, '2': {'start': 3.45, 'end': 4.01}, '3': {'start': 4.44, 'end': 4.66}, '4': {'start': 5.07, 'end': 5.58}, '5': {'start': 5.9, 'end': 6.12}, '6': {'start': 6.83, 'end': 7.0}}",Action
24,7,0x47,2,4.445679,Match,Match,lllbbbluu,60,"{'1': 29.003664093713457, '2': 329.00366409371344}",[],[],0.0,{},{},0.0,4.445679,{},Action
24,8,0x47,2,2.350464,Match,Match,ffuulllbb,0,"{'1': 335.91892105326394, '2': 335.91892105326394}",[],[],0.0,{},{},0.0,2.350464,{},Action
24,9,0x47,2,3.501099,Match,Match,rrrrbbbdr,60,"{'1': 130.8355546899995, '2': 190.8355546899995}",[],[],0.0,{},{},0.0,3.501099,{},Action
24,10,0x47,2,3.950073,Match,Match,uuuubbbur,60,"{'1': 223.36803060710025, '2': 283.36803060710025}",[],[],0.0,{},{},0.0,3.950073,{},Action
24,11,0x47,2,11.40662,Match,Match,uuubbrrrf,120,"{'1': 303.3208207254718, '2': 63.320820725471805}","[0.0, 0.34, 1.34, 4.9, 9.9, 14.9, 19.9, 24.89, 29.87, 34.85, 39.82, 44.78, 49.73, 54.69, 59.64, 64.64, 65.69, 65.69, 70.82, 75.82, 80.82, 85.82, 90.82, 95.82, 100.82, 105.82, 110.78, 115.52, 115.76, 115.76, 116.71, 118.71, 123.71, 128.71, 133.71, 138.71, 143.7, 148.7, 153.61, 155.42, 156.22, 159.11, 164.09, 169.07, 174.04, 179.01, 183.96, 188.9, 193.84, 198.78, 203.72, 208.65, 211.61, 212.7, 212.7, 214.04, 218.99, 223.91, 228.82, 233.72, 238.62, 243.52, 248.41, 253.31, 258.21, 263.1, 268.0, 272.9]","[7.531738, 7.546021, 7.559937, 7.573364, 7.587769, 7.601563, 7.61499, 7.62915, 7.643066, 7.656616, 7.670898, 7.684692, 7.698242, 7.712402, 7.726318, 7.740356, 8.253784, 8.268188, 8.282227, 8.295776, 8.309814, 8.323853, 8.33728, 8.35144, 8.365356, 8.378906, 8.393066, 8.407104, 8.975952, 8.990356, 9.004395, 9.017944, 9.031982, 9.046021, 9.059937, 9.073364, 9.087524, 9.10144, 9.11499, 9.253784, 9.268188, 9.282227, 9.295654, 9.309814, 9.323853, 9.33728, 9.35144, 9.365479, 9.378906, 9.393066, 9.406982, 9.420898, 9.434448, 9.44873, 9.753662, 9.768188, 9.782104, 9.795654, 9.809814, 9.823608, 9.839966, 9.851196, 9.86499, 9.87854, 9.8927, 9.906982, 9.920776, 9.934082]",5.0,"{'1': 64.51320131072802, '2': 49.83896041070615, '3': 37.91533495684253, '4': -7.940244102771004, '5': -58.69678340598213}","{'1': 0.20999999999999996, '2': 0.16000000000000014, '3': 0.14000000000000057, '4': 0.21000000000000085, '5': 0.1899999999999995}",7.53,9.93,"{'1': {'start': 7.53, 'end': 7.74}, '2': {'start': 8.25, 'end': 8.41}, '3': {'start': 8.98, 'end': 9.120000000000001}, '4': {'start': 9.24, 'end': 9.450000000000001}, '5': {'start': 9.74, 'end': 9.93}}",Action
24,12,0x47,2,11.67847,Match,Match,ffuubrrrr,120,"{'1': 335.2636740423395, '2': 95.2636740423395}","[0.0, 0.28, 3.97, 8.91, 13.85, 18.77, 23.7, 28.62, 33.55, 38.49, 43.44, 48.4, 53.36, 58.33, 63.3, 68.27, 73.25, 78.22, 83.2, 88.18, 93.18, 98.18, 103.18, 108.17, 113.16, 118.14, 123.12, 128.1, 133.07, 138.05, 143.03, 143.03, 146.97, 151.97, 156.96, 161.96, 166.96, 171.96, 176.96, 181.96, 186.96, 191.96, 196.96, 201.96, 206.96, 211.96, 216.96, 221.96]","[6.873413, 6.887695, 6.901367, 6.915405, 6.929443, 6.942871, 6.957031, 6.970825, 6.984741, 6.998291, 7.012451, 7.026367, 7.040039, 7.054199, 7.067993, 7.081665, 7.095825, 7.109741, 7.123413, 7.137695, 7.151367, 7.165283, 7.178711, 7.192993, 7.206909, 7.220581, 7.234619, 7.248657, 7.262207, 7.276245, 7.290283, 9.220337, 9.234741, 9.248657, 9.262207, 9.276367, 9.290283, 9.303833, 9.317993, 9.331909, 9.345703, 9.359375, 9.373413, 9.387329, 9.401001, 9.415161, 9.429077, 9.442749]",2.0,"{'1': 142.9296053568886, '2': -3.984660620245876}","{'1': 0.41999999999999993, '2': 0.22999999999999865}",6.87,9.44,"{'1': {'start': 6.87, 'end': 7.29}, '2': {'start': 9.21, 'end': 9.44}}",Action
24,13,0x47,2,10.93616,Match,Match,dbbbblllu,60,"{'1': 246.073402327187, '2': 306.073402327187}",[],[],0.0,{},{},0.0,10.93616,{},Action
24,14,0x47,2,4.57251,Match,Match,lllllbbul,60,"{'1': 202.42545246153847, '2': 142.42545246153847}",[],[],0.0,{},{},0.0,4.57251,{},Action
24,15,0x47,2,4.251221,Match,Match,bbddbblll,120,"{'1': 198.2805088396299, '2': 78.28050883962987}","[0.0, 0.22, 5.21, 10.2, 15.2, 20.19, 25.19, 30.18, 35.17, 40.17, 45.17, 50.16, 55.16, 60.16, 65.16, 70.15, 75.15, 80.15, 85.14, 90.14, 95.14, 100.14, 105.14, 107.84, 108.86, 108.86, 109.12, 114.11, 119.1, 124.09, 129.08, 134.06, 139.04, 144.02, 148.99, 153.94, 158.87, 163.8]","[1.886963, 1.900879, 1.914673, 1.928589, 1.942505, 1.956421, 1.970215, 1.996948, 2.011353, 2.025879, 2.040649, 2.055054, 2.069214, 2.082886, 2.09729, 2.111084, 2.124756, 2.13916, 2.153076, 2.166626, 2.180908, 2.194946, 2.208862, 2.222412, 2.236694, 2.598267, 2.612305, 2.625854, 2.640137, 2.654053, 2.667725, 2.681274, 2.695557, 2.709351, 2.723022, 2.737305, 2.751099, 2.764648]",2.0,"{'1': 108.81198764012647, '2': 53.21666067706889}","{'1': 0.3500000000000001, '2': 0.16000000000000014}",1.89,2.76,"{'1': {'start': 1.8900000000000001, 'end': 2.24}, '2': {'start': 2.6, 'end': 2.7600000000000002}}",Action
24,16,0x47,2,2.114624,Match,Match,bdddbllll,0,"{'1': 154.37564176215216, '2': 154.37564176215216}",[],[],0.0,{},{},0.0,2.114624,{},Action
24,17,0x47,2,6.213989,Match,Match,lllbbbluu,120,"{'1': 309.9688586261017, '2': 189.9688586261017}",[],[],0.0,{},{},0.0,6.213989,{},Action
24,18,0x47,2,6.880859,Match,Match,bbbdddrrb,120,"{'1': 253.28894218236167, '2': 133.28894218236167}",[],[],0.0,{},{},0.0,6.880859,{},Action
24,19,0x47,2,7.154297,Match,Match,uubbbbruu,120,"{'1': 108.89941308683474, '2': 228.89941308683473}",[],[],0.0,{},{},0.0,7.154297,{},Action
24,20,0x47,2,4.196411,Match,Match,bbddbblll,120,"{'1': 234.33590575361313, '2': 114.33590575361313}",[],[],0.0,{},{},0.0,4.196411,{},Action
24,21,0x47,2,5.779907,Match,Match,ffffuulff,120,"{'1': 159.00991851773608, '2': 39.00991851773608}",[],[],0.0,{},{},0.0,5.779907,{},Action
24,22,0x47,2,4.102295,Match,Match,bbddbblll,180,"{'1': 203.52651445354192, '2': 23.52651445354195}",[],[],0.0,{},{},0.0,4.102295,{},Action
24,23,0x47,2,4.312134,Match,Match,uuubbrrrf,60,"{'1': 109.28970074150992, '2': 49.28970074150992}",[],[],0.0,{},{},0.0,4.312134,{},Action
24,24,0x47,2,7.074219,Mismatch,Match,ffuuuurrf,120,"{'1': 227.56587542057133, '2': 347.56587542057133}",[],[],0.0,{},{},0.0,7.074219,{},Action
24,25,0x47,2,13.94946,Mismatch,Mismatch,uubbbbruu,0,"{'1': 152.82307783607772, '2': 152.82307783607772}","[0.0, 4.88, 9.87, 14.87, 19.86, 24.85, 29.85, 34.85, 39.85, 44.84, 49.84, 54.84, 59.84, 64.84, 69.84, 74.83, 79.83, 84.83, 89.83, 94.82, 99.82, 104.82, 109.82, 114.81, 119.69, 120.71, 120.88, 121.38, 126.36, 131.33, 136.27, 141.2, 146.12, 151.04, 155.96, 160.88, 165.8, 170.72, 175.64, 180.56, 185.48, 190.41, 191.46, 191.66, 193.58, 198.57, 203.57, 208.57, 213.57, 218.57, 223.57, 228.56, 229.63, 229.63, 229.14, 227.99, 225.67, 223.11, 220.33, 217.55, 214.77]","[9.728027, 9.742188, 9.756104, 9.769653, 9.783813, 9.797607, 9.811279, 9.825562, 9.839233, 9.852783, 9.867065, 9.880859, 9.894409, 9.908691, 9.922485, 9.936523, 9.950073, 9.964233, 9.978027, 9.991699, 10.00586, 10.0199, 10.03333, 10.04761, 10.0614, 10.07507, 10.47803, 10.49182, 10.5061, 10.5199, 10.53333, 10.54761, 10.5614, 10.57495, 10.58923, 10.60303, 10.61694, 10.63062, 10.64465, 10.65869, 10.67224, 10.6864, 11.82507, 11.83911, 11.85254, 11.86682, 11.88074, 11.89417, 11.90845, 11.92224, 11.93616, 11.94971, 12.49121, 12.50562, 12.51953, 12.53308, 12.54724, 12.56104, 12.57471, 12.58887, 12.60254]",4.0,"{'1': 120.71207985904307, '2': 48.71006801874627, '3': -37.10524822908968, '4': 14.343452816386247}","{'1': 0.3699999999999992, '2': 0.21999999999999886, '3': 0.13000000000000078, '4': 0.09999999999999964}",9.71,12.6,"{'1': {'start': 9.71, 'end': 10.08}, '2': {'start': 10.47, 'end': 10.69}, '3': {'start': 11.82, 'end': 11.950000000000001}, '4': {'start': 12.5, 'end': 12.6}}",Action
24,26,0x47,2,6.825439,Mismatch,Mismatch,lllbbbubb,60,"{'1': 164.5814895806044, '2': 224.5814895806044}",[],[],0.0,{},{},0.0,6.825439,{},Action
24,27,0x47,2,5.422485,Mismatch,Mismatch,bddddddrd,120,"{'1': 25.38259459926877, '2': 145.38259459926877}","[0.0, 0.22, 1.29, 3.23, 6.73, 11.7, 16.65, 21.61, 26.56, 31.51, 36.46, 41.41, 46.36, 50.32, 51.82]","[2.919434, 2.933228, 2.947144, 2.96106, 2.974854, 2.98877, 3.002686, 3.029785, 3.044067, 3.058838, 3.072754, 3.087402, 3.101685, 3.115356, 3.129639]",1.0,{'1': 50.798685552168806},{'1': 0.20000000000000018},2.92,3.12,"{'1': {'start': 2.92, 'end': 3.12}}",Action
24,28,0x47,2,8.199585,Mismatch,Mismatch,bbbdddrrb,60,"{'1': 105.69400727606387, '2': 45.69400727606387}","[0.0, 0.43, 2.39, 7.33, 12.27, 17.21, 22.15, 27.09, 32.03, 36.97, 41.91, 46.85, 51.79, 56.73, 61.67, 66.61, 71.55, 76.49, 81.43, 86.37, 91.31, 96.25, 101.19, 106.14, 111.08, 116.02, 120.96, 125.9, 130.85, 135.82, 140.82, 145.82, 150.82, 155.82, 160.82, 165.82, 170.82, 175.81, 180.81, 185.8, 190.78, 195.73, 200.59, 205.32, 208.66, 213.64, 218.6, 223.55, 228.5, 233.45, 238.38, 243.31, 248.24, 253.16, 258.08, 263.0, 267.91, 272.81, 277.71, 282.61, 287.5, 292.4, 297.29, 302.19, 307.08, 311.98, 316.87, 321.77, 326.66, 331.55, 336.45, 341.34, 346.23, 351.11, 355.93]","[5.338135, 5.352173, 5.366211, 5.380127, 5.393799, 5.407837, 5.421631, 5.435181, 5.449463, 5.463379, 5.477173, 5.490723, 5.504883, 5.518799, 5.532471, 5.546631, 5.560547, 5.574097, 5.588379, 5.602173, 5.615723, 5.630005, 5.643799, 5.657715, 5.671265, 5.685547, 5.699463, 5.713013, 5.727173, 5.741089, 5.754761, 5.768921, 5.785645, 5.796753, 5.810059, 5.824341, 5.838257, 5.851685, 5.865967, 5.879883, 5.893433, 5.907837, 5.921631, 5.935181, 6.408081, 6.422241, 6.435669, 6.449829, 6.463623, 6.477417, 6.491089, 6.505249, 6.519165, 6.532715, 6.546753, 6.561035, 6.574463, 6.588623, 6.602539, 6.616455, 6.630005, 6.644043, 6.658081, 6.671631, 6.685791, 6.699707, 6.713379, 6.727417, 6.741333, 6.754883, 6.769165, 6.783081, 6.796875, 6.810425, 6.824585]",2.0,"{'1': 177.77784063856606, '2': -145.8369892818444}","{'1': 0.5300000000000002, '2': 0.4299999999999997}",5.33,6.82,"{'1': {'start': 5.33, 'end': 5.86}, '2': {'start': 6.390000000000001, 'end': 6.82}}",Action
24,29,0x47,2,11.25269,Mismatch,Mismatch,ffffuulff,120,"{'1': 66.26859093692094, '2': 186.26859093692093}",[],[],0.0,{},{},0.0,11.25269,{},Action
24,30,0x47,2,6.880981,Mismatch,Mismatch,rbbbbbldd,120,"{'1': 252.45480882577155, '2': 12.45480882577155}",[],[],0.0,{},{},0.0,6.880981,{},Action
24,31,0x47,2,4.310547,Mismatch,Mismatch,ffuubllll,0,"{'1': 338.81452612666965, '2': 338.81452612666965}",[],[],0.0,{},{},0.0,4.310547,{},Action
24,32,0x47,2,14.005,Mismatch,Mismatch,ffuuuurrf,60,"{'1': 210.44420546385874, '2': 150.44420546385874}","[0.0, 0.0, 0.0, 359.3, 358.4, 357.01, 355.4, 352.96, 347.96, 342.96, 337.96, 332.96, 327.97, 322.97, 317.97, 312.98, 307.99, 303.03, 298.06, 293.33, 292.87, 292.87, 292.87, 292.87, 292.87, 292.87, 292.87, 292.3, 290.99, 289.48, 286.97, 282.61, 277.63, 272.66, 267.7, 262.75, 257.79, 252.84, 247.89, 242.95, 238.02, 233.08, 228.15, 223.22, 218.29, 213.36, 208.43, 203.5, 198.57, 193.64, 188.72, 183.79, 178.86, 173.93, 169.0, 164.07, 159.14, 154.21, 149.28, 144.35, 139.42, 134.49, 130.84, 130.84, 129.95, 125.78, 120.78, 115.78, 110.78, 105.78, 100.78, 95.79, 90.79, 85.8, 80.8, 75.8, 71.85]","[10.58887, 10.60327, 10.61707, 10.63062, 10.64478, 10.65869, 10.67224, 10.6864, 10.70032, 10.71423, 10.72766, 10.74182, 10.75574, 10.76941, 10.78357, 10.79749, 10.81091, 10.82532, 10.83911, 10.85303, 11.4082, 11.42529, 11.43652, 11.44983, 11.46423, 11.47791, 11.49158, 11.50574, 11.51953, 11.53345, 11.54712, 11.56116, 11.5752, 11.58875, 11.60278, 11.61682, 11.63037, 11.64453, 11.65845, 11.67212, 11.68628, 11.70007, 11.71399, 11.72766, 11.74182, 11.75562, 11.76929, 11.78345, 11.79736, 11.81091, 11.8252, 11.83899, 11.85278, 11.86646, 11.88098, 11.89465, 11.9082, 11.92224, 11.93616, 11.94971, 11.96387, 11.97791, 11.99146, 12.46375, 12.47778, 12.49146, 12.50574, 12.51953, 12.53345, 12.547, 12.56104, 12.57495, 12.5885, 12.60266, 12.61658, 12.63013, 12.64417]",3.0,"{'1': 66.67577516796658, '2': 63.71000000000001, '3': -57.816816239316296}","{'1': 0.25, '2': 0.5199999999999996, '3': 0.1899999999999995}",10.61,12.64,"{'1': {'start': 10.61, 'end': 10.86}, '2': {'start': 11.48, 'end': 12.0}, '3': {'start': 12.450000000000001, 'end': 12.64}}",Action
24,33,0x47,2,5.252441,Mismatch,Mismatch,uubbbbruu,120,"{'1': 126.14565713182895, '2': 246.14565713182895}",[],[],0.0,{},{},0.0,5.252441,{},Action
24,34,0x47,2,5.141724,Mismatch,Mismatch,uuuuubbul,0,"{'1': 226.08960042227625, '2': 226.08960042227625}","[0.0, 4.95, 9.89, 14.83, 19.77, 24.71, 29.65, 34.59, 39.52, 44.47, 49.41, 54.36, 59.31, 64.27, 69.25, 74.11, 75.45, 76.08, 76.08, 79.32, 84.27, 89.2, 94.11, 99.02, 103.93, 108.83, 113.72, 118.59, 123.41, 128.16, 132.89]","[2.960083, 2.973877, 2.988159, 3.002319, 3.015625, 3.029785, 3.043823, 3.057495, 3.071167, 3.085449, 3.099243, 3.112793, 3.127075, 3.140991, 3.154541, 3.168823, 3.183838, 3.196533, 3.571655, 3.586426, 3.600098, 3.614502, 3.627441, 3.640991, 3.654541, 3.668823, 3.682983, 3.696777, 3.710449, 3.724731, 3.738647]",2.0,"{'1': 76.08, '2': 53.870914774360514}","{'1': 0.25, '2': 0.16999999999999993}",2.95,3.73,"{'1': {'start': 2.95, 'end': 3.2}, '2': {'start': 3.56, 'end': 3.73}}",Action
24,35,0x47,2,12.02869,Mismatch,Mismatch,bdddddfll,0,"{'1': 240.71818588710755, '2': 240.71818588710755}",[],[],0.0,{},{},0.0,12.02869,{},Action
24,36,0x47,2,6.616455,Mismatch,Mismatch,rrrrbbbdr,0,"{'1': 129.38551795354732, '2': 129.38551795354732}",[],[],0.0,{},{},0.0,6.616455,{},Action
24,37,0x47,2,7.852173,Mismatch,Mismatch,bdddllbbb,0,"{'1': 235.7481990099778, '2': 235.7481990099778}",[],[],0.0,{},{},0.0,7.852173,{},Action
24,38,0x47,2,2.015381,Mismatch,Mismatch,uuuubbbur,60,"{'1': 247.86600742365044, '2': 307.86600742365044}",[],[],0.0,{},{},0.0,2.015381,{},Action
24,39,0x47,2,10.33838,Mismatch,Mismatch,ffuuuurrf,120,"{'1': 332.8593824392543, '2': 212.85938243925435}",[],[],0.0,{},{},0.0,10.33838,{},Action
24,40,0x47,2,6.892212,Mismatch,Mismatch,uuubbrrrf,0,"{'1': 130.48257805420582, '2': 130.48257805420582}",[],[],0.0,{},{},0.0,6.892212,{},Action
24,41,0x47,2,5.714233,Mismatch,Mismatch,rbbbbbldd,120,"{'1': 199.37282684294163, '2': 319.37282684294166}",[],[],0.0,{},{},0.0,5.714233,{},Action
24,42,0x47,2,2.991821,Match,Mismatch,bddrbbbbb,120,"{'1': 152.44465101465437, '2': 272.44465101465437}",[],[],0.0,{},{},0.0,2.991821,{},Action
24,43,0x47,2,8.422974,Mismatch,Mismatch,bddddddrd,180,"{'1': 105.58939026884474, '2': 285.58939026884474}","[0.0, 0.0, 359.1, 357.86, 356.51, 355.11, 353.67, 353.67, 351.96, 349.47, 346.98, 342.71, 337.74, 332.78, 327.82, 322.87, 317.91, 313.91, 313.14, 312.69, 311.29, 309.23, 306.75, 304.14, 301.52, 298.89, 297.15, 296.38, 294.35, 289.71, 284.76, 279.82, 274.89, 269.97, 265.05, 260.13, 256.17, 256.17, 254.64, 249.7, 244.77, 239.85, 234.93, 230.01, 225.09, 220.17, 215.25]","[2.491943, 2.506226, 2.520264, 2.533447, 2.547485, 2.561523, 2.950684, 2.964722, 2.978516, 2.991821, 3.005859, 3.02002, 3.033447, 3.047607, 3.064209, 3.075562, 3.088501, 3.102783, 4.783813, 4.797974, 4.811401, 4.825562, 4.839722, 4.853027, 4.867188, 4.881104, 5.394775, 5.40918, 5.423218, 5.43689, 5.450439, 5.4646, 5.47876, 5.492065, 5.506226, 5.520264, 5.533691, 6.048096, 6.062256, 6.075684, 6.089844, 6.10376, 6.117676, 6.131104, 6.145386, 6.159424, 6.172974]",4.0,"{'1': 39.765836748238456, '2': 14.043100391505554, '3': 41.03004857194582, '4': 39.84014169741701}","{'1': 0.1599999999999997, '2': 0.09999999999999964, '3': 0.16000000000000014, '4': 0.1299999999999999}",2.95,6.17,"{'1': {'start': 2.95, 'end': 3.11}, '2': {'start': 4.78, 'end': 4.88}, '3': {'start': 5.38, 'end': 5.54}, '4': {'start': 6.04, 'end': 6.17}}",Action
24,44,0x47,2,6.742065,Mismatch,Mismatch,lllllbbul,120,"{'1': 222.9071856336368, '2': 342.9071856336368}","[0.0, 0.23, 1.24, 3.15, 6.74, 11.73, 16.73, 21.73, 26.73, 31.71, 36.69, 41.65, 46.61, 51.57, 56.52, 59.81, 60.83, 60.83, 60.49, 60.13, 59.17, 57.96, 56.69, 55.27, 53.81, 51.74, 49.4, 47.05, 44.71, 42.37, 40.02, 37.67, 35.32, 33.03, 31.04, 29.62, 28.83, 28.56, 28.56, 27.65, 25.03, 20.84, 15.93, 11.05, 6.16, 1.27, 356.39, 351.5, 346.61, 341.72, 336.84, 331.95, 327.06, 322.17, 317.27, 312.37, 310.72, 310.06, 308.99, 304.88, 299.9, 294.92, 289.94, 284.95, 279.97, 274.99, 270.01, 265.03, 260.05, 255.07, 250.09, 245.11, 241.1, 240.37, 240.37, 240.37, 241.56, 243.14, 244.82, 246.49, 247.65, 248.09, 248.09, 250.54, 255.54, 260.54, 265.54, 270.53, 275.52, 280.5, 285.48, 290.46, 295.43, 300.39, 305.35, 310.32, 315.28, 320.24, 325.2, 330.16, 335.12, 340.08, 345.04, 349.99, 354.95, 359.89, 4.84, 9.78, 14.72, 19.66, 24.6, 29.54, 34.48, 39.42, 44.36, 49.29, 54.23, 59.16, 64.09, 69.02, 73.95, 78.87, 83.78]","[2.894165, 2.908569, 2.922607, 2.935913, 2.949951, 2.963989, 2.977783, 2.991455, 3.005615, 3.019653, 3.033203, 3.047363, 3.061401, 3.074829, 3.089111, 3.103027, 3.574829, 3.589111, 3.603149, 3.616455, 3.630737, 3.644653, 3.658569, 3.672241, 3.686157, 3.700317, 3.713745, 3.727783, 3.741821, 3.755371, 3.769531, 3.783569, 3.797241, 3.810669, 3.825073, 3.838989, 3.852661, 4.158325, 4.172119, 4.186401, 4.200562, 4.213867, 4.228027, 4.242188, 4.255493, 4.269531, 4.283691, 4.297363, 4.310913, 4.325073, 4.339111, 4.352539, 4.366699, 4.380859, 4.394165, 4.408325, 4.422485, 4.797363, 4.811157, 4.825439, 4.839233, 4.852661, 4.866943, 4.880981, 4.894409, 4.908569, 4.923584, 4.935913, 4.950073, 4.964111, 4.978027, 4.991577, 5.005615, 5.019531, 5.547363, 5.561646, 5.575073, 5.589233, 5.603149, 5.616577, 5.630859, 5.700195, 5.713989, 5.728149, 5.742065, 5.755615, 5.769775, 5.783813, 5.797607, 5.811157, 5.825439, 5.839233, 5.852783, 5.867065, 5.880981, 5.894409, 5.908691, 5.922729, 5.936157, 5.950439, 5.964355, 5.978271, 5.991699, 6.005981, 6.02002, 6.033691, 6.047729, 6.061523, 6.074951, 6.089233, 6.103271, 6.116699, 6.130981, 6.144897, 6.158691, 6.172241, 6.186523, 6.200684, 6.214233, 6.228271, 6.242188, 6.255615, 6.269897]",5.0,"{'1': 59.73190305951539, '2': -31.824709665735522, '3': 20.733230704389133, '4': 69.70296309732765, '5': -31.533720998127592}","{'1': 0.20999999999999996, '2': 0.26000000000000023, '3': 0.2699999999999996, '4': 0.23000000000000043, '5': 0.5599999999999996}",2.9,6.26,"{'1': {'start': 2.9, 'end': 3.11}, '2': {'start': 3.59, 'end': 3.85}, '3': {'start': 4.16, 'end': 4.43}, '4': {'start': 4.79, 'end': 5.0200000000000005}, '5': {'start': 5.7, 'end': 6.26}}",Action
24,45,0x47,2,8.879517,Mismatch,Mismatch,rrrbbbddb,180,"{'1': 239.38605794444993, '2': 59.38605794444992}",[],[],0.0,{},{},0.0,8.879517,{},Action
24,46,0x47,2,6.97876,Mismatch,Mismatch,uubbbrrrb,60,"{'1': 336.0058570321069, '2': 36.00585703210692}","[0.0, 2.83, 7.82, 12.8, 17.77, 22.75, 27.73, 32.7, 37.68, 42.66, 47.63, 52.61, 57.59, 62.56, 67.52, 72.49, 77.44, 82.4, 87.35, 92.31, 97.27, 102.22, 107.18, 112.14, 117.09, 122.05, 125.99, 128.12]","[4.547485, 4.56189, 4.575928, 4.589355, 4.603516, 4.61731, 4.630859, 4.64502, 4.658936, 4.672607, 4.686768, 4.700684, 4.7146, 4.728027, 4.742188, 4.756104, 4.769775, 4.783813, 4.797852, 4.811523, 4.825562, 4.839478, 4.853027, 4.86731, 4.881226, 4.89502, 4.908569, 4.922729]",1.0,{'1': 127.70949364406775},{'1': 0.3899999999999997},4.53,4.92,"{'1': {'start': 4.53, 'end': 4.92}}",Action
24,47,0x47,2,11.70007,Mismatch,Mismatch,uuuubbbur,120,"{'1': 154.47688439157997, '2': 34.47688439157997}","[0.0, 0.0, 0.71, 2.25, 5.54, 9.74, 14.72, 19.68, 19.89, 19.89, 20.17, 22.34, 27.32, 32.3, 37.28, 42.26, 47.23, 52.21, 57.19, 62.17, 67.15, 69.73, 69.73, 70.32, 73.79, 78.77, 83.75, 88.73, 93.71, 98.69, 103.67, 108.64, 113.6, 116.78, 117.74, 122.68, 127.6, 132.52, 137.44, 142.36, 147.29, 152.21, 157.12, 162.02, 163.38, 163.7, 165.43, 170.42, 175.41, 180.39, 185.37, 190.34, 195.32, 200.31, 205.31, 210.28, 211.32, 214.24, 219.24, 224.24, 229.24, 234.23, 239.19, 244.11, 244.57, 249.57, 254.57, 259.57, 264.57, 269.57, 274.57, 279.55, 284.51, 285.49, 288.96, 293.96, 298.95, 303.95, 308.93, 313.89, 318.85, 319.85, 320.72, 323.66, 328.66, 333.66, 338.66, 343.65, 348.64, 353.63, 356.45, 358.53, 358.53, 358.74, 0.03, 5.03, 10.03, 15.03, 20.02, 25.02, 30.02, 35.02, 40.02, 45.02, 50.01, 54.96, 59.89]","[5.519409, 5.533569, 5.547485, 5.560913, 5.575073, 5.589111, 5.602539, 5.616699, 7.353149, 7.367065, 7.381226, 7.395142, 7.409058, 7.422607, 7.436646, 7.450562, 7.464233, 7.478394, 7.492188, 7.505859, 7.52002, 7.533936, 7.866821, 7.881104, 7.89502, 7.908936, 7.922485, 7.936646, 7.950562, 7.964111, 7.978271, 7.992188, 8.005737, 8.241699, 8.256104, 8.270142, 8.283691, 8.297974, 8.311646, 8.325195, 8.339233, 8.353271, 8.366821, 8.381104, 8.589355, 8.603027, 8.61731, 8.631226, 8.644775, 8.658936, 8.672852, 8.686279, 8.700439, 8.714355, 8.728271, 8.741943, 9.130981, 9.144775, 9.158691, 9.172729, 9.186279, 9.200317, 9.214233, 9.464111, 9.478394, 9.49231, 9.505859, 9.519897, 9.533813, 9.547852, 9.561279, 9.575439, 10.15857, 10.17285, 10.1864, 10.20044, 10.21448, 10.22827, 10.2417, 10.25598, 10.2699, 10.51978, 10.53381, 10.54773, 10.56128, 10.57544, 10.58936, 10.60278, 10.61694, 10.63098, 10.64453, 10.65857, 11.03345, 11.04761, 11.06128, 11.07532, 11.08923, 11.10278, 11.11694, 11.13074, 11.14441, 11.15857, 11.17249, 11.18591, 11.2002, 11.21399, 11.22803]",10.0,"{'1': 19.680399211034008, '2': 49.781967375185374, '3': 43.92745136928826, '4': 45.45576050200407, '5': -13.69663500922718, '6': -28.012905048240313, '7': -35.756635053699355, '8': -34.41329496187808, '9': -38.71913878661753, '10': 55.60034900284898}","{'1': 0.09999999999999964, '2': 0.16999999999999993, '3': 0.14999999999999947, '4': 0.16000000000000014, '5': 0.16000000000000014, '6': 0.09999999999999964, '7': 0.129999999999999, '8': 0.11999999999999922, '9': 0.15000000000000036, '10': 0.19000000000000128}",5.5200000000000005,11.22,"{'1': {'start': 5.5200000000000005, 'end': 5.62}, '2': {'start': 7.37, 'end': 7.54}, '3': {'start': 7.86, 'end': 8.01}, '4': {'start': 8.23, 'end': 8.39}, '5': {'start': 8.59, 'end': 8.75}, '6': {'start': 9.120000000000001, 'end': 9.22}, '7': {'start': 9.450000000000001, 'end': 9.58}, '8': {'start': 10.15, 'end': 10.27}, '9': {'start': 10.51, 'end': 10.66}, '10': {'start': 11.03, 'end': 11.22}}",Action
24,48,0x47,2,7.893311,Mismatch,Mismatch,bdddllbbb,0,"{'1': 321.7488399901926, '2': 321.7488399901926}",[],[],0.0,{},{},0.0,7.893311,{},Action
24,49,0x47,2,15.36584,Mismatch,Mismatch,llbbbrruu,0,"{'1': 303.78990009888344, '2': 303.78990009888344}","[0.0, 0.17, 4.15, 9.09, 14.03, 18.97, 23.92, 28.89, 33.87, 38.85, 43.83, 48.81, 53.8, 58.78, 63.77, 68.75, 73.74, 78.74, 83.73, 88.73, 93.73, 98.73, 103.73, 108.73, 113.73, 118.72, 123.72, 128.72, 133.72, 138.72, 143.56, 144.62, 145.09, 150.09, 155.09, 160.09, 165.09, 170.08, 175.07, 180.06, 185.04, 190.0, 194.95, 199.9, 204.85, 207.68, 207.94, 212.92, 217.89, 222.87, 227.84, 232.81, 237.78, 242.74, 247.66, 252.57]","[10.71399, 10.72791, 10.74194, 10.75623, 10.76941, 10.78357, 10.79749, 10.81104, 10.8252, 10.83911, 10.85303, 10.86646, 10.88062, 10.89453, 10.90808, 10.92236, 10.93616, 10.94983, 10.96399, 10.97791, 10.99158, 11.00562, 11.01965, 11.03357, 11.047, 11.06116, 11.07507, 11.08875, 11.10291, 11.11682, 11.13037, 11.56104, 11.5752, 11.58887, 11.60303, 11.61694, 11.63037, 11.64453, 11.65857, 11.672, 11.68616, 11.70007, 11.71399, 11.72742, 11.74158, 13.2135, 13.22729, 13.24146, 13.25537, 13.26892, 13.28308, 13.297, 13.31055, 13.32471, 13.33862, 13.35229]",3.0,"{'1': 143.42783763837693, '2': 10.540983757670062, '3': -44.07420553125125}","{'1': 0.41999999999999993, '2': 0.1999999999999993, '3': 0.1399999999999988}",10.71,13.35,"{'1': {'start': 10.71, 'end': 11.13}, '2': {'start': 11.55, 'end': 11.75}, '3': {'start': 13.21, 'end': 13.35}}",Action
25,0,0x47,1,3.449463,Mismatch,Match,ffuubllll,180,"{'1': 141.01252592521425, '2': 321.0125259252143}",[],[],0.0,{},{},0.0,3.449463,{},Action
25,1,0x47,1,3.11377,Match,Match,ffffuulff,60,"{'1': 306.20710040785946, '2': 6.207100407859443}",[],[],0.0,{},{},0.0,3.11377,{},Action
25,2,0x47,1,6.245972,Mismatch,Match,uuuubbbur,120,"{'1': 61.2296761451497, '2': 301.2296761451497}",[],[],0.0,{},{},0.0,6.245972,{},Action
25,3,0x47,1,3.183838,Match,Match,bdddbllll,180,"{'1': 207.7532784862651, '2': 27.75327848626509}",[],[],0.0,{},{},0.0,3.183838,{},Action
25,4,0x47,1,1.349609,Match,Match,bbddbblll,0,"{'1': 139.45221934803715, '2': 139.45221934803715}",[],[],0.0,{},{},0.0,1.349609,{},Action
25,5,0x47,1,3.490723,Match,Match,llbbbbbru,60,"{'1': 295.43970714397886, '2': 355.43970714397886}",[],[],0.0,{},{},0.0,3.490723,{},Action
25,6,0x47,1,1.639526,Match,Match,uuubbrrrf,0,"{'1': 23.593775541817998, '2': 23.593775541817998}",[],[],0.0,{},{},0.0,1.639526,{},Action
25,7,0x47,1,10.0603,Mismatch,Match,llbbbbbru,180,"{'1': 139.17132380017154, '2': 319.17132380017154}",[],[],0.0,{},{},0.0,10.0603,{},Action
25,8,0x47,1,2.073242,Match,Match,uubbbbruu,0,"{'1': 73.06416690651355, '2': 73.06416690651355}",[],[],0.0,{},{},0.0,2.073242,{},Action
25,9,0x47,1,4.894287,Match,Match,uuuuubbul,120,"{'1': 327.2815754248877, '2': 207.2815754248877}","[0.0, 1.02, 5.19, 10.19, 15.19, 20.19, 25.18, 30.18, 35.17, 40.16, 45.14, 50.13, 55.11, 60.09, 65.07, 70.05, 75.03, 80.0, 84.95, 89.87, 92.85, 93.03, 95.92, 100.91, 105.91, 110.91, 115.91, 120.91, 125.89, 130.85]","[2.047119, 2.061157, 2.077515, 2.088867, 2.102051, 2.115845, 2.130005, 2.144043, 2.157593, 2.171753, 2.185791, 2.199463, 2.213501, 2.227539, 2.241455, 2.255005, 2.269165, 2.283203, 2.296753, 2.311035, 3.116577, 3.130737, 3.144775, 3.158203, 3.172241, 3.186279, 3.200073, 3.213989, 3.228027, 3.242188]",2.0,"{'1': 89.90316487532618, '2': 37.19012333078801}","{'1': 0.2799999999999998, '2': 0.1200000000000001}",2.04,3.24,"{'1': {'start': 2.04, 'end': 2.32}, '2': {'start': 3.12, 'end': 3.24}}",Action
25,10,0x47,1,4.586914,Match,Match,lllbbbubb,120,"{'1': 211.65659816141226, '2': 331.65659816141226}",[],[],0.0,{},{},0.0,4.586914,{},Action
25,11,0x47,1,3.185913,Match,Match,ffuuuurrf,0,"{'1': 163.4431493369379, '2': 163.4431493369379}",[],[],0.0,{},{},0.0,3.185913,{},Action
25,12,0x47,1,13.9845,Match,Match,lllbbbluu,180,"{'1': 74.21164729227829, '2': 254.2116472922783}","[0.0, 0.99, 3.88, 8.88, 13.88, 18.88, 23.84, 28.79, 33.72, 38.63, 43.54, 48.44, 53.35, 58.26, 63.18, 68.11, 73.04, 74.61, 74.61, 75.07, 77.95, 82.94, 87.94, 92.93, 97.93, 102.93, 107.92, 112.92, 117.92, 122.92, 127.91, 132.91, 137.91, 142.91, 147.91, 152.91, 157.73, 158.66]","[10.70728, 10.72144, 10.73511, 10.74915, 10.76306, 10.7771, 10.79041, 10.80457, 10.82007, 10.83252, 10.84631, 10.86023, 10.87366, 10.88782, 10.90186, 10.91528, 10.92944, 10.94348, 11.9292, 11.94348, 11.95728, 11.97083, 11.98499, 11.9989, 12.01245, 12.02661, 12.04065, 12.05408, 12.06836, 12.08228, 12.09607, 12.10974, 12.12378, 12.13794, 12.15125, 12.16553, 12.17944, 12.19287]",2.0,"{'1': 74.61, '2': 83.85125837676843}","{'1': 0.25, '2': 0.2699999999999996}",10.7,12.19,"{'1': {'start': 10.700000000000001, 'end': 10.950000000000001}, '2': {'start': 11.92, 'end': 12.19}}",Action
25,13,0x47,1,6.40686,Match,Match,lllbbbluu,120,"{'1': 49.06182814696495, '2': 289.06182814696496}","[0.0, 5.0, 9.98, 14.92, 19.87, 24.81, 29.75, 34.7, 39.64, 44.58, 49.53, 54.47, 59.42, 64.36, 69.31, 74.25, 79.2, 84.14, 89.09, 94.04, 99.0, 103.95, 108.91, 113.87, 118.83, 123.8, 128.77, 132.22, 133.59, 133.59, 132.52, 131.03, 128.87, 126.67, 124.48, 122.29]","[4.031372, 4.045776, 4.059204, 4.073364, 4.087158, 4.100708, 4.114868, 4.128784, 4.1427, 4.156128, 4.170288, 4.18457, 4.197998, 4.212036, 4.225952, 4.239502, 4.253662, 4.267578, 4.28125, 4.29541, 4.309204, 4.32312, 4.336548, 4.35083, 4.36499, 4.378418, 4.3927, 4.406494, 5.212158, 5.226318, 5.23999, 5.254028, 5.267944, 5.281982, 5.295288, 5.30957]",2.0,"{'1': 132.22596181534735, '2': -9.828867865466947}","{'1': 0.3899999999999997, '2': 0.08999999999999986}",4.0200000000000005,5.3,"{'1': {'start': 4.0200000000000005, 'end': 4.41}, '2': {'start': 5.21, 'end': 5.3}}",Action
25,14,0x47,1,7.906982,Match,Match,rrrbbbddb,60,"{'1': 301.61472286467193, '2': 241.61472286467193}",[],[],0.0,{},{},0.0,7.906982,{},Action
25,15,0x47,1,4.762695,Match,Match,ffuulllbb,180,"{'1': 306.59847661183176, '2': 126.59847661183176}",[],[],0.0,{},{},0.0,4.762695,{},Action
25,16,0x47,1,4.922363,Match,Match,uuuubbbur,0,"{'1': 144.69842768508727, '2': 144.69842768508727}",[],[],0.0,{},{},0.0,4.922363,{},Action
25,17,0x47,1,5.364502,Match,Match,rrrrbbbdr,60,"{'1': 136.7754625777664, '2': 76.7754625777664}",[],[],0.0,{},{},0.0,5.364502,{},Action
25,18,0x47,1,12.78308,Match,Match,rbbbbbbub,120,"{'1': 37.439543543513466, '2': 157.43954354351348}","[0.0, 0.0, 1.29, 6.29, 11.29, 16.29, 21.29, 26.29, 31.29, 36.28, 41.28, 46.28, 51.28, 56.28, 61.28, 66.28, 71.28, 76.27, 81.27, 86.27, 91.27, 96.27, 101.26, 106.26, 111.26, 116.25, 121.25, 126.24, 131.23, 136.22, 141.21, 146.19, 151.18, 156.16, 161.15, 166.13, 171.12, 176.1, 181.09, 186.07, 191.06, 196.04, 201.02, 206.01, 210.99, 215.98, 220.96, 225.95, 230.93, 235.92, 236.95, 236.95, 236.58, 235.78, 231.32, 226.36, 221.37, 216.37, 211.38, 206.41, 201.43, 196.46, 191.5, 186.55, 182.72, 182.72, 186.18, 191.17, 196.15, 201.14, 206.11, 211.07, 216.02, 220.96, 225.9, 230.84]","[7.269531, 7.286621, 7.297729, 7.310913, 7.325317, 7.339111, 7.352661, 7.366943, 7.380859, 7.394409, 7.408569, 7.422485, 7.436035, 7.450195, 7.464233, 7.478149, 7.491577, 7.505859, 7.519897, 7.533203, 7.547607, 7.561523, 7.575073, 7.589233, 7.603027, 7.616577, 7.630737, 7.644775, 7.658691, 7.672241, 7.686401, 7.700439, 7.713989, 7.728027, 7.742065, 7.755615, 7.769775, 7.783691, 7.797607, 7.811035, 7.825317, 7.839233, 7.852783, 7.866943, 7.880981, 7.894409, 7.908691, 7.922607, 7.936279, 7.950317, 8.478149, 8.491943, 8.506226, 8.520142, 8.533447, 8.547729, 8.561646, 8.575195, 8.589233, 8.603271, 8.616821, 8.630981, 8.644775, 8.658691, 10.71387, 10.72815, 10.7428, 10.75574, 10.76965, 10.78357, 10.79761, 10.81104, 10.8252, 10.83923, 10.85266, 10.86694]",3.0,"{'1': 124.19268200598373, '2': 50.40243943228302, '3': -45.71197560254478}","{'1': 0.6799999999999997, '2': 0.16999999999999993, '3': 0.14999999999999858}",7.27,10.86,"{'1': {'start': 7.2700000000000005, 'end': 7.95}, '2': {'start': 8.49, 'end': 8.66}, '3': {'start': 10.71, 'end': 10.86}}",Action
25,19,0x47,1,2.142456,Match,Match,lllllbbul,0,"{'1': 286.15315231327975, '2': 286.15315231327975}",[],[],0.0,{},{},0.0,2.142456,{},Action
25,20,0x47,1,4.408447,Match,Match,uubbbrrrb,0,"{'1': 195.73192850291352, '2': 195.73192850291352}",[],[],0.0,{},{},0.0,4.408447,{},Action
25,21,0x47,1,12.2948,Match,Match,bbddbblll,120,"{'1': 163.36054686919215, '2': 43.36054686919215}","[0.0, 359.49, 358.0, 353.03, 348.08, 343.12, 338.17, 333.23, 328.29, 323.35, 318.41, 313.47, 308.53, 303.6, 298.67, 293.73, 288.8, 283.87, 278.94, 274.0, 269.07, 264.14, 259.21, 254.28, 249.35, 244.42, 239.48, 234.55, 229.62, 224.69, 219.76, 214.83, 209.9, 204.97, 204.18, 204.18, 202.99, 200.04, 195.87, 190.87, 185.87, 180.87, 175.87, 170.87, 165.87, 160.87, 155.87, 150.87, 145.88, 140.88, 135.88, 130.88, 125.89, 120.89, 115.89, 110.9, 105.9, 100.91, 98.7]","[7.753906, 7.7677, 7.78125, 7.795532, 7.809326, 7.822876, 7.837402, 7.850952, 7.864502, 7.878784, 7.892456, 7.906128, 7.92041, 7.934326, 7.948242, 7.961792, 7.975952, 7.990234, 8.003418, 8.017456, 8.031494, 8.044922, 8.059204, 8.073242, 8.087036, 8.100586, 8.114746, 8.128784, 8.142212, 8.156372, 8.17041, 8.18396, 8.19812, 8.212158, 9.044922, 9.059326, 9.073364, 9.087036, 9.100586, 9.11499, 9.128784, 9.142212, 9.156494, 9.170288, 9.183838, 9.197998, 9.211914, 9.225464, 9.239624, 9.25354, 9.267456, 9.281006, 9.295166, 9.309082, 9.322632, 9.336914, 9.350708, 9.364258, 9.378662]",2.0,"{'1': 155.03743929852877, '2': -55.790992779783565}","{'1': 0.47000000000000064, '2': 0.3200000000000003}",7.75,9.37,"{'1': {'start': 7.75, 'end': 8.22}, '2': {'start': 9.05, 'end': 9.370000000000001}}",Action
25,22,0x47,1,3.920898,Match,Match,llbbbbbru,60,"{'1': 195.36064137768687, '2': 135.36064137768687}",[],[],0.0,{},{},0.0,3.920898,{},Action
25,23,0x47,1,2.61499,Match,Match,bddrddddd,0,"{'1': 287.6338668155782, '2': 287.6338668155782}",[],[],0.0,{},{},0.0,2.61499,{},Action
25,24,0x47,1,2.307861,Match,Match,ffuubrrrr,0,"{'1': 47.724015528108644, '2': 47.724015528108644}",[],[],0.0,{},{},0.0,2.307861,{},Action
25,25,0x47,1,6.909058,Mismatch,Mismatch,bddrbbbbb,0,"{'1': 47.51993589081801, '2': 47.51993589081801}",[],[],0.0,{},{},0.0,6.909058,{},Action
25,26,0x47,1,8.807861,Mismatch,Mismatch,ffuulllbb,120,"{'1': 298.22332816260985, '2': 178.22332816260982}","[0.0, 0.42, 2.57, 7.53, 12.47, 17.42, 22.36, 27.33, 32.32, 37.32, 42.31, 47.31, 52.31, 57.31, 62.31, 67.31, 72.31, 77.31, 78.31, 83.3, 88.29, 93.29, 98.28, 103.28, 108.28, 113.28, 118.27, 123.27, 128.27, 132.87, 133.37, 135.05, 140.05, 145.05, 150.04, 155.03, 160.03, 165.02, 170.01, 175.01, 180.0, 184.99, 189.97, 194.95, 199.93, 204.9, 209.87, 214.85, 219.82, 224.8, 229.77, 234.75, 239.73, 242.7, 243.7, 244.15, 247.13, 252.12, 257.12, 262.12, 267.12, 272.12, 277.12, 282.12, 287.12, 292.12, 297.12, 301.71]","[4.641113, 4.654907, 4.669067, 4.682861, 4.69812, 4.710205, 4.724243, 4.738281, 4.751709, 4.765869, 4.780029, 4.793457, 4.807739, 4.821777, 4.835327, 4.849487, 4.863525, 4.877319, 5.405029, 5.419312, 5.432739, 5.447021, 5.460938, 5.474487, 5.488647, 5.502563, 5.516357, 5.529907, 5.544067, 6.807983, 6.822266, 6.83606, 6.849609, 6.863892, 6.87793, 6.891235, 6.905396, 6.919312, 6.932739, 6.947021, 6.960938, 6.974609, 6.988647, 7.002686, 7.016602, 7.029907, 7.044067, 7.058105, 7.071533, 7.085815, 7.099854, 7.113281, 7.127563, 7.141602, 8.057983, 8.071655, 8.085815, 8.099854, 8.113281, 8.127563, 8.141602, 8.155029, 8.169189, 8.183105, 8.197021, 8.210449, 8.224609, 8.238647]",4.0,"{'1': 77.31508044190939, '2': 50.01007270629273, '3': -15.550110322712811, '4': -55.19140484569388}","{'1': 0.25, '2': 0.16000000000000014, '3': 0.35000000000000053, '4': 0.17999999999999972}",4.63,8.23,"{'1': {'start': 4.63, 'end': 4.88}, '2': {'start': 5.39, 'end': 5.55}, '3': {'start': 6.8, 'end': 7.15}, '4': {'start': 8.05, 'end': 8.23}}",Action
25,27,0x47,1,7.37915,Mismatch,Mismatch,bdddbllll,180,"{'1': 214.65576011787874, '2': 34.65576011787874}","[0.0, 1.72, 6.67, 11.62, 16.57, 21.54, 26.53, 31.53, 36.53, 41.52, 46.52, 51.52, 56.52, 61.52, 66.52, 71.52, 76.52, 81.52, 86.51, 91.51, 96.51, 101.51, 106.51, 111.51, 116.51, 121.51, 126.51, 131.5, 136.5, 141.5, 146.5, 151.5, 156.5, 161.5, 164.54, 165.26, 166.76, 169.87, 174.84, 179.82, 184.79, 189.77, 194.75, 199.73, 204.68]","[5.29541, 5.309814, 5.323975, 5.337402, 5.351563, 5.365479, 5.378906, 5.393188, 5.407104, 5.421021, 5.43457, 5.44873, 5.462769, 5.476074, 5.490356, 5.50415, 5.5177, 5.53186, 5.546021, 5.559692, 5.57373, 5.587646, 5.601563, 5.61499, 5.62915, 5.643311, 5.656738, 5.670898, 5.684937, 5.698364, 5.712646, 5.72644, 5.740112, 5.75415, 5.768188, 6.268188, 6.282349, 6.295898, 6.310059, 6.324219, 6.337524, 6.351563, 6.365479, 6.378906, 6.393311]",2.0,"{'1': 164.54260928, '2': -8.79044808597044}","{'1': 0.4900000000000002, '2': 0.13000000000000078}",5.28,6.390000000000001,"{'1': {'start': 5.28, 'end': 5.7700000000000005}, '2': {'start': 6.26, 'end': 6.390000000000001}}",Action
25,28,0x47,1,6.656494,Mismatch,Mismatch,lllbbbluu,180,"{'1': 122.8519640732085, '2': 302.8519640732085}",[],[],0.0,{},{},0.0,6.656494,{},Action
25,29,0x47,1,7.283325,Match,Mismatch,dbbbblllu,60,"{'1': 311.29176049123134, '2': 11.291760491231337}","[0.0, 0.31, 5.31, 10.31, 15.31, 20.31, 25.31, 30.31, 35.31, 40.31, 45.29, 50.26, 55.22, 60.18, 65.14, 70.09, 75.05, 80.0, 84.96, 89.91, 94.87, 99.82, 104.78, 109.73, 114.69, 119.64, 124.57, 129.5, 134.42, 137.92, 138.46, 138.46, 139.91, 144.87, 149.82, 154.77, 159.71, 164.64, 169.57, 174.49, 179.42, 184.34, 189.26, 194.18, 199.1, 204.03, 205.0]","[4.463623, 4.477417, 4.491577, 4.505249, 4.519165, 4.532837, 4.546753, 4.560913, 4.574585, 4.588623, 4.602661, 4.616211, 4.630371, 4.644287, 4.657715, 4.671753, 4.687256, 4.699829, 4.713257, 4.727417, 4.741455, 4.754883, 4.769287, 4.783203, 4.796631, 4.810791, 4.824707, 4.838257, 4.852417, 4.866333, 4.880249, 5.310791, 5.324829, 5.338257, 5.352539, 5.366699, 5.380371, 5.393921, 5.408325, 5.421997, 5.435425, 5.449829, 5.463501, 5.477051, 5.491333, 5.505371, 5.519287]",2.0,"{'1': 138.4503377407301, '2': 17.187340471399864}","{'1': 0.41999999999999993, '2': 0.20999999999999996}",4.46,5.51,"{'1': {'start': 4.46, 'end': 4.88}, '2': {'start': 5.3, 'end': 5.51}}",Action
25,30,0x47,1,3.80957,Mismatch,Mismatch,ffuuuurrf,0,"{'1': 234.25728354991557, '2': 234.25728354991557}",[],[],0.0,{},{},0.0,3.80957,{},Action
25,31,0x47,1,8.782959,Mismatch,Mismatch,lllllbbul,60,"{'1': 203.66426824050228, '2': 263.6642682405023}",[],[],0.0,{},{},0.0,8.782959,{},Action
25,32,0x47,1,11.93579,Mismatch,Mismatch,ffuubllll,180,"{'1': 109.27914908410541, '2': 289.2791490841054}",[],[],0.0,{},{},0.0,11.93579,{},Action
25,33,0x47,1,3.533936,Match,Mismatch,ffuubrrrr,120,"{'1': 343.72926954266376, '2': 223.72926954266376}",[],[],0.0,{},{},0.0,3.533936,{},Action
25,34,0x47,1,5.352539,Mismatch,Mismatch,rrrrbbbdr,180,"{'1': 317.7985342711035, '2': 137.7985342711035}",[],[],0.0,{},{},0.0,5.352539,{},Action
25,35,0x47,1,4.651367,Mismatch,Mismatch,lllbbbluu,180,"{'1': 296.74488825665884, '2': 116.74488825665884}",[],[],0.0,{},{},0.0,4.651367,{},Action
25,36,0x47,1,4.266113,Mismatch,Mismatch,ffuuuurrf,120,"{'1': 311.6612114464111, '2': 191.66121144641107}","[0.0, 0.0, 359.5, 358.45, 355.43, 350.44, 345.46, 340.48, 335.51, 330.53, 325.56, 320.58, 315.61, 310.64, 305.67, 300.71, 295.76, 290.8, 286.49, 282.5]","[2.752441, 2.766113, 2.780518, 2.794434, 2.808105, 2.821533, 2.835938, 2.849609, 2.863281, 2.877686, 2.891602, 2.904785, 2.918945, 2.933105, 2.946533, 2.960693, 2.974854, 2.98877, 3.002197, 3.016357]",1.0,{'1': 75.70872669491531},{'1': 0.25},2.76,3.01,"{'1': {'start': 2.7600000000000002, 'end': 3.0100000000000002}}",Action
25,37,0x47,1,20.07434,Mismatch,Mismatch,uubbbbruu,180,"{'1': 154.99121044213612, '2': 334.9912104421361}",[],[],0.0,{},{},0.0,20.07434,{},Action
25,38,0x47,1,6.936279,Mismatch,Mismatch,uuuubbbur,120,"{'1': 202.90282812361636, '2': 82.90282812361636}","[0.0, 359.22, 354.94, 350.03, 345.19, 340.37, 335.55, 330.76, 325.98, 321.2, 316.42, 311.64, 306.86, 302.08, 297.3, 292.52, 287.74, 282.96, 278.18, 273.4, 268.62, 263.84, 259.06, 254.28, 249.5, 244.73, 239.95, 235.17, 230.39, 225.61, 220.83, 216.04, 211.27, 206.83, 205.2, 204.87, 204.87, 202.46, 198.47, 193.48, 188.5, 183.52, 178.55, 173.57, 168.6, 163.63, 158.66, 153.68, 148.71, 143.74, 138.77, 133.8, 128.84, 123.89, 118.94, 114.66, 111.74, 109.39, 109.02, 108.52, 107.0, 102.78, 97.83, 92.89, 87.95, 83.01, 78.07, 73.13, 68.19, 63.26, 58.32, 53.38, 48.44, 43.5, 38.56, 33.62, 28.68, 23.74, 18.8, 13.86, 8.92, 3.98, 1.42, 359.98]","[4.644043, 4.658203, 4.672119, 4.685547, 4.699951, 4.713623, 4.727051, 4.741455, 4.755371, 4.768799, 4.783203, 4.796875, 4.810547, 4.824707, 4.838379, 4.852295, 4.865967, 4.880127, 4.894043, 4.907715, 4.921875, 4.935791, 4.949219, 4.963623, 4.977539, 4.991211, 5.004883, 5.019287, 5.032959, 5.046631, 5.060791, 5.075928, 5.088379, 5.102295, 5.116211, 5.422119, 5.436035, 5.449707, 5.463867, 5.477783, 5.491699, 5.505127, 5.519531, 5.533447, 5.546875, 5.561035, 5.574951, 5.588623, 5.602783, 5.616699, 5.630127, 5.644287, 5.658447, 5.672852, 5.685791, 5.699951, 5.713623, 5.727295, 6.158447, 6.172363, 6.186035, 6.200195, 6.214111, 6.227539, 6.241943, 6.255859, 6.269287, 6.283447, 6.297363, 6.310791, 6.324951, 6.339111, 6.352783, 6.366455, 6.380615, 6.394531, 6.408203, 6.422363, 6.436035, 6.449707, 6.463867, 6.477783, 6.491699, 6.505371]",3.0,"{'1': 154.8040874053637, '2': -45.74003545577264, '3': -108.45726355688983}","{'1': 0.4900000000000002, '2': 0.3100000000000005, '3': 0.34999999999999964}",4.63,6.5,"{'1': {'start': 4.63, 'end': 5.12}, '2': {'start': 5.42, 'end': 5.73}, '3': {'start': 6.15, 'end': 6.5}}",Action
25,39,0x47,1,6.820801,Mismatch,Mismatch,ffuuuurrf,180,"{'1': 23.084144978593866, '2': 203.08414497859386}",[],[],0.0,{},{},0.0,6.820801,{},Action
25,40,0x47,1,5.683838,Mismatch,Mismatch,ffuulllbb,120,"{'1': 227.59360058105278, '2': 107.59360058105278}","[0.0, 0.58, 2.31, 7.25, 12.18, 17.12, 22.06, 27.0, 31.96, 36.95, 41.95, 46.95, 51.95, 56.95, 61.95, 66.95, 71.95, 76.95, 81.95, 86.95, 91.95, 96.94, 101.92, 106.87, 107.94, 108.37, 109.3, 113.67, 118.67, 123.67, 128.67, 133.67, 138.67, 143.67, 148.65, 153.63, 158.59, 163.55, 168.51, 173.47, 178.43, 183.39, 184.64, 184.64, 181.09, 176.68, 172.36, 168.06, 163.75, 159.44, 155.13, 150.83, 146.52, 142.21, 137.88, 133.53, 129.13, 124.66, 120.17, 115.44, 114.57]","[2.375488, 2.389404, 2.40332, 2.417236, 2.431152, 2.444824, 2.458984, 2.472656, 2.486572, 2.500488, 2.514404, 2.52832, 2.541992, 2.555908, 2.570068, 2.58374, 2.597656, 2.611572, 2.628174, 2.639404, 2.65332, 2.666992, 2.680908, 2.694824, 2.70874, 3.266602, 3.280518, 3.294678, 3.308838, 3.32251, 3.336182, 3.350342, 3.364258, 3.377686, 3.391846, 3.406006, 3.419434, 3.433594, 3.447754, 3.461426, 3.475098, 3.489258, 4.58667, 4.60083, 4.61499, 4.62915, 4.642578, 4.656006, 4.67041, 4.684082, 4.69751, 4.71167, 4.72583, 4.739258, 4.753418, 4.767578, 4.78125, 4.794434, 4.808838, 4.822998, 4.83667]",3.0,"{'1': 107.94097120793315, '2': 68.24424365097639, '3': -60.36556319485082}","{'1': 0.33999999999999986, '2': 0.22999999999999998, '3': 0.2400000000000002}",2.37,4.83,"{'1': {'start': 2.37, 'end': 2.71}, '2': {'start': 3.2600000000000002, 'end': 3.49}, '3': {'start': 4.59, 'end': 4.83}}",Action
25,41,0x47,1,6.657715,Mismatch,Mismatch,bddrbbbbb,180,"{'1': 233.6012371018068, '2': 53.60123710180679}",[],[],0.0,{},{},0.0,6.657715,{},Action
25,42,0x47,1,4.324219,Mismatch,Mismatch,bbdddbrrr,120,"{'1': 164.13087193940714, '2': 44.13087193940714}",[],[],0.0,{},{},0.0,4.324219,{},Action
25,43,0x47,1,8.739502,Mismatch,Mismatch,ddbbddddl,120,"{'1': 123.36232238432638, '2': 3.362322384326376}","[0.0, 359.34, 354.83, 350.34, 345.86, 341.4, 336.94, 332.48, 328.02, 323.55, 319.09, 314.67, 312.3, 312.81, 315.69, 320.66, 325.62, 330.58, 335.52, 340.45, 345.37, 350.29, 355.21, 0.13, 5.04, 9.96, 14.88, 19.8, 24.71, 29.62, 34.53, 39.43, 44.33, 45.54, 45.79, 47.33, 51.25, 56.25, 61.24, 66.24, 71.24, 76.24, 81.23, 86.19, 91.13, 96.05, 100.97, 105.9, 108.52]","[3.558594, 3.572266, 3.586426, 3.600586, 3.61377, 3.628174, 3.64209, 3.655518, 3.669678, 3.683594, 3.697266, 3.710938, 4.794434, 4.808838, 4.82251, 4.836426, 4.850586, 4.864502, 4.878418, 4.891846, 4.906006, 4.919922, 4.93335, 4.94751, 4.96167, 4.975098, 4.989258, 5.003174, 5.01709, 5.030518, 5.044678, 5.058838, 5.072266, 5.086426, 6.975342, 6.989746, 7.003662, 7.017578, 7.031006, 7.045166, 7.059082, 7.07251, 7.08667, 7.10083, 7.115479, 7.128418, 7.142334, 7.156006, 7.169922]",3.0,"{'1': 45.34982189135906, '2': -2.1498282059930105, '3': 60.863990863108704}","{'1': 0.16999999999999993, '2': 0.2999999999999998, '3': 0.20000000000000018}",3.5500000000000003,7.16,"{'1': {'start': 3.5500000000000003, 'end': 3.72}, '2': {'start': 4.79, 'end': 5.09}, '3': {'start': 6.96, 'end': 7.16}}",Action
25,44,0x47,1,6.006836,Mismatch,Mismatch,bdddbllll,0,"{'1': 70.1480750699135, '2': 70.1480750699135}",[],[],0.0,{},{},0.0,6.006836,{},Action
25,45,0x47,1,8.226318,Mismatch,Mismatch,ffuuuurrf,0,"{'1': 57.46423409253333, '2': 57.46423409253333}",[],[],0.0,{},{},0.0,8.226318,{},Action
25,46,0x47,1,6.573242,Mismatch,Mismatch,ffuuuurrf,120,"{'1': 156.70546274155146, '2': 276.70546274155146}",[],[],0.0,{},{},0.0,6.573242,{},Action
25,47,0x47,1,15.44861,Mismatch,Mismatch,lllbbbluu,60,"{'1': 134.81288844307005, '2': 74.81288844307005}",[],[],0.0,{},{},0.0,15.44861,{},Action
25,48,0x47,1,5.212646,Mismatch,Mismatch,llbbbrruu,180,"{'1': 61.4030776607808, '2': 241.4030776607808}",[],[],0.0,{},{},0.0,5.212646,{},Action
25,49,0x47,1,4.769287,Mismatch,Mismatch,rrrbbbddb,180,"{'1': 299.6112088373264, '2': 119.61120883732639}",[],[],0.0,{},{},0.0,4.769287,{},Action
26,0,0xD0,2,8.353333,Match,Match,ffuubllll,180,"{'1': 141.01252592521425, '2': 321.0125259252143}","[0.0, 3.55, 7.31, 11.37, 15.59, 20.07, 24.86, 29.75, 34.7, 39.7, 44.7, 49.69, 54.67, 59.62, 64.53, 69.42, 74.27, 79.05, 83.79, 88.42, 93.03, 97.55, 102.04, 106.51, 110.94, 115.31, 119.65, 123.88, 128.05, 132.1, 136.14, 140.17, 144.15, 148.09, 151.92, 155.68, 159.28, 159.81, 161.63, 165.52, 169.83, 174.04, 178.09, 182.13, 186.06]","[4.589478, 4.603577, 4.617493, 4.631042, 4.645142, 4.659058, 4.672546, 4.68689, 4.700684, 4.714233, 4.728516, 4.742371, 4.75592, 4.770203, 4.784058, 4.797913, 4.811401, 4.825684, 4.839539, 4.85437, 4.867493, 4.881287, 4.894775, 4.909119, 4.922913, 4.936829, 4.9505, 4.9646, 4.978516, 4.992188, 5.00647, 5.020264, 5.033813, 5.048035, 5.061951, 5.075439, 5.742554, 5.75647, 5.770569, 5.784546, 5.79834, 5.811951, 5.826294, 5.839966, 5.853333]",2.0,"{'1': 155.7046128478598, '2': 18.818111751729646}","{'1': 0.5, '2': 0.09999999999999964}",4.58,5.83,"{'1': {'start': 4.58, 'end': 5.08}, '2': {'start': 5.73, 'end': 5.83}}",Action
26,1,0xD0,2,9.32489,Match,Match,ffffuulff,60,"{'1': 306.20710040785946, '2': 6.207100407859443}","[0.0, 359.36, 358.73, 354.78, 350.36, 345.96, 341.56, 337.17, 332.77, 328.37, 323.97, 319.5, 314.99, 310.44, 305.68, 300.88, 296.02, 291.09, 286.13, 281.17, 276.19, 271.21, 266.22, 261.23, 256.24, 251.25, 246.25, 241.25, 236.25, 231.27, 226.32, 221.38, 216.46, 211.54]","[3.128662, 3.143127, 3.157043, 3.170715, 3.184875, 3.198853, 3.212402, 3.226624, 3.240601, 3.254456, 3.267944, 3.282166, 3.296204, 3.309875, 3.323975, 3.337891, 3.35144, 3.365601, 3.379578, 3.393066, 3.407471, 3.421326, 3.435181, 3.448792, 3.462952, 3.476929, 3.490479, 3.5047, 3.518555, 3.532166, 3.546265, 3.560303, 3.574158, 3.587708]",1.0,{'1': 145.66122804428042},{'1': 0.45999999999999996},3.12,3.58,"{'1': {'start': 3.12, 'end': 3.58}}",Action
26,2,0xD0,2,7.421265,Match,Match,uuuubbbur,120,"{'1': 61.2296761451497, '2': 301.2296761451497}","[0.0, 3.74, 7.89, 12.44, 17.42, 22.4, 27.31, 32.06, 36.69, 41.19, 45.62, 50.0, 54.29, 58.55, 62.77, 66.97, 71.16, 75.19, 79.03, 79.03, 80.12, 82.92, 87.82, 92.65, 97.43, 102.06, 106.57, 111.01, 115.21, 119.31, 123.34, 127.22, 131.03]","[3.837646, 3.85199, 3.865601, 3.879517, 3.89325, 3.90686, 3.921204, 3.934998, 3.948853, 3.962524, 3.976807, 3.990601, 4.004028, 4.018372, 4.032104, 4.045715, 4.060059, 4.073792, 4.795959, 4.810425, 4.824036, 4.838013, 4.851807, 4.868225, 4.879639, 4.892944, 4.906372, 4.920715, 4.935791, 4.949097, 4.962219, 4.976379, 4.990356]",2.0,"{'1': 75.22300998245558, '2': 51.902957716248125}","{'1': 0.2599999999999998, '2': 0.1900000000000004}",3.82,4.99,"{'1': {'start': 3.8200000000000003, 'end': 4.08}, '2': {'start': 4.8, 'end': 4.99}}",Action
26,3,0xD0,2,4.351013,Match,Match,bdddbllll,180,"{'1': 207.7532784862651, '2': 27.75327848626509}","[0.0, 3.69, 7.51, 11.46, 15.42, 19.4, 23.47, 27.57, 31.72, 35.99, 40.31, 44.78, 49.28, 53.79, 58.32, 62.85, 67.38, 71.92, 76.45, 80.98, 85.51, 90.04, 94.57, 99.11, 103.63, 108.16, 112.68, 117.19, 121.69, 126.17, 130.65, 135.11, 139.56, 144.0, 148.43, 152.84, 157.25, 161.64, 166.03, 170.42, 174.82, 179.29, 182.96]","[2.753479, 2.768127, 2.781799, 2.795593, 2.810425, 2.823547, 2.836853, 2.850464, 2.864929, 2.878845, 2.892334, 2.906616, 2.920471, 2.934021, 2.948303, 2.96228, 2.976074, 2.989807, 3.003967, 3.018494, 3.031372, 3.045288, 3.059143, 3.07312, 3.087158, 3.101013, 3.114929, 3.128601, 3.142822, 3.156677, 3.170288, 3.184753, 3.198486, 3.211792, 3.226196, 3.23999, 3.253662, 3.268005, 3.281799, 3.295593, 3.309265, 3.323547, 3.337402]",1.0,{'1': 178.17985506231628},{'1': 0.5800000000000001},2.74,3.3200000000000003,"{'1': {'start': 2.74, 'end': 3.3200000000000003}}",Action
26,4,0xD0,2,1.725952,Match,Match,bbddbblll,0,"{'1': 139.45221934803715, '2': 139.45221934803715}",[],[],0.0,{},{},0.0,1.725952,{},Action
26,5,0xD0,2,2.140381,Match,Match,llbbbbbru,60,"{'1': 295.43970714397886, '2': 355.43970714397886}",[],[],0.0,{},{},0.0,2.140381,{},Action
26,6,0xD0,2,2.827881,Match,Match,uuubbrrrf,0,"{'1': 23.593775541817998, '2': 23.593775541817998}",[],[],0.0,{},{},0.0,2.827881,{},Action
26,7,0xD0,2,8.653503,Match,Match,llbbbbbru,180,"{'1': 139.17132380017154, '2': 319.17132380017154}","[0.0, 356.44, 352.68, 348.88, 344.97, 340.99, 336.83, 332.51, 328.06, 323.37, 318.57, 313.69, 308.73, 303.75, 298.75, 293.76, 288.83, 283.91, 279.01, 274.17, 269.37, 264.62, 259.88, 255.15, 250.43, 245.71, 240.99, 236.26, 231.54, 226.82, 222.1, 217.38, 212.66, 207.93, 203.21, 198.49, 193.77, 189.05, 184.33, 179.61, 174.89, 170.18]","[4.430847, 4.444702, 4.458984, 4.472961, 4.486328, 4.500366, 4.514648, 4.528015, 4.54187, 4.555908, 4.569885, 4.583557, 4.597656, 4.611572, 4.625122, 4.63916, 4.653198, 4.66687, 4.680847, 4.694885, 4.708618, 4.725281, 4.736694, 4.75061, 4.763977, 4.778137, 4.792114, 4.805481, 4.819702, 4.833679, 4.847412, 4.861389, 4.875549, 4.888977, 4.903137, 4.917175, 4.930969, 4.944519, 4.958557, 4.972595, 4.986267, 5.000366]",1.0,{'1': 170.30226824597477},{'1': 0.5800000000000001},4.42,5.0,"{'1': {'start': 4.42, 'end': 5.0}}",Action
26,8,0xD0,2,2.946777,Match,Match,uubbbbruu,0,"{'1': 73.06416690651355, '2': 73.06416690651355}",[],[],0.0,{},{},0.0,2.946777,{},Action
26,9,0xD0,2,9.076111,Match,Match,uuuuubbul,120,"{'1': 327.2815754248877, '2': 207.2815754248877}","[0.0, 3.67, 7.85, 12.28, 16.83, 21.5, 26.24, 31.05, 35.88, 40.79, 45.74, 50.73, 55.73, 59.77, 63.32, 66.95, 70.61, 74.31, 78.06, 81.86, 85.74, 89.64, 93.59, 97.56, 101.56, 105.62, 109.7, 113.79, 117.9, 122.05, 126.35, 130.75, 135.22, 139.8, 144.5, 149.31, 154.13, 159.03, 163.94, 168.89, 173.89, 178.86, 183.76, 187.05]","[2.99231, 3.00647, 3.020203, 3.034302, 3.048279, 3.062317, 3.075562, 3.089783, 3.10376, 3.117188, 3.131531, 3.145447, 3.158936, 3.992859, 4.00708, 4.021179, 4.034241, 4.04834, 4.0625, 4.075928, 4.090088, 4.104065, 4.117554, 4.131653, 4.145691, 4.159241, 4.17334, 4.187378, 4.201416, 4.214661, 4.228882, 4.242981, 4.25647, 4.270569, 4.284668, 4.298157, 4.312317, 4.326355, 4.339905, 4.353821, 4.367737, 4.381897, 4.395386, 4.409485]",2.0,"{'1': 55.735154624587636, '2': 115.45561999107639}","{'1': 0.18000000000000016, '2': 0.4200000000000004}",2.98,4.4,"{'1': {'start': 2.98, 'end': 3.16}, '2': {'start': 3.98, 'end': 4.4}}",Action
26,10,0xD0,2,3.08844,Match,Match,lllbbbubb,120,"{'1': 211.65659816141226, '2': 331.65659816141226}",[],[],0.0,{},{},0.0,3.08844,{},Action
26,11,0xD0,2,2.858948,Match,Match,ffuuuurrf,0,"{'1': 163.4431493369379, '2': 163.4431493369379}",[],[],0.0,{},{},0.0,2.858948,{},Action
26,12,0xD0,2,4.317688,Mismatch,Match,lllbbbluu,180,"{'1': 74.21164729227829, '2': 254.2116472922783}","[0.0, 356.18, 352.26, 348.21, 344.06, 339.77, 335.28, 330.7, 325.95, 321.07, 316.16, 311.23, 306.26, 301.26, 296.26, 291.28, 286.33, 281.4, 276.46, 271.52, 266.58, 261.64, 256.71, 251.77, 246.83, 241.91, 236.99, 232.08, 227.17, 222.27, 217.36, 212.45, 207.54, 202.64, 197.73, 192.82, 187.92, 183.01, 178.1, 173.19, 168.29, 163.38, 158.47, 153.56, 148.66, 143.75, 138.83, 133.96]","[2.748108, 2.762207, 2.776062, 2.789612, 2.803589, 2.817749, 2.83136, 2.845459, 2.859192, 2.872681, 2.88678, 2.900635, 2.914246, 2.928711, 2.94281, 2.956299, 2.969666, 2.98407, 2.997986, 3.011536, 3.02594, 3.039795, 3.053223, 3.067383, 3.081238, 3.094849, 3.109253, 3.12323, 3.137085, 3.150513, 3.165039, 3.181763, 3.192261, 3.206665, 3.220215, 3.233521, 3.247864, 3.262085, 3.275879, 3.289551, 3.304138, 3.31781, 3.331177, 3.345398, 3.359314, 3.372864, 3.387268, 3.401245]",1.0,{'1': 134.3937948057523},{'1': 0.6699999999999999},2.73,3.4,"{'1': {'start': 2.73, 'end': 3.4}}",Action
26,13,0xD0,2,3.5495,Match,Match,lllbbbluu,120,"{'1': 49.06182814696495, '2': 289.06182814696496}","[0.0, 0.0, 1.31, 5.55, 10.45, 15.34, 20.23, 25.11, 30.0, 34.89, 39.79, 44.7, 49.61, 54.53, 59.46, 64.4, 69.37, 74.35, 79.35, 84.35, 89.35, 94.35, 99.34, 104.33, 109.3, 114.26, 119.22, 124.17, 129.13, 132.13, 134.84, 137.06, 138.1]","[1.977051, 2.004822, 2.018799, 2.034973, 2.047607, 2.061829, 2.076172, 2.089722, 2.104004, 2.11853, 2.13208, 2.145752, 2.160034, 2.173889, 2.187805, 2.201904, 2.215759, 2.229431, 2.243713, 2.257568, 2.271484, 2.285034, 2.299377, 2.313171, 2.326843, 2.341125, 2.355103, 2.36853, 2.382874, 2.396912, 2.410278, 2.424561, 2.438599]",1.0,{'1': 137.4629462886451},{'1': 0.44000000000000017},1.99,2.43,"{'1': {'start': 1.99, 'end': 2.43}}",Action
26,14,0xD0,2,7.852051,Match,Match,rrrbbbddb,60,"{'1': 301.61472286467193, '2': 241.61472286467193}","[0.0, 2.17, 5.72, 9.42, 13.1, 16.77, 20.45, 24.13, 27.89, 31.79, 35.74, 39.78, 43.87, 48.02, 52.35, 56.72, 61.11, 65.5, 69.89, 74.28, 78.68, 83.09, 87.53, 91.98, 96.45, 100.94, 105.43, 109.94, 114.47, 119.01, 123.55, 128.09, 132.64, 137.2, 141.79, 146.38, 151.0, 155.64, 160.33, 165.04, 169.76, 174.5, 179.28, 184.06, 188.87, 193.67, 198.47, 199.76, 200.12, 202.24, 207.23, 212.23, 217.22, 222.2, 227.1, 231.98, 236.72, 241.42, 246.02, 250.46, 254.85, 259.07, 263.21, 267.26, 271.25, 275.2, 279.12, 282.97, 286.8, 290.42, 291.98, 295.69, 300.6, 305.46, 310.28, 314.96, 319.52, 324.02, 328.4, 332.71, 336.97, 341.1, 345.14, 349.0, 352.8, 356.54, 0.14, 3.71, 5.63, 9.64, 13.79, 17.94, 22.09, 26.22, 30.31, 34.35, 38.34, 42.26, 46.08, 49.89, 53.68, 57.45, 61.23, 64.98, 68.69, 72.28]","[1.460388, 1.474243, 1.488403, 1.502075, 1.515869, 1.529907, 1.543701, 1.557556, 1.571594, 1.585449, 1.599182, 1.613159, 1.627136, 1.64093, 1.654846, 1.668823, 1.682495, 1.696411, 1.710388, 1.724182, 1.73822, 1.752075, 1.765869, 1.779724, 1.79364, 1.807678, 1.821472, 1.835327, 1.849243, 1.862915, 1.876892, 1.890991, 1.904846, 1.918579, 1.932556, 1.946533, 1.960266, 1.97406, 1.988159, 2.001831, 2.015808, 2.029785, 2.043579, 2.057373, 2.07135, 2.085693, 2.09906, 2.113037, 3.071838, 3.086487, 3.100708, 3.114319, 3.128601, 3.142456, 3.156311, 3.170288, 3.184387, 3.198242, 3.211792, 3.226196, 3.240173, 3.25354, 3.267822, 3.281738, 3.295349, 3.30957, 3.323486, 3.337402, 3.351135, 4.171448, 4.185974, 4.199585, 4.212646, 4.226746, 4.240601, 4.254272, 4.268616, 4.283081, 4.296509, 4.309753, 4.323975, 4.338196, 4.351868, 4.36615, 4.380005, 4.393433, 4.407959, 5.435059, 5.449646, 5.463684, 5.477295, 5.490662, 5.505249, 5.519043, 5.532349, 5.546631, 5.560608, 5.573975, 5.588318, 5.602173, 5.615723, 5.630005, 5.643921, 5.657776, 5.671387, 5.685364]",4.0,"{'1': 160.2373856097355, '2': -86.7235656003838, '3': -69.48342532869911, '4': 67.24459586004211}","{'1': 0.6700000000000002, '2': 0.2999999999999998, '3': 0.25, '4': 0.2599999999999998}",1.45,5.68,"{'1': {'start': 1.45, 'end': 2.12}, '2': {'start': 3.06, 'end': 3.36}, '3': {'start': 4.16, 'end': 4.41}, '4': {'start': 5.42, 'end': 5.68}}",Action
26,15,0xD0,2,6.476624,Match,Match,ffuulllbb,180,"{'1': 306.59847661183176, '2': 126.59847661183176}","[0.0, 359.63, 358.0, 354.4, 349.93, 345.55, 341.3, 337.18, 333.18, 329.43, 325.75, 321.9, 317.95, 313.87, 309.75, 305.61, 301.47, 297.33, 293.24, 289.17, 285.21, 281.33, 277.55, 273.87, 270.22, 266.58, 263.05, 259.47, 255.84, 252.19, 248.46, 244.62, 240.67, 236.5, 232.1, 227.56]","[2.809814, 2.823914, 2.837402, 2.851563, 2.865601, 2.878967, 2.89325, 2.907288, 2.920959, 3.809937, 3.82428, 3.837585, 3.851685, 3.865845, 3.879456, 3.892883, 3.907227, 3.921143, 3.93457, 3.948792, 3.962646, 3.977478, 3.99054, 4.004028, 4.0177, 4.39325, 4.407593, 4.421265, 4.434692, 4.448914, 4.462952, 4.47644, 4.490662, 4.504639, 4.518005, 4.532104]",3.0,"{'1': 26.85813789542598, '2': 59.274210153984, '3': 38.470918770586906}","{'1': 0.1299999999999999, '2': 0.2200000000000002, '3': 0.15000000000000036}",2.8000000000000003,4.53,"{'1': {'start': 2.8000000000000003, 'end': 2.93}, '2': {'start': 3.8000000000000003, 'end': 4.0200000000000005}, '3': {'start': 4.38, 'end': 4.53}}",Action
26,16,0xD0,2,4.348877,Match,Match,uuuubbbur,0,"{'1': 144.69842768508727, '2': 144.69842768508727}",[],[],0.0,{},{},0.0,4.348877,{},Action
26,17,0xD0,2,9.643127,Match,Match,rrrrbbbdr,60,"{'1': 136.7754625777664, '2': 76.7754625777664}","[0.0, 3.7, 7.61, 11.57, 15.7, 19.9, 24.27, 28.8, 33.37, 38.11, 42.89, 47.68, 52.49, 57.31, 62.13, 66.97, 71.81, 76.66, 81.52, 86.39, 91.28, 96.17, 101.07, 105.97, 110.87, 115.78, 120.69, 125.6, 130.52, 135.45, 140.39, 145.33, 150.29, 155.27, 160.25, 161.59, 165.13, 168.7, 172.29, 175.89, 179.5, 183.14, 186.79]","[2.823547, 2.83783, 2.851624, 2.865417, 2.879272, 2.892883, 2.906982, 2.921021, 2.934631, 2.94873, 2.962708, 2.976135, 2.990356, 3.004211, 3.017944, 3.031738, 3.045959, 3.059937, 3.073425, 3.087463, 3.101501, 3.115173, 3.129211, 3.143188, 3.156677, 3.171082, 3.184998, 3.198669, 3.21228, 3.226624, 3.240479, 3.253906, 3.268127, 3.281982, 3.296753, 8.310059, 8.324158, 8.338196, 8.351746, 8.365784, 8.3797, 8.39325, 8.40741]",2.0,"{'1': 160.25086788638077, '2': 13.532752216268165}","{'1': 0.4900000000000002, '2': 0.09999999999999964}",2.81,8.4,"{'1': {'start': 2.81, 'end': 3.3000000000000003}, '2': {'start': 8.3, 'end': 8.4}}",Action
26,18,0xD0,2,3.213196,Match,Match,rbbbbbbub,120,"{'1': 37.439543543513466, '2': 157.43954354351348}",[],[],0.0,{},{},0.0,3.213196,{},Action
26,19,0xD0,2,1.806519,Match,Match,lllllbbul,0,"{'1': 286.15315231327975, '2': 286.15315231327975}",[],[],0.0,{},{},0.0,1.806519,{},Action
26,20,0xD0,2,7.128845,Mismatch,Match,uubbbrrrb,0,"{'1': 195.73192850291352, '2': 195.73192850291352}","[0.0, 3.61, 7.42, 11.89, 16.7, 21.69, 26.67, 31.58, 36.43, 41.16, 45.6, 49.79, 53.83, 57.51, 57.74, 60.5, 65.45, 70.39, 75.33, 80.28, 85.22, 90.19, 95.18, 100.18, 105.18, 110.16, 115.11, 120.02, 124.92, 129.81, 134.67, 139.46, 144.24, 148.97, 153.67, 158.37, 162.99, 167.59, 172.18, 176.7, 181.21, 185.71, 190.2, 194.68, 199.15, 203.6, 208.02, 212.37, 216.7, 220.86]","[3.198059, 3.211853, 3.226135, 3.240051, 3.253662, 3.267578, 3.281555, 3.295349, 3.30896, 3.323242, 3.337036, 3.350525, 3.364868, 4.92041, 4.93457, 4.94812, 4.96228, 4.976196, 4.989807, 5.003845, 5.017761, 5.031189, 5.04541, 5.05957, 5.073242, 5.086731, 5.100952, 5.115173, 5.12854, 5.142639, 5.156799, 5.170227, 5.184326, 5.198425, 5.212158, 5.22583, 5.23999, 5.253662, 5.267334, 5.281738, 5.295593, 5.309021, 5.323242, 5.337219, 5.350708, 5.364868, 5.378967, 5.3927, 5.406372, 5.420532]",2.0,"{'1': 53.842140951514004, '2': 81.78726373662025}","{'1': 0.18999999999999995, '2': 0.5}",3.18,5.42,"{'1': {'start': 3.18, 'end': 3.37}, '2': {'start': 4.92, 'end': 5.42}}",Action
26,21,0xD0,2,6.864075,Match,Match,bbddbblll,120,"{'1': 163.36054686919215, '2': 43.36054686919215}","[0.0, 3.95, 7.98, 12.14, 16.55, 21.02, 25.53, 30.15, 34.85, 39.66, 44.53, 49.44, 54.41, 59.41, 64.38, 69.3, 74.18, 76.91, 81.83, 86.74, 91.51, 96.21, 100.74, 105.23, 109.66, 113.96, 118.17, 122.32, 126.43, 130.49, 134.52, 138.53, 142.48, 146.37, 150.22, 153.98]","[2.807495, 2.82196, 2.835876, 2.849304, 2.863586, 2.877441, 2.891296, 2.904968, 2.919067, 2.933044, 2.946594, 2.960632, 2.974609, 2.988342, 3.002319, 3.016296, 4.780212, 4.794556, 4.808105, 4.822327, 4.83606, 4.849609, 4.863892, 4.877625, 4.891479, 4.905701, 4.91925, 4.932922, 4.946533, 4.960693, 4.974854, 4.988342, 5.002502, 5.019287, 5.030518, 5.043701]",2.0,"{'1': 69.31024738139457, '2': 78.77266852340952}","{'1': 0.22999999999999998, '2': 0.2699999999999996}",2.79,5.04,"{'1': {'start': 2.79, 'end': 3.02}, '2': {'start': 4.7700000000000005, 'end': 5.04}}",Action
26,22,0xD0,2,4.950012,Match,Match,llbbbbbru,60,"{'1': 195.36064137768687, '2': 135.36064137768687}","[0.0, 0.0, 1.13, 5.9, 10.62, 15.27, 19.79, 24.23, 28.3, 32.26]","[3.379822, 3.394165, 3.408081, 3.421997, 3.435547, 3.449829, 3.463684, 3.477234, 3.491516, 3.505249]",1.0,{'1': 30.746416660598562},{'1': 0.1200000000000001},3.38,3.5,"{'1': {'start': 3.38, 'end': 3.5}}",Action
26,23,0xD0,2,1.385437,Match,Match,bddrddddd,0,"{'1': 287.6338668155782, '2': 287.6338668155782}",[],[],0.0,{},{},0.0,1.385437,{},Action
26,24,0xD0,2,1.614685,Match,Match,ffuubrrrr,0,"{'1': 47.724015528108644, '2': 47.724015528108644}",[],[],0.0,{},{},0.0,1.614685,{},Action
26,25,0xD0,2,5.490173,Mismatch,Mismatch,bddrbbbbb,0,"{'1': 47.51993589081801, '2': 47.51993589081801}","[0.0, 1.3, 5.85, 10.32, 14.8, 19.26, 23.72, 28.18, 32.65, 37.12, 41.61, 46.11, 50.63, 55.16, 59.7, 64.25, 68.83, 73.5, 78.19, 82.94, 87.71, 92.49, 97.28, 102.08, 106.88, 111.69, 116.5, 121.32, 126.16, 131.04, 135.92, 140.81, 145.7, 150.6, 155.49, 160.38, 165.28, 170.18, 175.08, 179.98, 184.89, 189.8, 194.71, 199.62, 204.55]","[2.126221, 2.139893, 2.153809, 2.167786, 2.18158, 2.195435, 2.209534, 2.223328, 2.237183, 2.251038, 2.265015, 2.278748, 2.292664, 2.306641, 2.320435, 2.33429, 2.348267, 2.362, 2.375916, 2.391174, 2.403687, 2.417542, 2.431519, 2.445374, 2.459229, 2.473206, 2.487061, 2.500854, 2.514771, 2.528748, 2.542542, 2.556396, 2.570496, 2.584229, 2.598022, 2.612, 2.625977, 2.639771, 2.653687, 2.681152, 2.695007, 2.710083, 2.724182, 2.738342, 2.752686]",1.0,{'1': 156.37317205800338},{'1': 0.6400000000000001},2.11,2.75,"{'1': {'start': 2.11, 'end': 2.75}}",Action
26,26,0xD0,2,8.284729,Mismatch,Mismatch,ffuulllbb,120,"{'1': 298.22332816260985, '2': 178.22332816260982}","[0.0, 359.67, 358.44, 356.3, 353.96, 350.65, 347.13, 343.96, 342.57, 342.33, 340.24, 335.65, 330.7, 325.72, 320.82, 316.04, 311.57, 307.32, 303.3, 307.15, 311.19, 315.35, 319.76, 321.86, 325.62, 329.39, 333.19, 337.05, 341.01, 344.99, 349.02, 353.05, 357.09, 1.14, 6.1, 11.08, 16.07, 21.0, 25.9, 30.72, 35.46, 40.01, 43.51, 39.18, 34.25, 29.27, 24.28, 19.32, 14.42, 9.61, 4.82, 0.08, 355.35, 350.63, 345.91, 341.19, 336.48, 331.78, 327.08, 322.39, 317.69, 313.0, 308.31, 303.62, 298.94, 294.26, 289.6, 284.93, 280.27, 275.63, 270.99, 266.36, 261.73, 257.11, 252.48, 247.86, 243.23, 238.61, 233.99, 229.36, 224.74, 220.11, 215.49, 210.86, 206.24, 201.62, 196.99, 192.37, 187.74, 183.12, 178.49, 173.87, 169.24, 164.62, 159.99, 155.3, 150.59, 145.87, 141.11, 136.35, 131.64]","[1.392456, 1.406189, 1.420044, 1.434021, 1.447876, 1.475342, 1.48938, 1.50415, 1.518066, 3.506775, 3.520447, 3.534668, 3.548462, 3.562439, 3.575806, 3.589966, 3.603943, 3.617554, 4.492798, 4.507141, 4.520996, 4.534485, 4.548645, 5.145691, 5.159546, 5.173828, 5.187927, 5.20166, 5.215088, 5.229309, 5.243164, 5.256592, 5.270935, 5.784729, 5.798645, 5.812866, 5.826721, 5.840393, 5.854431, 5.868286, 5.882202, 5.895752, 5.951538, 5.965576, 5.979126, 5.993347, 6.007202, 6.020996, 6.034546, 6.048889, 6.062683, 6.076294, 6.090576, 6.104431, 6.11792, 6.132202, 6.145996, 6.159668, 6.173889, 6.187744, 6.201721, 6.21521, 6.22937, 6.243347, 6.256897, 6.271118, 6.284973, 6.298584, 6.312866, 6.326782, 6.34021, 6.354431, 6.368408, 6.382202, 6.395752, 6.410095, 6.42395, 6.4375, 6.451721, 6.465576, 6.479309, 6.493408, 6.507202, 6.521057, 6.534668, 6.548889, 6.562805, 6.576355, 6.590637, 6.604431, 6.61792, 6.632263, 6.646057, 6.659668, 6.673889, 6.687866, 6.701599, 6.71521, 6.729492, 6.743408, 6.756836]",5.0,"{'1': 17.43023339764642, '2': 35.02325891895277, '3': -16.40598468743906, '4': -35.31641878616159, '5': 132.84705184983127}","{'1': 0.1299999999999999, '2': 0.1299999999999999, '3': 0.0699999999999994, '4': 0.15000000000000036, '5': 0.9799999999999995}",1.39,6.75,"{'1': {'start': 1.3900000000000001, 'end': 1.52}, '2': {'start': 3.49, 'end': 3.62}, '3': {'start': 4.48, 'end': 4.55}, '4': {'start': 5.13, 'end': 5.28}, '5': {'start': 5.7700000000000005, 'end': 6.75}}",Action
26,27,0xD0,2,4.420837,Mismatch,Mismatch,bdddbllll,180,"{'1': 214.65576011787874, '2': 34.65576011787874}",[],[],0.0,{},{},0.0,4.420837,{},Action
26,28,0xD0,2,9.143433,Mismatch,Mismatch,lllbbbluu,180,"{'1': 122.8519640732085, '2': 302.8519640732085}","[0.0, 356.43, 352.83, 348.97, 344.95, 340.88, 336.66, 332.23, 327.76, 323.08, 318.32, 313.53, 308.62, 303.66, 298.68, 293.68, 288.68, 283.68, 278.68, 273.68, 268.68, 263.68, 258.68, 253.68, 248.69, 243.7, 238.73, 233.77, 228.8, 223.85, 218.92, 213.99, 217.55, 221.33, 225.38, 229.72, 234.43, 239.17, 244.07, 249.02, 253.98, 258.98, 263.98, 268.94, 273.88, 278.78, 283.69, 288.49, 293.26, 298.0, 302.72, 307.43, 312.14, 316.86, 321.57, 326.29, 331.06, 335.86, 340.74, 345.65, 350.58, 355.52, 0.49, 5.47, 10.47, 14.77, 17.28, 14.57, 11.85, 7.06, 2.14, 357.17, 352.18, 347.18, 342.18, 337.18, 332.18, 327.18, 322.18, 317.19, 312.19, 307.2, 302.21, 297.22, 292.23, 287.24, 282.26, 277.29, 272.34, 267.41, 262.5, 257.58, 252.66, 247.74, 242.83, 237.92, 233.01, 228.1, 223.2, 218.29, 213.38, 208.48, 203.57, 198.66, 193.76, 188.85, 183.94, 179.03, 174.13, 169.23, 164.33, 159.43, 154.53, 149.63, 144.73, 140.69]","[4.129456, 4.143311, 4.156921, 4.171021, 4.184937, 4.198547, 4.21283, 4.226868, 4.240112, 4.254211, 4.268311, 4.282166, 4.295593, 4.309814, 4.323853, 4.337402, 4.35144, 4.365479, 4.37915, 4.393311, 4.407227, 4.420593, 4.434875, 4.448792, 4.462402, 4.475952, 4.490417, 4.504272, 4.5177, 4.532104, 4.546021, 5.754456, 5.768433, 5.782288, 5.795776, 5.809998, 5.823853, 5.837341, 5.851685, 5.865479, 5.879028, 5.893372, 5.907104, 5.920715, 5.934875, 5.948853, 5.962646, 5.976257, 5.990417, 6.004272, 6.017883, 6.032043, 6.045837, 6.05957, 6.073792, 6.087585, 6.101257, 6.11554, 6.129395, 6.14325, 6.156738, 6.171082, 6.184937, 6.198486, 6.212708, 6.226563, 6.295898, 6.310669, 6.323975, 6.337402, 6.351624, 6.365601, 6.37915, 6.393372, 6.407288, 6.420776, 6.435059, 6.448914, 6.462891, 6.476379, 6.490845, 6.504517, 6.518066, 6.53241, 6.546326, 6.559753, 6.573914, 6.587891, 6.60144, 6.615662, 6.629578, 6.643433, 6.656921, 6.671082, 6.685059, 6.698608, 6.712891, 6.726807, 6.740295, 6.754639, 6.768433, 6.782288, 6.795837, 6.810181, 6.824036, 6.837646, 6.851929, 6.865723, 6.879272, 6.893494, 6.907471, 6.920898, 6.935181, 6.948914, 6.96283, 6.97644]",3.0,"{'1': 141.09623295419283, '2': -143.24921320377697, '3': 139.89984191787835}","{'1': 0.4299999999999997, '2': 0.6100000000000003, '3': 0.6199999999999992}",4.12,6.97,"{'1': {'start': 4.12, 'end': 4.55}, '2': {'start': 5.74, 'end': 6.3500000000000005}, '3': {'start': 6.3500000000000005, 'end': 6.97}}",Action
26,29,0xD0,2,12.42133,Mismatch,Mismatch,dbbbblllu,60,"{'1': 311.29176049123134, '2': 11.291760491231337}","[0.0, 4.02, 8.2, 12.6, 17.14, 21.69, 26.27, 30.88, 35.53, 40.25, 45.02, 49.82, 54.72, 59.63, 64.55, 69.48, 74.43, 79.4, 84.39, 89.39, 94.39, 99.39, 104.38, 109.38, 114.38, 119.36, 124.33, 129.28, 134.22, 139.16, 141.94, 142.18, 143.01, 146.57, 150.23, 154.04, 157.87, 161.7, 165.52, 169.31, 165.69, 161.99, 158.08, 154.1, 150.07, 145.89, 141.61, 137.22, 132.72, 128.15, 123.5, 118.82, 114.1, 109.37, 104.64, 99.92, 95.19, 90.47, 85.74, 81.01, 76.27, 71.48, 66.58, 62.65]","[2.571167, 2.5849, 2.598755, 2.612732, 2.626587, 2.640503, 2.654358, 2.668274, 2.682068, 2.696045, 2.710022, 2.723877, 2.738892, 2.751648, 2.765564, 2.779297, 2.793274, 2.807312, 2.821045, 2.8349, 2.848877, 2.86261, 2.876465, 2.890503, 2.904297, 2.918152, 2.932129, 2.945923, 2.959839, 2.987244, 4.005005, 4.018738, 4.615601, 4.630066, 4.644165, 4.657471, 4.671509, 4.685791, 4.699524, 6.212891, 6.227478, 6.241272, 6.254822, 6.269043, 6.282776, 6.296326, 6.310608, 6.324524, 6.338013, 6.352173, 6.366211, 6.379883, 6.393433, 6.407776, 6.42157, 6.43512, 6.449463, 6.463257, 6.476807, 6.491028, 6.504944, 6.518494, 6.532715, 6.546692]",3.0,"{'1': 139.16752797562492, '2': 22.53288688143374, '3': -104.74608517831507}","{'1': 0.43000000000000016, '2': 0.09999999999999964, '3': 0.33999999999999986}",2.56,6.54,"{'1': {'start': 2.56, 'end': 2.99}, '2': {'start': 4.6000000000000005, 'end': 4.7}, '3': {'start': 6.2, 'end': 6.54}}",Action
26,30,0xD0,2,4.209778,Mismatch,Mismatch,ffuuuurrf,0,"{'1': 234.25728354991557, '2': 234.25728354991557}",[],[],0.0,{},{},0.0,4.209778,{},Action
26,31,0xD0,2,7.401184,Mismatch,Mismatch,lllllbbul,60,"{'1': 203.66426824050228, '2': 263.6642682405023}","[0.0, 3.7, 7.66, 11.77, 16.13, 20.65, 25.4, 30.19, 35.0, 39.82, 44.65, 49.51, 54.37, 59.23, 64.14, 69.08, 74.01, 78.96, 83.92, 88.89, 93.87, 98.86, 103.86, 108.86, 113.86, 118.86, 123.86, 128.86, 133.85, 138.85, 143.85, 148.85, 153.84, 158.82, 163.81, 168.79, 173.76, 178.71, 183.64, 188.58, 193.38, 198.08, 202.78, 199.13, 195.47, 191.49, 187.35, 182.95, 178.46, 173.73, 168.85, 163.94, 158.94, 153.96, 149.03, 144.14, 139.33, 134.55, 129.83, 125.11, 120.4, 115.68, 110.97, 106.25, 101.52, 96.69, 91.78, 86.87, 81.88, 76.89, 71.9, 67.11, 62.67, 58.64]","[3.678711, 3.692688, 3.706604, 3.720459, 3.734253, 3.747742, 3.761902, 3.776001, 3.789551, 3.806213, 3.81781, 3.83075, 3.844849, 3.858948, 3.873108, 3.886658, 3.900879, 3.9151, 3.928345, 3.942505, 3.956543, 3.970154, 3.984192, 3.998291, 4.01178, 4.025818, 4.039856, 4.053772, 4.0672, 4.081421, 4.095459, 4.10907, 4.123047, 4.137085, 4.150696, 4.164734, 4.178772, 4.192261, 4.20636, 4.220459, 4.234375, 4.247986, 5.192383, 5.206665, 5.220642, 5.234619, 5.248108, 5.262268, 5.276184, 5.289673, 5.303894, 5.317871, 5.331482, 5.34552, 5.359497, 5.373535, 5.386963, 5.401123, 5.415039, 5.428711, 5.44281, 5.456604, 5.470276, 5.484497, 5.498413, 5.512024, 5.526123, 5.540039, 5.554016, 5.567444, 5.581787, 5.595764, 5.609131, 5.623352]",2.0,"{'1': 161.90997688472115, '2': -97.69172447390599}","{'1': 0.5899999999999999, '2': 0.4400000000000004}",3.66,5.62,"{'1': {'start': 3.66, 'end': 4.25}, '2': {'start': 5.18, 'end': 5.62}}",Action
26,32,0xD0,2,4.185181,Mismatch,Mismatch,ffuubllll,180,"{'1': 109.27914908410541, '2': 289.2791490841054}","[0.0, 0.46, 5.42, 10.33, 15.23, 20.11, 24.93, 29.68, 34.37, 39.02, 43.64, 48.22, 52.77, 57.24, 61.69, 66.1, 70.42, 74.69, 78.91, 83.1, 87.26, 91.42, 95.51, 99.56, 103.6, 107.63, 111.64, 115.64, 119.64, 123.65, 127.64, 131.64, 135.63, 139.59, 143.49, 147.34, 151.16, 154.95, 158.73, 162.45, 166.03, 166.5, 171.37, 176.14, 180.83, 185.22, 189.42, 193.46, 197.24]","[1.460022, 1.473755, 1.48761, 1.501587, 1.515442, 1.529236, 1.543335, 1.557129, 1.570923, 1.584839, 1.598816, 1.612549, 1.626526, 1.640503, 1.654236, 1.668152, 1.682129, 1.695923, 1.709839, 1.723755, 1.737549, 1.751404, 1.765381, 1.779358, 1.793152, 1.806946, 1.820984, 1.834778, 1.848694, 1.86261, 1.876465, 1.890259, 1.904297, 1.918152, 1.931946, 1.945862, 1.959839, 1.973572, 1.987488, 2.001465, 2.643433, 2.657471, 2.671082, 2.685242, 2.699341, 2.712708, 2.726868, 2.740845, 2.754578]",2.0,"{'1': 162.49759629763477, '2': -1.9907637757093255}","{'1': 0.5600000000000003, '2': 0.10999999999999988}",1.45,2.75,"{'1': {'start': 1.45, 'end': 2.0100000000000002}, '2': {'start': 2.64, 'end': 2.75}}",Action
26,33,0xD0,2,5.283997,Mismatch,Mismatch,ffuubrrrr,120,"{'1': 343.72926954266376, '2': 223.72926954266376}",[],[],0.0,{},{},0.0,5.283997,{},Action
26,34,0xD0,2,10.0871,Mismatch,Mismatch,rrrrbbbdr,180,"{'1': 317.7985342711035, '2': 137.7985342711035}","[0.0, 0.0, 1.6, 5.48, 10.42, 15.37, 20.32, 25.29, 30.26, 35.23, 40.21, 45.2, 50.2, 55.2, 60.18, 65.15, 70.09, 75.01, 79.92, 84.83, 89.73, 94.62, 99.49, 104.37, 109.23, 114.09, 118.95, 123.81, 128.67, 133.53, 138.38, 143.22, 148.04, 152.86, 157.67, 162.48, 167.29, 172.11, 176.92, 178.56, 178.82, 183.73, 188.6, 193.42, 198.21, 202.93, 207.55, 212.13, 216.63, 221.1, 225.54, 229.87, 234.11, 238.23, 242.27, 246.3, 250.23, 254.09, 257.91, 261.65, 265.31, 268.89, 272.45, 273.74, 277.02, 281.47, 285.65, 289.7, 293.73, 297.65, 301.5, 305.29, 309.05, 312.77, 316.4, 320.0, 323.54, 324.31, 326.16, 330.94, 335.62, 340.18, 344.56, 348.89, 353.14, 357.3, 1.41, 5.45, 9.5, 13.52, 17.48, 21.4, 25.26, 29.09, 32.9, 36.65, 40.38, 44.04, 47.66, 51.26, 51.76, 52.64, 54.17, 57.92, 62.52, 67.04, 71.42, 75.72, 79.85, 83.89, 87.9, 91.75, 95.56, 99.17, 102.73]","[4.086853, 4.101135, 4.114929, 4.128418, 4.142517, 4.156311, 4.1698, 4.184082, 4.19812, 4.211548, 4.225891, 4.239746, 4.253113, 4.267273, 4.281433, 4.295349, 4.308777, 4.322998, 4.336975, 4.350403, 4.364563, 4.378601, 4.39209, 4.40625, 4.423096, 4.434021, 4.447327, 4.461609, 4.475708, 4.489441, 4.503662, 4.517639, 4.531128, 4.54541, 4.559326, 4.572876, 4.587036, 4.601135, 4.614868, 5.364502, 5.378662, 5.392273, 5.406494, 5.420288, 5.434265, 5.447876, 5.462036, 5.475891, 5.48938, 5.503662, 5.517456, 5.531067, 5.545349, 5.559143, 5.572693, 5.586975, 5.600952, 5.614685, 5.628296, 5.642639, 5.656433, 5.669861, 6.476074, 6.489868, 6.50415, 6.517883, 6.531433, 6.545715, 6.559631, 6.57312, 6.587891, 6.601318, 6.61499, 6.628601, 6.642822, 6.656555, 8.128723, 8.143188, 8.156982, 8.170471, 8.184631, 8.198669, 8.212097, 8.226318, 8.240234, 8.254089, 8.267578, 8.281921, 8.295776, 8.309937, 8.323547, 8.337219, 8.350891, 8.364807, 8.379089, 8.392578, 8.406799, 8.420715, 8.43457, 9.15686, 9.170715, 9.184814, 9.198669, 9.212219, 9.22644, 9.240234, 9.254089, 9.267578, 9.281921, 9.295715, 9.309143, 9.323425, 9.337219, 9.350708, 9.36499]",5.0,"{'1': 176.93122745233006, '2': -87.5515657606073, '3': -47.629261971688145, '4': -34.346264968052104, '5': 50.260359856657736}","{'1': 0.5300000000000002, '2': 0.2999999999999998, '3': 0.20000000000000018, '4': 0.1399999999999988, '5': 0.20999999999999908}",4.09,9.36,"{'1': {'start': 4.09, 'end': 4.62}, '2': {'start': 5.37, 'end': 5.67}, '3': {'start': 6.46, 'end': 6.66}, '4': {'start': 8.120000000000001, 'end': 8.26}, '5': {'start': 9.15, 'end': 9.36}}",Action
26,35,0xD0,2,7.032898,Mismatch,Mismatch,lllbbbluu,180,"{'1': 296.74488825665884, '2': 116.74488825665884}","[0.0, 3.57, 7.42, 11.31, 15.22, 19.14, 23.05, 26.97, 30.89, 34.82, 38.75, 42.69, 46.65, 50.62, 54.59, 58.56, 62.51, 66.35, 70.06, 73.6, 77.29, 81.05, 84.83, 88.62, 92.42, 96.22, 100.03, 103.91, 107.84, 111.76, 115.72, 119.73, 123.8, 127.11]","[3.115967, 3.129822, 3.144043, 3.157959, 3.17157, 3.184998, 3.19928, 3.213135, 3.226807, 3.240967, 3.255005, 3.268555, 3.282715, 3.296631, 3.310364, 3.324463, 3.33844, 3.352356, 3.754761, 3.768677, 3.782898, 3.796936, 3.810608, 3.824036, 3.838135, 3.852112, 3.86615, 3.879822, 3.893494, 3.907227, 3.921448, 3.935425, 3.949158, 3.963196]",2.0,"{'1': 66.42047437283334, '2': 56.432509751581065}","{'1': 0.2599999999999998, '2': 0.21999999999999975}",3.1,3.96,"{'1': {'start': 3.1, 'end': 3.36}, '2': {'start': 3.74, 'end': 3.96}}",Action
26,36,0xD0,2,12.96533,Mismatch,Mismatch,ffuuuurrf,120,"{'1': 311.6612114464111, '2': 191.66121144641107}","[0.0, 359.73, 3.68, 7.69, 11.89, 16.19, 20.59, 25.05, 29.55, 34.22, 39.0, 43.9, 48.81, 53.74, 58.69, 63.64, 68.6, 73.56, 78.53, 83.51, 88.5, 93.5, 98.49, 103.49, 108.49, 113.49, 118.49, 123.49, 128.49, 133.49, 138.49, 143.49, 148.49, 153.48, 158.48, 163.48, 168.48, 173.48, 178.48, 183.46, 187.74, 188.94, 185.26, 181.42, 177.38, 173.29, 169.14, 164.88, 160.59, 156.2, 151.75, 147.25, 144.33, 144.93, 149.71, 154.49, 159.0, 163.33, 167.55, 171.59, 175.59, 179.45, 183.15, 186.78, 190.33, 191.57]","[3.895996, 4.770874, 4.785278, 4.798523, 4.812744, 4.826782, 4.840271, 4.85437, 4.868408, 4.882996, 4.895874, 4.909546, 4.923462, 4.937195, 4.951599, 4.965759, 4.979004, 4.993164, 5.007202, 5.020508, 5.03479, 5.048767, 5.062561, 5.07605, 5.090332, 5.104553, 5.117798, 5.13208, 5.146118, 5.159424, 5.173706, 5.187866, 5.20105, 5.215393, 5.229553, 5.243225, 5.256592, 5.270874, 5.285156, 5.298523, 5.312683, 7.410095, 7.424316, 7.437744, 7.451965, 7.465942, 7.47937, 7.493713, 7.507446, 7.520874, 7.535095, 7.549194, 10.53479, 10.54895, 10.56287, 10.57642, 10.59058, 10.60449, 10.61804, 10.6322, 10.64618, 10.65948, 11.29852, 11.31281, 11.95148, 12.63202]",4.0,"{'1': 171.989169571643, '2': -23.816563980795024, '3': 35.11319956672983, '4': -3.7453156094782116}","{'1': 0.5600000000000005, '2': 0.14999999999999947, '3': 0.13000000000000078, '4': 0.040000000000000924}",4.76,11.32,"{'1': {'start': 4.76, 'end': 5.32}, '2': {'start': 7.4, 'end': 7.55}, '3': {'start': 10.53, 'end': 10.66}, '4': {'start': 11.28, 'end': 11.32}}",Action
26,37,0xD0,2,4.116089,Mismatch,Mismatch,uubbbbruu,180,"{'1': 154.99121044213612, '2': 334.9912104421361}",[],[],0.0,{},{},0.0,4.116089,{},Action
26,38,0xD0,2,10.31055,Mismatch,Mismatch,uuuubbbur,120,"{'1': 202.90282812361636, '2': 82.90282812361636}","[0.0, 3.57, 7.16, 10.8, 14.46, 18.21, 22.0, 25.8, 29.67, 33.56, 37.48, 41.43, 45.39, 49.43, 53.52, 57.62, 61.72, 65.81, 69.84, 73.85, 77.85, 81.84, 85.83, 89.82, 93.82, 97.82, 101.82, 105.81, 109.81, 113.77, 117.69]","[8.852722, 8.86676, 8.880676, 8.894226, 8.908203, 8.922119, 8.935669, 8.949829, 8.963745, 8.977112, 8.991394, 9.00531, 9.018921, 9.03302, 9.046936, 9.060913, 9.074402, 9.088501, 9.102539, 9.116211, 9.130371, 9.145142, 9.157898, 9.171936, 9.188721, 9.199707, 9.213379, 9.227356, 9.241577, 9.255005, 9.269104]",1.0,{'1': 115.1587793460527},{'1': 0.41999999999999993},8.84,9.26,"{'1': {'start': 8.84, 'end': 9.26}}",Action
26,39,0xD0,2,10.72833,Mismatch,Mismatch,ffuuuurrf,180,"{'1': 23.084144978593866, '2': 203.08414497859386}","[0.0, 0.63, 4.21, 8.07, 12.14, 16.2, 19.97, 22.75, 25.28, 27.59, 30.38, 33.3, 36.5, 40.0, 43.77, 47.16, 51.1, 55.16, 59.34, 63.81, 68.34, 73.02, 77.84, 82.7, 87.59, 92.49, 97.41, 102.35, 107.3, 112.3, 117.3, 122.3, 127.3, 132.29, 137.28, 142.26, 147.24, 152.21, 157.18, 162.14, 167.11, 172.07, 177.02, 181.96, 186.41, 188.03]","[1.697388, 2.266785, 2.280579, 2.294495, 2.308533, 2.322266, 2.336182, 2.35022, 2.364197, 2.377747, 2.391846, 2.405762, 2.419617, 2.43335, 2.907532, 3.825684, 3.839355, 3.853455, 3.867432, 3.880554, 3.894775, 3.908813, 3.922668, 3.936157, 3.950439, 3.964478, 3.977966, 3.992188, 4.006226, 4.019714, 4.033691, 4.047791, 4.061279, 4.075256, 4.089417, 4.10321, 4.116882, 4.131104, 4.145081, 4.15863, 4.172607, 4.186707, 4.200195, 4.214233, 4.228333, 4.242188]",2.0,"{'1': 39.44144253829813, '2': 125.12374100231372}","{'1': 0.18999999999999995, '2': 0.43000000000000016}",2.25,4.24,"{'1': {'start': 2.25, 'end': 2.44}, '2': {'start': 3.81, 'end': 4.24}}",Action
26,40,0xD0,2,7.25354,Mismatch,Mismatch,ffuulllbb,120,"{'1': 227.59360058105278, '2': 107.59360058105278}","[0.0, 357.65, 353.87, 350.03, 346.25, 342.55, 338.94, 338.94, 343.85, 348.55, 352.88, 357.02, 1.0, 4.94, 8.8, 10.43, 14.86, 19.22, 23.56, 27.9, 32.23, 32.57, 32.9, 37.49, 42.08, 46.63, 51.14, 55.57, 59.87]","[2.430481, 2.444397, 2.458313, 2.472107, 2.486023, 2.5, 3.155762, 3.169861, 3.183655, 3.197205, 3.211426, 3.225281, 3.238892, 3.253174, 3.725647, 3.739441, 3.753601, 3.767578, 3.780884, 3.795105, 5.655762, 5.670166, 5.684021, 5.697693, 5.711853, 5.725769, 5.739258, 5.753357, 5.767273]",4.0,"{'1': 17.44999999999999, '2': -16.064233088451616, '3': 19.239223857981493, '4': 25.056584351987915}","{'1': 0.08000000000000007, '2': 0.10000000000000009, '3': 0.0900000000000003, '4': 0.08999999999999986}",2.42,5.76,"{'1': {'start': 2.42, 'end': 2.5}, '2': {'start': 3.16, 'end': 3.2600000000000002}, '3': {'start': 3.71, 'end': 3.8000000000000003}, '4': {'start': 5.67, 'end': 5.76}}",Action
26,41,0xD0,2,3.275085,Mismatch,Mismatch,bddrbbbbb,180,"{'1': 233.6012371018068, '2': 53.60123710180679}",[],[],0.0,{},{},0.0,3.275085,{},Action
26,42,0xD0,2,4.990051,Mismatch,Mismatch,bbdddbrrr,120,"{'1': 164.13087193940714, '2': 44.13087193940714}",[],[],0.0,{},{},0.0,4.990051,{},Action
26,43,0xD0,2,3.698853,Mismatch,Mismatch,ddbbddddl,120,"{'1': 123.36232238432638, '2': 3.362322384326376}",[],[],0.0,{},{},0.0,3.698853,{},Action
26,44,0xD0,2,3.655762,Mismatch,Mismatch,bdddbllll,0,"{'1': 70.1480750699135, '2': 70.1480750699135}",[],[],0.0,{},{},0.0,3.655762,{},Action
26,45,0xD0,2,8.153748,Mismatch,Mismatch,ffuuuurrf,0,"{'1': 57.46423409253333, '2': 57.46423409253333}","[0.0, 0.2, 0.87, 2.06, 5.25, 9.07, 13.24, 17.9, 22.5, 27.07, 31.64, 36.2, 40.75, 45.3, 49.84, 54.36, 58.87, 63.37, 67.84, 72.28, 76.71, 81.11, 85.45, 89.78, 94.08, 98.33, 102.54, 106.69, 110.82, 114.91, 118.96, 123.0, 127.01, 130.94, 134.61, 138.15, 138.15, 139.88, 143.34, 147.13, 150.87, 154.47, 154.94, 156.43, 160.6, 164.53, 168.38]","[3.027222, 3.041016, 3.054932, 3.06897, 3.08252, 3.098816, 3.110352, 3.124268, 3.137878, 3.152283, 3.166138, 3.179443, 3.193848, 3.207886, 3.221191, 3.235291, 3.249451, 3.263123, 3.276672, 3.290955, 3.304932, 3.318604, 3.332581, 3.346619, 3.360168, 3.374207, 3.388306, 3.402161, 3.415466, 3.429993, 3.443848, 3.457275, 3.471619, 3.485535, 3.498901, 4.235413, 4.249817, 4.263367, 4.277039, 4.291138, 4.304871, 5.318481, 5.332886, 5.346985, 5.360352, 5.374695, 5.388672]",3.0,"{'1': 134.5750038945547, '2': 12.738216473791681, '3': 11.551397311586925}","{'1': 0.46999999999999975, '2': 0.07000000000000028, '3': 0.0699999999999994}",3.03,5.38,"{'1': {'start': 3.0300000000000002, 'end': 3.5}, '2': {'start': 4.24, 'end': 4.3100000000000005}, '3': {'start': 5.3100000000000005, 'end': 5.38}}",Action
26,46,0xD0,2,6.722717,Mismatch,Mismatch,ffuuuurrf,120,"{'1': 156.70546274155146, '2': 276.70546274155146}","[0.0, 3.67, 7.4, 11.17, 14.98, 18.8, 22.65, 26.52, 30.4, 34.31, 38.25, 42.21, 46.21, 50.26, 54.33, 58.39, 62.46, 66.53, 70.59, 74.66, 78.73, 82.79, 86.86, 90.92, 94.99, 99.06, 103.14, 107.21, 111.27]","[4.88916, 4.903259, 4.918396, 4.930664, 4.944702, 4.958801, 4.972046, 4.986328, 5.000122, 5.013672, 5.027893, 5.041809, 5.05542, 5.069763, 5.083557, 5.097351, 5.111023, 5.125183, 5.13916, 5.15271, 5.166992, 5.180908, 5.194458, 5.20874, 5.222595, 5.236389, 5.250061, 5.264221, 5.278137]",1.0,{'1': 108.89602615694176},{'1': 0.39000000000000057},4.88,5.2700000000000005,"{'1': {'start': 4.88, 'end': 5.2700000000000005}}",Action
26,47,0xD0,2,6.311218,Mismatch,Mismatch,lllbbbluu,60,"{'1': 134.81288844307005, '2': 74.81288844307005}","[0.0, 0.54, 5.51, 10.48, 15.44, 20.39, 25.32, 30.25, 35.16, 40.07, 44.98, 49.88, 54.77, 59.65, 64.52, 69.35, 74.17, 78.98, 83.77, 88.55, 93.33, 98.11, 102.87, 107.61, 112.34, 117.06, 121.78, 126.5, 131.21, 135.91, 140.61, 145.3, 149.99, 154.64, 159.27, 163.9, 168.53, 173.16]","[2.615967, 2.630432, 2.644287, 2.657715, 2.671753, 2.685608, 2.699585, 2.713318, 2.7276, 2.741394, 2.754822, 2.769226, 2.78302, 2.796448, 2.81073, 2.824829, 2.838562, 2.851929, 2.866333, 2.880188, 2.89386, 2.910828, 2.922058, 2.935059, 2.949341, 2.963257, 2.97699, 2.991333, 3.00531, 3.019104, 3.032471, 3.046814, 3.060669, 3.074158, 3.088562, 3.102356, 3.115845, 3.130188]",1.0,{'1': 173.09931255664782},{'1': 0.52},2.61,3.13,"{'1': {'start': 2.61, 'end': 3.13}}",Action
26,48,0xD0,2,7.538696,Mismatch,Mismatch,llbbbrruu,180,"{'1': 61.4030776607808, '2': 241.4030776607808}","[0.0, 356.18, 351.7, 346.73, 341.93, 337.23, 332.62, 328.03, 323.45, 318.86, 314.28, 309.69, 305.1, 300.51, 295.95, 291.42, 286.9, 282.38, 277.87, 273.36, 268.86, 264.36, 259.9, 255.48, 251.14, 246.88, 242.68, 238.53, 234.41, 230.32, 226.27, 222.23, 218.19, 214.16, 210.13, 206.14, 202.14, 198.17, 194.19, 190.22, 186.25, 182.28, 178.32, 174.35, 170.38, 166.41, 162.44, 158.42, 154.39, 150.36, 146.32, 142.29, 138.26, 134.22, 130.19, 126.15, 122.12, 118.08, 114.04, 110.0, 106.01, 102.47, 101.81, 99.32, 95.12, 90.19, 85.28, 80.44, 75.88, 71.41, 67.23, 63.59, 61.1, 61.1, 60.4, 59.09, 57.03, 52.89, 48.38, 43.9, 39.41, 34.93, 30.45, 25.96, 21.46, 16.95, 12.45, 7.93, 3.41, 358.87, 354.32, 349.77, 345.16, 340.47, 335.73, 330.9, 325.98, 321.03, 316.05, 311.08, 308.38]","[2.467896, 2.482361, 2.496338, 2.509827, 2.523987, 2.537964, 2.551392, 2.565613, 2.57959, 2.593506, 2.606934, 2.621216, 2.635254, 2.64856, 2.662842, 2.679565, 2.690918, 2.703491, 2.717957, 2.731506, 2.745728, 2.759888, 2.773743, 2.787354, 2.801636, 2.815796, 2.828979, 2.843262, 2.857239, 2.87085, 2.885071, 2.899109, 2.913025, 2.926575, 2.940796, 2.954834, 2.968323, 2.982544, 2.996521, 3.01001, 3.024231, 3.03833, 3.051758, 3.066101, 3.080078, 3.093933, 3.107422, 3.121643, 3.135681, 3.149109, 3.163147, 3.177185, 3.190552, 3.204895, 3.218872, 3.232788, 3.246338, 3.260559, 3.274658, 3.288025, 3.302124, 4.468567, 4.483032, 4.497192, 4.510437, 4.524536, 4.53833, 4.551758, 4.565918, 4.5802, 4.593994, 4.913391, 5.1073, 5.121765, 5.135925, 5.149353, 5.163513, 5.177429, 5.190857, 5.205078, 5.219543, 5.232788, 5.246216, 5.260498, 5.274475, 5.287903, 5.302246, 5.316162, 5.329468, 5.34375, 5.35791, 5.371338, 5.385559, 5.399475, 5.41333, 5.42688, 5.441101, 5.455017, 5.468567, 5.482788, 5.496704]",3.0,"{'1': 105.98609738324119, '2': -35.334446940479665, '3': -10.780718597298069}","{'1': 0.8599999999999999, '2': 0.14000000000000057, '3': 0.3799999999999999}",2.45,5.49,"{'1': {'start': 2.45, 'end': 3.31}, '2': {'start': 4.46, 'end': 4.6000000000000005}, '3': {'start': 5.11, 'end': 5.49}}",Action
26,49,0xD0,2,15.43683,Mismatch,Mismatch,rrrbbbddb,180,"{'1': 299.6112088373264, '2': 119.61120883732639}","[0.0, 3.57, 7.57, 11.66, 15.81, 20.13, 24.5, 28.95, 33.41, 37.88, 42.39, 47.08, 51.85, 53.52, 53.83, 57.4, 61.31, 65.56, 70.34, 72.37, 75.93, 79.56, 83.3, 87.07, 90.87, 94.72, 98.59, 102.47, 106.37, 110.27, 114.21, 118.16, 122.12, 126.12, 130.19, 134.34, 138.53, 142.78, 147.08, 151.39, 155.76, 160.16, 164.57, 169.03, 173.53, 178.05, 182.73, 187.54, 184.01, 180.44, 176.83, 173.17, 169.45, 165.71, 161.94, 158.14, 154.33, 150.47, 146.6, 142.73, 139.0, 135.17, 131.14, 127.04, 122.91, 118.77, 114.64, 110.52, 106.37, 102.04, 97.6, 93.12, 88.44, 83.66, 78.85, 73.89, 68.93, 64.49, 60.87, 57.12, 53.03, 48.78, 44.43, 40.03]","[6.797852, 6.812317, 6.826294, 6.839783, 6.853882, 6.867737, 6.881409, 6.895447, 6.909424, 6.923279, 6.936768, 6.951111, 6.964905, 6.978394, 7.700623, 7.715149, 7.729065, 7.742859, 7.756348, 8.464661, 8.478577, 8.492615, 8.506592, 8.520203, 8.534302, 8.54834, 8.562256, 8.575623, 8.589783, 8.603943, 8.617249, 8.631348, 8.645325, 8.658813, 8.673157, 8.687012, 8.700439, 8.714905, 8.728699, 8.742554, 8.756042, 8.770325, 8.784241, 8.797668, 8.811951, 8.825806, 8.839417, 11.46405, 11.47791, 11.49207, 11.50592, 11.51959, 11.53369, 11.54761, 11.56116, 11.57526, 11.58929, 11.60303, 11.61652, 12.96436, 12.97815, 12.99347, 13.00635, 13.01971, 13.03406, 13.04791, 14.2428, 14.25677, 14.27087, 14.28473, 14.29816, 14.31232, 14.32635, 14.33978, 14.35406, 14.36798, 14.38165, 14.64551, 14.65918, 14.67352, 14.68744, 14.70093, 14.71503, 14.72906]",7.0,"{'1': 53.52068933814621, '2': 16.52502617847388, '3': 104.940949479866, '4': -25.8957405394533, '5': -24.00845514829156, '6': -45.89474805847814, '7': -21.879648417196144}","{'1': 0.20000000000000018, '2': 0.0699999999999994, '3': 0.39000000000000057, '4': 0.16999999999999993, '5': 0.09999999999999964, '6': 0.16000000000000014, '7': 0.08999999999999986}",6.78,14.72,"{'1': {'start': 6.78, 'end': 6.98}, '2': {'start': 7.69, 'end': 7.76}, '3': {'start': 8.45, 'end': 8.84}, '4': {'start': 11.450000000000001, 'end': 11.620000000000001}, '5': {'start': 12.950000000000001, 'end': 13.05}, '6': {'start': 14.23, 'end': 14.39}, '7': {'start': 14.63, 'end': 14.72}}",Action
27,0,0xD0,-1,5.491333,Match,Match,ffuubrrrr,180,"{'1': 43.925605727791556, '2': 223.92560572779155}","[0.0, 356.34, 352.44, 348.36, 343.77, 338.98, 334.15, 329.22, 324.27, 319.32, 314.37, 309.42, 304.47, 299.52, 294.55, 289.56, 284.56, 279.56, 274.56, 269.56, 264.56, 259.56, 254.56, 249.56, 244.56, 239.56, 234.56, 229.56, 224.56, 219.56, 214.56, 209.56, 204.56, 199.56, 194.56, 189.56, 184.56, 179.56, 174.56, 169.57, 164.59, 159.65, 154.8, 150.33, 146.04, 142.92, 146.84, 150.8, 154.76, 158.72, 162.67, 166.63, 170.58, 174.51, 178.41, 182.28, 186.1, 189.88, 193.65]","[1.182373, 1.196045, 1.210083, 1.223877, 1.237671, 1.251709, 1.265869, 1.279541, 1.293579, 1.307495, 1.321289, 1.335083, 1.349121, 1.362793, 1.376709, 1.390747, 1.404419, 1.418335, 1.432373, 1.459595, 1.473755, 1.488403, 1.502808, 1.517212, 1.531006, 1.545288, 1.559204, 1.57312, 1.586914, 1.601074, 1.615112, 1.628662, 1.642944, 1.656982, 1.670532, 1.68457, 1.698608, 1.712524, 1.725952, 1.740356, 1.754272, 1.768066, 1.783325, 1.796021, 1.809204, 3.574463, 3.588379, 3.602417, 3.616333, 3.629761, 3.643799, 3.657959, 3.671387, 3.685425, 3.699585, 3.713379, 3.726807, 3.740967, 3.755127]",2.0,"{'1': 146.0385931129653, '2': 24.769464970534983}","{'1': 0.6400000000000001, '2': 0.18999999999999995}",1.17,3.75,"{'1': {'start': 1.17, 'end': 1.81}, '2': {'start': 3.56, 'end': 3.75}}",Action
27,1,0xD0,-1,4.576416,Match,Match,ffffuulff,120,"{'1': 143.64389719690485, '2': 23.643897196904845}","[0.0, 3.66, 7.39, 11.17, 15.03, 18.91, 22.79, 26.69, 30.61, 34.55, 38.5, 42.45, 46.39, 50.34, 54.29, 58.24, 62.19, 66.14, 70.1, 74.05, 78.01, 81.96, 85.92, 89.88, 93.83, 97.79, 101.74, 105.7, 109.66, 113.62, 117.58, 121.54, 125.51, 129.47, 133.44, 137.4, 141.37, 145.34, 149.3, 153.27, 157.24, 161.21, 165.18, 169.15, 173.12, 177.09, 181.06, 185.03, 189.0, 192.97]","[1.616943, 1.631348, 1.64502, 1.659424, 1.673096, 1.686646, 1.70105, 1.714844, 1.72876, 1.742432, 1.756592, 1.773193, 1.784058, 1.797241, 1.811279, 1.825073, 1.839355, 1.853271, 1.867065, 1.88147, 1.895264, 1.90918, 1.922729, 1.93689, 1.95105, 1.9646, 1.978882, 1.992798, 2.006348, 2.020752, 2.034546, 2.048218, 2.06189, 2.07605, 2.089966, 2.103638, 2.117676, 2.131714, 2.145264, 2.159546, 2.17334, 2.187012, 2.201294, 2.215088, 2.229004, 2.242676, 2.256836, 2.27063, 2.284302, 2.298462]",1.0,{'1': 178.04687853107347},{'1': 0.6499999999999999},1.6,2.25,"{'1': {'start': 1.6, 'end': 2.25}}",Action
27,2,0xD0,-1,3.354736,Match,Match,ddbbddddl,180,"{'1': 67.52813154629905, '2': 247.52813154629905}","[0.0, 356.07, 352.08, 347.99, 343.72, 339.36, 334.88, 330.38, 325.86, 321.29, 316.67, 312.01, 307.28, 302.51, 297.71, 292.9, 288.09, 283.25, 278.38, 273.49, 268.6, 263.7, 258.81, 253.91, 249.02, 244.12, 239.23, 234.33, 229.44, 224.54, 219.65, 214.75, 209.86, 204.99, 200.18, 195.6, 191.11]","[1.54834, 1.562134, 1.576416, 1.59021, 1.603882, 1.61792, 1.631836, 1.64563, 1.65979, 1.673828, 1.687866, 1.70105, 1.715332, 1.729248, 1.74292, 1.757202, 1.770874, 1.784546, 1.798706, 1.8125, 1.826172, 1.840454, 1.85437, 1.868164, 1.881836, 1.896118, 1.909912, 1.923584, 1.937744, 1.95166, 1.96521, 1.97937, 1.993408, 2.007202, 2.020874, 2.035278, 2.04895]",1.0,{'1': 165.95074458747808},{'1': 0.51},1.53,2.04,"{'1': {'start': 1.53, 'end': 2.04}}",Action
27,3,0xD0,-1,1.528564,Match,Match,rbbbbbldd,0,"{'1': 231.69507444550453, '2': 231.69507444550453}",[],[],0.0,{},{},0.0,1.528564,{},Action
27,4,0xD0,-1,5.367432,Match,Match,llbbbrruu,180,"{'1': 29.299831885440923, '2': 209.29983188544094}","[0.0, 356.43, 352.54, 348.56, 344.46, 340.31, 336.14, 331.86, 327.52, 323.04, 318.54, 314.0, 309.34, 304.65, 299.94, 295.24, 290.53, 285.82, 281.11, 276.4, 271.69, 266.98, 262.27, 257.56, 252.85, 248.13, 243.41, 238.65, 233.87, 229.09, 224.3, 219.5, 214.71, 209.91, 205.12, 200.32, 195.53, 190.72, 185.9, 181.07, 176.16, 171.22]","[3.116943, 3.130981, 3.144653, 3.158813, 3.172729, 3.186523, 3.200073, 3.214355, 3.228271, 3.241821, 3.256104, 3.269897, 3.283447, 3.297729, 3.311646, 3.325195, 3.339355, 3.353394, 3.367188, 3.380859, 3.395142, 3.409058, 3.422485, 3.436768, 3.450562, 3.464111, 3.478516, 3.495239, 3.506226, 3.519165, 3.533325, 3.547241, 3.560913, 3.575195, 3.589355, 3.602905, 3.617188, 3.631104, 3.644653, 3.658936, 3.672729, 3.68689]",1.0,{'1': 173.62354494739066},{'1': 0.5800000000000001},3.1,3.68,"{'1': {'start': 3.1, 'end': 3.68}}",Action
27,5,0xD0,-1,6.753662,Match,Match,ffuulllbb,60,"{'1': 307.28523175063077, '2': 247.28523175063077}","[0.0, 355.62, 351.07, 346.07, 341.16, 336.34, 331.62, 326.95, 322.31, 317.73, 313.22, 308.79, 304.42, 300.19, 296.09, 292.06, 288.09, 284.16, 280.25, 276.35, 272.46, 268.56, 264.68, 260.81, 256.98, 253.16, 249.35, 245.55, 241.74, 237.94, 234.16, 230.37, 226.61, 222.84, 219.07, 215.31, 211.54, 207.78, 204.02, 200.25, 196.49, 192.73, 188.98, 185.23, 181.48, 177.73, 173.98, 170.24, 166.53, 162.83, 159.15, 155.47, 151.82, 148.17, 144.52, 140.88, 137.23, 133.59, 129.94, 126.3, 122.65, 119.01, 115.36, 111.72, 108.07, 104.43, 100.78, 97.14, 93.5, 89.89]","[4.586304, 4.600708, 4.614746, 4.628052, 4.64209, 4.65625, 4.669556, 4.683716, 4.697876, 4.711914, 4.725342, 4.73938, 4.753296, 4.766724, 4.781128, 4.795288, 4.808594, 4.822754, 4.836792, 4.850464, 4.864014, 4.878418, 4.892334, 4.905884, 4.920044, 4.934204, 4.94751, 4.961548, 4.975708, 4.989136, 5.003296, 5.017334, 5.031006, 5.044678, 5.058838, 5.072754, 5.086304, 5.100464, 5.114502, 5.12793, 5.14209, 5.15625, 5.169922, 5.183838, 5.197754, 5.211548, 5.225098, 5.239258, 5.253418, 5.266724, 5.281006, 5.295044, 5.308594, 5.322632, 5.336792, 5.350708, 5.364136, 5.378296, 5.392334, 5.405884, 5.420044, 5.434082, 5.447388, 5.461792, 5.47583, 5.489258, 5.503296, 5.517334, 5.531006, 5.5448]",1.0,{'1': 91.14619834710746},{'1': 0.9699999999999998},4.57,5.54,"{'1': {'start': 4.57, 'end': 5.54}}",Action
27,6,0xD0,-1,4.630493,Match,Match,llbbbrruu,180,"{'1': 44.56235648915972, '2': 224.56235648915973}","[0.0, 356.41, 352.35, 348.11, 343.77, 339.24, 334.64, 330.05, 325.3, 320.51, 315.7, 310.87, 305.96, 301.05, 296.13, 291.19, 286.24, 281.29, 276.33, 271.37, 266.4, 261.42, 256.45, 251.48, 246.51, 241.53, 236.56, 231.59, 226.61, 221.64, 216.66, 211.69, 206.72, 201.74, 196.77, 191.8, 186.82, 181.85, 176.88, 171.9, 166.93, 161.97, 157.03, 152.13, 147.23, 142.4]","[1.377686, 1.391724, 1.405518, 1.419312, 1.433228, 1.447266, 1.460938, 1.474854, 1.488892, 1.502563, 1.516479, 1.53064, 1.544189, 1.558228, 1.572144, 1.585938, 1.599731, 1.61377, 1.627686, 1.641479, 1.655518, 1.669434, 1.682983, 1.697021, 1.710938, 1.724854, 1.738647, 1.752686, 1.766479, 1.780273, 1.794189, 1.808228, 1.822021, 1.835938, 1.849976, 1.863647, 1.877563, 1.891479, 1.905273, 1.919312, 1.933105, 1.947021, 1.960815, 1.974854, 1.98877, 2.002563]",1.0,{'1': 143.29750525628938},{'1': 0.6399999999999999},1.36,2.0,"{'1': {'start': 1.36, 'end': 2.0}}",Action
27,7,0xD0,-1,3.204834,Match,Match,ffuulllbb,60,"{'1': 19.486140821778704, '2': 79.4861408217787}",[],[],0.0,{},{},0.0,3.204834,{},Action
27,8,0xD0,-1,5.793701,Match,Match,bbbdddrrb,120,"{'1': 293.95829936674545, '2': 53.95829936674545}","[0.0, 356.42, 352.48, 348.45, 344.24, 339.94, 335.61, 331.23, 326.85, 322.4, 317.92, 313.41, 308.84, 304.19, 299.48, 294.71, 289.92, 285.12, 280.33, 275.53, 270.73, 265.93, 261.14, 256.34, 251.54, 246.74, 241.94, 237.14, 232.34, 227.54, 222.74, 217.94, 213.14, 208.35, 203.58, 198.88, 194.22, 189.66, 185.13, 180.6, 176.07, 171.54, 167.01, 162.48, 157.95, 153.42, 148.91, 144.44, 140.28, 136.29, 132.51, 132.95, 137.14, 141.35, 145.49, 149.54, 153.58, 157.4]","[1.416138, 1.430054, 1.444092, 1.457764, 1.47168, 1.485718, 1.499512, 1.513306, 1.527222, 1.541138, 1.555054, 1.569092, 1.582886, 1.59668, 1.610596, 1.624512, 1.638306, 1.652222, 1.66626, 1.680054, 1.693848, 1.707764, 1.72168, 1.735596, 1.749512, 1.763428, 1.7771, 1.791138, 1.805298, 1.818848, 1.832642, 1.84668, 1.860596, 1.874512, 1.888306, 1.902222, 1.916016, 1.929932, 1.943848, 1.95752, 1.97168, 1.985474, 1.99939, 2.013184, 2.0271, 2.041138, 2.05481, 2.068726, 2.082764, 2.096558, 3.696655, 3.710571, 3.724854, 3.738647, 3.751831, 3.766113, 3.779907, 3.793579]",2.0,"{'1': 136.28186876795593, '2': 23.874294606896484}","{'1': 0.7, '2': 0.10000000000000009}",1.4,3.79,"{'1': {'start': 1.4000000000000001, 'end': 2.1}, '2': {'start': 3.69, 'end': 3.79}}",Action
27,9,0xD0,-1,2.548462,Match,Match,uuuuubbul,60,"{'1': 293.62580378124915, '2': 233.62580378124915}",[],[],0.0,{},{},0.0,2.548462,{},Action
27,10,0xD0,-1,1.529907,Match,Match,rrrbbbddb,0,"{'1': 223.53790288054762, '2': 223.53790288054762}",[],[],0.0,{},{},0.0,1.529907,{},Action
27,11,0xD0,-1,4.045288,Match,Match,uubbbrrrb,0,"{'1': 141.11818853031912, '2': 141.11818853031912}",[],[],0.0,{},{},0.0,4.045288,{},Action
27,12,0xD0,-1,4.254883,Mismatch,Match,uubbbrrrb,60,"{'1': 343.00843012210436, '2': 43.00843012210436}","[0.0, 357.46, 353.62, 349.48, 345.27, 340.75, 336.06, 331.25, 326.29, 321.31, 316.31, 311.32, 306.32, 301.33, 296.36, 291.44, 286.53, 281.62, 276.71, 271.8, 266.89, 261.98, 257.07, 252.16, 247.25, 242.34, 237.44, 232.55, 227.76, 223.05]","[2.626587, 2.640381, 2.654297, 2.668213, 2.682007, 2.695923, 2.709839, 2.723633, 2.737549, 2.751587, 2.765259, 2.792358, 2.806641, 2.821167, 2.835815, 2.85022, 2.864136, 2.877808, 2.892334, 2.906128, 2.919922, 2.934204, 2.947998, 2.961914, 2.975586, 2.98999, 3.003906, 3.017212, 3.031494, 3.046631]",1.0,{'1': 134.88671070885908},{'1': 0.43000000000000016},2.61,3.04,"{'1': {'start': 2.61, 'end': 3.04}}",Action
27,13,0xD0,-1,1.720337,Mismatch,Match,bdddddfll,60,"{'1': 330.88557685587443, '2': 30.885576855874458}",[],[],0.0,{},{},0.0,1.720337,{},Action
27,14,0xD0,-1,1.526855,Match,Match,uuuubbbur,60,"{'1': 334.4512081936936, '2': 34.45120819369362}",[],[],0.0,{},{},0.0,1.526855,{},Action
27,15,0xD0,-1,6.892822,Match,Match,uubbbbruu,120,"{'1': 221.6577671939678, '2': 341.6577671939678}","[0.0, 359.29, 354.79, 350.49, 346.33, 342.25, 338.2, 334.19, 330.22, 326.41, 322.61, 318.86, 315.13, 311.4, 307.69, 304.01, 300.33, 296.67, 293.02, 289.37, 285.73, 282.08, 278.44, 274.8, 271.15, 267.51, 263.86, 260.22, 256.57, 252.93, 249.28, 245.64, 242.0, 238.35, 234.71, 231.06, 227.42, 223.77, 220.13, 216.48, 212.84, 209.2, 205.55, 201.91, 198.26, 194.62, 190.98, 187.34, 183.7, 180.06, 176.42, 172.78, 169.14, 165.5, 161.86, 158.23, 154.6, 150.97, 147.34, 143.71, 140.09, 136.46, 132.83, 129.2, 125.57, 121.94, 118.31, 114.69, 111.13, 109.68, 104.92, 100.39, 95.98, 91.65, 87.4, 83.21, 79.06, 74.91, 70.76, 66.62, 62.48, 58.33, 54.19, 50.03, 45.85, 41.63, 37.36, 33.06, 28.74, 24.37, 19.97, 15.53, 11.06, 6.54, 1.98, 357.35, 352.67]","[2.54248, 2.556396, 2.570435, 2.584229, 2.598145, 2.612061, 2.625854, 2.639771, 2.653687, 2.667847, 2.681519, 2.695313, 2.710571, 2.723145, 2.737061, 2.750854, 2.764771, 2.778564, 2.79248, 2.806396, 2.82019, 2.834229, 2.848022, 2.861816, 2.875732, 2.889648, 2.903687, 2.93042, 2.944824, 2.959351, 2.973877, 2.988403, 3.002563, 3.016113, 3.030518, 3.044678, 3.058105, 3.07251, 3.086426, 3.100342, 3.113892, 3.128174, 3.141968, 3.155762, 3.169922, 3.183838, 3.19751, 3.21167, 3.225708, 3.239502, 3.253052, 3.267334, 3.281128, 3.2948, 3.309082, 3.32312, 3.336426, 3.350708, 3.364868, 3.378296, 3.392456, 3.406494, 3.420288, 3.433838, 3.44812, 3.462036, 3.475586, 3.489868, 4.670532, 4.684814, 4.698364, 4.712524, 4.72644, 4.73999, 4.75354, 4.767944, 4.781738, 4.795288, 4.809448, 4.823364, 4.836792, 4.851196, 4.865234, 4.87854, 4.892944, 4.90686, 4.92041, 4.93396, 4.948242, 4.962891, 4.97583, 4.98999, 5.00415, 5.017456, 5.031494, 5.045654, 5.059448]",2.0,"{'1': 114.68960198667868, '2': -108.6964567383665}","{'1': 0.96, '2': 0.3700000000000001}",2.53,5.03,"{'1': {'start': 2.5300000000000002, 'end': 3.49}, '2': {'start': 4.66, 'end': 5.03}}",Action
27,16,0xD0,-1,4.435425,Match,Match,rbbbbbldd,60,"{'1': 105.06104073035958, '2': 45.06104073035958}",[],[],0.0,{},{},0.0,4.435425,{},Action
27,17,0xD0,-1,1.473389,Match,Match,uuubbrrrf,0,"{'1': 252.73003733197783, '2': 252.73003733197783}",[],[],0.0,{},{},0.0,1.473389,{},Action
27,18,0xD0,-1,2.501953,Match,Match,bddrddddd,0,"{'1': 130.39509640625164, '2': 130.39509640625164}",[],[],0.0,{},{},0.0,2.501953,{},Action
27,19,0xD0,-1,7.755737,Match,Match,uuubbrrrf,60,"{'1': 143.30392059052593, '2': 83.30392059052593}","[0.0, 3.56, 7.17, 10.79, 14.44, 18.11, 21.81, 25.54, 29.3, 33.07, 36.85, 40.64, 44.44, 48.25, 52.07, 55.94, 59.82, 63.7, 67.59, 71.5, 75.42, 79.34, 83.28, 87.21, 91.15, 95.09, 99.04, 102.98, 106.92, 110.87, 114.81, 118.76, 122.7, 126.65, 130.6, 134.55, 138.49, 142.44, 146.41, 150.42, 154.43, 158.53, 162.9, 164.66, 168.27, 171.92, 175.58, 179.25, 182.92, 186.59, 190.26, 193.93, 197.6, 201.27, 204.94, 208.61, 212.28, 215.95, 219.62, 223.29, 226.96, 230.63, 234.3, 237.97, 241.64, 245.31, 248.98, 252.65, 256.32, 259.99, 263.66, 267.33, 271.01, 274.68, 278.36, 282.03, 285.71, 289.38, 293.06, 296.73, 300.41, 304.08, 307.76, 311.43, 315.11, 318.78, 322.46, 326.13, 329.81, 333.48, 337.16, 340.83, 344.51, 348.18, 351.86, 355.52, 359.17, 2.78, 6.38, 9.96, 13.55, 17.13, 20.71, 24.28, 27.86, 31.44, 35.02, 38.59, 42.16, 45.72, 49.29, 52.86, 56.43]","[1.657593, 1.671997, 1.685913, 1.699341, 1.713623, 1.727417, 1.741333, 1.755127, 1.769165, 1.783081, 1.796753, 1.810913, 1.824707, 1.838379, 1.852905, 1.866577, 1.880127, 1.894409, 1.908203, 1.921997, 1.935669, 1.949829, 1.963745, 1.977417, 1.991577, 2.005493, 2.019165, 2.033325, 2.047119, 2.061157, 2.074707, 2.088867, 2.102783, 2.116455, 2.130737, 2.144531, 2.157959, 2.172485, 2.186279, 2.199829, 2.214111, 2.228027, 2.241821, 5.158447, 5.172974, 5.186768, 5.200317, 5.21582, 5.228394, 5.242188, 5.255737, 5.269775, 5.283691, 5.297363, 5.311523, 5.325439, 5.338989, 5.353394, 5.367188, 5.380981, 5.394653, 5.408691, 5.422729, 5.436157, 5.450317, 5.464355, 5.477905, 5.49231, 5.506104, 5.519531, 5.533813, 5.547852, 5.561523, 5.575195, 5.589233, 5.603271, 5.616943, 5.630981, 5.64502, 5.658569, 5.672729, 5.686646, 5.700317, 5.714478, 5.728271, 5.742188, 5.755737, 5.769897, 5.783813, 5.797485, 5.811646, 5.825439, 5.838989, 5.853271, 5.867065, 5.880981, 5.894531, 5.908691, 5.922607, 5.936279, 5.950439, 5.964355, 5.977905, 5.992188, 6.006104, 6.019531, 6.033813, 6.047729, 6.061523, 6.075439, 6.089478, 6.103394, 6.116821]",2.0,"{'1': 162.90493551110086, '2': -110.03245073203931}","{'1': 0.6099999999999999, '2': 0.9700000000000006}",1.64,6.11,"{'1': {'start': 1.6400000000000001, 'end': 2.25}, '2': {'start': 5.14, 'end': 6.11}}",Action
27,20,0xD0,-1,4.439087,Match,Match,uuubbrrrf,120,"{'1': 16.35665315955761, '2': 256.3566531595576}","[0.0, 356.06, 351.31, 346.36, 341.37, 336.46, 331.61, 326.87, 322.37, 317.98, 313.79, 309.75, 305.74, 301.76, 297.89, 294.1, 290.35, 286.6, 282.88, 279.18, 275.48, 271.8, 268.13, 264.48, 260.82, 257.19, 253.57, 249.97, 249.97, 247.52, 243.44, 238.44, 233.44, 228.47, 223.49, 218.52, 213.54, 208.55, 203.55, 198.56, 193.59, 188.65, 183.74, 178.85, 173.97, 169.11, 164.27, 159.44, 154.61, 149.83, 145.1, 140.4, 135.96, 131.67, 127.61]","[2.160889, 2.175049, 2.188721, 2.202881, 2.216919, 2.22998, 2.244141, 2.258179, 2.271973, 2.285645, 2.300049, 2.313843, 2.327026, 2.341309, 2.355347, 2.368896, 2.383057, 2.397095, 2.410645, 2.424927, 2.438965, 2.454102, 2.466187, 2.47998, 2.493896, 2.507568, 2.521851, 3.285645, 3.301636, 3.314331, 3.327148, 3.341553, 3.355591, 3.368896, 3.383057, 3.397095, 3.410767, 3.424805, 3.439087, 3.452637, 3.466187, 3.480469, 3.494507, 3.507935, 3.522095, 3.536011, 3.549438, 3.563721, 3.577881, 3.591553, 3.60498, 3.619263, 3.633301, 3.646729, 3.660889]",2.0,"{'1': 106.46840878561498, '2': 17.834896892655337}","{'1': 0.38000000000000034, '2': 0.3700000000000001}",2.15,3.66,"{'1': {'start': 2.15, 'end': 2.5300000000000002}, '2': {'start': 3.29, 'end': 3.66}}",Action
27,21,0xD0,-1,2.793335,Match,Match,ddbbddddl,60,"{'1': 292.36198817673267, '2': 232.36198817673267}",[],[],0.0,{},{},0.0,2.793335,{},Action
27,22,0xD0,-1,3.33313,Match,Match,uubbbrrrb,180,"{'1': 249.91452010032071, '2': 69.91452010032073}","[0.0, 3.56, 7.25, 11.0, 14.79, 18.62, 22.5, 26.39, 30.31, 34.25, 38.21, 42.17, 46.14, 50.14, 54.16, 58.22, 62.31, 66.4, 70.52, 74.63, 78.75, 82.87, 86.98, 91.1, 95.22, 99.34, 103.46, 107.58, 111.7, 115.82, 119.94, 124.06, 128.18, 132.3, 136.42, 140.54, 144.65, 148.77, 152.89, 157.01, 161.13, 165.25, 169.37, 173.49, 177.61, 181.73, 185.85, 189.95, 194.02, 198.08, 202.13]","[1.554565, 1.56897, 1.582886, 1.596802, 1.610352, 1.624512, 1.638428, 1.6521, 1.66626, 1.680054, 1.693726, 1.707764, 1.72168, 1.735229, 1.749634, 1.763428, 1.777344, 1.790894, 1.805054, 1.819092, 1.832642, 1.846802, 1.860718, 1.874512, 1.88855, 1.902466, 1.916016, 1.930298, 1.944092, 1.95813, 1.97168, 1.98584, 1.999756, 2.01355, 2.02771, 2.041626, 2.055054, 2.069336, 2.08313, 2.096924, 2.110718, 2.124878, 2.138794, 2.152344, 2.166504, 2.18042, 2.194092, 2.208252, 2.222168, 2.23584, 2.25]",1.0,{'1': 160.73016949152537},{'1': 0.7000000000000002},1.54,2.24,"{'1': {'start': 1.54, 'end': 2.24}}",Action
27,23,0xD0,-1,1.477539,Match,Match,ddbbddddl,0,"{'1': 225.0668746383628, '2': 225.0668746383628}",[],[],0.0,{},{},0.0,1.477539,{},Action
27,24,0xD0,-1,4.089111,Match,Match,uuuuubbul,120,"{'1': 331.74419785260517, '2': 211.74419785260517}","[0.0, 359.05, 355.03, 350.04, 345.08, 340.17, 335.29, 330.49, 325.83, 321.31, 316.87, 312.53, 308.31, 304.13, 300.02, 295.97, 291.94, 287.93, 283.95, 279.98, 276.01, 272.05, 268.08, 264.11, 260.15, 256.19, 252.24, 248.28, 244.32, 240.36, 236.4, 232.43, 228.47, 224.5, 220.54, 216.58, 212.61, 208.65, 204.68, 200.72, 196.76, 192.79, 188.83, 184.86, 180.9, 176.94, 172.97, 169.01, 165.04, 161.08, 157.12, 153.15, 149.19, 145.23, 141.26, 137.3, 133.33, 129.44, 125.62]","[2.211182, 2.225098, 2.239014, 2.25293, 2.266724, 2.28064, 2.294678, 2.30835, 2.322144, 2.336182, 2.349976, 2.364014, 2.377808, 2.391602, 2.405518, 2.419434, 2.433472, 2.447144, 2.46106, 2.47522, 2.48877, 2.502686, 2.516724, 2.53064, 2.544434, 2.55835, 2.585571, 2.599487, 2.614624, 2.628906, 2.642822, 2.657227, 2.671143, 2.684814, 2.699097, 2.713135, 2.727173, 2.740845, 2.755005, 2.768799, 2.782715, 2.796753, 2.810669, 2.824219, 2.838501, 2.852539, 2.866333, 2.880005, 2.894287, 2.908203, 2.921631, 2.935913, 2.949829, 2.963379, 2.977661, 2.991577, 3.005127, 3.019409, 3.033447]",1.0,{'1': 126.55799259153714},{'1': 0.8300000000000001},2.2,3.03,"{'1': {'start': 2.2, 'end': 3.0300000000000002}}",Action
27,25,0xD0,-1,8.221924,Mismatch,Mismatch,lllllbbul,120,"{'1': 69.67863812849642, '2': 309.6786381284964}","[0.0, 3.58, 7.36, 11.16, 15.05, 18.94, 22.86, 26.79, 30.74, 34.69, 38.68, 42.71, 46.79, 50.89, 54.99, 59.09, 63.19, 67.3, 71.4, 75.5, 79.6, 83.7, 87.8, 91.89, 95.99, 100.09, 104.19, 108.3, 112.41, 116.53, 120.65, 124.77, 128.9, 133.02, 137.14, 141.26, 145.39, 149.51, 153.64, 157.76, 161.89, 166.02, 170.16, 174.29, 178.43, 182.57, 186.7, 190.84, 194.97, 199.11, 203.23, 207.3]","[4.846436, 4.86084, 4.874634, 4.88855, 4.901978, 4.916382, 4.930298, 4.943726, 4.958008, 4.971924, 4.985352, 4.999512, 5.01355, 5.0271, 5.04126, 5.055176, 5.069336, 5.082642, 5.096802, 5.11084, 5.12439, 5.13855, 5.152466, 5.166138, 5.180176, 5.194214, 5.207764, 5.221924, 5.23584, 5.249756, 5.263062, 5.277344, 5.29126, 5.304688, 5.319092, 5.333008, 5.34668, 5.360596, 5.374756, 5.388672, 5.4021, 5.416382, 5.430298, 5.443848, 5.457886, 5.471924, 5.485474, 5.499634, 5.51355, 5.529907, 5.54126, 5.555054]",1.0,{'1': 154.19121212121223},{'1': 0.7199999999999998},4.83,5.55,"{'1': {'start': 4.83, 'end': 5.55}}",Action
27,26,0xD0,-1,4.811768,Mismatch,Mismatch,llbbbrruu,120,"{'1': 136.56037732352206, '2': 256.56037732352206}","[0.0, 3.55, 7.15, 10.76, 14.4, 18.05, 21.71, 25.37, 29.03, 32.68, 36.34, 40.01, 43.68, 47.36, 51.03, 54.68, 59.04, 59.04, 59.36, 61.55, 65.11, 69.86, 74.61, 79.33, 84.01, 88.67, 93.33, 97.97, 102.62, 107.27, 111.93, 116.59, 121.28, 125.99, 130.75, 135.54, 140.35, 145.24, 150.14, 155.04, 159.99, 164.98, 169.96, 174.89, 179.76]","[2.36438, 2.378174, 2.39209, 2.406616, 2.419922, 2.433594, 2.447632, 2.461548, 2.475342, 2.489258, 2.503296, 2.516968, 2.530884, 2.544922, 2.558716, 2.768311, 2.782959, 3.381104, 3.395142, 3.408691, 3.422974, 3.43689, 3.450439, 3.4646, 3.478516, 3.49231, 3.505981, 3.520142, 3.534058, 3.547729, 3.56189, 3.575806, 3.589355, 3.603638, 3.617432, 3.630981, 3.645264, 3.659058, 3.672974, 3.688354, 3.700806, 3.714111, 3.727783, 3.742188, 3.756104]",3.0,"{'1': 51.05236026622773, '2': 4.678877597270933, '3': 118.5838631790744}","{'1': 0.20999999999999996, '2': 0.040000000000000036, '3': 0.3700000000000001}",2.35,3.75,"{'1': {'start': 2.35, 'end': 2.56}, '2': {'start': 2.75, 'end': 2.79}, '3': {'start': 3.38, 'end': 3.75}}",Action
27,27,0xD0,-1,2.446655,Mismatch,Mismatch,bddddddrd,180,"{'1': 209.22680912379508, '2': 29.22680912379508}",[],[],0.0,{},{},0.0,2.446655,{},Action
27,28,0xD0,-1,3.602539,Mismatch,Mismatch,bddrddddd,60,"{'1': 138.81569004914957, '2': 78.81569004914957}","[0.0, 355.87, 351.47, 346.92, 342.13, 337.29, 332.34, 327.37, 322.37, 317.37, 312.4, 307.48, 302.57, 297.66, 292.77, 287.89, 283.05, 278.24, 273.44, 268.66, 263.89, 259.13, 254.38, 249.64, 244.92, 240.2, 235.52, 230.88, 226.26, 221.68, 217.17]","[1.710693, 1.724731, 1.738525, 1.752441, 1.766479, 1.780151, 1.794067, 1.807983, 1.821899, 1.835815, 1.849731, 1.86377, 1.877441, 1.891113, 1.905151, 1.919067, 1.932983, 1.946777, 1.960693, 1.974487, 1.988403, 2.002319, 2.016113, 2.030029, 2.057495, 2.071411, 2.086548, 2.100708, 2.114624, 2.128906, 2.143066]",1.0,{'1': 141.85347033898304},{'1': 0.44000000000000017},1.7,2.14,"{'1': {'start': 1.7, 'end': 2.14}}",Action
27,29,0xD0,-1,3.140381,Match,Mismatch,lllbbbubb,0,"{'1': 133.77517338965436, '2': 133.77517338965436}","[0.0, 356.27, 352.43, 348.56, 344.6, 340.61, 336.56, 332.39, 327.98, 323.45, 318.65, 313.73, 308.76, 303.76, 298.76, 293.76, 288.77, 283.81, 278.85, 273.92, 269.01, 264.1, 259.2, 254.33, 249.47, 244.62, 239.77, 234.91, 230.06, 225.21, 220.36, 215.52, 210.67, 205.83, 200.99, 196.14, 191.26, 186.34, 181.38, 176.41, 173.7]","[1.359497, 1.373413, 1.387451, 1.401123, 1.415039, 1.429077, 1.442871, 1.456665, 1.470703, 1.484375, 1.498413, 1.512329, 1.526245, 1.540039, 1.553955, 1.567871, 1.581665, 1.595459, 1.609741, 1.623413, 1.637085, 1.651123, 1.665039, 1.678833, 1.692749, 1.706665, 1.720337, 1.734375, 1.748291, 1.776001, 1.789917, 1.804565, 1.818848, 1.83313, 1.847046, 1.861206, 1.875122, 1.888794, 1.903076, 1.916992, 1.930664]",1.0,{'1': 177.55173505111333},{'1': 0.55},1.35,1.9,"{'1': {'start': 1.35, 'end': 1.9000000000000001}}",Action
27,30,0xD0,-1,5.43396,Mismatch,Mismatch,ffuubrrrr,120,"{'1': 213.3000194088031, '2': 93.30001940880311}","[0.0, 3.56, 7.18, 10.81, 14.45, 18.1, 21.75, 25.4, 29.05, 32.71, 36.36, 40.01, 43.65, 47.3, 50.86, 54.45, 58.06, 61.68, 65.31, 68.96, 72.61, 76.28, 79.95, 83.63, 87.31, 90.99, 94.67, 98.34, 102.02, 105.7, 109.38, 113.05, 116.73]","[1.736816, 1.750854, 1.764648, 1.778564, 1.79248, 1.806274, 1.82019, 1.834106, 1.848022, 1.861816, 1.875732, 1.889771, 2.444946, 3.36438, 3.378662, 3.392456, 3.406494, 3.420288, 3.433838, 3.44812, 3.461914, 3.475464, 3.489746, 3.503662, 3.517212, 3.531494, 3.54541, 3.559082, 3.572632, 3.587036, 3.60083, 3.61438, 3.628662]",2.0,"{'1': 40.01150143648399, '2': 67.25517471039493}","{'1': 0.17000000000000015, '2': 0.27}",1.72,3.62,"{'1': {'start': 1.72, 'end': 1.8900000000000001}, '2': {'start': 3.35, 'end': 3.62}}",Action
27,31,0xD0,-1,6.004028,Mismatch,Mismatch,ffuubrrrr,120,"{'1': 325.45782959826, '2': 205.45782959826}","[0.0, 0.0, 357.04, 352.05, 347.05, 342.05, 337.05, 332.09, 327.17, 322.26, 317.42, 312.61, 307.82, 303.07, 298.32, 293.58, 288.84, 284.09, 279.36, 274.62, 269.89, 265.17, 260.44, 255.72, 250.99, 246.27, 241.55, 236.83, 232.11, 227.38, 222.66, 217.94, 213.19, 208.45, 204.9, 201.35, 197.79, 194.22, 190.65, 187.06, 183.46, 179.86, 176.26, 172.65, 169.05, 165.45, 161.84, 158.23, 154.61, 151.0, 147.37, 143.75, 140.12, 136.48, 132.85, 129.22, 125.59, 121.95, 118.28, 114.57, 110.85, 107.12, 103.38, 99.64, 95.89, 92.14, 88.36, 84.44, 83.51, 79.33, 74.39, 69.47, 64.55, 59.63, 54.72, 49.84, 49.56, 48.28, 44.79, 39.79, 34.79, 29.79, 24.79, 19.79, 14.8, 9.8, 4.81, 359.83, 354.85, 349.87, 344.89, 339.9]","[1.459839, 1.473877, 1.487549, 1.501465, 1.515381, 1.529175, 1.543091, 1.557129, 1.570923, 1.584717, 1.598633, 1.612549, 1.626465, 1.640259, 1.654297, 1.668091, 1.681885, 1.695923, 1.709839, 1.723633, 1.737549, 1.751587, 1.765259, 1.779175, 1.793213, 1.806885, 1.820923, 1.834717, 1.848511, 1.862549, 1.876465, 1.890259, 1.904053, 3.044922, 3.059326, 3.073364, 3.086914, 3.100952, 3.115112, 3.128784, 3.142456, 3.156616, 3.170532, 3.18396, 3.198242, 3.21228, 3.225708, 3.239868, 3.254028, 3.267456, 3.281616, 3.295654, 3.30957, 3.32312, 3.33728, 3.351196, 3.364746, 3.379028, 3.392944, 3.406372, 3.420654, 3.434692, 3.44812, 3.462646, 3.476318, 3.48999, 3.503662, 4.532104, 4.545898, 4.560059, 4.574097, 4.587402, 4.601563, 4.615479, 4.629395, 4.823364, 4.837769, 4.851929, 4.865356, 4.879395, 4.893555, 4.90686, 4.921021, 4.935059, 4.948853, 4.96228, 4.976318, 4.990723, 5.004272, 5.018188, 5.032104, 5.04541]",4.0,"{'1': 146.83470816544232, '2': -63.152161015822884, '3': -34.5615017641398, '4': -31.853485376006272}","{'1': 0.4500000000000002, '2': 0.48, '3': 0.2999999999999998, '4': 0.21999999999999975}",1.46,5.04,"{'1': {'start': 1.46, 'end': 1.9100000000000001}, '2': {'start': 3.0300000000000002, 'end': 3.5100000000000002}, '3': {'start': 4.5200000000000005, 'end': 4.82}, '4': {'start': 4.82, 'end': 5.04}}",Action
27,32,0xD0,-1,4.001465,Mismatch,Mismatch,ffffuulff,0,"{'1': 124.53773309096051, '2': 124.53773309096051}","[0.0, 3.64, 7.31, 11.06, 14.87, 18.78, 22.73, 26.69, 30.65, 34.76, 38.93, 43.11, 47.38, 51.7, 56.05, 60.4, 64.76, 69.12, 73.47, 77.84, 82.2, 86.57, 90.93, 95.3, 99.68, 104.05, 108.42, 112.8, 117.17, 121.55, 125.92, 130.3, 134.68, 139.06, 143.43, 147.81, 152.19, 156.57, 160.95, 165.33, 169.72, 174.1, 178.48, 182.87, 187.25, 191.63, 196.02, 200.38, 204.72]","[2.014893, 2.028687, 2.042847, 2.056885, 2.070313, 2.084595, 2.099854, 2.112305, 2.125488, 2.139648, 2.153687, 2.167236, 2.181396, 2.195435, 2.209106, 2.223267, 2.237305, 2.250854, 2.265137, 2.278931, 2.292847, 2.306519, 2.320679, 2.334717, 2.348389, 2.362549, 2.376343, 2.389893, 2.404297, 2.418091, 2.432129, 2.445679, 2.459839, 2.473633, 2.487305, 2.501343, 2.515625, 2.528931, 2.543091, 2.557007, 2.570679, 2.585083, 2.598877, 2.612671, 2.626343, 2.640503, 2.654541, 2.667969, 2.682251]",1.0,{'1': 155.96403164822846},{'1': 0.6800000000000002},2.0,2.68,"{'1': {'start': 2.0, 'end': 2.68}}",Action
27,33,0xD0,-1,4.866821,Mismatch,Mismatch,rrrrbbbdr,0,"{'1': 332.901993874017, '2': 332.901993874017}","[0.0, 356.43, 352.78, 349.07, 345.36, 341.32, 337.13, 332.74, 327.98, 323.06, 318.08, 313.15, 308.32, 303.74, 299.5, 295.33, 291.2, 287.08, 282.95, 278.82, 274.7, 270.57, 266.43, 262.28, 258.13, 253.97, 249.8, 245.61, 241.36, 237.06, 232.77, 228.36, 223.92, 219.48, 215.04, 210.59, 206.13, 201.68, 197.22, 192.76, 188.29, 183.82, 179.31, 174.78, 169.88, 164.88, 160.15]","[2.547607, 2.561646, 2.575439, 2.589111, 2.602905, 2.616577, 2.630737, 2.644775, 2.658203, 2.672241, 2.686401, 2.699829, 2.714233, 2.728149, 2.741455, 2.755737, 2.769653, 2.783447, 2.797119, 2.811523, 2.825684, 2.841675, 2.852905, 2.866211, 2.879883, 2.894165, 2.908203, 2.921997, 2.936279, 2.950317, 2.963989, 2.977539, 2.991821, 3.005737, 3.019531, 3.033447, 3.047485, 3.061035, 3.075073, 3.089111, 3.103149, 3.116455, 3.130615, 3.144775, 3.158325, 3.172485, 3.186401]",1.0,{'1': 162.32567763725203},{'1': 0.6499999999999999},2.53,3.18,"{'1': {'start': 2.5300000000000002, 'end': 3.18}}",Action
27,34,0xD0,-1,4.378418,Mismatch,Mismatch,uubbbbruu,0,"{'1': 37.14174779987822, '2': 37.14174779987822}","[0.0, 3.65, 7.31, 10.99, 14.69, 18.4, 22.13, 25.92, 29.74, 33.61, 37.5, 41.41, 45.35, 49.29, 53.25, 57.2, 61.17, 65.13, 69.1, 73.07, 77.05, 81.03, 85.01, 89.0, 93.0, 97.01, 101.03, 105.06, 109.09, 113.14, 117.22, 121.29, 125.36, 129.44, 133.52, 137.62, 141.72, 145.99, 150.4, 155.08, 157.76, 158.02, 160.78, 165.78, 170.73, 175.65, 180.42, 184.94, 189.26, 193.23]","[1.488281, 1.502563, 1.516357, 1.530518, 1.544312, 1.55835, 1.571899, 1.58606, 1.600098, 1.61377, 1.628052, 1.641846, 1.655396, 1.669678, 1.683594, 1.697388, 1.71106, 1.725098, 1.739136, 1.753052, 1.766968, 1.780884, 1.794434, 1.808716, 1.82251, 1.836182, 1.850586, 1.86438, 1.878174, 1.891846, 1.905884, 1.919922, 1.933594, 1.947754, 1.96167, 1.975342, 1.989624, 2.003418, 2.017334, 2.031006, 2.697876, 2.711914, 2.726074, 2.73999, 2.753418, 2.767578, 2.781494, 2.7948, 2.809082, 2.82312]",2.0,"{'1': 155.116144855819, '2': 9.853008975637579}","{'1': 0.5700000000000001, '2': 0.11999999999999966}",1.47,2.82,"{'1': {'start': 1.47, 'end': 2.04}, '2': {'start': 2.7, 'end': 2.82}}",Action
27,35,0xD0,-1,10.80566,Mismatch,Mismatch,bdddbllll,60,"{'1': 142.41044685041496, '2': 82.41044685041496}","[0.0, 3.84, 8.15, 12.97, 17.93, 22.89, 27.65, 29.79, 33.55, 37.5, 41.47, 45.61, 49.77, 53.98, 58.29, 62.68, 67.17, 71.71, 76.33, 81.07, 85.84, 90.63, 95.41, 100.21, 105.0, 109.79, 114.59, 119.41, 124.22, 129.11, 134.02, 138.93, 143.9, 148.89, 151.31, 152.22, 152.41, 153.56, 155.85, 158.85, 155.27, 151.62, 147.96, 144.28, 140.47, 136.6, 132.65, 128.68, 124.7, 120.7, 116.71, 112.72, 108.72, 104.73, 100.73, 96.74, 92.75, 88.75, 84.76, 80.75, 76.75, 72.75, 68.75, 64.74, 60.7, 56.64, 52.54, 48.41, 44.25, 40.06, 35.84, 31.6, 27.25, 22.88, 18.48, 14.07, 9.66, 5.24, 0.83, 356.42, 352.0, 347.59, 343.18, 338.76, 334.35, 329.94, 325.52, 321.11, 316.7, 312.29, 307.87, 303.46, 299.05, 294.63, 290.22, 285.81, 281.39, 276.98, 272.58, 268.22, 263.97]","[2.736328, 2.750122, 2.764282, 2.778198, 2.791748, 2.80603, 2.819946, 3.653076, 3.667358, 3.681396, 3.695068, 3.708374, 3.722656, 3.736694, 3.749878, 3.764038, 3.778198, 3.791748, 3.80603, 3.820068, 3.833496, 3.847534, 3.862671, 3.875488, 3.888672, 3.902832, 3.916992, 3.930664, 3.944946, 3.958984, 3.972534, 3.98645, 4.00061, 4.014771, 4.027954, 6.778564, 6.792358, 6.806763, 6.820435, 7.792236, 7.806519, 7.820557, 7.834229, 7.847656, 7.862061, 7.876099, 7.889526, 7.903687, 7.91748, 7.93103, 7.945313, 7.959229, 7.972656, 7.986816, 8.000854, 8.014771, 8.028198, 8.042358, 8.056274, 8.06958, 8.083984, 8.0979, 8.111328, 8.125732, 8.139771, 8.153076, 8.167236, 8.181274, 8.19519, 8.208618, 8.2229, 8.236938, 8.250488, 8.264648, 8.278564, 8.292114, 8.306274, 8.320313, 8.333862, 8.3479, 8.361938, 8.375854, 8.389282, 8.403564, 8.41748, 8.430908, 8.44519, 8.459106, 8.472656, 8.486938, 8.500854, 8.514771, 8.528198, 8.542358, 8.556885, 8.569824, 8.584106, 8.598022, 8.611694, 8.625732, 8.639648]",5.0,"{'1': 27.650138705844224, '2': 121.55426425317019, '3': 3.5373597946861253, '4': -156.72520269988377, '5': 90.99643950435465}","{'1': 0.09999999999999964, '2': 0.3900000000000001, '3': 0.040000000000000036, '4': 0.5499999999999998, '5': 0.3000000000000007}",2.72,8.63,"{'1': {'start': 2.72, 'end': 2.82}, '2': {'start': 3.64, 'end': 4.03}, '3': {'start': 6.78, 'end': 6.82}, '4': {'start': 7.78, 'end': 8.33}, '5': {'start': 8.33, 'end': 8.63}}",Action
27,36,0xD0,-1,6.520264,Mismatch,Mismatch,lllbbbluu,60,"{'1': 202.99487436706576, '2': 262.9948743670658}","[0.0, 356.23, 351.89, 347.21, 342.22, 337.25, 332.33, 327.56, 323.05, 318.58, 314.12, 309.69, 305.35, 301.1, 296.97, 292.88, 288.84, 284.86, 281.02, 277.24, 273.69, 273.34, 268.46, 263.69, 258.98, 254.37, 249.86, 245.37, 240.94, 236.52, 232.12, 227.73, 223.37, 219.03, 214.72, 210.44, 206.17, 201.91, 197.66, 193.41, 189.15, 184.91, 180.66, 176.41, 172.17, 167.93, 163.69, 159.44, 155.2, 150.96, 146.71, 142.47, 138.23, 133.98, 129.74, 125.5, 121.25, 117.01, 112.77, 108.52, 104.28, 100.04, 95.79, 91.55, 87.18, 82.73, 78.04]","[3.2146, 3.228394, 3.242432, 3.256348, 3.269653, 3.283936, 3.298096, 3.311523, 3.325073, 3.339722, 3.353394, 3.366821, 3.380981, 3.39502, 3.408447, 3.422607, 3.436768, 3.450073, 3.464233, 3.478271, 4.381104, 4.395386, 4.408813, 4.422852, 4.436768, 4.450439, 4.464478, 4.478516, 4.493652, 4.505859, 4.519775, 4.533813, 4.547241, 4.561401, 4.575684, 4.588989, 4.603271, 4.617554, 4.631226, 4.644775, 4.659058, 4.672852, 4.686401, 4.700684, 4.7146, 4.728149, 4.742432, 4.756348, 4.769653, 4.783813, 4.797729, 4.811646, 4.825317, 4.839478, 4.853516, 4.866943, 4.881104, 4.895142, 4.908691, 4.922852, 4.93689, 4.950684, 4.964233, 4.978516, 4.99231, 5.005859, 5.020142]",2.0,"{'1': 82.76679854413828, '2': -8.219031538626382}","{'1': 0.2799999999999998, '2': 0.6400000000000006}",3.2,5.0200000000000005,"{'1': {'start': 3.2, 'end': 3.48}, '2': {'start': 4.38, 'end': 5.0200000000000005}}",Action
27,37,0xD0,-1,3.559937,Mismatch,Mismatch,lllbbbluu,0,"{'1': 233.89370302558456, '2': 233.89370302558456}",[],[],0.0,{},{},0.0,3.559937,{},Action
27,38,0xD0,-1,3.624878,Mismatch,Mismatch,bddrbbbbb,180,"{'1': 107.86832492201711, '2': 287.8683249220171}",[],[],0.0,{},{},0.0,3.624878,{},Action
27,39,0xD0,-1,3.851807,Mismatch,Mismatch,rbbbdddff,60,"{'1': 242.48500456382936, '2': 182.48500456382936}","[0.0, 357.14, 353.23, 349.25, 345.25, 341.13, 336.83, 332.39, 327.85, 323.09, 318.28, 313.37, 308.44, 303.48, 298.48, 293.48, 288.48, 283.49, 278.49, 273.5, 268.53, 263.56, 258.61, 253.66, 248.73, 243.81, 238.89, 233.96, 229.04, 224.12, 219.2, 214.27, 209.35, 204.43, 199.51, 194.59, 189.67, 184.75, 179.82, 174.9, 169.98, 165.06, 160.14, 155.21, 150.29, 145.37, 140.45, 135.52, 130.6, 125.67, 120.7, 115.72, 110.72, 105.73]","[2.181885, 2.195923, 2.209839, 2.223633, 2.237549, 2.251465, 2.265137, 2.281982, 2.293091, 2.306885, 2.320923, 2.334717, 2.348511, 2.362427, 2.376343, 2.390137, 2.404053, 2.417969, 2.432007, 2.445679, 2.459595, 2.473511, 2.487427, 2.501221, 2.515137, 2.529053, 2.542847, 2.556885, 2.570679, 2.584473, 2.598389, 2.612427, 2.626099, 2.640137, 2.654175, 2.667847, 2.681763, 2.709106, 2.7229, 2.737915, 2.752319, 2.766113, 2.78064, 2.794678, 2.808594, 2.822144, 2.836426, 2.850586, 2.864014, 2.878296, 2.892334, 2.905762, 2.920166, 2.934326]",1.0,{'1': 107.25448728813554},{'1': 0.7600000000000002},2.17,2.93,"{'1': {'start': 2.17, 'end': 2.93}}",Action
27,40,0xD0,-1,6.421631,Mismatch,Mismatch,bbddbblll,120,"{'1': 230.07222090841356, '2': 350.07222090841356}","[0.0, 3.59, 7.19, 10.81, 14.42, 18.04, 21.66, 25.29, 28.93, 32.56]","[4.379395, 4.393921, 4.407593, 4.421021, 4.435303, 4.449097, 4.463013, 4.476563, 4.490967, 4.740479]",1.0,{'1': 29.06141568341402},{'1': 0.1299999999999999},4.37,4.5,"{'1': {'start': 4.37, 'end': 4.5}}",Action
27,41,0xD0,-1,5.379639,Mismatch,Mismatch,bddddddrd,0,"{'1': 344.8148692707027, '2': 344.8148692707027}","[0.0, 357.53, 353.59, 349.34, 344.84, 340.15, 335.35, 330.4, 325.42, 320.42, 315.42, 310.42, 305.42, 300.42, 295.42, 290.42, 285.42, 280.43, 275.43, 270.44, 265.45, 260.48, 255.5, 250.54, 245.57, 240.61, 235.65, 230.7, 225.76, 220.82, 215.89, 210.96, 206.03]","[2.837524, 2.851685, 2.865601, 2.879639, 2.892822, 2.906982, 2.921143, 2.93457, 2.948608, 2.962646, 2.976196, 2.990356, 3.004272, 3.017944, 3.032227, 3.046265, 3.059937, 3.073242, 3.087524, 3.10144, 3.115112, 3.129395, 3.143311, 3.156738, 3.170776, 3.184814, 3.201172, 3.212769, 3.226074, 3.23999, 3.25354, 3.267944, 3.281982]",1.0,{'1': 153.27394215700247},{'1': 0.4600000000000004},2.82,3.28,"{'1': {'start': 2.82, 'end': 3.2800000000000002}}",Action
27,42,0xD0,-1,4.820801,Mismatch,Mismatch,lllbbbubb,120,"{'1': 323.6038841909504, '2': 203.6038841909504}","[0.0, 359.22, 355.95, 351.19, 346.49, 341.99, 337.57, 333.29, 329.09, 324.95, 320.92, 316.95, 313.07, 309.26, 305.45, 301.63, 297.82, 294.01, 290.19, 286.38, 282.6, 278.84, 275.08, 271.36, 267.65, 263.94, 260.24, 256.53, 252.85, 249.18, 245.56, 241.99]","[2.056519, 2.070435, 2.084595, 2.098511, 2.112061, 2.126343, 2.140137, 2.153809, 2.167847, 2.181885, 2.195679, 2.209351, 2.223633, 2.237305, 2.250977, 2.265259, 2.279175, 2.292725, 2.306885, 2.320923, 2.334595, 2.348145, 2.362427, 2.376343, 2.389893, 2.404297, 2.418213, 2.431763, 2.445801, 2.459473, 2.473145, 2.487427]",1.0,{'1': 116.15351001260326},{'1': 0.43000000000000016},2.05,2.48,"{'1': {'start': 2.05, 'end': 2.48}}",Action
27,43,0xD0,-1,2.029663,Mismatch,Mismatch,bdddbllll,120,"{'1': 324.8371830853158, '2': 204.83718308531581}",[],[],0.0,{},{},0.0,2.029663,{},Action
27,44,0xD0,-1,4.104126,Mismatch,Mismatch,rbbbdddff,0,"{'1': 248.50041282544151, '2': 248.50041282544151}","[0.0, 356.04, 351.7, 347.05, 342.09, 337.1, 332.19, 327.33, 322.52, 317.71, 312.91, 308.13, 303.41, 298.71, 294.08, 289.46, 284.85, 280.26, 275.7, 271.18, 266.67, 262.16, 257.66, 253.16, 248.66, 244.15, 239.65, 235.16, 230.66, 226.16, 221.66, 217.16, 212.66, 208.16, 203.66, 199.17]","[2.284424, 2.298584, 2.312256, 2.326904, 2.340332, 2.353516, 2.36792, 2.381714, 2.395142, 2.409302, 2.423462, 2.437012, 2.451172, 2.465332, 2.479004, 2.49231, 2.506592, 2.520508, 2.53418, 2.548462, 2.562378, 2.57605, 2.590332, 2.604248, 2.617798, 2.631104, 2.645508, 2.659424, 2.673096, 2.687378, 2.701294, 2.714844, 2.729248, 2.743164, 2.756348, 2.770508]",1.0,{'1': 160.66891807909607},{'1': 0.5},2.27,2.77,"{'1': {'start': 2.27, 'end': 2.77}}",Action
27,45,0xD0,-1,2.054321,Match,Mismatch,dbbbblllu,60,"{'1': 39.554253688180744, '2': 339.5542536881807}",[],[],0.0,{},{},0.0,2.054321,{},Action
27,46,0xD0,-1,1.805298,Mismatch,Mismatch,bbddbblll,180,"{'1': 309.0100657073902, '2': 129.01006570739017}",[],[],0.0,{},{},0.0,1.805298,{},Action
27,47,0xD0,-1,2.644409,Mismatch,Mismatch,bddrddddd,180,"{'1': 35.03309576048505, '2': 215.03309576048505}",[],[],0.0,{},{},0.0,2.644409,{},Action
27,48,0xD0,-1,5.084839,Mismatch,Mismatch,uubbbbruu,60,"{'1': 115.7910030035887, '2': 55.7910030035887}",[],[],0.0,{},{},0.0,5.084839,{},Action
27,49,0xD0,-1,2.756226,Mismatch,Mismatch,dbbbblllu,60,"{'1': 134.42436349210726, '2': 74.42436349210726}",[],[],0.0,{},{},0.0,2.756226,{},Action
3,0,0x4B,1,1.772461,Match,Match,bdddbllll,0,"{'1': 52.91861761483567, '2': 52.91861761483567}",[],[],0.0,{},{},0.0,1.772461,{},Action
3,1,0x4B,1,2.246826,Match,Match,lllbbbubb,120,"{'1': 17.648447864990295, '2': 137.6484478649903}","[0.0, 359.33, 357.85, 355.49, 351.63, 346.64, 341.64, 336.64, 331.64, 326.64, 321.64, 316.64, 311.64, 306.64, 301.64, 296.64, 291.64, 286.64, 281.64, 276.64, 271.64, 267.91, 265.58, 264.02, 263.57]","[1.328125, 1.342041, 1.355713, 1.369873, 1.383789, 1.397461, 1.411377, 1.425293, 1.439209, 1.452881, 1.467041, 1.480713, 1.496338, 1.508545, 1.522461, 1.536377, 1.550537, 1.564209, 1.578125, 1.591797, 1.605713, 1.619873, 1.633545, 1.647461, 1.661621]",1.0,{'1': 96.37848516949154},{'1': 0.3400000000000001},1.32,1.66,"{'1': {'start': 1.32, 'end': 1.6600000000000001}}",Action
3,2,0x4B,1,1.196533,Match,Match,bdddllbbb,0,"{'1': 323.68654722111233, '2': 323.68654722111233}",[],[],0.0,{},{},0.0,1.196533,{},Action
3,3,0x4B,1,1.466064,Match,Match,rbbbdddff,0,"{'1': 209.7655225309319, '2': 209.7655225309319}",[],[],0.0,{},{},0.0,1.466064,{},Action
3,4,0x4B,1,3.120117,Match,Match,rrrrbbbdr,180,"{'1': 304.09194055990326, '2': 124.09194055990326}","[0.0, 359.72, 357.67, 353.48, 348.5, 343.55, 338.6, 333.65, 328.7, 323.75, 318.8, 313.85, 308.88, 303.9, 298.93, 293.95, 288.97, 283.99, 279.01, 274.04, 269.05, 264.07, 259.09, 254.1, 249.12, 244.13, 239.14, 234.16, 229.16, 224.17, 219.17, 214.18, 210.09, 207.52, 204.96, 204.12]","[1.368896, 1.383301, 1.397217, 1.411621, 1.425293, 1.438721, 1.453369, 1.467285, 1.481201, 1.494873, 1.509033, 1.522705, 1.536865, 1.550781, 1.564453, 1.578125, 1.592529, 1.606201, 1.619873, 1.634033, 1.647949, 1.661865, 1.675537, 1.689697, 1.703613, 1.717041, 1.731445, 1.745361, 1.760498, 1.773193, 1.786621, 1.800049, 1.814209, 1.828613, 1.842529, 1.855713]",1.0,{'1': 155.49454503202267},{'1': 0.48},1.37,1.85,"{'1': {'start': 1.37, 'end': 1.85}}",Action
3,5,0x4B,1,3.269043,Match,Match,ddbbddddl,60,"{'1': 51.39973507264532, '2': 351.39973507264534}","[0.0, 0.82, 2.6, 5.66, 10.66, 15.61, 20.53, 25.42, 30.3, 35.18, 40.06, 44.93, 49.81, 54.69, 59.56, 64.44, 69.31, 74.19]","[2.519531, 2.533447, 2.547607, 2.561523, 2.575439, 2.588867, 2.603027, 2.616943, 2.630371, 2.644775, 2.658691, 2.672119, 2.686279, 2.700195, 2.713867, 2.728271, 2.742188, 2.756104]",1.0,{'1': 72.04947686116697},{'1': 0.23999999999999977},2.51,2.75,"{'1': {'start': 2.5100000000000002, 'end': 2.75}}",Action
3,6,0x4B,1,1.171387,Match,Match,rrrrbbbdr,0,"{'1': 128.50402536639388, '2': 128.50402536639388}",[],[],0.0,{},{},0.0,1.171387,{},Action
3,7,0x4B,1,1.069336,Match,Match,ffuulllbb,0,"{'1': 151.05211282187008, '2': 151.05211282187008}",[],[],0.0,{},{},0.0,1.069336,{},Action
3,8,0x4B,1,1.436523,Match,Match,rbbbbbbub,0,"{'1': 67.47656459594786, '2': 67.47656459594786}",[],[],0.0,{},{},0.0,1.436523,{},Action
3,9,0x4B,1,5.189453,Match,Match,lllbbbluu,180,"{'1': 223.27059667450027, '2': 43.27059667450027}","[0.0, 0.0, 359.66, 358.75, 357.28, 354.79, 350.75, 345.83, 340.83, 335.83, 330.83, 325.83, 320.83, 315.83, 310.83, 305.83, 300.83, 295.83, 290.84, 285.84, 280.84, 275.84, 270.84, 265.84, 260.84, 255.84, 250.84, 245.84, 240.84, 235.84, 230.84, 225.84, 220.84, 215.84, 210.84, 205.84, 200.84, 195.84, 190.84, 187.25, 185.66, 184.72, 184.41, 184.41, 183.83, 182.12, 178.1, 173.92, 169.75, 165.56, 161.68, 159.88, 158.79]","[3.286377, 3.300293, 3.313721, 3.328125, 3.341797, 3.355469, 3.369873, 3.383789, 3.397461, 3.411377, 3.425293, 3.439209, 3.454834, 3.467285, 3.480225, 3.493896, 3.508301, 3.522217, 3.536133, 3.550049, 3.564209, 3.578125, 3.591553, 3.605957, 3.619873, 3.633301, 3.648438, 3.661621, 3.674805, 3.689209, 3.703125, 3.717041, 3.730469, 3.745117, 3.758789, 3.772217, 3.786865, 3.800537, 3.813965, 3.828613, 3.842285, 3.855713, 4.162354, 4.175293, 4.189209, 4.203125, 4.217041, 4.230713, 4.245117, 4.259033, 4.272461, 4.286865, 4.300537]",2.0,"{'1': 175.28433396055974, '2': -16.75718768285546}","{'1': 0.5599999999999996, '2': 0.1299999999999999}",3.3000000000000003,4.3,"{'1': {'start': 3.3000000000000003, 'end': 3.86}, '2': {'start': 4.17, 'end': 4.3}}",Action
3,10,0x4B,1,1.518799,Match,Match,rrrrbbbdr,0,"{'1': 119.39171623680613, '2': 119.39171623680613}",[],[],0.0,{},{},0.0,1.518799,{},Action
3,11,0x4B,1,1.712402,Mismatch,Match,llbbbbbru,180,"{'1': 320.5405542825008, '2': 140.5405542825008}",[],[],0.0,{},{},0.0,1.712402,{},Action
3,12,0x4B,1,1.949707,Match,Match,bbbdddrrb,0,"{'1': 339.6540141721071, '2': 339.6540141721071}","[0.0, 0.0, 0.0, 0.0, 0.0, 0.0, 0.0]","[1.002441, 1.016113, 1.030029, 1.043945, 1.057861, 1.071777, 1.085693]",0.0,{},{},0.0,1.949707,{},Action
3,13,0x4B,1,2.06665,Match,Match,ffuulllbb,60,"{'1': 238.25576979704107, '2': 298.25576979704107}","[0.0, 0.0, 0.0, 359.71, 358.85, 357.2, 355.18, 352.42, 348.66, 344.36, 339.47, 334.51, 329.53, 325.14]","[1.328125, 1.342041, 1.355713, 1.369629, 1.383789, 1.397461, 1.411377, 1.425293, 1.438965, 1.452881, 1.466797, 1.480713, 1.494629, 1.508545]",1.0,{'1': 32.07502012072435},{'1': 0.1399999999999999},1.36,1.5,"{'1': {'start': 1.36, 'end': 1.5}}",Action
3,14,0x4B,1,3.341797,Match,Match,bbddbblll,0,"{'1': 56.46258018039333, '2': 56.46258018039333}","[0.0, 1.63, 5.34, 10.25, 15.14, 20.03, 24.91, 29.78, 30.98]","[2.744385, 2.758301, 2.772461, 2.786377, 2.800293, 2.813477, 2.827637, 2.841553, 2.855225]",1.0,{'1': 30.52139847864249},{'1': 0.1200000000000001},2.73,2.85,"{'1': {'start': 2.73, 'end': 2.85}}",Action
3,15,0x4B,1,2.866211,Match,Match,ffuulllbb,180,"{'1': 324.4405639480044, '2': 144.4405639480044}","[0.0, 0.23, 0.81, 1.89, 3.63, 6.15, 9.12, 12.24, 15.96, 20.72, 25.67, 30.61, 35.55, 40.48, 45.41, 50.35, 55.28, 60.21, 65.14, 70.08, 75.01, 79.94, 84.87, 89.8, 94.73, 99.65, 104.58, 109.5, 114.43, 119.35, 124.28, 129.2, 134.12, 139.05, 143.97, 148.9, 153.82, 156.92, 158.0, 161.02, 166.0, 170.96, 175.89, 180.82, 185.74, 190.64, 195.53, 200.4, 205.27]","[1.085938, 1.099609, 1.113525, 1.127197, 1.141357, 1.155029, 1.168945, 1.182861, 1.196777, 1.210449, 1.224365, 1.238281, 1.252197, 1.266113, 1.280029, 1.293945, 1.307617, 1.321533, 1.335449, 1.349365, 1.363281, 1.377441, 1.391113, 1.404785, 1.43335, 1.447021, 1.462158, 1.476807, 1.490479, 1.503906, 1.518311, 1.532227, 1.545898, 1.560303, 1.574219, 1.587891, 1.602051, 2.088379, 2.103027, 2.116943, 2.130371, 2.143799, 2.158203, 2.171875, 2.185547, 2.199951, 2.213623, 2.227295, 2.241455]",2.0,"{'1': 153.80233048197812, '2': -1.6361766145342926}","{'1': 0.52, '2': 0.16000000000000014}",1.09,2.24,"{'1': {'start': 1.09, 'end': 1.61}, '2': {'start': 2.08, 'end': 2.24}}",Action
3,16,0x4B,1,1.335938,Match,Match,llbbbbbru,0,"{'1': 59.737230314385215, '2': 59.737230314385215}",[],[],0.0,{},{},0.0,1.335938,{},Action
3,17,0x4B,1,1.660889,Match,Match,ffffuulff,60,"{'1': 128.11380594667577, '2': 68.11380594667577}","[0.0, 0.35, 1.4, 3.3, 6.24, 9.62, 13.14, 16.72, 20.31, 23.93, 27.53, 31.14, 33.84]","[1.088379, 1.102783, 1.116211, 1.130371, 1.144043, 1.157959, 1.171875, 1.185791, 1.199707, 1.213623, 1.227539, 1.241455, 1.255127]",1.0,{'1': 32.788111635656755},{'1': 0.15999999999999992},1.09,1.25,"{'1': {'start': 1.09, 'end': 1.25}}",Action
3,18,0x4B,1,1.032959,Match,Match,bbbdddrrb,0,"{'1': 62.962237572266424, '2': 62.962237572266424}",[],[],0.0,{},{},0.0,1.032959,{},Action
3,19,0x4B,1,2.955566,Match,Match,bdddbllll,120,"{'1': 105.49823388367147, '2': 225.49823388367147}","[0.0, 359.8, 359.61, 359.14, 358.39, 357.42, 355.67, 353.05, 348.8, 343.8, 338.81, 333.82, 328.83, 323.85, 318.86, 313.88, 308.9, 303.92, 298.95, 293.97, 289.0, 285.26]","[1.885498, 1.899902, 1.913818, 1.927979, 1.941162, 1.955566, 1.969482, 1.98291, 1.997314, 2.01123, 2.024658, 2.039063, 2.052979, 2.066406, 2.080566, 2.094727, 2.108398, 2.121826, 2.136475, 2.149902, 2.163574, 2.177979]",1.0,{'1': 72.46705766776986},{'1': 0.2699999999999998},1.9,2.17,"{'1': {'start': 1.9000000000000001, 'end': 2.17}}",Action
3,20,0x4B,1,2.293213,Match,Match,bbbdddrrb,180,"{'1': 198.73080974903075, '2': 18.730809749030755}","[0.0, 0.0, 1.13, 2.89, 5.87, 9.37, 13.08, 17.72, 22.7, 27.68, 32.66, 37.64, 42.62, 47.6, 52.58, 57.56, 62.54, 67.51, 72.49, 77.47, 82.45, 87.43, 92.4, 97.37, 102.34, 107.3, 112.27, 117.23, 122.18, 127.14, 132.09, 137.05, 142.0, 146.94, 151.88, 156.83, 161.77, 166.7, 171.64, 176.58, 179.99, 182.21]","[1.126953, 1.141113, 1.154785, 1.168701, 1.182617, 1.196533, 1.210205, 1.224365, 1.238037, 1.252197, 1.265869, 1.282959, 1.293701, 1.307617, 1.321777, 1.335205, 1.349121, 1.363037, 1.377197, 1.390869, 1.405029, 1.418701, 1.432617, 1.446533, 1.460449, 1.474121, 1.488037, 1.501953, 1.515869, 1.529541, 1.543701, 1.557373, 1.571289, 1.585205, 1.599121, 1.613037, 1.626953, 1.640869, 1.654541, 1.668457, 1.682617, 1.696289]",1.0,{'1': 178.80198069046227},{'1': 0.5599999999999998},1.13,1.69,"{'1': {'start': 1.1300000000000001, 'end': 1.69}}",Action
3,21,0x4B,1,3.104736,Match,Match,rrrbbbddb,120,"{'1': 74.4947671598909, '2': 314.4947671598909}","[0.0, 0.0, 2.37, 5.55, 9.12, 14.09, 19.06, 24.03, 28.99, 33.96, 38.93, 43.89, 48.86, 53.82, 58.79, 63.76, 68.72, 73.69, 78.66, 83.62, 88.59, 93.56, 98.52, 103.49, 108.45, 113.42, 118.38, 123.35, 128.31, 133.27, 138.23, 142.1, 145.58, 148.61, 150.55]","[1.393555, 1.407471, 1.421387, 1.435303, 1.448975, 1.462891, 1.476807, 1.490723, 1.504639, 1.518555, 1.532227, 1.560303, 1.574951, 1.589111, 1.60376, 1.618408, 1.63208, 1.645508, 1.660156, 1.674072, 1.6875, 1.701904, 1.715576, 1.729248, 1.743408, 1.757568, 1.77124, 1.784668, 1.799072, 1.813232, 1.82666, 1.842529, 1.855225, 1.867432, 1.88208]",1.0,{'1': 150.27452211906066},{'1': 0.49},1.39,1.88,"{'1': {'start': 1.3900000000000001, 'end': 1.8800000000000001}}",Action
3,22,0x4B,1,2.179199,Match,Match,rbbbbbbub,120,"{'1': 72.4788232515303, '2': 312.4788232515303}","[0.0, 0.0, 359.62, 358.38, 356.64, 354.16, 350.5, 346.15, 341.81, 336.82, 331.82, 326.83, 321.84, 316.85, 311.87, 306.88, 301.89, 296.9, 291.91, 286.92, 281.93, 276.94, 271.96, 266.97, 261.98, 256.99, 252.0, 247.01, 242.02, 237.03, 232.04, 227.05, 222.07, 217.08, 212.09, 207.1, 202.11, 197.12, 192.13, 187.14, 182.15, 177.17, 172.18, 167.19, 162.2, 157.21, 152.22, 147.23, 142.24, 137.25, 132.27, 130.16, 128.05]","[1.036621, 1.050537, 1.064453, 1.078369, 1.092041, 1.105957, 1.120117, 1.134033, 1.147705, 1.161621, 1.175537, 1.189453, 1.203369, 1.217285, 1.230957, 1.245117, 1.259033, 1.272705, 1.293945, 1.300537, 1.314453, 1.328125, 1.342285, 1.355957, 1.370117, 1.383789, 1.397461, 1.411377, 1.425781, 1.439209, 1.453369, 1.467041, 1.480957, 1.494873, 1.508789, 1.522461, 1.536377, 1.550293, 1.564209, 1.578369, 1.592041, 1.605957, 1.634277, 1.647949, 1.663086, 1.67749, 1.69165, 1.705078, 1.719482, 1.733154, 1.746826, 1.761475, 1.775146]",1.0,{'1': 128.84424036281177},{'1': 0.73},1.04,1.77,"{'1': {'start': 1.04, 'end': 1.77}}",Action
3,23,0x4B,1,1.63501,Match,Match,bbbdddrrb,60,"{'1': 33.12076335100871, '2': 93.12076335100872}","[0.0, 357.26, 352.33, 347.41, 342.51, 337.6, 332.7, 327.8, 322.88, 319.92, 319.29]","[1.13208, 1.145996, 1.160156, 1.174072, 1.187744, 1.201904, 1.215576, 1.229248, 1.243408, 1.25708, 1.270996]",1.0,{'1': 40.664909456740425},{'1': 0.1499999999999999},1.12,1.27,"{'1': {'start': 1.12, 'end': 1.27}}",Action
3,24,0x4B,1,1.10498,Match,Match,ffuubllll,0,"{'1': 206.2812260441882, '2': 206.2812260441882}",[],[],0.0,{},{},0.0,1.10498,{},Action
3,25,0x4B,1,1.77002,Mismatch,Mismatch,uuubbrrrf,120,"{'1': 213.93424797895204, '2': 333.93424797895204}","[0.0, 0.0, 0.21, 0.48, 0.76, 1.04, 1.32]","[1.506348, 1.52002, 1.53418, 1.547852, 1.561768, 1.575928, 1.5896]",0.0,{},{},0.0,1.77002,{},Action
3,26,0x4B,1,2.260498,Mismatch,Mismatch,ddbbddddl,120,"{'1': 160.85579308718528, '2': 280.85579308718525}","[0.0, 0.96, 4.0, 8.98, 13.95, 18.92, 23.86, 28.79, 33.71, 38.62, 43.53, 48.43, 53.34, 58.24, 61.39, 62.73]","[0.9521484, 0.9658203, 0.9797363, 0.9936523, 1.007568, 1.02124, 1.0354, 1.049072, 1.063232, 1.077148, 1.09082, 1.104736, 1.118896, 1.132568, 1.146729, 1.1604]",1.0,{'1': 62.69079291931824},{'1': 0.21999999999999986},0.94,1.16,"{'1': {'start': 0.9400000000000001, 'end': 1.16}}",Action
3,27,0x4B,1,1.264648,Mismatch,Mismatch,uuubbrrrf,180,"{'1': 144.22180622868865, '2': 324.22180622868865}",[],[],0.0,{},{},0.0,1.264648,{},Action
3,28,0x4B,1,1.591553,Mismatch,Mismatch,rbbbbbbub,0,"{'1': 322.20147016789804, '2': 322.20147016789804}",[],[],0.0,{},{},0.0,1.591553,{},Action
3,29,0x4B,1,2.074219,Mismatch,Mismatch,bbdddbrrr,180,"{'1': 55.07087187033835, '2': 235.07087187033835}","[0.0, 2.19, 7.13, 12.08, 17.04, 22.03, 27.03, 32.02, 37.0, 41.97, 46.94, 51.91, 56.86, 61.81, 66.0]","[1.519043, 1.532959, 1.546875, 1.560791, 1.574219, 1.588135, 1.602051, 1.615967, 1.630127, 1.643799, 1.657471, 1.671631, 1.685303, 1.699219, 1.713135]",1.0,{'1': 65.0560757401552},{'1': 0.19999999999999996},1.51,1.71,"{'1': {'start': 1.51, 'end': 1.71}}",Action
3,30,0x4B,1,2.70752,Mismatch,Mismatch,llbbbbbru,60,"{'1': 292.7549137362043, '2': 232.7549137362043}",[],[],0.0,{},{},0.0,2.70752,{},Action
3,31,0x4B,1,1.979492,Mismatch,Mismatch,ffuulllbb,0,"{'1': 216.3213066188214, '2': 216.3213066188214}",[],[],0.0,{},{},0.0,1.979492,{},Action
3,32,0x4B,1,1.61377,Mismatch,Mismatch,bddrddddd,0,"{'1': 304.54398590382146, '2': 304.54398590382146}",[],[],0.0,{},{},0.0,1.61377,{},Action
3,33,0x4B,1,3.713867,Mismatch,Mismatch,ffuubrrrr,60,"{'1': 138.43345805264732, '2': 198.43345805264732}","[0.0, 359.64, 357.59, 353.38, 348.44, 343.49, 338.55, 333.6, 328.62, 323.64, 318.66, 313.67, 308.67, 303.67, 298.67, 295.14]","[1.18335, 1.19751, 1.211182, 1.225098, 1.239014, 1.25293, 1.266846, 1.280762, 1.294678, 1.308594, 1.32251, 1.336182, 1.350342, 1.364258, 1.37793, 1.391846]",1.0,{'1': 64.39173469387761},{'1': 0.2100000000000002},1.18,1.39,"{'1': {'start': 1.18, 'end': 1.3900000000000001}}",Action
3,34,0x4B,1,1.500488,Mismatch,Mismatch,uubbbbruu,180,"{'1': 72.32518596984758, '2': 252.32518596984758}",[],[],0.0,{},{},0.0,1.500488,{},Action
3,35,0x4B,1,2.320801,Mismatch,Mismatch,ffuubrrrr,0,"{'1': 250.0897994531973, '2': 250.0897994531973}","[0.0, 0.0, 359.74, 358.15, 355.86, 353.15, 350.08, 346.7, 343.21, 339.39, 335.21, 330.39, 325.39, 320.39, 315.39, 310.39, 305.39, 300.39, 295.39, 290.39, 285.39, 280.39, 275.39, 270.39, 265.4, 260.4, 255.4, 250.4, 245.4, 240.4, 235.4, 230.4, 225.4, 220.4, 215.4, 210.4, 205.4, 200.41, 195.41, 190.41, 185.41, 180.41, 176.79, 175.01]","[1.640381, 1.654297, 1.668213, 1.681885, 1.696045, 1.709717, 1.723633, 1.737549, 1.751709, 1.765137, 1.779297, 1.792969, 1.806885, 1.821045, 1.834473, 1.848633, 1.862549, 1.876465, 1.890137, 1.904297, 1.917969, 1.931885, 1.945801, 1.959717, 1.973389, 1.987549, 2.001221, 2.015137, 2.029053, 2.042969, 2.056885, 2.070801, 2.084473, 2.098633, 2.112305, 2.126221, 2.140137, 2.153809, 2.167969, 2.181885, 2.195557, 2.209473, 2.223633, 2.237305]",1.0,{'1': 175.961060561732},{'1': 0.5799999999999998},1.65,2.23,"{'1': {'start': 1.6500000000000001, 'end': 2.23}}",Action
3,36,0x4B,1,4.382324,Mismatch,Mismatch,dbbbblllu,180,"{'1': 58.95692502486601, '2': 238.956925024866}","[0.0, 0.17, 1.22, 3.53, 7.19, 12.19, 17.19, 22.18, 27.16, 32.14, 37.12, 42.09, 47.05, 52.01, 56.96, 61.91, 66.86, 71.8, 76.74, 81.14, 85.13, 88.73, 92.12, 95.36, 98.54, 101.72, 104.9, 107.95, 110.71, 110.97, 112.76, 116.06, 119.77, 124.18, 128.6, 133.04, 136.43, 138.55, 139.47, 139.21, 138.51, 137.04, 133.25, 128.31, 123.39, 118.47, 113.56, 108.66, 103.75]","[1.19873, 1.212402, 1.226318, 1.240234, 1.254395, 1.268066, 1.281982, 1.295898, 1.309814, 1.32373, 1.337646, 1.351318, 1.365234, 1.37915, 1.393066, 1.407227, 1.420898, 1.434814, 1.44873, 1.462402, 1.476318, 1.490234, 1.50415, 1.532227, 1.546387, 1.561279, 1.575439, 1.5896, 2.368408, 2.382568, 2.397461, 2.4104, 2.423584, 2.437256, 2.451904, 2.465576, 2.479736, 2.493164, 3.229736, 3.243896, 3.257324, 3.271484, 3.285645, 3.299072, 3.3125, 3.326904, 3.34082, 3.354004, 3.368408]",3.0,"{'1': 107.93562615244534, '2': 27.819306725788024, '3': -32.8490542363467}","{'1': 0.3900000000000001, '2': 0.1299999999999999, '3': 0.1299999999999999}",1.2,3.36,"{'1': {'start': 1.2, 'end': 1.59}, '2': {'start': 2.37, 'end': 2.5}, '3': {'start': 3.23, 'end': 3.36}}",Action
3,37,0x4B,1,2.686768,Mismatch,Mismatch,bbbdddrrb,180,"{'1': 331.09243267668626, '2': 151.09243267668626}",[],[],0.0,{},{},0.0,2.686768,{},Action
3,38,0x4B,1,3.522705,Mismatch,Mismatch,ffuubrrrr,180,"{'1': 290.2919120531361, '2': 110.29191205313612}","[0.0, 359.67, 358.74, 356.06, 351.94, 346.94, 341.94, 336.95, 331.95, 326.95, 321.95, 316.95, 311.95, 306.95, 301.95, 296.95, 291.95, 286.95, 281.95, 276.95, 271.95, 266.95, 261.95, 256.95, 251.95, 246.95, 241.95, 236.95, 231.95, 226.95, 221.95, 216.95, 211.95, 206.95, 201.95, 196.95, 191.95, 186.95, 181.95, 176.96, 171.96, 166.96, 161.96, 156.96, 151.96, 146.96, 141.96, 137.76, 134.41, 132.62, 131.32, 130.36]","[1.842041, 1.855713, 1.870117, 1.884033, 1.897705, 1.911865, 1.925781, 1.939209, 1.953613, 1.967529, 1.981445, 1.995117, 2.009277, 2.023193, 2.036621, 2.051025, 2.064697, 2.078125, 2.092285, 2.106201, 2.119629, 2.134033, 2.147949, 2.162109, 2.175293, 2.189453, 2.203369, 2.217041, 2.231445, 2.245361, 2.258789, 2.272705, 2.286865, 2.300537, 2.314697, 2.328857, 2.342285, 2.355469, 2.370117, 2.384033, 2.397461, 2.413818, 2.426025, 2.438721, 2.453125, 2.467041, 2.480957, 2.494873, 2.509033, 2.522949, 2.536621, 2.551025]",1.0,{'1': 130.428314357123},{'1': 0.7100000000000002},1.84,2.5500000000000003,"{'1': {'start': 1.84, 'end': 2.5500000000000003}}",Action
3,39,0x4B,1,1.666748,Mismatch,Mismatch,uuuubbbur,0,"{'1': 217.9391467494666, '2': 217.9391467494666}",[],[],0.0,{},{},0.0,1.666748,{},Action
3,40,0x4B,1,2.321777,Mismatch,Mismatch,bdddddfll,60,"{'1': 29.99475420499872, '2': 329.99475420499874}",[],[],0.0,{},{},0.0,2.321777,{},Action
3,41,0x4B,1,2.498535,Mismatch,Mismatch,rrrbbbddb,0,"{'1': 286.7657186054479, '2': 286.7657186054479}","[0.0, 0.48, 2.24, 6.74, 11.67, 16.59, 21.51, 26.43, 31.34, 36.26, 41.18, 46.09, 51.01, 55.91, 59.61, 63.22, 66.7, 70.05, 73.26, 75.76, 77.06, 77.65, 77.65, 77.08, 75.65, 73.09, 69.21, 64.24, 59.28, 54.32, 49.37, 44.42, 39.47, 34.52, 29.56, 24.61, 19.65, 14.68, 9.71, 4.73, 2.66]","[1.064697, 1.078369, 1.092529, 1.106201, 1.120117, 1.134033, 1.147949, 1.161865, 1.176025, 1.189453, 1.203613, 1.217285, 1.231201, 1.245361, 1.259033, 1.272949, 1.286865, 1.300537, 1.314941, 1.328369, 1.342285, 1.789307, 1.804199, 1.817627, 1.831299, 1.845703, 1.859131, 1.872803, 1.887207, 1.900879, 1.914307, 1.929199, 1.942627, 1.956543, 1.970459, 1.984375, 1.998291, 2.012207, 2.026123, 2.039795, 2.053711]",2.0,"{'1': 76.84654067260709, '2': -74.43799008335729}","{'1': 0.28, '2': 0.24999999999999978}",1.06,2.05,"{'1': {'start': 1.06, 'end': 1.34}, '2': {'start': 1.8, 'end': 2.05}}",Action
3,42,0x4B,1,1.712891,Mismatch,Mismatch,rrrrbbbdr,120,"{'1': 340.8552567991119, '2': 220.8552567991119}","[0.0, 0.0, 359.59, 358.92, 357.9, 355.94, 352.11, 347.75, 342.77, 337.77, 332.78, 330.01, 329.23]","[1.212891, 1.226807, 1.240723, 1.254395, 1.268311, 1.282227, 1.296387, 1.310059, 1.323975, 1.337891, 1.351807, 1.365723, 1.379395]",1.0,{'1': 30.23400672908134},{'1': 0.15000000000000013},1.22,1.37,"{'1': {'start': 1.22, 'end': 1.37}}",Action
3,43,0x4B,1,1.452393,Mismatch,Mismatch,bbdddbrrr,180,"{'1': 162.4504655746141, '2': 342.4504655746141}",[],[],0.0,{},{},0.0,1.452393,{},Action
3,44,0x4B,1,5.533203,Mismatch,Mismatch,lllllbbul,180,"{'1': 203.17578337818736, '2': 23.17578337818736}","[0.0, 0.0, 0.37, 0.81, 1.82, 3.88, 6.86, 10.16, 13.92, 18.53, 23.15, 28.15, 33.15, 38.15, 41.53, 43.45, 44.71, 45.79, 46.8, 47.54, 48.09, 48.4, 48.4, 48.61, 48.32, 47.39, 44.33, 40.02, 35.02, 30.04, 25.06, 20.08, 15.1, 10.12, 5.14, 0.16, 355.17, 350.9, 348.06, 348.06, 348.06, 347.79, 347.03, 344.36, 340.21, 335.23, 330.25, 325.28, 320.29, 315.3, 310.31, 305.31, 300.31, 295.31, 290.32, 285.32, 280.32, 275.32, 270.32, 265.33, 260.33, 255.33, 250.33, 245.33, 240.34, 235.34, 230.34, 225.34, 220.34, 215.34, 210.35, 206.43, 203.93, 202.74, 202.57, 202.57, 203.06, 204.5, 207.08, 210.14, 213.8, 217.86, 222.52, 227.44, 232.36, 237.28, 242.21, 245.5, 247.39]","[1.766113, 1.780273, 1.793945, 1.807861, 1.822021, 1.835693, 1.849609, 1.863525, 1.877441, 1.891357, 1.905518, 1.918945, 1.933105, 1.946777, 1.960449, 1.974609, 1.988525, 2.002197, 2.016113, 2.030029, 2.043945, 2.057861, 2.071533, 2.699951, 2.714355, 2.728027, 2.741211, 2.755371, 2.769287, 2.783203, 2.797119, 2.811279, 2.824707, 2.838867, 2.853027, 2.866943, 2.880127, 2.894531, 2.908691, 3.325439, 3.339355, 3.353271, 3.366943, 3.380127, 3.394043, 3.408203, 3.421875, 3.436035, 3.449951, 3.465088, 3.478027, 3.491699, 3.505371, 3.518799, 3.533447, 3.547363, 3.560547, 3.574951, 3.588867, 3.602539, 3.616943, 3.630859, 3.644775, 3.658447, 3.671875, 3.685791, 3.699707, 3.713867, 3.728027, 3.741211, 3.755371, 3.769287, 3.783203, 3.797363, 4.977783, 4.991943, 5.005615, 5.019043, 5.033447, 5.047119, 5.060791, 5.074951, 5.088623, 5.102295, 5.116699, 5.130615, 5.143799, 5.158447, 5.172119]",4.0,"{'1': 48.22488430583501, '2': -36.669013468480976, '3': 145.30786539966073, '4': -44.52707211819772}","{'1': 0.2799999999999998, '2': 0.20999999999999996, '3': 0.4600000000000004, '4': 0.1899999999999995}",1.77,5.17,"{'1': {'start': 1.77, 'end': 2.05}, '2': {'start': 2.7, 'end': 2.91}, '3': {'start': 3.34, 'end': 3.8000000000000003}, '4': {'start': 4.98, 'end': 5.17}}",Action
3,45,0x4B,1,2.234131,Mismatch,Mismatch,lllbbbubb,180,"{'1': 337.03440975231257, '2': 157.03440975231257}","[0.0, 0.43, 2.45, 5.4, 8.4, 12.02, 15.88, 19.9, 23.96, 28.0, 31.83, 34.9, 35.36, 35.56, 36.63, 40.04, 45.02, 50.0, 54.98, 59.96, 64.93, 69.91, 74.89, 79.86, 84.84, 89.82, 94.8, 96.73]","[0.8283691, 0.8422852, 0.8562012, 0.869873, 0.8840332, 0.8977051, 0.9116211, 0.9255371, 0.939209, 0.9536133, 0.967041, 0.9812012, 1.439209, 1.453857, 1.46875, 1.482666, 1.496826, 1.510986, 1.524658, 1.539063, 1.553223, 1.566895, 1.580078, 1.594727, 1.608398, 1.62207, 1.636475, 1.650391]",2.0,"{'1': 34.908837072207064, '2': 61.304972382865536}","{'1': 0.16999999999999993, '2': 0.2100000000000002}",0.8200000000000001,1.65,"{'1': {'start': 0.8200000000000001, 'end': 0.99}, '2': {'start': 1.44, 'end': 1.6500000000000001}}",Action
3,46,0x4B,1,2.02124,Mismatch,Mismatch,ffffuulff,60,"{'1': 134.33201062548548, '2': 74.33201062548548}",[],[],0.0,{},{},0.0,2.02124,{},Action
3,47,0x4B,1,2.897949,Mismatch,Mismatch,dbbbblllu,60,"{'1': 201.79349342356906, '2': 261.7934934235691}","[0.0, 0.0, 0.18, 1.19, 2.61, 4.3, 6.04, 7.77, 9.51, 10.92, 11.22, 11.22, 10.71, 9.97, 8.52, 6.56, 3.66, 359.39, 354.5, 349.6, 344.69, 339.79, 334.88, 329.98, 325.07, 320.17, 315.26, 310.36, 305.45, 300.54, 295.64, 290.73, 285.81, 281.97, 278.12]","[0.9501953, 0.9641113, 0.9782715, 0.9916992, 1.005615, 1.019531, 1.033447, 1.047363, 1.061279, 1.074951, 1.952393, 1.967285, 1.981201, 1.994873, 2.009033, 2.022705, 2.036377, 2.050537, 2.064697, 2.078857, 2.092041, 2.105957, 2.120117, 2.133545, 2.147949, 2.161621, 2.175293, 2.189453, 2.203613, 2.216797, 2.230957, 2.245117, 2.259033, 2.272461, 2.286621]",1.0,{'1': 68.85979872881366},{'1': 0.3200000000000003},1.96,2.28,"{'1': {'start': 1.96, 'end': 2.2800000000000002}}",Action
3,48,0x4B,1,2.489746,Mismatch,Mismatch,bddddddrd,60,"{'1': 200.01843252943627, '2': 260.01843252943627}","[0.0, 0.0, 0.52, 1.51, 3.06, 5.59, 8.59, 12.14, 15.83, 19.54, 23.25, 26.91, 29.83, 31.01, 31.26, 31.26, 29.44, 25.53, 20.58, 15.64, 10.71, 5.77, 0.83, 355.89, 350.94, 345.97, 343.18]","[1.139404, 1.153076, 1.167236, 1.180908, 1.195068, 1.20874, 1.2229, 1.236572, 1.250488, 1.264404, 1.27832, 1.291992, 1.306152, 1.319824, 1.611328, 1.625244, 1.639404, 1.653076, 1.681396, 1.695557, 1.710205, 1.724121, 1.73877, 1.752686, 1.766113, 1.780518, 1.794678]",2.0,"{'1': 31.01015094132499, '2': -15.36058565536445}","{'1': 0.17999999999999994, '2': 0.17999999999999994}",1.14,1.79,"{'1': {'start': 1.1400000000000001, 'end': 1.32}, '2': {'start': 1.61, 'end': 1.79}}",Action
3,49,0x4B,1,1.761719,Mismatch,Mismatch,rbbbbbbub,120,"{'1': 328.5853477843259, '2': 88.5853477843259}","[0.0, 1.08, 3.47, 7.16, 12.08, 16.99, 21.89, 26.78, 31.67, 36.56, 41.45]","[1.050293, 1.064453, 1.078125, 1.092285, 1.105957, 1.119873, 1.133545, 1.147461, 1.161621, 1.175293, 1.189209]",1.0,{'1': 38.21401192871515},{'1': 0.1399999999999999},1.04,1.18,"{'1': {'start': 1.04, 'end': 1.18}}",Action
4,0,0xF2,2,1.793701,Match,Match,bdddbllll,0,"{'1': 52.91861761483567, '2': 52.91861761483567}",[],[],0.0,{},{},0.0,1.793701,{},Action
4,1,0xF2,2,2.958496,Match,Match,lllbbbubb,120,"{'1': 17.648447864990295, '2': 137.6484478649903}","[0.0, 358.92, 355.2, 351.47, 347.35, 343.18, 339.02, 334.86, 330.69, 326.53, 322.36, 318.19, 314.02, 309.86, 305.69, 301.52, 297.35, 293.18, 289.01, 284.79, 280.49, 277.5, 276.35, 275.99, 275.99, 275.82, 273.33, 269.19, 264.99, 260.78, 256.57, 252.36, 248.11, 243.82, 239.47, 235.06, 230.63, 226.16, 221.68, 217.19, 212.67, 208.13, 203.57, 199.15, 197.17]","[1.262451, 1.276367, 1.290283, 1.303955, 1.318115, 1.331787, 1.345703, 1.359863, 1.373535, 1.387695, 1.401367, 1.415283, 1.429199, 1.443115, 1.456787, 1.470703, 1.484619, 1.498535, 1.512451, 1.526367, 1.540283, 1.553955, 1.581787, 1.622803, 1.637939, 1.986572, 2.000977, 2.015137, 2.028564, 2.042236, 2.056152, 2.069824, 2.084229, 2.0979, 2.112061, 2.125488, 2.139404, 2.15332, 2.168457, 2.181641, 2.194092, 2.20874, 2.222168, 2.236084, 2.25]",2.0,"{'1': 83.57616233112961, '2': 77.23525816832435}","{'1': 0.33000000000000007, '2': 0.27000000000000024}",1.25,2.24,"{'1': {'start': 1.25, 'end': 1.58}, '2': {'start': 1.97, 'end': 2.24}}",Action
4,2,0xF2,2,2.211426,Match,Match,bdddllbbb,0,"{'1': 323.68654722111233, '2': 323.68654722111233}",[],[],0.0,{},{},0.0,2.211426,{},Action
4,3,0xF2,2,1.752686,Match,Match,rbbbdddff,0,"{'1': 209.7655225309319, '2': 209.7655225309319}",[],[],0.0,{},{},0.0,1.752686,{},Action
4,4,0xF2,2,3.75708,Mismatch,Match,rrrrbbbdr,180,"{'1': 304.09194055990326, '2': 124.09194055990326}",[],[],0.0,{},{},0.0,3.75708,{},Action
4,5,0xF2,2,4.783447,Match,Match,ddbbddddl,60,"{'1': 51.39973507264532, '2': 351.39973507264534}","[0.0, 0.0, 0.17, 0.47, 0.96, 1.94, 3.12, 5.16, 8.17, 11.88, 15.59, 20.5, 25.4, 30.05]","[3.450928, 3.464355, 3.478271, 3.492432, 3.505859, 3.519775, 3.534424, 3.547363, 3.561768, 3.575439, 3.5896, 3.602783, 3.617188, 3.631104]",1.0,{'1': 29.47447212190586},{'1': 0.1499999999999999},3.48,3.63,"{'1': {'start': 3.48, 'end': 3.63}}",Action
4,6,0xF2,2,1.387451,Match,Match,rrrrbbbdr,0,"{'1': 128.50402536639388, '2': 128.50402536639388}",[],[],0.0,{},{},0.0,1.387451,{},Action
4,7,0xF2,2,1.749512,Match,Match,ffuulllbb,0,"{'1': 151.05211282187008, '2': 151.05211282187008}",[],[],0.0,{},{},0.0,1.749512,{},Action
4,8,0xF2,2,1.418945,Match,Match,rbbbbbbub,0,"{'1': 67.47656459594786, '2': 67.47656459594786}",[],[],0.0,{},{},0.0,1.418945,{},Action
4,9,0xF2,2,6.563477,Match,Match,lllbbbluu,180,"{'1': 223.27059667450027, '2': 43.27059667450027}","[0.0, 3.68, 6.89, 9.69, 12.36, 14.69, 16.86, 18.87, 20.61, 22.56, 26.79, 31.02, 35.24, 39.45, 43.65, 47.83, 52.0, 56.18, 60.36, 64.53, 68.71, 72.88, 77.06, 81.24, 85.42, 89.6, 93.78, 97.96, 102.15, 106.35, 110.68, 115.01, 119.57, 122.61, 122.89, 122.89, 123.4, 124.82, 126.83, 129.81, 134.81, 139.81, 144.81, 149.81, 154.8, 159.8, 164.79, 169.78, 174.62]","[3.521973, 3.535645, 3.550049, 3.564453, 3.577637, 3.591797, 3.605713, 3.618652, 4.104736, 4.118652, 4.134033, 4.146973, 4.1604, 4.173828, 4.188721, 4.202637, 4.216309, 4.230469, 4.244629, 4.257568, 4.271729, 4.286133, 4.299561, 4.313232, 4.327637, 4.341797, 4.355469, 4.369385, 4.383545, 4.396973, 4.410889, 4.425293, 4.438232, 4.452148, 5.244141, 5.258301, 5.272705, 5.286377, 5.299805, 5.313232, 5.327881, 5.342041, 5.355225, 5.369141, 5.383301, 5.396973, 5.411133, 5.424805, 5.437988]",3.0,"{'1': 18.874825338830327, '2': 102.05552538546922, '3': 48.79728969126897}","{'1': 0.10999999999999988, '2': 0.3700000000000001, '3': 0.17999999999999972}",3.51,5.43,"{'1': {'start': 3.5100000000000002, 'end': 3.62}, '2': {'start': 4.09, 'end': 4.46}, '3': {'start': 5.25, 'end': 5.43}}",Action
4,10,0xF2,2,2.145996,Match,Match,rrrrbbbdr,0,"{'1': 119.39171623680613, '2': 119.39171623680613}",[],[],0.0,{},{},0.0,2.145996,{},Action
4,11,0xF2,2,4.032715,Match,Match,llbbbbbru,180,"{'1': 320.5405542825008, '2': 140.5405542825008}","[0.0, 359.53, 358.73, 356.8, 354.27, 351.01, 346.51, 341.57, 336.63, 331.69, 326.75, 321.8, 316.82, 311.84, 308.03, 307.21, 306.96, 304.63, 300.22, 295.5, 290.81, 286.14, 281.55, 277.0, 272.46, 267.92, 263.38, 258.84, 254.28, 249.58, 244.81, 240.25, 239.2, 238.3, 235.87, 231.34, 226.8, 222.28, 217.76, 213.25, 208.73, 204.22, 199.7, 195.04, 192.71]","[1.963379, 1.977539, 1.991211, 2.005127, 2.019531, 2.032715, 2.046143, 2.060547, 2.074219, 2.088379, 2.102051, 2.115967, 2.129639, 2.144043, 2.157959, 2.504395, 2.518799, 2.532471, 2.546631, 2.560791, 2.574463, 2.588623, 2.602539, 2.616699, 2.630127, 2.644287, 2.658691, 2.671387, 2.685303, 2.699219, 2.713135, 2.727539, 3.087402, 3.102051, 3.115723, 3.129883, 3.144531, 3.158447, 3.171387, 3.185791, 3.199707, 3.213135, 3.227783, 3.241943, 3.257813]",3.0,"{'1': 51.97483096444945, '2': 66.97758343654183, '3': 45.36450916891057}","{'1': 0.20000000000000018, '2': 0.22999999999999998, '3': 0.16999999999999993}",1.96,3.25,"{'1': {'start': 1.96, 'end': 2.16}, '2': {'start': 2.5, 'end': 2.73}, '3': {'start': 3.08, 'end': 3.25}}",Action
4,12,0xF2,2,2.508057,Match,Match,bbbdddrrb,0,"{'1': 339.6540141721071, '2': 339.6540141721071}",[],[],0.0,{},{},0.0,2.508057,{},Action
4,13,0xF2,2,3.44751,Match,Match,ffuulllbb,60,"{'1': 238.25576979704107, '2': 298.25576979704107}",[],[],0.0,{},{},0.0,3.44751,{},Action
4,14,0xF2,2,2.132324,Match,Match,bbddbblll,0,"{'1': 56.46258018039333, '2': 56.46258018039333}",[],[],0.0,{},{},0.0,2.132324,{},Action
4,15,0xF2,2,3.820801,Match,Match,ffuulllbb,180,"{'1': 324.4405639480044, '2': 144.4405639480044}","[0.0, 0.43, 5.43, 10.43, 15.4, 20.37, 25.32, 30.23, 35.14, 40.03, 44.91, 49.78, 54.64, 59.51, 64.38, 69.25, 74.11, 79.0, 83.9, 88.79, 93.69, 98.59, 103.49, 108.39, 113.29, 118.19, 123.09, 128.0, 132.9, 137.8, 142.7, 147.61, 152.51, 157.41, 162.32, 167.22, 172.12, 173.74, 175.36, 176.9, 180.14, 185.04, 189.92, 194.8, 198.79]","[2.041748, 2.070313, 2.083252, 2.0979, 2.112305, 2.126709, 2.140137, 2.154541, 2.168457, 2.182129, 2.195801, 2.209961, 2.223633, 2.239014, 2.251953, 2.265137, 2.278564, 2.293213, 2.307617, 2.321289, 2.334961, 2.348877, 2.362549, 2.376709, 2.390625, 2.404297, 2.417725, 2.432129, 2.446533, 2.460205, 2.474609, 2.488525, 2.501953, 2.516113, 2.530273, 2.543945, 2.557861, 2.572021, 3.140869, 3.155029, 3.169434, 3.182861, 3.197266, 3.210938, 3.225342]",2.0,"{'1': 173.48796866269586, '2': -12.639278479476474}","{'1': 0.52, '2': 0.0900000000000003}",2.06,3.22,"{'1': {'start': 2.06, 'end': 2.58}, '2': {'start': 3.13, 'end': 3.22}}",Action
4,16,0xF2,2,1.473389,Match,Match,llbbbbbru,0,"{'1': 59.737230314385215, '2': 59.737230314385215}",[],[],0.0,{},{},0.0,1.473389,{},Action
4,17,0xF2,2,5.561279,Match,Match,ffffuulff,60,"{'1': 128.11380594667577, '2': 68.11380594667577}","[0.0, 0.0, 359.68, 359.15, 358.34, 357.13, 355.68, 354.01, 352.07, 350.01, 347.88, 345.39, 342.64, 339.73, 336.82, 333.77, 330.7, 327.63, 324.54, 321.76, 320.46, 320.46, 319.97, 316.99, 312.2, 307.49, 302.81, 298.26, 293.75, 289.43, 285.47, 281.8, 278.14, 274.52, 270.91, 267.3, 264.83, 264.83, 263.62, 260.46, 256.54, 252.6, 248.69, 244.8, 241.0, 237.31, 233.62, 229.94, 226.27, 222.61, 218.95, 215.33, 212.76, 211.07, 207.51, 203.9, 200.31, 196.72, 193.14, 189.56, 185.99, 182.42, 178.87]","[1.992188, 2.005859, 2.020264, 2.034424, 2.047852, 2.062256, 2.075928, 2.089111, 2.103271, 2.117432, 2.131348, 2.144531, 2.158447, 2.172607, 2.185791, 2.199463, 2.213867, 2.227539, 2.241211, 2.255371, 2.282959, 2.714111, 2.730713, 2.741943, 2.755371, 2.769043, 2.783447, 2.797852, 2.811523, 2.824951, 2.8396, 2.85376, 2.867432, 2.881104, 2.895264, 3.033447, 3.352783, 3.366943, 3.381348, 3.395508, 3.40918, 3.423096, 3.437012, 3.450928, 3.464355, 3.478516, 3.492676, 3.506104, 3.520264, 3.533936, 3.547852, 4.075439, 4.353271, 4.367188, 4.381104, 4.39502, 4.408691, 4.422607, 4.436523, 4.449707, 4.464111, 4.478271, 5.172852]",4.0,"{'1': 39.30857590704542, '2': 53.06994789518245, '3': 45.916264294063026, '4': 30.46597048833661}","{'1': 0.27, '2': 0.3200000000000003, '3': 0.20000000000000018, '4': 0.14000000000000057}",2.01,4.48,"{'1': {'start': 2.0100000000000002, 'end': 2.2800000000000002}, '2': {'start': 2.71, 'end': 3.0300000000000002}, '3': {'start': 3.35, 'end': 3.5500000000000003}, '4': {'start': 4.34, 'end': 4.48}}",Action
4,18,0xF2,2,1.30835,Match,Match,bbbdddrrb,0,"{'1': 62.962237572266424, '2': 62.962237572266424}",[],[],0.0,{},{},0.0,1.30835,{},Action
4,19,0xF2,2,2.781738,Match,Match,bdddbllll,120,"{'1': 105.49823388367147, '2': 225.49823388367147}",[],[],0.0,{},{},0.0,2.781738,{},Action
4,20,0xF2,2,2.720215,Match,Match,bbbdddrrb,180,"{'1': 198.73080974903075, '2': 18.730809749030755}",[],[],0.0,{},{},0.0,2.720215,{},Action
4,21,0xF2,2,6.668457,Mismatch,Match,rrrbbbddb,120,"{'1': 74.4947671598909, '2': 314.4947671598909}","[0.0, 0.0, 2.16, 6.81, 11.8, 16.78, 21.76, 26.75, 31.73, 36.72, 41.71, 46.7, 51.69]","[1.985596, 1.999512, 2.013428, 2.027344, 2.054199, 2.068359, 2.083252, 2.097412, 2.111328, 2.125977, 2.140381, 2.153809, 2.167969]",1.0,{'1': 48.881715395480335},{'1': 0.17000000000000015},1.99,2.16,"{'1': {'start': 1.99, 'end': 2.16}}",Action
4,22,0xF2,2,2.532959,Match,Match,rbbbbbbub,120,"{'1': 72.4788232515303, '2': 312.4788232515303}",[],[],0.0,{},{},0.0,2.532959,{},Action
4,23,0xF2,2,2.436035,Match,Match,bbbdddrrb,60,"{'1': 33.12076335100871, '2': 93.12076335100872}",[],[],0.0,{},{},0.0,2.436035,{},Action
4,24,0xF2,2,1.321533,Match,Match,ffuubllll,0,"{'1': 206.2812260441882, '2': 206.2812260441882}",[],[],0.0,{},{},0.0,1.321533,{},Action
4,25,0xF2,2,2.691406,Mismatch,Mismatch,uuubbrrrf,120,"{'1': 213.93424797895204, '2': 333.93424797895204}",[],[],0.0,{},{},0.0,2.691406,{},Action
4,26,0xF2,2,3.117432,Mismatch,Mismatch,ddbbddddl,120,"{'1': 160.85579308718528, '2': 280.85579308718525}","[0.0, 1.05, 5.47, 9.89, 14.85, 19.78, 24.7, 29.62, 34.53, 39.43, 44.32, 49.19, 54.06]","[1.199707, 1.212158, 1.226074, 1.239746, 1.253662, 1.267822, 1.281738, 1.29541, 1.30957, 1.322998, 1.336914, 1.351074, 1.36499]",1.0,{'1': 52.31371514803108},{'1': 0.17000000000000015},1.19,1.36,"{'1': {'start': 1.19, 'end': 1.36}}",Action
4,27,0xF2,2,7.580078,Mismatch,Mismatch,uuubbrrrf,180,"{'1': 144.22180622868865, '2': 324.22180622868865}","[0.0, 0.0, 2.66, 7.62, 12.58, 17.52, 22.44, 27.34, 32.24, 37.12, 41.99, 46.86, 51.72, 56.59, 61.45, 66.32, 71.19, 76.08, 80.98, 85.89, 90.37, 93.97, 97.24, 100.51, 103.76, 106.99, 110.22, 113.45, 116.65, 119.86, 123.06, 126.28, 129.53, 132.64, 134.16, 134.4, 137.98, 141.75, 145.72, 149.86, 154.27, 158.95, 163.84, 168.83, 173.83, 178.77, 183.68, 188.53, 193.29, 197.96, 202.6, 207.21, 211.84, 216.46, 221.22, 226.11, 231.04, 235.98, 240.95, 245.94, 250.94, 255.94, 260.91, 265.81, 270.69, 270.92, 272.34, 276.82, 281.16, 285.5, 289.79, 293.98, 298.14, 302.29, 306.45, 310.6, 314.76, 318.92, 323.07, 327.28, 331.54, 335.81, 339.01, 341.82, 344.32]","[4.399658, 4.413574, 4.427246, 4.44165, 4.45874, 4.469727, 4.482422, 4.496338, 4.510498, 4.52417, 4.538818, 4.55249, 4.565674, 4.579834, 4.593994, 4.607666, 4.622314, 4.636475, 4.649414, 4.663574, 4.677979, 4.691162, 4.70459, 4.719238, 4.733643, 4.746826, 4.76123, 4.775146, 4.788574, 4.80249, 4.816162, 4.829834, 4.84375, 4.85791, 4.87207, 5.566162, 5.580566, 5.594971, 5.608154, 5.622559, 5.63623, 5.649414, 5.664063, 5.678467, 5.69165, 5.704834, 5.718994, 5.733154, 5.746826, 5.760986, 5.775146, 5.78833, 5.802246, 5.81665, 5.830566, 5.843994, 5.858154, 5.87207, 5.885498, 5.899658, 5.913574, 5.92749, 5.94165, 5.955566, 6.427246, 6.441406, 6.455811, 6.469238, 6.483154, 6.497559, 6.510986, 6.52417, 6.539063, 6.553467, 6.566406, 6.580322, 6.594238, 6.607666, 6.62207, 6.636475, 6.64917, 6.663574, 6.67749, 6.691406, 6.704834]",3.0,"{'1': 133.9377966101695, '2': -40.2502857285308, '3': -72.68528184340342}","{'1': 0.46999999999999975, '2': 0.41000000000000014, '3': 0.27000000000000046}",4.4,6.7,"{'1': {'start': 4.4, 'end': 4.87}, '2': {'start': 5.55, 'end': 5.96}, '3': {'start': 6.43, 'end': 6.7}}",Action
4,28,0xF2,2,6.555908,Mismatch,Mismatch,rbbbbbbub,0,"{'1': 322.20147016789804, '2': 322.20147016789804}","[0.0, 2.95, 7.87, 12.76, 17.62, 22.44, 27.22, 31.99, 36.75, 41.51, 46.28, 51.04, 55.82, 60.61, 65.4, 70.2, 75.01, 79.83, 84.64, 89.46, 94.28, 99.1, 103.92, 108.75, 113.57, 118.39, 123.21, 128.03, 132.85, 137.67, 142.49, 147.32, 152.14, 156.96, 161.78, 166.6, 171.42, 176.24, 181.07, 185.89, 190.71, 195.52, 200.34, 205.15, 209.96, 214.77, 219.59]","[4.889648, 4.903809, 4.917725, 4.930908, 4.94458, 4.95874, 4.972656, 4.987305, 5.001465, 5.014893, 5.028809, 5.042969, 5.056152, 5.070068, 5.083984, 5.098145, 5.111084, 5.125977, 5.140137, 5.153076, 5.16748, 5.181641, 5.194824, 5.20874, 5.223389, 5.236328, 5.250488, 5.264404, 5.278564, 5.291748, 5.305908, 5.320068, 5.333984, 5.348633, 5.362549, 5.375977, 5.389648, 5.403809, 5.41748, 5.430908, 5.444824, 5.459473, 5.472656, 5.487061, 5.500732, 5.515381, 5.52832]",1.0,{'1': 143.50934307133446},{'1': 0.6400000000000006},4.88,5.5200000000000005,"{'1': {'start': 4.88, 'end': 5.5200000000000005}}",Action
4,29,0xF2,2,3.024414,Mismatch,Mismatch,bbdddbrrr,180,"{'1': 55.07087187033835, '2': 235.07087187033835}",[],[],0.0,{},{},0.0,3.024414,{},Action
4,30,0xF2,2,3.572266,Mismatch,Mismatch,llbbbbbru,60,"{'1': 292.7549137362043, '2': 232.7549137362043}",[],[],0.0,{},{},0.0,3.572266,{},Action
4,31,0xF2,2,3.546631,Mismatch,Mismatch,ffuulllbb,0,"{'1': 216.3213066188214, '2': 216.3213066188214}",[],[],0.0,{},{},0.0,3.546631,{},Action
4,32,0xF2,2,7.712646,Mismatch,Mismatch,bddrddddd,0,"{'1': 304.54398590382146, '2': 304.54398590382146}","[0.0, 0.0, 5.11, 10.1, 15.1, 20.09, 25.08, 30.07, 35.06, 40.04, 45.0, 49.93, 54.86, 58.5, 59.12, 59.12, 62.06, 66.42, 71.37, 76.3, 81.22, 86.14, 91.06, 95.95, 100.84, 105.73, 110.62, 115.5, 120.38, 125.27]","[3.019775, 3.032715, 3.046387, 3.060547, 3.073975, 3.088135, 3.102295, 3.116211, 3.12915, 3.143311, 3.157227, 3.171875, 3.184814, 3.19873, 3.560791, 3.574707, 3.588135, 3.602051, 3.615967, 3.629883, 3.644287, 3.658203, 3.671387, 3.685303, 3.699463, 3.713135, 3.727295, 3.741455, 3.755127, 3.768555]",2.0,"{'1': 58.5021747716545, '2': 63.03592780284697}","{'1': 0.18000000000000016, '2': 0.20000000000000018}",3.02,3.76,"{'1': {'start': 3.02, 'end': 3.2}, '2': {'start': 3.56, 'end': 3.7600000000000002}}",Action
4,33,0xF2,2,6.766602,Mismatch,Mismatch,ffuubrrrr,60,"{'1': 138.43345805264732, '2': 198.43345805264732}","[0.0, 358.44, 354.9, 351.36, 347.81, 344.26, 340.71, 337.14, 335.09, 335.09, 340.25, 345.2, 350.08, 354.88, 359.66, 4.44, 9.23, 14.01, 18.79, 23.57, 28.34, 33.12, 37.91, 41.14, 42.44, 42.67, 44.59, 49.54, 54.49, 59.39, 64.28, 69.14, 74.0, 78.85, 83.7, 88.55, 93.4, 98.25, 103.14, 103.79, 103.79, 104.62, 107.51, 112.49, 117.47, 122.43, 127.39, 132.32, 137.26, 142.18, 147.1, 152.02, 156.95, 157.8, 160.55, 165.47, 170.36, 175.22, 180.02, 184.82, 189.61, 194.4, 199.18, 203.97, 208.76, 213.54, 218.33, 223.12, 227.9, 232.69, 237.47, 242.26, 247.05, 251.84, 256.63, 261.43, 266.23, 267.58, 267.58, 267.82, 268.03, 269.14, 270.57, 272.03, 273.5]","[1.556152, 1.583984, 1.5979, 1.612061, 1.626221, 1.639648, 1.653564, 1.681152, 3.37793, 3.392578, 3.40625, 3.419678, 3.433594, 3.447754, 3.461426, 3.475098, 3.489502, 3.503174, 3.517822, 3.530518, 3.544189, 3.557861, 3.572266, 3.586426, 3.600098, 3.960938, 3.975342, 3.989502, 4.00293, 4.016602, 4.030518, 4.044434, 4.05835, 4.072266, 4.085938, 4.099121, 4.113525, 4.127686, 4.141113, 4.155029, 4.392334, 4.406006, 4.419434, 4.43335, 4.447021, 4.460449, 4.474609, 4.48877, 4.503418, 4.517334, 4.530518, 4.544434, 4.557617, 4.905273, 4.919189, 4.933594, 4.94751, 4.960693, 4.974854, 4.989014, 5.002686, 5.01709, 5.031006, 5.044922, 5.05835, 5.07251, 5.086182, 5.099609, 5.113525, 5.127686, 5.140869, 5.155273, 5.169922, 5.182861, 5.196289, 5.211182, 5.225098, 6.140869, 6.155762, 6.169678, 6.182861, 6.197021, 6.210938, 6.224854, 6.238281]",5.0,"{'1': 22.710926489778174, '2': 17.520681685196003, '3': 60.89207322112162, '4': 53.165826305313274, '5': -84.58562973125578}","{'1': 0.1299999999999999, '2': 0.2200000000000002, '3': 0.20000000000000018, '4': 0.1800000000000006, '5': 0.2600000000000007}",1.55,5.23,"{'1': {'start': 1.55, 'end': 1.68}, '2': {'start': 3.38, 'end': 3.6}, '3': {'start': 3.95, 'end': 4.15}, '4': {'start': 4.38, 'end': 4.5600000000000005}, '5': {'start': 4.97, 'end': 5.23}}",Action
4,34,0xF2,2,4.046143,Mismatch,Mismatch,uubbbbruu,180,"{'1': 72.32518596984758, '2': 252.32518596984758}",[],[],0.0,{},{},0.0,4.046143,{},Action
4,35,0xF2,2,2.401123,Mismatch,Mismatch,ffuubrrrr,0,"{'1': 250.0897994531973, '2': 250.0897994531973}",[],[],0.0,{},{},0.0,2.401123,{},Action
4,36,0xF2,2,5.766357,Mismatch,Mismatch,dbbbblllu,180,"{'1': 58.95692502486601, '2': 238.956925024866}","[0.0, 356.41, 352.79, 349.03, 345.17, 341.3, 337.44, 333.57, 329.7, 325.84, 321.96, 318.52, 317.15, 317.37, 319.21, 322.44, 327.34, 332.23, 337.12, 342.02, 346.91, 351.8, 356.68, 1.56, 6.11, 6.33, 11.07, 15.97, 20.84, 25.64, 30.41, 35.17, 39.93, 44.69, 49.45, 54.21, 58.98, 63.78, 68.6, 73.42, 78.26, 83.1, 87.94, 92.79, 97.65, 102.51, 107.38, 112.25, 117.11, 121.98, 126.86]","[1.541504, 1.555664, 1.569336, 1.583252, 1.597168, 1.611084, 1.624756, 1.638672, 1.652832, 1.66626, 1.68042, 1.694336, 3.654541, 3.669434, 3.683105, 3.696533, 3.711914, 3.724609, 3.737793, 3.751953, 3.766113, 3.779785, 3.794434, 3.80835, 3.821777, 4.238281, 4.252686, 4.266357, 4.280273, 4.293701, 4.307617, 4.321533, 4.334961, 4.349121, 4.362793, 4.376221, 4.390625, 4.405029, 4.418457, 4.432373, 4.446289, 4.459717, 4.474121, 4.488037, 4.50293, 4.515381, 4.528809, 4.543457, 4.557129, 4.571533, 4.586182]",3.0,"{'1': 41.48395860637027, '2': -36.655015990926145, '3': 118.48025549607424}","{'1': 0.16999999999999993, '2': 0.16999999999999993, '3': 0.3600000000000003}",1.53,4.58,"{'1': {'start': 1.53, 'end': 1.7}, '2': {'start': 3.66, 'end': 3.83}, '3': {'start': 4.22, 'end': 4.58}}",Action
4,37,0xF2,2,2.657959,Mismatch,Mismatch,bbbdddrrb,180,"{'1': 331.09243267668626, '2': 151.09243267668626}",[],[],0.0,{},{},0.0,2.657959,{},Action
4,38,0xF2,2,1.216797,Mismatch,Mismatch,ffuubrrrr,180,"{'1': 290.2919120531361, '2': 110.29191205313612}",[],[],0.0,{},{},0.0,1.216797,{},Action
4,39,0xF2,2,2.40918,Mismatch,Mismatch,uuuubbbur,0,"{'1': 217.9391467494666, '2': 217.9391467494666}",[],[],0.0,{},{},0.0,2.40918,{},Action
4,40,0xF2,2,6.842041,Mismatch,Mismatch,bdddddfll,60,"{'1': 29.99475420499872, '2': 329.99475420499874}","[0.0, 358.43, 356.49, 352.75, 348.09, 343.42, 338.77, 334.11, 329.41, 326.53, 326.18, 326.18, 325.38, 323.17, 320.54, 317.45, 313.94, 310.2, 306.42, 302.63, 299.06, 296.42, 293.78, 292.93, 292.93, 292.44, 290.81, 286.83, 282.84, 278.56, 274.28, 270.0, 265.73, 261.45, 257.17, 252.86, 248.54, 244.25, 240.61, 238.43, 237.32]","[3.078613, 3.093018, 3.106689, 3.120605, 3.134521, 3.148438, 3.162109, 3.17627, 3.190186, 3.203613, 5.300537, 5.315186, 5.329346, 5.342041, 5.356201, 5.370361, 5.383789, 5.397705, 5.411865, 5.425293, 5.439453, 5.453613, 5.467773, 5.481445, 5.772461, 5.786621, 5.80127, 5.81543, 5.828857, 5.842041, 5.856445, 5.870117, 5.883545, 5.897705, 5.911621, 5.925293, 5.940186, 5.953857, 5.967285, 5.980713, 5.994873]",3.0,"{'1': 33.47106606152634, '2': 33.16025273836869, '3': 55.22800635593224}","{'1': 0.13999999999999968, '2': 0.1800000000000006, '3': 0.23000000000000043}",3.0700000000000003,5.99,"{'1': {'start': 3.0700000000000003, 'end': 3.21}, '2': {'start': 5.3, 'end': 5.48}, '3': {'start': 5.76, 'end': 5.99}}",Action
4,41,0xF2,2,4.17041,Mismatch,Mismatch,rrrbbbddb,0,"{'1': 286.7657186054479, '2': 286.7657186054479}",[],[],0.0,{},{},0.0,4.17041,{},Action
4,42,0xF2,2,4.665039,Mismatch,Mismatch,rrrrbbbdr,120,"{'1': 340.8552567991119, '2': 220.8552567991119}",[],[],0.0,{},{},0.0,4.665039,{},Action
4,43,0xF2,2,2.793457,Mismatch,Mismatch,bbdddbrrr,180,"{'1': 162.4504655746141, '2': 342.4504655746141}",[],[],0.0,{},{},0.0,2.793457,{},Action
4,44,0xF2,2,2.204102,Mismatch,Mismatch,lllllbbul,180,"{'1': 203.17578337818736, '2': 23.17578337818736}",[],[],0.0,{},{},0.0,2.204102,{},Action
4,45,0xF2,2,2.779541,Mismatch,Mismatch,lllbbbubb,180,"{'1': 337.03440975231257, '2': 157.03440975231257}",[],[],0.0,{},{},0.0,2.779541,{},Action
4,46,0xF2,2,4.086182,Mismatch,Mismatch,ffffuulff,60,"{'1': 134.33201062548548, '2': 74.33201062548548}",[],[],0.0,{},{},0.0,4.086182,{},Action
4,47,0xF2,2,4.379639,Mismatch,Mismatch,dbbbblllu,60,"{'1': 201.79349342356906, '2': 261.7934934235691}",[],[],0.0,{},{},0.0,4.379639,{},Action
4,48,0xF2,2,4.742188,Mismatch,Mismatch,bddddddrd,60,"{'1': 200.01843252943627, '2': 260.01843252943627}","[0.0, 0.0, 1.7, 6.64, 11.64, 16.64, 21.64, 26.64, 31.64, 32.17, 34.78, 37.96, 42.78, 47.59, 52.4, 57.19, 61.99, 65.73, 66.26, 67.88, 72.82, 77.68, 82.28, 86.77, 91.26]","[1.615723, 1.629639, 1.643555, 1.657471, 1.671143, 1.685059, 1.698975, 1.712891, 3.034424, 3.048584, 3.062744, 3.076172, 3.089111, 3.10376, 3.117432, 3.130615, 3.144775, 3.158691, 3.67334, 3.687256, 3.70166, 3.715088, 3.72876, 3.74292, 3.756836]",3.0,"{'1': 26.666896793345305, '2': 34.10808618167251, '3': 22.80810122960034}","{'1': 0.09999999999999987, '2': 0.1299999999999999, '3': 0.08999999999999986}",1.62,3.75,"{'1': {'start': 1.62, 'end': 1.72}, '2': {'start': 3.0300000000000002, 'end': 3.16}, '3': {'start': 3.66, 'end': 3.75}}",Action
4,49,0xF2,2,2.856201,Mismatch,Mismatch,rbbbbbbub,120,"{'1': 328.5853477843259, '2': 88.5853477843259}",[],[],0.0,{},{},0.0,2.856201,{},Action
5,0,0xF2,1,3.591156,Match,Match,bbddbblll,180,"{'1': 315.30876705875914, '2': 135.30876705875914}","[0.0, 359.78, 359.45, 358.04, 355.54, 352.77, 348.52, 343.79, 338.84, 333.89, 328.95, 324.0, 319.06, 314.12, 309.18, 304.24, 299.3, 294.36, 289.42, 284.48, 279.54, 274.6, 269.66, 264.72, 259.79, 254.85, 249.91, 244.97, 240.03, 235.09, 232.15, 230.34, 230.34, 229.92, 229.59, 228.76, 226.29, 222.34, 218.38, 213.43, 208.49, 203.54, 198.59, 193.65, 190.25, 188.25]","[1.408173, 1.421997, 1.436188, 1.449951, 1.463776, 1.4776, 1.491455, 1.505371, 1.519318, 1.533203, 1.546875, 1.560974, 1.574768, 1.588654, 1.6026, 1.616364, 1.630188, 1.644318, 1.65799, 1.67218, 1.686279, 1.700256, 1.714233, 1.730408, 1.744751, 1.755524, 1.771729, 1.782959, 1.799805, 1.82486, 1.83786, 1.852539, 2.396179, 2.410492, 2.424164, 2.437347, 2.451752, 2.465607, 2.479309, 2.493378, 2.507263, 2.521118, 2.53595, 2.549744, 2.562561, 2.575775]",2.0,"{'1': 129.47178096064812, '2': 40.81036427197168}","{'1': 0.44000000000000017, '2': 0.1599999999999997}",1.42,2.57,"{'1': {'start': 1.42, 'end': 1.86}, '2': {'start': 2.41, 'end': 2.57}}",Action
5,1,0xF2,1,1.944244,Match,Match,ffuulllbb,120,"{'1': 197.3107371694543, '2': 77.31073716945434}","[0.0, 0.4, 1.41, 2.89, 4.81, 7.24, 10.21, 13.23, 16.32, 19.63, 23.0, 26.4, 29.79, 33.18, 36.58, 39.98, 43.37, 46.77, 50.14, 53.23, 56.27, 59.29, 62.3, 65.26, 67.36, 68.85]","[1.361053, 1.374695, 1.38855, 1.402649, 1.416504, 1.430145, 1.444458, 1.457947, 1.472076, 1.485931, 1.499878, 1.51355, 1.527771, 1.541443, 1.555298, 1.569336, 1.583221, 1.596832, 1.610931, 1.624878, 1.638702, 1.652588, 1.666473, 1.680359, 1.694153, 1.70816]",1.0,{'1': 67.9819768687085},{'1': 0.34999999999999987},1.35,1.7,"{'1': {'start': 1.35, 'end': 1.7}}",Action
5,2,0xF2,1,2.982025,Match,Match,uuuubbbur,60,"{'1': 231.27511620163756, '2': 291.27511620163756}","[0.0, 359.35, 356.81, 352.18, 347.55, 342.75, 337.96, 333.19, 328.41, 323.63, 318.85, 314.07, 309.3, 306.37]","[1.131805, 1.145691, 1.159576, 1.173431, 1.187225, 1.201385, 1.215057, 1.228973, 1.242798, 1.256897, 1.27066, 1.284637, 1.298553, 1.312286]",1.0,{'1': 53.14227117163037},{'1': 0.18999999999999995},1.12,1.31,"{'1': {'start': 1.12, 'end': 1.31}}",Action
5,3,0xF2,1,2.769012,Match,Match,lbbddllll,60,"{'1': 40.56839166257606, '2': 340.56839166257606}","[0.0, 0.0, 1.05, 3.92, 8.86, 13.78, 18.69, 23.59, 28.5, 33.4, 38.31, 43.21, 48.12, 53.03, 57.93, 62.84, 67.74, 72.65, 77.55, 82.46, 87.37, 92.27, 97.18, 101.83, 104.77, 105.54]","[1.530426, 1.544098, 1.558197, 1.586273, 1.600311, 1.614929, 1.629181, 1.643219, 1.657379, 1.671112, 1.684906, 1.69928, 1.713165, 1.726837, 1.740997, 1.754761, 1.768646, 1.782898, 1.797211, 1.811157, 1.824677, 1.838135, 1.852203, 1.865601, 1.879913, 1.894043]",1.0,{'1': 105.31968082094835},{'1': 0.3600000000000001},1.53,1.89,"{'1': {'start': 1.53, 'end': 1.8900000000000001}}",Action
5,4,0xF2,1,1.774475,Match,Match,lbbddllll,0,"{'1': 50.10220194008181, '2': 50.10220194008181}",[],[],0.0,{},{},0.0,1.774475,{},Action
5,5,0xF2,1,1.906708,Match,Match,bddrddddd,120,"{'1': 66.78189000657758, '2': 306.78189000657756}","[0.0, 0.0, 0.19, 0.19]","[1.017883, 1.031555, 1.045624, 1.073364]",0.0,{},{},0.0,1.906708,{},Action
5,6,0xF2,1,1.306885,Match,Match,ffuulllbb,60,"{'1': 109.34564071492241, '2': 169.3456407149224}","[0.0, 0.2, 0.76, 2.73, 5.49, 8.81, 12.44, 16.2, 19.95, 23.69, 26.97]","[1.029236, 1.042877, 1.056885, 1.07077, 1.084595, 1.098572, 1.112305, 1.126343, 1.140076, 1.154053, 1.167938]",1.0,{'1': 25.083635349509905},{'1': 0.1299999999999999},1.03,1.16,"{'1': {'start': 1.03, 'end': 1.16}}",Action
5,7,0xF2,1,3.36972,Match,Match,rbbbdddff,120,"{'1': 130.49995340204288, '2': 10.499953402042877}","[0.0, 0.0, 359.6, 358.93, 357.65, 356.02, 353.33, 349.66, 346.02, 342.38, 339.08, 337.3, 336.71, 336.71, 337.62, 340.7, 345.65, 350.63, 355.63, 0.63, 5.61, 10.57, 15.49, 20.41, 25.32, 30.22, 35.11, 40.0, 44.89, 49.77, 54.65, 59.52, 64.4, 69.28, 74.15, 79.03, 83.9, 88.78, 93.66, 98.53, 103.4, 108.28]","[1.310974, 1.325043, 1.338806, 1.352936, 1.366394, 1.38028, 1.394348, 1.408539, 1.422058, 1.435944, 1.449951, 1.463928, 1.477753, 2.230347, 2.24411, 2.258301, 2.272339, 2.286072, 2.299591, 2.313568, 2.327728, 2.341095, 2.355286, 2.369629, 2.383026, 2.396851, 2.410858, 2.424316, 2.438477, 2.452484, 2.466217, 2.480408, 2.494507, 2.508057, 2.52121, 2.535583, 2.549561, 2.56308, 2.577393, 2.591583, 2.605255, 2.619354]",2.0,"{'1': 23.29000000000002, '2': 81.7523576140151}","{'1': 0.15999999999999992, '2': 0.3899999999999997}",1.32,2.61,"{'1': {'start': 1.32, 'end': 1.48}, '2': {'start': 2.22, 'end': 2.61}}",Action
5,8,0xF2,1,2.242035,Match,Match,rrrbbbddb,0,"{'1': 74.03304278999094, '2': 74.03304278999094}",[],[],0.0,{},{},0.0,2.242035,{},Action
5,9,0xF2,1,2.051056,Match,Match,bdddddfll,60,"{'1': 124.18790901317558, '2': 64.18790901317558}","[0.0, 0.17, 2.26, 5.26, 8.42, 12.12, 16.48, 21.39, 26.3, 31.19, 36.09, 40.99, 45.88, 50.77, 53.9, 55.89]","[1.369904, 1.383911, 1.398071, 1.411926, 1.425568, 1.440033, 1.453613, 1.468994, 1.481415, 1.495453, 1.509186, 1.52301, 1.537109, 1.550934, 1.564636, 1.578705]",1.0,{'1': 54.657549773390684},{'1': 0.19999999999999996},1.37,1.57,"{'1': {'start': 1.37, 'end': 1.57}}",Action
5,10,0xF2,1,1.197449,Match,Match,rbbbbbldd,0,"{'1': 204.65238846055797, '2': 204.65238846055797}",[],[],0.0,{},{},0.0,1.197449,{},Action
5,11,0xF2,1,2.453369,Match,Match,ffuuuurrf,60,"{'1': 339.30144148243784, '2': 279.30144148243784}","[0.0, 0.0, 0.61, 1.69, 3.42, 5.63, 8.71, 12.21, 15.91, 19.67, 23.59, 27.52, 31.47, 35.42, 39.37, 43.32, 47.27, 51.23, 55.15, 58.74, 61.74, 63.87, 65.81, 67.66, 69.48, 71.29, 72.91, 74.16, 75.22]","[1.200836, 1.214813, 1.228821, 1.242584, 1.256348, 1.270386, 1.284058, 1.298187, 1.311951, 1.325806, 1.339691, 1.353577, 1.367462, 1.381348, 1.395325, 1.408997, 1.423126, 1.437012, 1.450714, 1.46463, 1.478638, 1.49231, 1.5065, 1.520203, 1.534088, 1.548004, 1.562012, 1.575714, 1.589569]",1.0,{'1': 74.48790761457957},{'1': 0.3700000000000001},1.21,1.58,"{'1': {'start': 1.21, 'end': 1.58}}",Action
5,12,0xF2,1,1.210815,Match,Match,bdddbllll,0,"{'1': 227.23092463341032, '2': 227.23092463341032}",[],[],0.0,{},{},0.0,1.210815,{},Action
5,13,0xF2,1,2.119965,Match,Match,ffuuuurrf,120,"{'1': 66.24986329575583, '2': 186.24986329575583}","[0.0, 359.42, 358.05, 356.24, 353.75, 350.95, 348.03, 344.75, 341.14, 337.29, 332.98, 328.6, 324.21, 319.78, 315.34, 310.89, 306.43, 301.96, 297.45, 293.23]","[0.9926147, 1.006622, 1.020325, 1.03418, 1.048187, 1.061951, 1.075836, 1.089722, 1.103638, 1.117554, 1.131531, 1.145355, 1.159424, 1.172943, 1.187073, 1.200745, 1.215027, 1.228638, 1.242493, 1.256439]",1.0,{'1': 64.82158611788324},{'1': 0.27},0.98,1.25,"{'1': {'start': 0.98, 'end': 1.25}}",Action
5,14,0xF2,1,2.962219,Match,Match,bddrddddd,180,"{'1': 324.1287128877964, '2': 144.12871288779638}","[0.0, 359.29, 357.03, 352.92, 347.97, 343.04, 338.11, 333.18, 328.26, 323.34, 318.42, 313.5, 308.58, 303.66, 298.74, 293.81, 288.89, 283.97, 279.05, 274.12, 269.2, 264.28, 259.36, 254.43, 249.5, 244.56, 239.62, 235.21, 231.36, 228.83, 227.03, 225.65, 224.38, 223.37, 222.53, 221.9, 221.62, 221.62, 220.95, 219.22, 217.49, 213.26, 208.89, 204.52, 200.14, 196.19, 193.96, 192.45]","[1.348022, 1.361877, 1.375793, 1.389648, 1.417664, 1.431488, 1.446564, 1.460571, 1.474213, 1.488525, 1.502594, 1.516296, 1.530792, 1.544403, 1.558411, 1.572083, 1.586365, 1.60025, 1.614258, 1.628265, 1.642029, 1.655701, 1.669739, 1.683716, 1.697784, 1.711487, 1.725464, 1.739807, 1.753052, 1.767181, 1.781433, 1.794739, 1.808533, 1.822662, 1.836304, 1.850433, 1.864624, 2.294983, 2.309479, 2.323914, 2.337097, 2.350037, 2.364105, 2.378235, 2.391815, 2.40625, 2.420349, 2.433746]",2.0,"{'1': 138.08069290112533, '2': 28.747781592893944}","{'1': 0.51, '2': 0.14000000000000012}",1.34,2.43,"{'1': {'start': 1.34, 'end': 1.85}, '2': {'start': 2.29, 'end': 2.43}}",Action
5,15,0xF2,1,2.279785,Match,Match,rrrbbbddb,60,"{'1': 20.78654450879716, '2': 320.7865445087972}","[0.0, 0.0, 0.6, 1.7, 3.75, 6.92, 10.76, 15.58, 20.37, 25.15, 29.92, 34.69, 39.45, 44.21, 48.97, 53.73, 58.5, 63.26, 68.02, 72.78, 77.55, 81.31, 84.78, 87.14, 88.64, 89.25]","[1.529297, 1.543793, 1.557556, 1.571686, 1.58548, 1.598724, 1.61264, 1.62674, 1.640289, 1.654694, 1.668671, 1.682129, 1.696136, 1.710114, 1.724274, 1.737549, 1.752014, 1.765686, 1.779419, 1.793701, 1.807556, 1.821106, 1.835449, 1.849213, 1.863068, 1.877014]",1.0,{'1': 88.94320665423778},{'1': 0.3400000000000001},1.53,1.87,"{'1': {'start': 1.53, 'end': 1.87}}",Action
5,16,0xF2,1,2.452942,Match,Match,llbbbbbru,120,"{'1': 337.1362721077407, '2': 217.13627210774067}","[0.0, 0.0, 359.6, 359.2, 358.8, 358.4]","[2.092255, 2.10675, 2.12027, 2.133789, 2.147491, 2.161316]",0.0,{},{},0.0,2.452942,{},Action
5,17,0xF2,1,1.492065,Match,Match,ffuubrrrr,60,"{'1': 222.1015434796796, '2': 282.1015434796796}",[],[],0.0,{},{},0.0,1.492065,{},Action
5,18,0xF2,1,4.316833,Match,Match,bbddbblll,180,"{'1': 323.8362123068004, '2': 143.8362123068004}","[0.0, 359.51, 358.07, 355.46, 350.55, 345.65, 340.79, 335.93, 331.08, 326.22, 321.37, 316.53, 311.68, 306.84, 302.0, 297.16, 292.32, 287.48, 282.64, 277.8, 272.96, 268.11, 263.27, 258.43, 253.59, 248.75, 243.9, 239.06, 234.21, 229.36, 226.52, 224.25, 222.72, 222.26, 222.04, 221.31, 220.36, 218.45, 215.69, 211.47, 206.62, 201.71, 196.8, 192.75, 191.33, 190.95]","[2.150269, 2.164001, 2.178223, 2.192108, 2.20517, 2.219269, 2.23349, 2.246948, 2.261169, 2.275146, 2.288879, 2.303009, 2.317047, 2.330719, 2.345093, 2.358826, 2.372467, 2.385834, 2.400116, 2.414093, 2.427765, 2.441772, 2.455627, 2.469208, 2.483551, 2.497681, 2.511322, 2.524933, 2.538818, 2.552917, 2.566528, 2.580444, 2.594574, 2.927826, 2.941864, 2.955933, 2.969543, 2.983276, 2.997162, 3.011322, 3.024963, 3.03894, 3.05304, 3.066528, 3.080505, 3.094757]",2.0,"{'1': 137.28748970748862, '2': 31.14909408774875}","{'1': 0.45999999999999996, '2': 0.1599999999999997}",2.14,3.09,"{'1': {'start': 2.14, 'end': 2.6}, '2': {'start': 2.93, 'end': 3.09}}",Action
5,19,0xF2,1,3.330627,Match,Match,ffuuuurrf,120,"{'1': 299.1264029932808, '2': 59.12640299328079}","[0.0, 0.0, 359.6, 358.83, 357.06, 354.67, 351.5, 347.05, 342.23, 337.44, 332.66, 327.9, 323.15, 318.4, 313.65, 308.9, 304.16, 299.41, 294.66, 289.92, 285.17, 280.42, 275.67, 270.92, 266.17, 261.42, 256.66, 251.9, 247.15, 242.39, 237.64, 232.88, 228.13, 223.82, 221.31, 218.81]","[1.980591, 1.99469, 2.008392, 2.022278, 2.036499, 2.050201, 2.063812, 2.077881, 2.091797, 2.10556, 2.11969, 2.133453, 2.147461, 2.161224, 2.175293, 2.188873, 2.202881, 2.216583, 2.230652, 2.244293, 2.25827, 2.286102, 2.300812, 2.315338, 2.329315, 2.34375, 2.357544, 2.371216, 2.385468, 2.399292, 2.413605, 2.427246, 2.441406, 2.455261, 2.46933, 2.483185]",1.0,{'1': 140.61529772645252},{'1': 0.49},1.99,2.48,"{'1': {'start': 1.99, 'end': 2.48}}",Action
5,20,0xF2,1,2.104736,Match,Match,rbbbbbbub,120,"{'1': 161.8952181803216, '2': 41.89521818032159}","[0.0, 0.21, 1.14, 2.81, 5.78, 9.5, 14.42, 19.32, 24.21, 29.1, 33.98, 38.86, 43.74, 48.62, 53.5, 58.38, 63.25, 68.13, 73.01, 77.89, 82.77, 87.64, 92.52, 97.4, 102.28, 107.16, 112.05]","[1.588531, 1.602173, 1.616364, 1.629944, 1.644104, 1.657806, 1.671661, 1.68576, 1.699432, 1.727692, 1.741486, 1.7565, 1.770721, 1.784668, 1.798523, 1.812622, 1.826721, 1.84021, 1.854675, 1.869171, 1.881866, 1.896362, 1.910248, 1.923798, 1.937927, 1.951996, 1.965454]",1.0,{'1': 110.04566137900032},{'1': 0.3699999999999999},1.59,1.96,"{'1': {'start': 1.59, 'end': 1.96}}",Action
5,21,0xF2,1,1.974243,Match,Match,llbbbbbru,120,"{'1': 344.9475495811423, '2': 224.94754958114234}","[0.0, 0.0, 0.28, 2.21, 5.18, 10.16, 15.15, 20.08, 24.99, 29.9, 34.8, 39.69, 44.57, 49.46, 54.33, 59.21, 64.09, 68.97, 73.84, 78.72, 83.6, 88.47, 93.35, 98.22, 103.1, 107.98]","[1.083282, 1.096954, 1.110992, 1.124847, 1.13855, 1.152557, 1.166565, 1.180176, 1.194244, 1.209229, 1.221893, 1.23587, 1.249481, 1.263458, 1.277435, 1.291168, 1.305115, 1.319214, 1.332855, 1.346771, 1.360748, 1.374695, 1.388458, 1.402527, 1.41626, 1.430084]",1.0,{'1': 107.8895921289041},{'1': 0.32999999999999985},1.1,1.43,"{'1': {'start': 1.1, 'end': 1.43}}",Action
5,22,0xF2,1,1.488556,Match,Match,bddddddrd,0,"{'1': 50.36266026622357, '2': 50.36266026622357}",[],[],0.0,{},{},0.0,1.488556,{},Action
5,23,0xF2,1,1.518951,Match,Match,bbbdddrrb,0,"{'1': 201.43893210030396, '2': 201.43893210030396}",[],[],0.0,{},{},0.0,1.518951,{},Action
5,24,0xF2,1,3.11319,Match,Match,uubbbrrrb,180,"{'1': 55.070875370514074, '2': 235.07087537051407}","[0.0, 359.82, 359.08, 357.53, 355.28, 351.6, 346.84, 342.12, 337.46, 332.81, 328.16, 323.5, 318.85, 314.2, 309.55, 304.9, 300.25, 295.6, 290.95, 286.29, 281.64, 276.97, 272.29, 267.57, 266.88, 266.88, 266.56, 265.81, 264.37, 262.6, 260.02, 256.48, 252.22, 247.36, 242.51, 237.65, 232.8, 227.94, 223.08, 218.23, 213.37, 208.51, 206.46, 205.47, 205.22, 205.22, 204.53, 203.16, 200.61, 196.42, 191.5, 186.58, 181.67, 176.76, 172.61, 170.57]","[1.304993, 1.318939, 1.332581, 1.346558, 1.360443, 1.374481, 1.388153, 1.402191, 1.416016, 1.42984, 1.443848, 1.457855, 1.471466, 1.485474, 1.49942, 1.513397, 1.527222, 1.540985, 1.554932, 1.568695, 1.585449, 1.596558, 1.610657, 1.63855, 1.652679, 1.973969, 1.988281, 2.002258, 2.01593, 2.029999, 2.043915, 2.057831, 2.07132, 2.08548, 2.099274, 2.112793, 2.127075, 2.140991, 2.154785, 2.168854, 2.182831, 2.196564, 2.209778, 2.224152, 2.626923, 2.641174, 2.654968, 2.669189, 2.682739, 2.696228, 2.710022, 2.724182, 2.738312, 2.751862, 2.766174, 2.780243]",3.0,"{'1': 92.92454410278722, '2': 61.41362985418513, '3': 15.825234913639889}","{'1': 0.3400000000000001, '2': 0.26, '3': 0.15000000000000036}",1.31,2.78,"{'1': {'start': 1.31, 'end': 1.6500000000000001}, '2': {'start': 1.97, 'end': 2.23}, '3': {'start': 2.63, 'end': 2.7800000000000002}}",Action
5,25,0xF2,1,3.365601,Mismatch,Mismatch,bddddddrd,180,"{'1': 128.12205955971416, '2': 308.12205955971416}","[0.0, 0.0, 2.26, 4.4, 9.34, 14.28, 19.16, 24.01, 28.83, 33.62, 38.4, 43.16, 47.91, 52.64, 57.37, 62.1, 66.82, 71.55, 76.26, 80.98, 85.71, 89.01, 90.44, 92.31, 97.28, 102.23, 107.16, 112.06, 116.96, 121.85, 126.72, 131.57, 136.43, 141.29, 146.14, 151.0, 155.86, 160.71, 165.57]","[1.376953, 1.390656, 1.404419, 1.418304, 1.43219, 1.446228, 1.460114, 1.474213, 1.487854, 1.501862, 1.515594, 1.529572, 1.543365, 1.559967, 1.571045, 1.585052, 1.598846, 1.612732, 1.626801, 1.640656, 1.65448, 1.668335, 2.824554, 2.837524, 2.851471, 2.865601, 2.878998, 2.893677, 2.907745, 2.920654, 2.934692, 2.948761, 2.962463, 2.976624, 2.990692, 3.004547, 3.018158, 3.032562, 3.046448]",2.0,"{'1': 89.0120592552103, '2': 72.89124667569746}","{'1': 0.2899999999999998, '2': 0.22999999999999998}",1.38,3.04,"{'1': {'start': 1.3800000000000001, 'end': 1.67}, '2': {'start': 2.81, 'end': 3.04}}",Action
5,26,0xF2,1,2.008606,Mismatch,Mismatch,rrrrbbbdr,0,"{'1': 124.92721490562091, '2': 124.92721490562091}",[],[],0.0,{},{},0.0,2.008606,{},Action
5,27,0xF2,1,1.766632,Mismatch,Mismatch,ffuubrrrr,60,"{'1': 206.20660411733138, '2': 266.2066041173314}",[],[],0.0,{},{},0.0,1.766632,{},Action
5,28,0xF2,1,2.035187,Mismatch,Mismatch,rbbbdddff,60,"{'1': 289.5332092130355, '2': 349.5332092130355}",[],[],0.0,{},{},0.0,2.035187,{},Action
5,29,0xF2,1,2.315826,Mismatch,Mismatch,uubbbbruu,0,"{'1': 62.74224955292495, '2': 62.74224955292495}",[],[],0.0,{},{},0.0,2.315826,{},Action
5,30,0xF2,1,1.946991,Mismatch,Mismatch,rrrrbbbdr,120,"{'1': 246.8747450391303, '2': 6.874745039130275}",[],[],0.0,{},{},0.0,1.946991,{},Action
5,31,0xF2,1,3.242462,Mismatch,Mismatch,bbdddbrrr,180,"{'1': 242.4605042219436, '2': 62.46050422194361}","[0.0, 359.67, 359.14, 358.29, 356.65, 354.17, 350.95, 346.26, 341.6, 336.95, 332.3, 327.65, 323.0, 318.35, 313.69, 309.04, 304.39, 299.74, 295.08, 290.43, 285.78, 281.13, 276.47, 271.82, 267.17, 262.52, 257.86, 253.21, 248.56, 243.91, 239.25, 234.6, 229.91, 225.18, 222.17, 220.71, 220.1, 219.71, 219.44, 218.6, 216.22, 211.94, 207.2, 202.48, 197.76, 193.01, 190.7]","[1.614868, 1.628998, 1.642578, 1.656616, 1.670532, 1.684418, 1.698212, 1.712128, 1.726074, 1.739929, 1.753876, 1.76767, 1.781464, 1.795471, 1.809601, 1.823303, 1.851227, 1.865204, 1.879974, 1.894592, 1.908783, 1.92215, 1.936646, 1.95047, 1.963898, 1.978577, 1.992188, 2.005737, 2.020203, 2.034088, 2.048065, 2.061462, 2.075745, 2.089691, 2.103241, 2.117615, 2.131287, 2.534485, 2.548737, 2.562195, 2.57608, 2.589996, 2.603668, 2.617981, 2.631836, 2.645508, 2.659241]",2.0,"{'1': 139.72272263581465, '2': 27.351110111255537}","{'1': 0.5099999999999998, '2': 0.10999999999999988}",1.62,2.65,"{'1': {'start': 1.62, 'end': 2.13}, '2': {'start': 2.54, 'end': 2.65}}",Action
5,32,0xF2,1,2.131409,Mismatch,Mismatch,lllllbbul,0,"{'1': 226.33120364797915, '2': 226.33120364797915}",[],[],0.0,{},{},0.0,2.131409,{},Action
5,33,0xF2,1,2.158356,Mismatch,Mismatch,ffuubrrrr,0,"{'1': 113.72457940279365, '2': 113.72457940279365}",[],[],0.0,{},{},0.0,2.158356,{},Action
5,34,0xF2,1,2.627228,Mismatch,Mismatch,bddrddddd,120,"{'1': 65.08273868907158, '2': 185.08273868907156}","[0.0, 0.19, 0.67, 1.84, 3.7, 6.73, 10.43, 14.59, 18.96, 23.71, 28.47, 33.24, 38.0, 42.77, 47.53, 52.29, 57.06, 61.82, 66.59, 71.35, 76.11, 80.88, 85.65, 90.14, 92.24]","[1.099976, 1.113953, 1.127655, 1.141724, 1.155457, 1.169342, 1.183319, 1.197266, 1.210999, 1.225067, 1.238861, 1.255341, 1.266571, 1.280334, 1.294373, 1.308197, 1.322205, 1.335938, 1.349976, 1.3638, 1.377899, 1.39151, 1.405426, 1.419373, 1.433167]",1.0,{'1': 91.75752933911836},{'1': 0.32999999999999985},1.1,1.43,"{'1': {'start': 1.1, 'end': 1.43}}",Action
5,35,0xF2,1,2.292297,Mismatch,Mismatch,bdddllbbb,60,"{'1': 308.5883654121912, '2': 248.58836541219117}",[],[],0.0,{},{},0.0,2.292297,{},Action
5,36,0xF2,1,2.372284,Mismatch,Mismatch,ddbbddddl,0,"{'1': 125.21857502276171, '2': 125.21857502276171}","[0.0, 359.83, 359.28, 358.04, 356.38, 352.71, 348.14, 343.15, 338.17, 333.2, 328.23, 323.26, 318.3, 313.36, 308.42, 303.48, 298.54, 293.6, 288.66, 283.72, 278.78, 273.84, 268.9, 263.96, 259.02, 254.08, 249.14, 244.2, 239.26, 234.32, 229.38, 224.44, 219.5, 214.56, 209.61, 204.66, 202.98, 202.15, 201.82]","[1.328003, 1.34201, 1.356262, 1.369568, 1.383484, 1.397491, 1.411377, 1.439514, 1.45343, 1.46817, 1.482483, 1.496338, 1.510742, 1.525024, 1.538483, 1.552307, 1.566467, 1.580322, 1.593994, 1.608185, 1.621979, 1.635864, 1.649902, 1.663849, 1.677582, 1.691986, 1.705872, 1.71991, 1.733185, 1.747498, 1.764008, 1.774902, 1.788147, 1.802063, 1.81604, 1.830109, 1.844147, 1.857971, 1.872101]",1.0,{'1': 157.87314924475885},{'1': 0.53},1.33,1.86,"{'1': {'start': 1.33, 'end': 1.86}}",Action
5,37,0xF2,1,4.797333,Mismatch,Mismatch,bddrbbbbb,60,"{'1': 314.67934070945427, '2': 254.67934070945427}",[],[],0.0,{},{},0.0,4.797333,{},Action
5,38,0xF2,1,2.938354,Mismatch,Mismatch,ffuulllbb,0,"{'1': 142.60164994117167, '2': 142.60164994117167}","[0.0, 0.0, 359.6, 358.43, 356.06, 351.89, 347.32, 342.43, 337.57, 332.71, 327.85, 323.0, 318.14, 313.29, 308.43, 303.58, 298.73, 293.88, 289.03, 284.17, 279.32, 274.47, 269.62, 264.77, 259.92, 255.07, 250.22, 245.37, 240.52, 235.67, 230.82, 225.97, 221.12, 216.27, 211.42, 206.57, 201.72, 196.87, 192.02, 187.17, 182.32, 177.47, 172.62, 167.77, 164.81, 163.35]","[1.060242, 1.077209, 1.087921, 1.101959, 1.115784, 1.129883, 1.143463, 1.15741, 1.171295, 1.185272, 1.199066, 1.213165, 1.226807, 1.240784, 1.254639, 1.268494, 1.282379, 1.296448, 1.310089, 1.324036, 1.337891, 1.351868, 1.365967, 1.379639, 1.393524, 1.407288, 1.421448, 1.435394, 1.448975, 1.46286, 1.476776, 1.49057, 1.504639, 1.518585, 1.532623, 1.546112, 1.559998, 1.574097, 1.602142, 1.616333, 1.630371, 1.64502, 1.659363, 1.673187, 1.687286, 1.701233]",1.0,{'1': 177.55182290924637},{'1': 0.56},1.07,1.63,"{'1': {'start': 1.07, 'end': 1.6300000000000001}}",Action
5,39,0xF2,1,2.315002,Mismatch,Mismatch,bddrbbbbb,60,"{'1': 297.9093840424906, '2': 237.90938404249061}","[0.0, 0.0, 359.63, 359.15, 357.75, 354.96, 350.93, 346.9, 342.01, 337.12, 332.25, 327.37, 322.5, 317.63, 312.75, 307.88, 303.01, 298.13, 293.25, 288.36, 283.45, 280.49, 278.38, 276.48, 274.61, 272.75, 270.89, 269.02, 267.15, 265.05, 262.71, 258.83, 253.99, 249.15, 244.19, 241.52]","[1.145935, 1.159973, 1.173584, 1.187592, 1.201477, 1.215668, 1.229218, 1.243195, 1.25708, 1.271027, 1.284698, 1.298706, 1.312561, 1.326324, 1.34024, 1.354736, 1.368103, 1.381866, 1.396149, 1.412689, 1.423859, 1.437531, 1.451569, 1.465179, 1.479095, 1.493011, 1.506897, 1.520782, 1.534912, 1.548523, 1.562378, 1.576385, 1.590332, 1.604156, 1.618286, 1.632233]",1.0,{'1': 118.05251667025168},{'1': 0.48},1.15,1.63,"{'1': {'start': 1.1500000000000001, 'end': 1.6300000000000001}}",Action
5,40,0xF2,1,3.684204,Mismatch,Mismatch,bddddddrd,120,"{'1': 130.6822540982511, '2': 250.6822540982511}",[],[],0.0,{},{},0.0,3.684204,{},Action
5,41,0xF2,1,2.035187,Mismatch,Mismatch,ddbbddddl,0,"{'1': 147.1610739618407, '2': 147.1610739618407}",[],[],0.0,{},{},0.0,2.035187,{},Action
5,42,0xF2,1,3.587708,Mismatch,Mismatch,lllbbbluu,60,"{'1': 148.3178032386795, '2': 88.31780323867949}","[0.0, 359.78, 358.96, 357.88, 356.16, 354.06, 351.7, 348.91, 344.65, 340.16, 335.66, 331.12, 326.57, 321.92, 317.27, 312.49, 309.64, 308.56, 308.28, 308.28, 306.45, 303.97, 299.07, 294.2, 289.35, 284.5, 279.67, 274.84, 270.02, 265.22, 260.44, 255.67, 250.91, 246.16, 241.42, 236.67, 231.93, 227.18, 222.44, 217.69, 212.95, 208.21, 203.46, 198.72, 193.97, 189.23, 184.48, 179.72, 174.95, 170.19, 165.43, 160.67, 155.91, 151.15, 146.38, 141.62, 136.86, 132.1, 127.34, 122.58, 117.8, 115.26]","[1.931702, 1.945679, 1.959351, 1.973358, 1.987396, 2.00119, 2.014893, 2.043304, 2.057098, 2.071808, 2.085663, 2.100159, 2.114258, 2.128723, 2.141998, 2.156036, 2.170044, 2.183624, 2.781525, 2.796021, 2.809814, 2.82312, 2.837219, 2.850891, 2.864807, 2.879059, 2.892853, 2.906708, 2.920532, 2.934692, 2.948486, 2.962158, 2.976257, 2.990448, 3.004211, 3.017792, 3.031769, 3.045593, 3.059845, 3.0737, 3.087463, 3.100922, 3.114899, 3.128876, 3.142822, 3.156891, 3.171021, 3.184662, 3.198364, 3.21228, 3.226105, 3.240265, 3.254425, 3.268219, 3.281555, 3.29541, 3.309326, 3.323059, 3.337463, 3.352448, 3.365021, 3.378845]",2.0,"{'1': 51.442985912383485, '2': 65.16588054236885}","{'1': 0.26, '2': 0.5899999999999999}",1.93,3.37,"{'1': {'start': 1.93, 'end': 2.19}, '2': {'start': 2.7800000000000002, 'end': 3.37}}",Action
5,43,0xF2,1,2.641357,Mismatch,Mismatch,bdddddfll,120,"{'1': 32.4001609445189, '2': 152.40016094451892}",[],[],0.0,{},{},0.0,2.641357,{},Action
5,44,0xF2,1,3.103912,Mismatch,Mismatch,bddddddrd,60,"{'1': 247.26635162871762, '2': 187.26635162871762}","[0.0, 0.76, 1.52, 4.28, 8.92, 13.92, 18.91, 23.89, 28.87, 33.85, 38.83, 43.8, 48.78, 53.75, 58.72, 63.69, 68.65, 73.61, 78.57, 83.52, 86.97, 88.0]","[1.406982, 1.420959, 1.43454, 1.448486, 1.462402, 1.476379, 1.504486, 1.518402, 1.533142, 1.547272, 1.561523, 1.575775, 1.589691, 1.603577, 1.61731, 1.631409, 1.645569, 1.659241, 1.673004, 1.687622, 1.700897, 1.71463]",1.0,{'1': 87.65274157139736},{'1': 0.30999999999999983},1.4,1.71,"{'1': {'start': 1.4000000000000001, 'end': 1.71}}",Action
5,45,0xF2,1,2.669128,Match,Mismatch,bbddbblll,180,"{'1': 299.70333809089504, '2': 119.70333809089502}","[0.0, 0.0, 359.17, 357.71, 355.6, 352.5, 348.08, 343.18, 338.32, 333.46, 328.62, 323.77, 318.93, 314.1, 309.27, 304.44, 299.61, 294.79, 289.96, 285.13, 280.3, 275.47, 270.64, 265.82, 260.99, 256.16, 251.33, 246.51, 241.68, 236.85, 232.02, 227.19, 222.35, 217.52, 212.69, 207.86, 203.02, 198.19, 193.35, 188.46, 183.55, 179.27, 176.66, 175.45]","[1.416321, 1.431335, 1.445679, 1.45993, 1.475189, 1.487671, 1.50119, 1.514832, 1.529175, 1.543243, 1.557007, 1.570679, 1.585114, 1.599091, 1.612885, 1.627014, 1.640839, 1.654541, 1.668701, 1.682617, 1.696442, 1.71048, 1.724396, 1.738342, 1.751953, 1.766205, 1.780121, 1.793823, 1.807861, 1.821747, 1.835602, 1.849579, 1.863556, 1.877472, 1.891022, 1.905273, 1.91922, 1.932831, 1.946991, 1.960876, 1.974091, 1.988007, 2.002136, 2.015808]",1.0,{'1': 175.9640198946752},{'1': 0.5900000000000003},1.42,2.01,"{'1': {'start': 1.42, 'end': 2.0100000000000002}}",Action
5,46,0xF2,1,1.687195,Mismatch,Mismatch,bdddbllll,60,"{'1': 120.74459856735571, '2': 60.74459856735571}",[],[],0.0,{},{},0.0,1.687195,{},Action
5,47,0xF2,1,2.104065,Mismatch,Mismatch,bdddllbbb,180,"{'1': 29.840007912279223, '2': 209.84000791227922}",[],[],0.0,{},{},0.0,2.104065,{},Action
5,48,0xF2,1,2.467987,Mismatch,Mismatch,bbdddbrrr,120,"{'1': 115.24259211799024, '2': 355.2425921179902}","[0.0, 359.75, 359.02, 357.7, 355.26, 352.39, 348.56, 344.38, 339.89, 334.96, 329.98, 324.99, 320.01, 315.02, 310.04, 305.05, 300.07, 295.08, 290.09, 287.1, 285.26]","[1.270599, 1.284546, 1.298523, 1.312286, 1.326294, 1.340424, 1.353973, 1.36795, 1.381775, 1.395782, 1.409668, 1.423523, 1.437347, 1.45108, 1.46521, 1.478973, 1.493164, 1.506653, 1.52063, 1.534393, 1.548462]",1.0,{'1': 73.63330584974057},{'1': 0.27},1.27,1.54,"{'1': {'start': 1.27, 'end': 1.54}}",Action
5,49,0xF2,1,1.668732,Mismatch,Mismatch,uuuuubbul,60,"{'1': 66.18386454615198, '2': 126.18386454615198}","[0.0, 0.0, 0.0, 359.15, 357.37, 354.61, 350.45, 346.09, 341.72, 338.87]","[1.333527, 1.347443, 1.361298, 1.375061, 1.38913, 1.402802, 1.416748, 1.430664, 1.444458, 1.458374]",1.0,{'1': 19.415002874389156},{'1': 0.09999999999999987},1.35,1.45,"{'1': {'start': 1.35, 'end': 1.45}}",Action
6,0,0xFD,2,1.818787,Mismatch,Match,bbddbblll,180,"{'1': 315.30876705875914, '2': 135.30876705875914}","[0.0, 359.67, 358.39, 354.58, 349.79, 345.01, 340.24, 335.46, 330.69, 325.9, 321.11, 316.31, 311.51, 306.71, 301.91, 297.09, 292.26, 287.39, 282.5, 277.59, 272.68, 267.77, 262.86, 257.94, 253.03, 248.12, 243.2, 238.26, 233.33, 228.36, 223.38]","[0.9139404, 0.9295044, 0.9417114, 0.9557495, 0.9696655, 0.9833984, 0.9973755, 1.01123, 1.025085, 1.039246, 1.053284, 1.066956, 1.080933, 1.095032, 1.108826, 1.122925, 1.136597, 1.150513, 1.164551, 1.178711, 1.192505, 1.206238, 1.220093, 1.23407, 1.24823, 1.262085, 1.276001, 1.289917, 1.303711, 1.317566, 1.331787]",1.0,{'1': 135.99421700302372},{'1': 0.42000000000000004},0.91,1.33,"{'1': {'start': 0.91, 'end': 1.33}}",Action
6,1,0xFD,2,2.512329,Match,Match,ffuulllbb,120,"{'1': 197.3107371694543, '2': 77.31073716945434}","[0.0, 0.44, 1.9, 4.67, 7.7, 12.12, 17.11, 22.11, 27.11, 32.11, 37.1, 42.09, 47.08, 52.07, 57.06, 62.05, 67.04, 72.03, 77.02, 82.0, 86.99, 91.98, 96.97, 101.96, 106.95, 111.94, 116.92, 121.91, 126.9, 131.89, 136.88, 141.87]","[1.117432, 1.131409, 1.145325, 1.159363, 1.173279, 1.187134, 1.200989, 1.214966, 1.228882, 1.242676, 1.256714, 1.270813, 1.284851, 1.298462, 1.312744, 1.340149, 1.354065, 1.369141, 1.38324, 1.397034, 1.411499, 1.425415, 1.439209, 1.453613, 1.467407, 1.481567, 1.495239, 1.509277, 1.52356, 1.537109, 1.551331, 1.568298]",1.0,{'1': 139.42955560794485},{'1': 0.44999999999999996},1.11,1.56,"{'1': {'start': 1.11, 'end': 1.56}}",Action
6,2,0xFD,2,1.354126,Match,Match,uuuubbbur,60,"{'1': 231.27511620163756, '2': 291.27511620163756}","[0.0, 0.0, 359.47, 358.67, 357.67, 356.67, 355.33, 353.98, 352.17, 350.15, 348.13, 346.11, 344.1]","[1.008606, 1.022705, 1.036621, 1.049927, 1.057678, 1.064819, 1.075623, 1.089539, 1.103516, 1.117371, 1.131287, 1.145386, 1.159119]",0.0,{},{},0.0,1.354126,{},Action
6,3,0xFD,2,1.760071,Match,Match,lbbddllll,60,"{'1': 40.56839166257606, '2': 340.56839166257606}","[0.0, 0.2, 1.32, 3.47, 6.65, 11.08, 15.86, 20.63, 25.4, 30.16, 34.91, 39.67, 44.43, 49.19, 53.99, 58.9]","[1.298706, 1.312866, 1.32666, 1.340515, 1.354858, 1.369385, 1.382324, 1.396484, 1.410217, 1.424011, 1.438049, 1.452148, 1.466003, 1.479858, 1.493713, 1.507507]",1.0,{'1': 56.20959252733318},{'1': 0.19999999999999996},1.3,1.5,"{'1': {'start': 1.3, 'end': 1.5}}",Action
6,4,0xFD,2,1.38092,Match,Match,lbbddllll,0,"{'1': 50.10220194008181, '2': 50.10220194008181}",[],[],0.0,{},{},0.0,1.38092,{},Action
6,5,0xFD,2,3.894043,Match,Match,bddrddddd,120,"{'1': 66.78189000657758, '2': 306.78189000657756}","[0.0, 0.0, 2.05, 6.95, 11.84, 16.69, 21.52, 26.35, 31.15, 35.94, 40.73, 45.51, 50.29, 55.06, 59.83, 64.59, 69.36, 74.12, 78.89, 83.65, 88.42, 90.08, 90.26, 91.86, 94.06, 98.97, 103.88, 108.78, 113.67, 118.54, 123.4, 128.23, 133.05, 137.85, 142.63, 147.4, 152.15, 156.89, 161.64, 166.39]","[1.134094, 1.148376, 1.163635, 1.175842, 1.18988, 1.203674, 1.217651, 1.231567, 1.245422, 1.259399, 1.273499, 1.287231, 1.30127, 1.315125, 1.328979, 1.342957, 1.356995, 1.370728, 1.384644, 1.39856, 1.412659, 1.830322, 1.844177, 1.858154, 1.871887, 1.885864, 1.899963, 1.927307, 1.941956, 1.956665, 1.970642, 1.985229, 1.999329, 2.012878, 2.027283, 2.041199, 2.055115, 2.068726, 2.083252, 2.096985]",2.0,"{'1': 88.44917677649205, '2': 73.89529274925107}","{'1': 0.2799999999999998, '2': 0.2599999999999998}",1.14,2.09,"{'1': {'start': 1.1400000000000001, 'end': 1.42}, '2': {'start': 1.83, 'end': 2.09}}",Action
6,6,0xFD,2,1.507874,Match,Match,ffuulllbb,60,"{'1': 109.34564071492241, '2': 169.3456407149224}",[],[],0.0,{},{},0.0,1.507874,{},Action
6,7,0xFD,2,1.801636,Match,Match,rbbbdddff,120,"{'1': 130.49995340204288, '2': 10.499953402042877}",[],[],0.0,{},{},0.0,1.801636,{},Action
6,8,0xFD,2,1.74408,Match,Match,rrrbbbddb,0,"{'1': 74.03304278999094, '2': 74.03304278999094}",[],[],0.0,{},{},0.0,1.74408,{},Action
6,9,0xFD,2,2.573486,Match,Match,bdddddfll,60,"{'1': 124.18790901317558, '2': 64.18790901317558}","[0.0, 0.89, 2.63, 5.55, 8.55, 12.13, 16.5, 21.5, 26.49, 31.49, 36.49, 41.49, 46.49, 51.49, 56.49, 61.48]","[1.331421, 1.345337, 1.373352, 1.387268, 1.402161, 1.416321, 1.430054, 1.444397, 1.458191, 1.472473, 1.486023, 1.500488, 1.514343, 1.527893, 1.54248, 1.556274]",1.0,{'1': 59.21037117587358},{'1': 0.22999999999999998},1.32,1.55,"{'1': {'start': 1.32, 'end': 1.55}}",Action
6,10,0xFD,2,1.146667,Match,Match,rbbbbbldd,0,"{'1': 204.65238846055797, '2': 204.65238846055797}",[],[],0.0,{},{},0.0,1.146667,{},Action
6,11,0xFD,2,2.655151,Match,Match,ffuuuurrf,60,"{'1': 339.30144148243784, '2': 279.30144148243784}","[0.0, 3.79, 8.68, 13.51, 18.24, 22.93, 27.59, 32.25, 36.92, 41.58, 46.25, 50.93, 55.61, 60.33, 65.07, 69.81, 74.55, 79.3, 84.05, 88.85]","[2.237244, 2.251038, 2.26532, 2.279358, 2.293335, 2.306763, 2.321167, 2.334961, 2.348633, 2.363037, 2.376953, 2.390381, 2.404724, 2.418762, 2.432617, 2.445984, 2.460571, 2.474304, 2.487976, 2.502502]",1.0,{'1': 88.02323420074354},{'1': 0.2799999999999998},2.22,2.5,"{'1': {'start': 2.22, 'end': 2.5}}",Action
6,12,0xFD,2,1.220154,Match,Match,bdddbllll,0,"{'1': 227.23092463341032, '2': 227.23092463341032}",[],[],0.0,{},{},0.0,1.220154,{},Action
6,13,0xFD,2,2.487427,Match,Match,ffuuuurrf,120,"{'1': 66.24986329575583, '2': 186.24986329575583}","[0.0, 359.67, 358.68, 356.36, 352.3, 347.42, 342.55, 337.69, 332.82, 327.96, 323.09, 318.23, 313.37, 308.51, 303.64, 298.74, 293.81]","[1.162231, 1.176208, 1.190125, 1.204163, 1.218018, 1.232117, 1.24585, 1.259705, 1.273621, 1.287598, 1.301575, 1.315491, 1.32959, 1.343262, 1.357239, 1.371155, 1.385132]",1.0,{'1': 64.37982900479363},{'1': 0.2200000000000002},1.16,1.38,"{'1': {'start': 1.16, 'end': 1.3800000000000001}}",Action
6,14,0xFD,2,2.485474,Match,Match,bddrddddd,180,"{'1': 324.1287128877964, '2': 144.12871288779638}","[0.0, 359.75, 357.45, 352.45, 347.45, 342.45, 337.45, 332.45, 327.46, 322.46, 317.46, 312.46, 307.47, 302.47, 297.48, 292.49, 287.49, 282.5, 277.51, 272.52, 267.52, 262.53, 257.54, 252.55, 247.55, 242.56, 237.56]","[1.146667, 1.160522, 1.174377, 1.188477, 1.202209, 1.216125, 1.230164, 1.243958, 1.257813, 1.272217, 1.28595, 1.299683, 1.313721, 1.327515, 1.341553, 1.355713, 1.369324, 1.383179, 1.397339, 1.411133, 1.425049, 1.439026, 1.45282, 1.466675, 1.480713, 1.494507, 1.508911]",1.0,{'1': 119.2866212671387},{'1': 0.34999999999999987},1.15,1.5,"{'1': {'start': 1.1500000000000001, 'end': 1.5}}",Action
6,15,0xFD,2,2.989441,Match,Match,rrrbbbddb,60,"{'1': 20.78654450879716, '2': 320.7865445087972}","[0.0, 0.0, 358.69, 356.73, 354.16, 351.36, 348.5, 345.61, 342.7, 339.78, 337.51, 336.07, 334.63, 334.26, 334.26, 336.35, 341.35, 346.35, 351.34, 356.32, 1.29, 6.2, 11.11, 16.02, 20.92, 25.82, 30.71, 35.61, 40.5, 45.39, 50.29]","[1.21814, 1.232117, 1.245972, 1.260071, 1.273865, 1.287781, 1.301758, 1.315674, 1.329773, 1.343506, 1.3573, 1.371338, 1.385315, 1.705444, 1.719727, 1.733337, 1.747253, 1.76123, 1.775085, 1.789001, 1.816833, 1.830872, 1.845703, 1.859619, 1.874023, 1.888367, 1.902405, 1.915833, 1.930298, 1.944397, 1.957947]",2.0,"{'1': 25.375414848389248, '2': 21.67617712177119}","{'1': 0.17000000000000015, '2': 0.24}",1.22,1.95,"{'1': {'start': 1.22, 'end': 1.3900000000000001}, '2': {'start': 1.71, 'end': 1.95}}",Action
6,16,0xFD,2,2.211426,Match,Match,llbbbbbru,120,"{'1': 337.1362721077407, '2': 217.13627210774067}",[],[],0.0,{},{},0.0,2.211426,{},Action
6,17,0xFD,2,1.424011,Match,Match,ffuubrrrr,60,"{'1': 222.1015434796796, '2': 282.1015434796796}","[0.0, 0.0, 358.14, 355.4, 351.29, 346.45, 341.62, 336.79, 331.97, 327.15, 322.34, 317.52, 312.71, 307.89, 303.06]","[0.9214478, 0.9352417, 0.9492188, 0.9628296, 0.9767456, 0.9908447, 1.004639, 1.018616, 1.032654, 1.046448, 1.060364, 1.074402, 1.088196, 1.102051, 1.116028]",1.0,{'1': 54.85691779351797},{'1': 0.19000000000000006},0.92,1.11,"{'1': {'start': 0.92, 'end': 1.11}}",Action
6,18,0xFD,2,2.641296,Match,Match,bbddbblll,180,"{'1': 323.8362123068004, '2': 143.8362123068004}","[0.0, 359.03, 356.02, 351.06, 346.11, 341.16, 336.22, 331.29, 326.37, 321.46, 316.55, 311.64, 306.73, 301.83, 296.92, 292.01, 287.1, 282.19, 277.28, 272.36, 267.46, 262.55, 257.64, 252.72, 247.81, 242.89, 237.97, 233.04, 228.12, 223.2, 218.27, 213.35, 208.43, 203.49, 198.55, 193.59, 188.62, 183.64, 178.65]","[1.218445, 1.2323, 1.246277, 1.260071, 1.273987, 1.288025, 1.301819, 1.31604, 1.329773, 1.343628, 1.357666, 1.371521, 1.385315, 1.399414, 1.413086, 1.427063, 1.441223, 1.455017, 1.468872, 1.48291, 1.497375, 1.510681, 1.524658, 1.538574, 1.552368, 1.566284, 1.580322, 1.59436, 1.608276, 1.622192, 1.636047, 1.650085, 1.663879, 1.677734, 1.691772, 1.705811, 1.719482, 1.733521, 1.747375]",1.0,{'1': 177.43094774072472},{'1': 0.53},1.21,1.74,"{'1': {'start': 1.21, 'end': 1.74}}",Action
6,19,0xFD,2,2.989441,Match,Match,ffuuuurrf,120,"{'1': 299.1264029932808, '2': 59.12640299328079}","[0.0, 358.6, 356.96, 355.32, 353.66, 352.0, 350.35, 348.7, 347.02, 345.23, 343.31, 341.31, 338.48, 335.07, 331.48, 327.21, 322.74, 318.24, 313.63, 308.98, 304.31, 299.57, 294.8, 290.01, 285.17, 280.26, 275.35, 270.42, 265.44, 261.87]","[1.496887, 1.510864, 1.524841, 1.538696, 1.552612, 1.566589, 1.580627, 1.594421, 1.608215, 1.622253, 1.63623, 1.650085, 1.664001, 1.677979, 1.691833, 1.705688, 1.719727, 1.733521, 1.747437, 1.761536, 1.77533, 1.789185, 1.803345, 1.817139, 1.830994, 1.845032, 1.859009, 1.872742, 1.886963, 1.900757]",1.0,{'1': 97.9340822096564},{'1': 0.42000000000000015},1.48,1.9,"{'1': {'start': 1.48, 'end': 1.9000000000000001}}",Action
6,20,0xFD,2,2.514771,Match,Match,rbbbbbbub,120,"{'1': 161.8952181803216, '2': 41.89521818032159}","[0.0, 0.62, 2.36, 7.27, 12.18, 17.07, 21.95, 26.83, 31.7, 36.55, 41.37, 46.2, 51.02, 55.85, 60.67, 65.5, 70.33, 73.96, 75.31]","[1.203064, 1.216858, 1.230957, 1.244812, 1.258667, 1.272705, 1.286682, 1.300598, 1.314575, 1.328369, 1.342224, 1.356262, 1.369995, 1.383972, 1.397949, 1.412048, 1.425781, 1.43988, 1.454712]",1.0,{'1': 74.88111650485436},{'1': 0.26},1.19,1.45,"{'1': {'start': 1.19, 'end': 1.45}}",Action
6,21,0xFD,2,2.099548,Match,Match,llbbbbbru,120,"{'1': 344.9475495811423, '2': 224.94754958114234}","[0.0, 0.19, 1.08, 2.21, 4.55, 7.5, 10.47, 13.45, 16.5, 20.05, 23.68, 28.65, 33.61, 38.57, 43.54, 48.49, 53.45, 58.4, 63.36, 68.32, 73.27, 78.23, 83.18, 88.14, 93.1, 98.06, 103.01, 107.97, 112.93, 117.89, 122.85, 127.81, 132.77, 137.73, 142.7]","[0.9689331, 0.982666, 0.9974976, 1.01062, 1.024353, 1.038513, 1.052246, 1.066101, 1.080261, 1.093994, 1.108032, 1.121948, 1.135864, 1.149841, 1.163696, 1.177795, 1.191528, 1.205505, 1.219543, 1.233215, 1.247314, 1.261108, 1.274963, 1.289001, 1.30304, 1.316833, 1.330688, 1.344727, 1.358643, 1.372559, 1.386597, 1.400391, 1.414307, 1.4422, 1.456604]",1.0,{'1': 140.4065747646045},{'1': 0.48},0.97,1.45,"{'1': {'start': 0.97, 'end': 1.45}}",Action
6,22,0xFD,2,1.241394,Match,Match,bddddddrd,0,"{'1': 50.36266026622357, '2': 50.36266026622357}",[],[],0.0,{},{},0.0,1.241394,{},Action
6,23,0xFD,2,1.512024,Match,Match,bbbdddrrb,0,"{'1': 201.43893210030396, '2': 201.43893210030396}",[],[],0.0,{},{},0.0,1.512024,{},Action
6,24,0xFD,2,1.855957,Mismatch,Match,uubbbrrrb,180,"{'1': 55.070875370514074, '2': 235.07087537051407}",[],[],0.0,{},{},0.0,1.855957,{},Action
6,25,0xFD,2,4.782471,Mismatch,Mismatch,bddddddrd,180,"{'1': 128.12205955971416, '2': 308.12205955971416}","[0.0, 0.96, 4.16, 9.15, 14.12, 19.08, 24.02, 28.94, 33.86, 38.77, 43.67, 48.57, 53.48, 58.38, 63.29, 68.2, 73.11, 75.38, 75.38, 75.64, 76.82, 80.0, 84.92, 89.81, 94.7, 99.57, 104.45, 109.32, 114.19, 119.06, 123.94, 128.81, 133.68, 138.55, 143.42, 148.29, 153.17, 155.29]","[1.493591, 1.507568, 1.521301, 1.535339, 1.549194, 1.56311, 1.577087, 1.591125, 1.605103, 1.618835, 1.632751, 1.64679, 1.660583, 1.674744, 1.688538, 1.702393, 1.716248, 1.730286, 3.139465, 3.153137, 3.167664, 3.181519, 3.194824, 3.208923, 3.2229, 3.240356, 3.250854, 3.264099, 3.278076, 3.291931, 3.306396, 3.320374, 3.334106, 3.348511, 3.362427, 3.376343, 3.389587, 3.404053]",2.0,"{'1': 75.3337526713207, '2': 79.30585661425019}","{'1': 0.25, '2': 0.2599999999999998}",1.48,3.4,"{'1': {'start': 1.48, 'end': 1.73}, '2': {'start': 3.14, 'end': 3.4}}",Action
6,26,0xFD,2,1.802856,Mismatch,Mismatch,rrrrbbbdr,0,"{'1': 124.92721490562091, '2': 124.92721490562091}",[],[],0.0,{},{},0.0,1.802856,{},Action
6,27,0xFD,2,2.804993,Mismatch,Mismatch,ffuubrrrr,60,"{'1': 206.20660411733138, '2': 266.2066041173314}","[0.0, 0.0, 1.82, 5.36, 10.33, 15.31, 20.28, 25.26, 30.23, 35.2, 40.17, 45.15, 50.12, 55.09, 60.07, 65.04, 70.01, 74.99, 79.96, 84.93, 89.91, 94.88, 99.85, 104.83, 109.8, 114.78, 119.75, 124.72, 129.7, 134.68, 139.65, 144.63, 149.6, 153.05]","[1.298218, 1.312378, 1.32605, 1.340088, 1.35553, 1.367737, 1.381775, 1.395996, 1.40979, 1.423523, 1.437866, 1.451355, 1.46521, 1.479309, 1.493225, 1.507019, 1.520996, 1.534912, 1.548767, 1.562866, 1.57666, 1.590515, 1.604553, 1.618469, 1.632507, 1.646423, 1.660461, 1.674438, 1.688232, 1.701904, 1.716064, 1.729858, 1.743774, 1.757813]",1.0,{'1': 151.13000213690435},{'1': 0.44999999999999996},1.3,1.75,"{'1': {'start': 1.3, 'end': 1.75}}",Action
6,28,0xFD,2,2.446411,Mismatch,Mismatch,rbbbdddff,60,"{'1': 289.5332092130355, '2': 349.5332092130355}","[0.0, 356.44, 352.87, 349.29, 345.66, 342.0, 338.26, 334.46, 330.61, 326.74, 322.82, 318.71, 314.41, 309.96]","[1.273987, 1.288025, 1.302124, 1.315918, 1.329773, 1.34375, 1.357544, 1.371521, 1.386841, 1.399414, 1.413147, 1.427307, 1.441101, 1.455017]",1.0,{'1': 48.43568482322506},{'1': 0.18999999999999995},1.26,1.45,"{'1': {'start': 1.26, 'end': 1.45}}",Action
6,29,0xFD,2,3.543457,Mismatch,Mismatch,uubbbbruu,0,"{'1': 62.74224955292495, '2': 62.74224955292495}","[0.0, 0.0, 0.0, 359.58, 359.24, 358.86, 358.46, 358.07, 357.48, 356.66, 355.42, 353.49, 350.96, 348.31, 345.63, 342.89, 340.16, 337.43, 334.71, 331.98, 329.25, 326.53, 323.81, 321.09, 318.37, 315.66, 312.94, 310.22, 307.48, 304.77, 302.06, 299.43, 296.91, 294.46]","[1.607117, 1.621338, 1.648193, 1.662842, 1.676697, 1.690552, 1.704773, 1.71875, 1.732239, 1.746643, 1.760681, 1.773987, 1.78833, 1.802185, 1.815674, 1.830933, 1.843872, 1.857117, 1.870911, 1.885315, 1.899353, 1.913086, 1.927368, 1.941345, 1.955383, 1.969116, 1.983398, 1.997559, 2.010925, 2.025391, 2.039307, 2.052551, 2.066711, 2.080627]",1.0,{'1': 65.42961267605641},{'1': 0.43999999999999995},1.64,2.08,"{'1': {'start': 1.6400000000000001, 'end': 2.08}}",Action
6,30,0xFD,2,2.164368,Mismatch,Mismatch,rrrrbbbdr,120,"{'1': 246.8747450391303, '2': 6.874745039130275}",[],[],0.0,{},{},0.0,2.164368,{},Action
6,31,0xFD,2,3.976318,Mismatch,Mismatch,bbdddbrrr,180,"{'1': 242.4605042219436, '2': 62.46050422194361}","[0.0, 359.35, 357.04, 352.05, 347.05, 342.06, 337.07, 332.08, 327.08, 322.08, 317.08, 312.1, 307.13, 302.16, 297.2, 292.24, 287.28, 282.32, 277.36, 272.4, 267.44, 262.49, 257.53, 252.58, 247.63, 242.67, 237.72, 232.77, 227.81, 222.86, 217.91, 217.4, 216.9, 218.72, 220.63, 222.56]","[2.151978, 2.166321, 2.180542, 2.19397, 2.210205, 2.222229, 2.235291, 2.249695, 2.263733, 2.277344, 2.290955, 2.305054, 2.319336, 2.332947, 2.34729, 2.361267, 2.375, 2.389221, 2.403259, 2.417175, 2.430359, 2.444641, 2.458496, 2.472107, 2.486816, 2.500671, 2.513855, 2.527893, 2.542053, 2.555664, 2.570007, 2.584229, 3.419922, 3.433533, 3.447632, 3.461914]",1.0,{'1': 142.4483483335677},{'1': 0.43999999999999995},2.14,2.58,"{'1': {'start': 2.14, 'end': 2.58}}",Action
6,32,0xFD,2,2.274841,Mismatch,Mismatch,lllllbbul,0,"{'1': 226.33120364797915, '2': 226.33120364797915}",[],[],0.0,{},{},0.0,2.274841,{},Action
6,33,0xFD,2,1.760071,Mismatch,Mismatch,ffuubrrrr,0,"{'1': 113.72457940279365, '2': 113.72457940279365}",[],[],0.0,{},{},0.0,1.760071,{},Action
6,34,0xFD,2,3.172119,Mismatch,Mismatch,bddrddddd,120,"{'1': 65.08273868907158, '2': 185.08273868907156}","[0.0, 2.83, 6.65, 10.63, 14.61, 18.61, 22.61, 26.61, 30.61, 34.61, 38.61, 42.6, 46.6, 50.59, 54.59, 58.59, 62.53]","[1.428528, 1.442383, 1.456421, 1.470337, 1.484192, 1.498108, 1.512085, 1.526062, 1.539917, 1.553894, 1.567749, 1.581726, 1.595825, 1.609558, 1.623413, 1.637451, 1.651245]",1.0,{'1': 62.17438886472382},{'1': 0.2400000000000002},1.41,1.65,"{'1': {'start': 1.41, 'end': 1.6500000000000001}}",Action
6,35,0xFD,2,3.618591,Match,Mismatch,bdddllbbb,60,"{'1': 308.5883654121912, '2': 248.58836541219117}","[0.0, 359.23, 356.48, 351.85, 347.13, 342.4, 337.67, 332.94, 328.21, 323.46, 318.64, 313.76, 308.83, 303.89, 298.94, 293.99, 289.04, 284.09, 279.14, 274.18, 269.22]","[1.654053, 1.667969, 1.682434, 1.696167, 1.710144, 1.723877, 1.738037, 1.751953, 1.765747, 1.779968, 1.793701, 1.807495, 1.821655, 1.835571, 1.849243, 1.863953, 1.877625, 1.891174, 1.904541, 1.919006, 1.932983]",1.0,{'1': 89.72142662946267},{'1': 0.2899999999999998},1.64,1.93,"{'1': {'start': 1.6400000000000001, 'end': 1.93}}",Action
6,36,0xFD,2,3.250671,Mismatch,Mismatch,ddbbddddl,0,"{'1': 125.21857502276171, '2': 125.21857502276171}","[0.0, 0.19, 1.63, 4.85, 9.49, 14.01, 18.53, 23.05, 27.55, 32.05, 36.53, 41.0, 45.46, 49.92, 54.38, 58.84, 63.3, 67.76, 72.22, 76.68, 81.14, 85.6, 90.05, 94.52, 99.01, 99.94, 99.94, 99.94, 99.94, 100.11, 100.11]","[1.005676, 1.021179, 1.033569, 1.047424, 1.061523, 1.075562, 1.089233, 1.103394, 1.117065, 1.131042, 1.144958, 1.158875, 1.172913, 1.18689, 1.200806, 1.214844, 1.228638, 1.242554, 1.256348, 1.271057, 1.284363, 1.298096, 1.312134, 1.32605, 1.339905, 2.749023, 2.762878, 2.777283, 2.791321, 2.804932, 2.818115]",1.0,{'1': 98.95706908465537},{'1': 0.33000000000000007},1.01,1.34,"{'1': {'start': 1.01, 'end': 1.34}}",Action
6,37,0xFD,2,1.705505,Mismatch,Mismatch,bddrbbbbb,60,"{'1': 314.67934070945427, '2': 254.67934070945427}","[0.0, 0.0, 359.61, 358.97, 358.0, 355.94, 353.24, 350.03, 345.98, 341.96, 337.92, 333.87, 329.83, 325.77, 321.69, 317.59, 313.5, 309.38, 305.25, 301.12, 296.94, 292.63, 288.27, 283.9, 279.53, 275.16, 270.68, 266.19]","[0.895813, 0.9094849, 0.9233398, 0.9372559, 0.951355, 0.965271, 0.9790649, 0.9942627, 1.006897, 1.020813, 1.034729, 1.048767, 1.062561, 1.076477, 1.090515, 1.104492, 1.118408, 1.132324, 1.146179, 1.160034, 1.173889, 1.188049, 1.201782, 1.215759, 1.229675, 1.243469, 1.257385, 1.271423]",1.0,{'1': 93.354858954267},{'1': 0.37},0.9,1.27,"{'1': {'start': 0.9, 'end': 1.27}}",Action
6,38,0xFD,2,2.405518,Mismatch,Mismatch,ffuulllbb,0,"{'1': 142.60164994117167, '2': 142.60164994117167}","[0.0, 5.0, 10.0, 15.0, 19.99, 24.99, 29.99, 34.98, 39.97, 44.95, 49.94, 54.92, 59.9, 64.89, 69.87, 74.85, 79.84, 84.82, 89.8, 94.78, 99.77, 104.75, 109.73, 114.71, 119.7, 123.14]","[0.8987427, 0.9128418, 0.9266968, 0.9405518, 0.9544678, 0.9685059, 0.9823608, 0.9962158, 1.010254, 1.024048, 1.037964, 1.052246, 1.065857, 1.079834, 1.094055, 1.108704, 1.121643, 1.135559, 1.149475, 1.163513, 1.177246, 1.191406, 1.205017, 1.222412, 1.233093, 1.261108]",1.0,{'1': 123.00394717115832},{'1': 0.38},0.88,1.26,"{'1': {'start': 0.88, 'end': 1.26}}",Action
6,39,0xFD,2,2.361267,Mismatch,Mismatch,bddrbbbbb,60,"{'1': 297.9093840424906, '2': 237.90938404249061}","[0.0, 359.23, 358.45, 356.06, 352.04, 347.14, 342.23, 337.33, 332.43, 327.53, 322.62, 317.72, 312.81, 307.91, 303.0, 298.1, 293.19, 288.29, 283.38, 278.47, 273.56, 268.65, 263.73, 258.82, 253.9, 248.98, 244.06, 239.14, 234.19]","[0.8850708, 0.8968506, 0.9108276, 0.9246216, 0.9385376, 0.9525146, 0.9663086, 0.9802856, 0.9942627, 1.00824, 1.022217, 1.036072, 1.049988, 1.063965, 1.077881, 1.091736, 1.105713, 1.11969, 1.133423, 1.147705, 1.161316, 1.175171, 1.18927, 1.203064, 1.21698, 1.23114, 1.244812, 1.258789, 1.272827]",1.0,{'1': 124.81315928194903},{'1': 0.4},0.87,1.27,"{'1': {'start': 0.87, 'end': 1.27}}",Action
6,40,0xFD,2,1.855103,Mismatch,Mismatch,bddddddrd,120,"{'1': 130.6822540982511, '2': 250.6822540982511}","[0.0, 0.0, 0.0, 359.08, 357.1, 354.05, 349.68, 345.05, 340.41, 335.78, 331.12, 326.37, 321.59, 316.68, 311.71]","[1.353943, 1.367859, 1.381653, 1.395691, 1.409668, 1.423523, 1.437439, 1.451477, 1.465149, 1.479248, 1.493042, 1.507019, 1.520935, 1.534973, 1.548645]",1.0,{'1': 45.14739833235813},{'1': 0.16999999999999993},1.37,1.54,"{'1': {'start': 1.37, 'end': 1.54}}",Action
6,41,0xFD,2,3.38031,Mismatch,Mismatch,ddbbddddl,0,"{'1': 147.1610739618407, '2': 147.1610739618407}","[0.0, 0.0, 0.49, 1.46, 2.51, 4.24, 6.52, 9.43, 12.47, 17.43, 22.38, 27.32, 32.26, 37.19, 42.12, 47.05, 51.97, 56.9, 61.83, 66.75, 71.68, 76.61, 81.53, 86.46, 91.38, 96.31, 101.25, 105.45, 105.76, 107.99, 112.99, 117.98, 122.98, 127.97, 132.96, 137.96, 142.95, 147.94, 152.93, 157.93, 162.92, 167.91, 172.91, 177.9, 182.89, 187.89, 192.88]","[1.346375, 1.360596, 1.374329, 1.388611, 1.402466, 1.416321, 1.432739, 1.444458, 1.457214, 1.470459, 1.485046, 1.499451, 1.513184, 1.527283, 1.541199, 1.55542, 1.56897, 1.583374, 1.597473, 1.610962, 1.625427, 1.639343, 1.652954, 1.667236, 1.681641, 1.695129, 1.708191, 2.656006, 2.669678, 2.684143, 2.698181, 2.711365, 2.725647, 2.739563, 2.753296, 2.767822, 2.781738, 2.795532, 2.809021, 2.823242, 2.83728, 2.851135, 2.865479, 2.879395, 2.892761, 2.90686, 2.920898]",2.0,"{'1': 101.25801612128949, '2': 62.01582049409433}","{'1': 0.3599999999999999, '2': 0.27}",1.35,2.92,"{'1': {'start': 1.35, 'end': 1.71}, '2': {'start': 2.65, 'end': 2.92}}",Action
6,42,0xFD,2,2.638611,Mismatch,Mismatch,lllbbbluu,60,"{'1': 148.3178032386795, '2': 88.31780323867949}","[0.0, 0.0, 359.53, 357.28, 353.83, 349.5, 345.47, 341.52, 337.57, 333.63, 329.69, 325.75, 321.8, 317.87, 313.95, 310.06, 306.18, 302.35, 298.66, 295.07]","[0.9232788, 0.9372559, 0.9511719, 0.9649658, 0.9789429, 0.9929199, 1.006714, 1.020935, 1.034668, 1.048584, 1.062439, 1.076538, 1.09021, 1.104309, 1.118164, 1.132019, 1.145874, 1.159973, 1.173828, 1.18811]",1.0,{'1': 62.89142697101242},{'1': 0.2499999999999999},0.93,1.18,"{'1': {'start': 0.93, 'end': 1.18}}",Action
6,43,0xFD,2,1.778259,Mismatch,Mismatch,bdddddfll,120,"{'1': 32.4001609445189, '2': 152.40016094451892}","[0.0, 0.75, 3.72, 7.44, 12.44, 17.44, 22.44, 27.44, 32.43, 37.4, 42.35, 47.29, 52.22, 57.15, 62.08, 67.01, 71.94, 76.87]","[1.471985, 1.486084, 1.499695, 1.513672, 1.527649, 1.54187, 1.55542, 1.569458, 1.583496, 1.597229, 1.611084, 1.625122, 1.638916, 1.653076, 1.666992, 1.680725, 1.694641, 1.70874]",1.0,{'1': 73.81388254486131},{'1': 0.24},1.46,1.7,"{'1': {'start': 1.46, 'end': 1.7}}",Action
6,44,0xFD,2,2.588501,Mismatch,Mismatch,bddddddrd,60,"{'1': 247.26635162871762, '2': 187.26635162871762}","[0.0, 3.75, 8.63, 13.48, 18.28, 23.01, 27.65, 32.18, 36.61, 41.05, 45.47, 49.9, 54.32, 58.75, 63.15, 65.06, 65.06, 63.21, 59.57, 55.21, 50.99, 46.81, 42.63, 38.46, 34.28, 30.11, 25.93, 21.76, 17.59, 13.41, 9.24, 5.06, 0.81, 356.87]","[1.583374, 1.59729, 1.611267, 1.625244, 1.63916, 1.652954, 1.666992, 1.680908, 1.694702, 1.708862, 1.722595, 1.73645, 1.75061, 1.764343, 1.778198, 1.987183, 2.001099, 2.015259, 2.028931, 2.042786, 2.056824, 2.07074, 2.084595, 2.098511, 2.126587, 2.140442, 2.154785, 2.169495, 2.183716, 2.197449, 2.211731, 2.225708, 2.239685, 2.253296]",2.0,"{'1': 63.16646922027897, '2': -62.49180442289328}","{'1': 0.20999999999999996, '2': 0.26}",1.57,2.25,"{'1': {'start': 1.57, 'end': 1.78}, '2': {'start': 1.99, 'end': 2.25}}",Action
6,45,0xFD,2,1.834961,Mismatch,Mismatch,bbddbblll,180,"{'1': 299.70333809089504, '2': 119.70333809089502}",[],[],0.0,{},{},0.0,1.834961,{},Action
6,46,0xFD,2,3.18042,Mismatch,Mismatch,bdddbllll,60,"{'1': 120.74459856735571, '2': 60.74459856735571}","[0.0, 359.48, 358.96, 355.91, 351.08, 346.27, 341.47, 336.67, 331.87, 327.06, 322.24, 317.41, 312.53, 307.63, 302.71, 297.78, 292.84, 287.89, 282.94, 277.99, 273.04, 268.09, 263.14, 258.19, 253.23, 248.28, 243.33, 238.38, 233.43, 228.47, 223.52, 218.57, 213.62, 208.66, 203.71, 198.76, 193.81, 191.3]","[2.00946, 2.024414, 2.039612, 2.051941, 2.064697, 2.079468, 2.093323, 2.106995, 2.121643, 2.135437, 2.148865, 2.163452, 2.177368, 2.191284, 2.204773, 2.219055, 2.23291, 2.246521, 2.261169, 2.274963, 2.288147, 2.302795, 2.316284, 2.330139, 2.344299, 2.358398, 2.372314, 2.385437, 2.400024, 2.414001, 2.427795, 2.442139, 2.456116, 2.469727, 2.483643, 2.497559, 2.511414, 2.525024]",1.0,{'1': 167.77345775165318},{'1': 0.52},2.0,2.52,"{'1': {'start': 2.0, 'end': 2.52}}",Action
6,47,0xFD,2,2.147705,Mismatch,Mismatch,bdddllbbb,180,"{'1': 29.840007912279223, '2': 209.84000791227922}",[],[],0.0,{},{},0.0,2.147705,{},Action
6,48,0xFD,2,4.199463,Mismatch,Mismatch,bbdddbrrr,120,"{'1': 115.24259211799024, '2': 355.2425921179902}","[0.0, 359.64, 358.27, 356.41, 353.63, 349.87, 345.85, 341.74, 337.61, 333.43, 328.67, 323.9, 319.14, 314.37, 309.6, 304.83, 303.16, 304.6, 307.51, 311.58, 315.77, 319.92, 324.06, 328.11, 332.13, 336.1, 339.94, 343.76, 347.58, 351.4, 355.22, 359.04, 2.86, 6.69, 10.51, 14.33, 18.15, 21.97, 25.79, 29.61, 33.46, 37.4, 41.36, 45.33, 49.41, 53.23, 53.23, 54.32, 57.22, 62.22, 67.22, 72.22, 77.22, 82.22, 87.22, 92.22, 97.22, 102.22, 107.22, 112.22, 117.21, 122.21, 127.21, 132.21, 137.21, 142.21, 147.21]","[0.8690796, 0.8829346, 0.8967896, 0.9107666, 0.9246216, 0.9385986, 0.9524536, 0.9664917, 0.9804077, 0.9943237, 1.008362, 1.022095, 1.036255, 1.049866, 1.064148, 1.07782, 1.272766, 1.286743, 1.300537, 1.314453, 1.32843, 1.342224, 1.356384, 1.3703, 1.384033, 1.39801, 1.41217, 1.425903, 1.440063, 1.453735, 1.468018, 1.481567, 1.495544, 1.50946, 1.523376, 1.537109, 1.551147, 1.565308, 1.579163, 1.592957, 1.606934, 1.634705, 1.648865, 1.663635, 1.677795, 3.085815, 3.099792, 3.113525, 3.127686, 3.141663, 3.154907, 3.169189, 3.182983, 3.197083, 3.210999, 3.225342, 3.238892, 3.252319, 3.266541, 3.280518, 3.294312, 3.308533, 3.322693, 3.336426, 3.349792, 3.364136, 3.378235]",3.0,"{'1': 55.18867491510471, '2': -7.314658152098822, '3': 91.05958011206476}","{'1': 0.22000000000000008, '2': 0.41999999999999993, '3': 0.28000000000000025}",0.86,3.37,"{'1': {'start': 0.86, 'end': 1.08}, '2': {'start': 1.26, 'end': 1.68}, '3': {'start': 3.09, 'end': 3.37}}",Action
6,49,0xFD,2,2.026428,Match,Mismatch,uuuuubbul,60,"{'1': 66.18386454615198, '2': 126.18386454615198}","[0.0, 359.79, 358.06, 356.33, 352.05, 347.06, 342.07, 337.07, 332.08, 327.1, 322.11, 317.13, 312.14, 307.16, 302.18, 297.2, 292.22, 287.24, 282.27, 277.29, 272.32, 267.34, 262.36, 257.39, 252.4]","[1.34436, 1.358276, 1.372253, 1.386108, 1.399963, 1.414124, 1.427795, 1.441711, 1.455688, 1.469788, 1.483459, 1.497681, 1.511414, 1.525208, 1.539307, 1.553162, 1.5672, 1.580994, 1.595093, 1.608765, 1.622864, 1.636658, 1.650574, 1.66449, 1.678406]",1.0,{'1': 104.58577608508189},{'1': 0.32999999999999985},1.34,1.67,"{'1': {'start': 1.34, 'end': 1.67}}",Action
7,0,0xFD,1,4.894531,Match,Match,uubbbrrrb,180,"{'1': 160.83256037875475, '2': 340.83256037875475}","[0.0, 0.52, 2.27, 6.4, 10.45, 14.49, 18.47, 22.36, 26.16, 29.87, 33.58, 37.29, 41.0, 44.71, 48.43, 52.14, 55.85, 59.56, 63.27, 66.99, 70.7, 74.42, 78.13, 81.85, 85.57, 89.29, 93.03, 96.79, 100.55, 104.32, 108.12, 112.02, 115.79, 116.22, 120.58, 124.99, 129.4, 133.77, 138.11, 142.44, 146.75, 151.03, 155.31, 159.6, 163.88, 168.16, 172.44, 176.73, 181.01, 185.29, 189.57, 193.86, 198.14, 202.25, 202.25, 202.25, 201.83, 201.38, 200.8, 200.1, 199.34, 198.59]","[1.447876, 1.460938, 1.474976, 1.488892, 1.50293, 1.516724, 1.530884, 1.544434, 1.55835, 1.572388, 1.58606, 1.60022, 1.613892, 1.641724, 1.656006, 1.67041, 1.685181, 1.699463, 1.713379, 1.726929, 1.741455, 1.755005, 1.768799, 1.783203, 1.796997, 1.813354, 1.825073, 1.837769, 1.85144, 1.866089, 1.880005, 1.893921, 2.311035, 2.325806, 2.339478, 2.352783, 2.366699, 2.380615, 2.394653, 2.408569, 2.422363, 2.436401, 2.450195, 2.464233, 2.478149, 2.492188, 2.506104, 2.519653, 2.533325, 2.546875, 2.561035, 2.575073, 2.588867, 3.478027, 3.492188, 3.506226, 3.519897, 3.533813, 3.547119, 3.561157, 3.575317, 3.589111]",2.0,"{'1': 112.07494380433167, '2': 46.164500490279806}","{'1': 0.4600000000000002, '2': 0.2899999999999996}",1.44,2.59,"{'1': {'start': 1.44, 'end': 1.9000000000000001}, '2': {'start': 2.3000000000000003, 'end': 2.59}}",Action
7,1,0xFD,1,3.196533,Match,Match,bbbdddrrb,60,"{'1': 297.0526715508145, '2': 237.05267155081452}","[0.0, 0.0, 0.3, 0.62, 1.33, 2.49, 3.96, 6.42, 10.05, 14.26, 18.75, 23.19, 27.59, 31.99, 36.36, 40.72, 45.08, 49.43, 53.79, 58.15, 62.51, 66.87, 71.26, 75.69, 78.9]","[0.9859619, 0.9997559, 1.013672, 1.027466, 1.041382, 1.05542, 1.069092, 1.083252, 1.096924, 1.110962, 1.124634, 1.138916, 1.152588, 1.166382, 1.180298, 1.194092, 1.208008, 1.222046, 1.235718, 1.249878, 1.263672, 1.277466, 1.291382, 1.305298, 1.319214]",1.0,{'1': 76.55376919258329},{'1': 0.30000000000000004},1.01,1.31,"{'1': {'start': 1.01, 'end': 1.31}}",Action
7,2,0xFD,1,4.400391,Match,Match,lllbbbubb,180,"{'1': 73.56548998781912, '2': 253.56548998781912}","[0.0, 1.25, 3.53, 8.27, 13.03, 17.84, 22.7, 27.6, 32.53, 37.46, 42.4, 47.33, 52.27, 57.21, 62.15, 67.09, 72.03, 76.98, 81.94, 86.9, 91.87, 96.83, 101.79, 106.76, 111.72, 116.69, 121.65, 126.61, 131.56, 136.51, 141.47, 146.42, 151.37, 156.32, 161.27, 161.63, 162.04, 164.25, 168.68, 173.1, 177.52, 181.93, 186.32, 190.67, 195.02]","[1.272339, 1.286377, 1.300171, 1.314209, 1.328125, 1.341675, 1.355591, 1.369629, 1.383423, 1.397339, 1.411377, 1.439453, 1.453369, 1.468262, 1.4823, 1.496094, 1.51062, 1.524536, 1.538452, 1.552246, 1.566406, 1.580322, 1.594116, 1.608154, 1.622192, 1.635986, 1.650024, 1.66394, 1.678101, 1.691406, 1.705566, 1.719604, 1.733154, 1.747192, 1.761353, 2.553101, 2.566895, 2.580933, 2.594727, 2.609009, 2.623047, 2.636475, 2.64978, 2.663696, 2.678223]",2.0,"{'1': 161.27393170554268, '2': 5.813724993744842}","{'1': 0.51, '2': 0.11999999999999966}",1.26,2.67,"{'1': {'start': 1.26, 'end': 1.77}, '2': {'start': 2.5500000000000003, 'end': 2.67}}",Action
7,3,0xFD,1,3.27063,Match,Match,ffuuuurrf,0,"{'1': 23.282554720997183, '2': 23.282554720997183}",[],[],0.0,{},{},0.0,3.27063,{},Action
7,4,0xFD,1,4.170654,Match,Match,bdddddfll,60,"{'1': 320.8989396087263, '2': 260.8989396087263}","[0.0, 0.25, 1.7, 5.0, 9.17, 13.7, 18.15, 22.6, 27.03, 31.46, 35.89, 40.32, 44.75, 49.18, 53.61, 58.04, 62.47, 66.91, 71.35, 75.82, 80.28, 84.83, 88.68, 88.68, 88.31, 86.46, 83.71, 79.4, 74.46, 69.52, 64.57, 59.59]","[1.098755, 1.112549, 1.126587, 1.140259, 1.154419, 1.167969, 1.182251, 1.195679, 1.209839, 1.223511, 1.237427, 1.251343, 1.265259, 1.279053, 1.293091, 1.306885, 1.320679, 1.334717, 1.348633, 1.362427, 1.376099, 1.390503, 1.404175, 2.070557, 2.084351, 2.098389, 2.112061, 2.126221, 2.139893, 2.153931, 2.167725, 2.181641]",2.0,"{'1': 88.65743584167029, '2': -28.502749353262516}","{'1': 0.30999999999999983, '2': 0.1200000000000001}",1.1,2.18,"{'1': {'start': 1.1, 'end': 1.41}, '2': {'start': 2.06, 'end': 2.18}}",Action
7,5,0xFD,1,2.822388,Match,Match,llbbbbbru,60,"{'1': 154.53545241524535, '2': 94.53545241524535}","[0.0, 0.0, 2.2, 7.2, 12.2, 17.19, 22.14, 27.07, 31.99, 36.9, 41.81, 46.72, 51.62, 56.53, 61.43, 66.34, 71.25, 76.15, 81.06, 85.97, 90.88]","[0.958374, 0.9724121, 0.9862061, 1.000366, 1.013794, 1.027832, 1.041748, 1.055542, 1.06958, 1.083374, 1.09729, 1.111084, 1.125122, 1.138916, 1.152954, 1.166626, 1.18042, 1.194458, 1.208252, 1.22229, 1.236084]",1.0,{'1': 88.71438886472377},{'1': 0.27},0.96,1.23,"{'1': {'start': 0.96, 'end': 1.23}}",Action
7,6,0xFD,1,2.838501,Match,Match,lllllbbul,0,"{'1': 235.19481536945403, '2': 235.19481536945403}",[],[],0.0,{},{},0.0,2.838501,{},Action
7,7,0xFD,1,2.779053,Match,Match,bddrbbbbb,0,"{'1': 293.9502017183571, '2': 293.9502017183571}",[],[],0.0,{},{},0.0,2.779053,{},Action
7,8,0xFD,1,2.742554,Match,Match,lllbbbluu,120,"{'1': 49.004933720925365, '2': 169.00493372092535}","[0.0, 0.0, 359.26, 357.71, 354.6, 349.93, 345.33, 340.75, 336.17, 331.59, 327.01, 322.43, 317.84, 313.26, 308.68, 304.1, 299.52, 294.96, 290.4, 285.86, 281.31, 276.76, 272.22, 267.67, 263.13, 258.58, 254.36]","[1.156494, 1.170532, 1.18457, 1.198364, 1.212402, 1.226196, 1.240112, 1.253662, 1.2677, 1.281738, 1.29541, 1.309326, 1.32312, 1.337036, 1.351074, 1.364868, 1.378662, 1.392578, 1.406616, 1.420288, 1.434326, 1.448242, 1.462036, 1.475952, 1.489746, 1.503662, 1.5177]",1.0,{'1': 103.3252828038182},{'1': 0.3500000000000001},1.16,1.51,"{'1': {'start': 1.16, 'end': 1.51}}",Action
7,9,0xFD,1,4.370483,Match,Match,lllbbbubb,180,"{'1': 312.57481992843844, '2': 132.57481992843842}","[0.0, 2.01, 6.07, 10.26, 14.44, 18.6, 22.76, 26.9, 31.04, 35.17, 39.29, 43.42, 47.55, 51.68, 55.81, 59.95, 64.08, 68.21, 72.34, 76.47, 80.6, 84.73, 88.87, 93.0, 97.14, 101.28, 105.42, 109.57, 113.72, 117.88, 122.05, 126.23, 130.43, 134.64, 138.87, 143.11, 147.52, 151.86, 154.93]","[1.256836, 1.270874, 1.284668, 1.298462, 1.3125, 1.326294, 1.340332, 1.354126, 1.36792, 1.381836, 1.395874, 1.409668, 1.423706, 1.437378, 1.451416, 1.465088, 1.479126, 1.493042, 1.506836, 1.520752, 1.534668, 1.548462, 1.562378, 1.576294, 1.59021, 1.604004, 1.61792, 1.631958, 1.64563, 1.659668, 1.673462, 1.6875, 1.701172, 1.71521, 1.729004, 1.742798, 1.756714, 1.77063, 1.784424]",1.0,{'1': 153.94539219950704},{'1': 0.54},1.24,1.78,"{'1': {'start': 1.24, 'end': 1.78}}",Action
7,10,0xFD,1,3.182983,Match,Match,rrrbbbddb,180,"{'1': 130.03348319557549, '2': 310.0334831955755}","[0.0, 0.0, 0.31, 0.94, 1.99, 4.74, 9.05, 13.42, 17.76, 22.1, 26.4, 30.68, 34.91, 39.12, 43.29, 47.43, 51.57, 55.71, 59.85, 63.99, 68.13, 72.27, 76.41, 80.55, 84.69, 88.83, 92.97, 97.12, 101.26, 105.4, 109.54, 113.68, 117.82, 121.96, 126.11, 130.25, 134.39, 138.53, 142.67, 146.82, 150.96, 155.13, 159.23, 163.31, 167.46, 170.68]","[1.124878, 1.138672, 1.152588, 1.166382, 1.180298, 1.194214, 1.20813, 1.221924, 1.235718, 1.249878, 1.263428, 1.277466, 1.29126, 1.305176, 1.31897, 1.333008, 1.34668, 1.360718, 1.374634, 1.388428, 1.402222, 1.416382, 1.430054, 1.444214, 1.457886, 1.471924, 1.485596, 1.499512, 1.513428, 1.527344, 1.541138, 1.555054, 1.569092, 1.582886, 1.596924, 1.610962, 1.624756, 1.638306, 1.652466, 1.666138, 1.680054, 1.694092, 1.707886, 1.72168, 1.735596, 1.749512]",1.0,{'1': 168.4494509916643},{'1': 0.5999999999999999},1.14,1.74,"{'1': {'start': 1.1400000000000001, 'end': 1.74}}",Action
7,11,0xFD,1,5.146484,Match,Match,rbbbbbldd,120,"{'1': 333.4370891178977, '2': 93.43708911789771}","[0.0, 0.0, 359.15, 358.42, 354.13, 349.21, 344.29, 339.38, 334.46, 329.54, 324.63, 319.71, 314.79, 309.88, 304.96, 300.04, 295.12, 290.19, 285.26, 280.32, 275.39, 270.45, 265.52, 260.58, 255.65, 250.71, 245.77, 240.84, 235.9, 230.97, 226.03, 221.1, 216.16, 211.23, 206.29, 201.36, 196.41, 191.47, 186.53, 181.59, 176.65, 171.71, 166.77, 161.83, 156.86, 151.88, 150.44, 151.58, 153.5, 156.19, 160.3, 164.53, 168.76, 172.99, 177.21, 181.42, 185.63, 189.85, 194.05, 198.26, 202.47, 206.68, 210.89, 215.1, 219.31, 223.52, 227.84, 231.81, 233.49]","[1.379883, 1.393921, 1.408936, 1.423218, 1.437256, 1.451172, 1.465332, 1.47937, 1.492798, 1.507202, 1.520996, 1.53479, 1.54895, 1.562866, 1.576782, 1.590454, 1.604614, 1.618408, 1.632202, 1.646362, 1.660278, 1.673828, 1.687988, 1.702026, 1.715942, 1.729492, 1.74353, 1.757813, 1.77124, 1.784912, 1.799194, 1.812622, 1.826782, 1.84082, 1.854492, 1.868774, 1.88269, 1.896606, 1.910278, 1.924316, 1.938232, 1.951904, 1.966187, 1.980103, 1.99353, 2.007446, 3.188232, 3.202393, 3.216309, 3.229248, 3.243408, 3.257568, 3.271362, 3.285156, 3.299438, 3.31311, 3.327148, 3.341309, 3.355103, 3.368408, 3.38269, 3.396729, 3.410156, 3.424194, 3.43811, 3.452026, 3.466064, 3.481201, 3.493774]",2.0,"{'1': 151.87688532892497, '2': -23.435758542129577}","{'1': 0.6300000000000001, '2': 0.31000000000000005}",1.38,3.49,"{'1': {'start': 1.3800000000000001, 'end': 2.0100000000000002}, '2': {'start': 3.18, 'end': 3.49}}",Action
7,12,0xFD,1,4.628296,Match,Match,llbbbrruu,180,"{'1': 48.150524802825046, '2': 228.15052480282503}","[0.0, 0.41, 1.61, 3.62, 6.36, 9.58, 13.51, 17.34, 21.33, 25.36, 29.39, 33.42, 37.46, 41.49, 45.53, 49.56, 53.59, 57.63, 61.66, 65.7, 69.73, 73.76, 77.8, 81.83, 85.87, 89.9, 93.94, 97.97, 102.01, 106.04, 110.11, 111.57, 113.04, 115.14, 118.48, 122.01, 125.72, 129.37, 133.0, 136.6, 140.18, 143.77, 147.35, 150.94, 154.52, 158.1, 161.69, 165.27, 168.86, 172.44, 176.03, 179.61, 183.2]","[1.014771, 1.028442, 1.04248, 1.056274, 1.070068, 1.084106, 1.098022, 1.111816, 1.12561, 1.139648, 1.153564, 1.167358, 1.181274, 1.195068, 1.208984, 1.223022, 1.236816, 1.250732, 1.264526, 1.278564, 1.292358, 1.306396, 1.320068, 1.334473, 1.347778, 1.361816, 1.37561, 1.389526, 1.403442, 1.417236, 1.43103, 1.446533, 3.05896, 3.086914, 3.531128, 3.545166, 3.55896, 3.573364, 3.586792, 3.600586, 3.61438, 3.62854, 3.6427, 3.656006, 3.670044, 3.68396, 3.697754, 3.711914, 3.725586, 3.73938, 3.753174, 3.767456, 3.781616]",2.0,"{'1': 111.57316075704512, '2': 58.724359568588824}","{'1': 0.43999999999999995, '2': 0.26000000000000023}",1.01,3.78,"{'1': {'start': 1.01, 'end': 1.45}, '2': {'start': 3.52, 'end': 3.7800000000000002}}",Action
7,13,0xFD,1,4.089111,Match,Match,lllllbbul,60,"{'1': 117.20635363661125, '2': 57.206353636611254}","[0.0, 0.0, 359.75, 359.43, 358.84, 357.57, 355.94, 353.82, 351.58, 349.27, 346.95, 344.63, 342.31, 339.99, 337.68, 335.66, 334.92, 334.92, 334.92, 334.92, 335.35, 335.91, 336.61, 337.54, 339.13, 341.71, 345.53, 349.98, 354.43, 358.88, 3.33, 7.77, 12.21, 16.65, 21.1, 25.46, 29.43, 33.41, 37.4, 41.39, 45.38, 49.38, 53.36, 57.33, 61.11]","[1.602051, 1.616943, 1.630615, 1.644165, 1.658447, 1.672241, 1.685791, 1.700195, 1.713989, 1.727417, 1.741943, 1.755859, 1.769409, 1.784058, 1.797241, 1.811035, 1.825317, 2.241821, 2.255981, 2.269897, 2.283691, 2.297241, 2.311035, 2.325073, 2.338867, 2.353149, 2.366699, 2.380493, 2.394409, 2.408325, 2.422485, 2.436279, 2.450684, 2.464111, 2.478027, 2.491821, 2.505249, 2.518921, 2.533325, 2.546875, 2.564453, 2.575562, 2.588379, 2.601685, 2.616211]",2.0,"{'1': 24.841245611468675, '2': 34.413754646840175}","{'1': 0.19999999999999996, '2': 0.34999999999999964}",1.63,2.61,"{'1': {'start': 1.6300000000000001, 'end': 1.83}, '2': {'start': 2.2600000000000002, 'end': 2.61}}",Action
7,14,0xFD,1,3.838013,Match,Match,lllllbbul,180,"{'1': 247.03421990315496, '2': 67.03421990315496}","[0.0, 3.54, 7.09, 10.64, 14.21, 17.77, 21.34, 24.92, 28.52, 32.12, 35.71, 39.31, 42.91, 46.51, 50.12, 53.72, 57.33, 60.96, 64.6, 68.24, 71.89, 75.55, 79.22, 82.88, 86.55, 90.23, 93.91, 97.61, 101.35, 105.18, 109.02, 112.89, 116.77, 120.67, 124.61, 128.56, 132.52, 136.47, 140.43, 144.38, 148.33, 152.29, 156.24, 160.19, 164.16, 168.14, 172.21]","[1.473999, 1.487793, 1.501587, 1.515503, 1.529419, 1.543213, 1.557373, 1.571167, 1.584961, 1.598877, 1.612793, 1.626587, 1.640503, 1.654419, 1.682129, 1.696411, 1.71106, 1.72583, 1.740112, 1.75354, 1.767578, 1.781982, 1.795532, 1.809326, 1.823486, 1.83728, 1.851074, 1.865234, 1.87915, 1.892944, 1.906982, 1.920898, 1.934814, 1.948364, 1.962524, 1.976318, 1.990356, 2.004395, 2.018188, 2.031982, 2.045898, 2.059937, 2.07373, 2.087891, 2.101563, 2.115234, 2.128906]",1.0,{'1': 169.55878437682856},{'1': 0.6600000000000001},1.46,2.12,"{'1': {'start': 1.46, 'end': 2.12}}",Action
7,15,0xFD,1,4.352051,Match,Match,rrrrbbbdr,60,"{'1': 60.6720246388287, '2': 0.6720246388287023}","[0.0, 0.27, 1.04, 2.73, 6.33, 10.84, 15.35, 19.85, 24.32, 28.77, 33.23, 37.66, 42.06, 46.46, 50.86, 54.93]","[1.280273, 1.294189, 1.308105, 1.322021, 1.335693, 1.349854, 1.363525, 1.377441, 1.391357, 1.405396, 1.419067, 1.433105, 1.446899, 1.460693, 1.474609, 1.488647]",1.0,{'1': 52.42299829035473},{'1': 0.19999999999999996},1.28,1.48,"{'1': {'start': 1.28, 'end': 1.48}}",Action
7,16,0xFD,1,2.61731,Match,Match,uuuuubbul,60,"{'1': 206.5426578330488, '2': 266.5426578330488}","[0.0, 359.75, 358.99, 357.15, 354.54, 350.37, 345.41, 340.42, 335.43, 330.44, 325.44]","[1.28125, 1.295288, 1.309204, 1.322754, 1.33667, 1.350708, 1.364624, 1.37854, 1.392456, 1.406128, 1.420044]",1.0,{'1': 34.54419085944232},{'1': 0.1399999999999999},1.28,1.42,"{'1': {'start': 1.28, 'end': 1.42}}",Action
7,17,0xFD,1,2.714966,Match,Match,bddrbbbbb,120,"{'1': 288.7000593936109, '2': 48.7000593936109}","[0.0, 359.62, 358.11, 355.33, 351.37, 347.42, 343.47, 339.52, 335.57, 331.61, 327.65, 323.69, 319.72, 315.76, 311.8, 307.83, 303.87, 299.91, 295.94, 291.98, 288.01, 284.05, 280.09, 276.13, 272.16, 268.2, 264.04, 260.3]","[0.9903564, 1.004639, 1.017822, 1.031738, 1.045654, 1.059448, 1.073364, 1.087524, 1.101196, 1.115112, 1.12915, 1.143066, 1.156738, 1.170898, 1.184448, 1.198364, 1.212402, 1.226196, 1.240112, 1.253906, 1.267944, 1.281616, 1.295776, 1.30957, 1.323486, 1.337158, 1.351196, 1.365112]",1.0,{'1': 98.32612244897958},{'1': 0.3800000000000001},0.98,1.36,"{'1': {'start': 0.98, 'end': 1.36}}",Action
7,18,0xFD,1,1.781372,Match,Match,rrrrbbbdr,0,"{'1': 22.276631744938747, '2': 22.276631744938747}",[],[],0.0,{},{},0.0,1.781372,{},Action
7,19,0xFD,1,3.144775,Match,Match,bdddbllll,120,"{'1': 120.91586715760242, '2': 0.9158671576024204}","[0.0, 0.0, 0.18, 1.19, 3.23, 6.29, 11.22, 16.14, 21.06, 25.97, 30.88, 35.78, 40.69, 45.59, 50.49, 55.4, 60.3, 65.2, 70.11, 75.0, 79.9, 84.79, 89.68, 94.57, 99.47, 104.36, 109.25, 114.14, 119.03, 123.92, 128.81, 133.71, 137.48, 139.98]","[1.114258, 1.128052, 1.141846, 1.155884, 1.169678, 1.183716, 1.197632, 1.211792, 1.22522, 1.23938, 1.253174, 1.26709, 1.280884, 1.2948, 1.308594, 1.32251, 1.336548, 1.350342, 1.364258, 1.378052, 1.392212, 1.419922, 1.434082, 1.44873, 1.462891, 1.477295, 1.490967, 1.505005, 1.519165, 1.533203, 1.546753, 1.560791, 1.575195, 1.588501]",1.0,{'1': 138.3573684681261},{'1': 0.44999999999999996},1.13,1.58,"{'1': {'start': 1.1300000000000001, 'end': 1.58}}",Action
7,20,0xFD,1,3.969849,Match,Match,uubbbrrrb,120,"{'1': 236.45600181787148, '2': 116.45600181787148}","[0.0, 2.51, 7.31, 12.08, 16.81, 21.54, 26.23, 30.89, 35.53, 40.15, 44.76, 49.37, 53.98, 58.58, 63.19, 67.8, 72.41, 77.01, 81.62, 86.23, 90.83, 95.44, 100.04, 104.65, 109.25, 113.85, 118.46, 123.06, 127.67, 132.27, 136.88, 139.65]","[1.689209, 1.703125, 1.717285, 1.730957, 1.744751, 1.758667, 1.772461, 1.786621, 1.800293, 1.814331, 1.828003, 1.855835, 1.870239, 1.884644, 1.89917, 1.913696, 1.92749, 1.94104, 1.955688, 1.969238, 1.98291, 1.997314, 2.011475, 2.02478, 2.038574, 2.05249, 2.066162, 2.080811, 2.094238, 2.108398, 2.12207, 2.136108]",1.0,{'1': 138.444759937313},{'1': 0.44999999999999996},1.68,2.13,"{'1': {'start': 1.68, 'end': 2.13}}",Action
7,21,0xFD,1,3.512939,Match,Match,bdddbllll,120,"{'1': 297.9629521630802, '2': 177.96295216308025}","[0.0, 0.0, 1.83, 6.09, 10.35, 15.09, 19.82, 24.55, 29.28, 34.0, 38.72, 43.45, 48.17, 52.89, 57.62, 62.34, 67.07, 71.8, 76.54, 81.29, 83.6, 84.85, 85.03, 85.52, 87.96, 92.16, 96.38, 100.57, 104.73, 108.78, 112.77, 116.72, 120.61, 124.49, 128.36]","[1.343262, 1.357056, 1.370972, 1.384888, 1.398804, 1.412598, 1.426636, 1.44043, 1.454346, 1.46814, 1.482178, 1.495972, 1.509888, 1.523682, 1.537842, 1.551514, 1.565674, 1.579346, 1.593262, 1.607056, 1.62085, 1.634766, 2.554565, 2.568359, 2.582153, 2.596313, 2.610352, 2.624023, 2.637573, 2.651855, 2.665649, 2.679443, 2.693848, 2.707642, 2.720947]",2.0,"{'1': 84.85102426725838, '2': 43.05544126166893}","{'1': 0.30000000000000004, '2': 0.16999999999999993}",1.34,2.72,"{'1': {'start': 1.34, 'end': 1.6400000000000001}, '2': {'start': 2.5500000000000003, 'end': 2.72}}",Action
7,22,0xFD,1,3.560791,Match,Match,lbbddllll,120,"{'1': 328.42560545831884, '2': 208.42560545831884}","[0.0, 0.51, 2.89, 7.81, 12.7, 17.56, 22.38, 27.17, 31.94, 36.7, 41.44, 46.18, 50.91, 55.64, 60.38, 65.11, 69.85, 74.58, 79.32, 84.05, 88.79, 93.53, 98.26, 103.0, 107.74, 112.47, 117.21, 121.95, 126.68, 131.42, 136.16]","[1.030518, 1.044678, 1.05835, 1.072144, 1.086182, 1.099976, 1.113892, 1.127808, 1.141846, 1.155518, 1.169556, 1.18335, 1.197144, 1.211182, 1.224976, 1.238892, 1.252686, 1.266724, 1.280396, 1.294434, 1.30835, 1.322144, 1.33606, 1.350098, 1.36377, 1.377808, 1.391602, 1.40564, 1.419312, 1.43335, 1.447021]",1.0,{'1': 133.72568356374808},{'1': 0.41999999999999993},1.02,1.44,"{'1': {'start': 1.02, 'end': 1.44}}",Action
7,23,0xFD,1,2.72583,Match,Match,bdddbllll,0,"{'1': 117.94234251970374, '2': 117.94234251970374}",[],[],0.0,{},{},0.0,2.72583,{},Action
7,24,0xFD,1,6.077148,Match,Match,ffuuuurrf,60,"{'1': 238.03031525122972, '2': 178.03031525122972}","[0.0, 1.85, 4.58, 8.9, 13.25, 17.6, 21.94, 26.29, 30.64, 34.99, 39.34, 43.69, 48.04, 52.39, 56.74, 61.09, 65.44, 69.84, 74.25, 78.61, 80.22, 81.38, 83.07, 84.8, 86.56, 87.77, 88.9, 91.5, 94.1, 98.09, 102.95, 107.75, 112.54, 117.3, 122.05, 126.79, 131.51, 136.24, 140.96, 145.69, 150.41, 155.14, 159.86, 164.58, 169.31, 171.36, 170.22, 167.6, 164.07, 159.73, 155.35, 150.96, 146.58, 142.21, 137.85, 133.53, 129.23, 124.93, 120.66, 116.42, 112.2, 108.16, 105.49, 103.66, 99.58, 95.22, 90.87, 86.52, 82.16, 77.81]","[1.810303, 1.824097, 1.838013, 1.851807, 1.865845, 1.879517, 1.893677, 1.907471, 1.921387, 1.935181, 1.948975, 1.962891, 1.976685, 1.990723, 2.004639, 2.018433, 2.032227, 2.046265, 2.060181, 2.074097, 2.659912, 2.674072, 2.687744, 2.702271, 2.716064, 3.201782, 3.215942, 3.229614, 3.244263, 3.257813, 3.27124, 3.28479, 3.298828, 3.315552, 3.327026, 3.340088, 3.354004, 3.367676, 3.381836, 3.395996, 3.40979, 3.424194, 3.43811, 3.452026, 3.465332, 3.826782, 3.840942, 3.855347, 3.868408, 3.882446, 3.896118, 3.910034, 3.924438, 3.938232, 3.951904, 3.965454, 3.979248, 3.99353, 4.007324, 4.021606, 4.035645, 4.048828, 4.479492, 4.494019, 4.50769, 4.521729, 4.535645, 4.548706, 4.56311, 4.577271]",4.0,"{'1': 78.6262232616099, '2': 81.5958258478537, '3': -63.16880128756553, '4': -25.505329712555664}","{'1': 0.28, '2': 0.28000000000000025, '3': 0.22999999999999954, '4': 0.10000000000000053}",1.8,4.57,"{'1': {'start': 1.8, 'end': 2.08}, '2': {'start': 3.19, 'end': 3.47}, '3': {'start': 3.8200000000000003, 'end': 4.05}, '4': {'start': 4.47, 'end': 4.57}}",Action
7,25,0xFD,1,3.295288,Mismatch,Mismatch,rbbbbbbub,60,"{'1': 343.43492894494125, '2': 43.43492894494126}","[0.0, 0.24, 1.81, 3.38, 8.3, 13.21, 18.1, 22.99, 27.86, 32.69, 37.48, 42.24, 46.98, 51.73, 56.47, 57.71, 57.71, 57.92, 58.12, 63.05, 67.94, 72.8, 77.63, 82.45, 87.25, 92.05, 96.84, 101.63, 106.42, 111.22, 116.01, 120.8, 125.59, 130.39, 135.23]","[1.000732, 1.014771, 1.028564, 1.04248, 1.056396, 1.070435, 1.084106, 1.098022, 1.112061, 1.125732, 1.139648, 1.153442, 1.16748, 1.181274, 1.195313, 1.209106, 1.697876, 1.711914, 1.726929, 1.73999, 1.753174, 1.766846, 1.781494, 1.795044, 1.808594, 1.822754, 1.836792, 1.850342, 1.864868, 1.87854, 1.892334, 1.906006, 1.920288, 1.934082, 1.947998]",2.0,"{'1': 57.71, '2': 74.55691914784248}","{'1': 0.20999999999999996, '2': 0.22999999999999998}",1.0,1.94,"{'1': {'start': 1.0, 'end': 1.21}, '2': {'start': 1.71, 'end': 1.94}}",Action
7,26,0xFD,1,4.210327,Mismatch,Mismatch,lllllbbul,60,"{'1': 207.31121944602046, '2': 147.31121944602046}","[0.0, 0.17, 0.89, 2.86, 5.81, 9.42, 14.37, 19.3, 24.23, 29.15, 34.08, 39.0, 43.92, 48.84, 53.76, 58.69, 63.61, 68.53, 73.45, 78.36, 83.28, 88.19, 93.09, 96.58, 98.6]","[1.543335, 1.557495, 1.571411, 1.584961, 1.599365, 1.613281, 1.627197, 1.640015, 1.653809, 1.668213, 1.681763, 1.696045, 1.709961, 1.723511, 1.737793, 1.751831, 1.765503, 1.779907, 1.793823, 1.807495, 1.821167, 1.835327, 1.849121, 1.862793, 1.877075]",1.0,{'1': 97.51931717168782},{'1': 0.32000000000000006},1.55,1.87,"{'1': {'start': 1.55, 'end': 1.87}}",Action
7,27,0xFD,1,5.521484,Mismatch,Mismatch,ddbbddddl,180,"{'1': 286.02115239405117, '2': 106.02115239405117}","[0.0, 0.0, 0.38, 1.34, 3.29, 6.52, 10.75, 14.97, 19.18, 23.36, 27.53, 31.69, 35.84, 39.98, 44.13, 48.27, 52.41, 56.56, 60.7, 64.85, 68.99, 73.13, 77.28, 81.42, 85.57, 89.72, 93.91, 98.15, 98.9, 99.14, 100.5, 104.85, 109.36, 113.87, 118.32, 122.75, 127.16, 131.56, 135.96, 140.37, 144.77, 149.17, 153.58, 157.98, 162.38, 166.79, 171.19, 175.6]","[3.146118, 3.1604, 3.174438, 3.18811, 3.202026, 3.215454, 3.22937, 3.24353, 3.257324, 3.27124, 3.285645, 3.299072, 3.312866, 3.327026, 3.340698, 3.354126, 3.368652, 3.382568, 3.396118, 3.410156, 3.424194, 3.4375, 3.451782, 3.46582, 3.479126, 3.49353, 3.507446, 3.521118, 4.187744, 4.202026, 4.215576, 4.229614, 4.24353, 4.25708, 4.27124, 4.285278, 4.298584, 4.312866, 4.327026, 4.34082, 4.354492, 4.36853, 4.382324, 4.395996, 4.410156, 4.424316, 4.437744, 4.451782]",2.0,"{'1': 98.15999285956444, '2': 76.10227882891108}","{'1': 0.38000000000000034, '2': 0.2599999999999998}",3.15,4.45,"{'1': {'start': 3.15, 'end': 3.5300000000000002}, '2': {'start': 4.19, 'end': 4.45}}",Action
7,28,0xFD,1,2.762695,Mismatch,Mismatch,llbbbbbru,120,"{'1': 59.32949026541962, '2': 179.32949026541962}","[0.0, 0.0, 0.32, 0.77, 1.5, 2.59, 3.94, 5.56, 7.47, 9.57, 13.11, 16.84, 20.64, 24.51, 28.38, 32.25, 36.11]","[1.134766, 1.148804, 1.162598, 1.176514, 1.19043, 1.204224, 1.218018, 1.232178, 1.245972, 1.273926, 1.287842, 1.301514, 1.315552, 1.329224, 1.343018, 1.357056, 1.37085]",1.0,{'1': 35.84439756415838},{'1': 0.21999999999999997},1.15,1.37,"{'1': {'start': 1.1500000000000001, 'end': 1.37}}",Action
7,29,0xFD,1,4.940063,Mismatch,Mismatch,uuuubbbur,60,"{'1': 53.50236138222004, '2': 113.50236138222004}","[0.0, 358.69, 356.2, 351.53, 346.53, 341.53, 336.53, 331.53, 326.53, 321.53, 316.53, 311.53, 306.54, 301.54, 296.55, 291.56, 286.57, 281.59, 276.61, 274.87, 273.12, 273.89, 275.82, 279.18, 283.05, 287.02, 290.98, 294.94, 298.89, 302.84, 306.79, 310.75, 314.7, 318.66, 322.62, 326.58, 330.54, 334.5, 338.46, 342.42, 346.37, 350.33, 354.29, 358.25, 2.21, 6.17, 10.04, 13.87, 17.7, 21.52, 25.3, 29.06, 32.79, 36.39, 39.92, 40.44, 44.79, 49.14, 53.49, 57.7, 61.86, 65.96, 70.03, 74.08, 78.12, 82.17, 86.22, 90.26, 94.31, 98.36, 102.4, 106.45, 110.5, 114.55, 118.6, 122.65, 126.7, 130.75]","[1.757202, 1.770874, 1.784912, 1.798584, 1.8125, 1.826416, 1.84021, 1.854248, 1.86792, 1.88208, 1.895752, 1.90979, 1.923584, 1.937622, 1.951294, 1.96521, 1.979126, 1.993042, 2.02124, 2.035034, 2.439941, 2.454346, 2.468262, 2.481812, 2.496094, 2.510132, 2.523926, 2.537964, 2.551636, 2.565063, 2.579102, 2.593018, 2.606934, 2.620605, 2.634766, 2.648804, 2.663086, 2.677734, 2.69043, 2.704102, 2.717529, 2.731689, 2.746094, 2.759521, 2.773682, 2.788208, 2.801392, 2.814941, 2.829102, 2.843018, 2.856445, 2.870972, 2.884766, 2.89856, 3.676025, 3.690186, 3.704468, 3.71814, 3.732178, 3.746338, 3.759521, 3.773682, 3.788086, 3.801147, 3.815063, 3.829468, 3.843262, 3.856567, 3.870972, 3.885132, 3.898315, 3.912476, 3.926514, 3.940308, 3.954468, 3.96814, 3.981689, 3.996216]",3.0,"{'1': 85.15146295322135, '2': -50.44049702359994, '3': 89.12438969296718}","{'1': 0.30000000000000004, '2': 0.46999999999999975, '3': 0.3200000000000003}",1.74,3.99,"{'1': {'start': 1.74, 'end': 2.04}, '2': {'start': 2.43, 'end': 2.9}, '3': {'start': 3.67, 'end': 3.99}}",Action
7,30,0xFD,1,5.953857,Match,Mismatch,dbbbblllu,60,"{'1': 232.97719760635076, '2': 292.9771976063507}","[0.0, 0.0, 0.57, 1.24, 2.26, 3.32, 4.45, 5.94, 7.9, 10.64, 13.63, 16.68, 19.75, 23.41, 28.35, 33.28, 38.21, 43.13, 48.05, 52.97, 57.9, 62.82, 67.74, 72.66, 77.58, 82.49, 87.41, 92.32, 97.24, 102.15, 107.06, 109.79, 111.24, 110.98, 110.16, 108.14, 103.65, 99.14, 94.63, 90.12, 85.6, 81.09, 76.57, 72.06, 67.54, 63.03, 58.51, 54.0, 49.48, 44.97, 40.45, 35.93, 31.42, 26.9, 22.39, 17.87, 13.35]","[1.50647, 1.520386, 1.535522, 1.549438, 1.563721, 1.577759, 1.591553, 1.605347, 1.619507, 1.633545, 1.647217, 1.661499, 1.675293, 1.688721, 1.703125, 1.717041, 1.730835, 1.744507, 1.758667, 1.772583, 1.786499, 1.800659, 1.814453, 1.828003, 1.842285, 1.858887, 1.870361, 1.882935, 1.897217, 1.911133, 1.924927, 1.939087, 3.758911, 3.773315, 3.787842, 3.801147, 3.814453, 3.828003, 3.842651, 3.856445, 3.870361, 3.884033, 3.897827, 3.911865, 3.925903, 3.939453, 3.953491, 3.966919, 3.981323, 3.995605, 4.008911, 4.023193, 4.037231, 4.050781, 4.064453, 4.078613, 4.092285]",2.0,"{'1': 109.79072746045772, '2': -97.11491580990833}","{'1': 0.42999999999999994, '2': 0.3299999999999996}",1.51,4.09,"{'1': {'start': 1.51, 'end': 1.94}, '2': {'start': 3.7600000000000002, 'end': 4.09}}",Action
7,31,0xFD,1,5.654785,Mismatch,Mismatch,uubbbrrrb,180,"{'1': 211.45138783587447, '2': 31.45138783587447}","[0.0, 0.96, 5.54, 10.43, 15.29, 20.1, 24.88, 29.62, 34.34, 39.04, 43.73, 48.42, 53.11, 57.8, 62.49, 67.18, 71.86, 76.55, 81.23]","[2.223267, 2.237671, 2.251221, 2.265381, 2.279541, 2.293213, 2.307007, 2.321045, 2.334717, 2.348511, 2.362793, 2.376587, 2.390137, 2.404419, 2.418213, 2.431763, 2.446167, 2.459961, 2.473755]",1.0,{'1': 79.95601130926494},{'1': 0.26000000000000023},2.21,2.47,"{'1': {'start': 2.21, 'end': 2.47}}",Action
7,32,0xFD,1,5.00415,Mismatch,Mismatch,lbbddllll,180,"{'1': 131.31629236446844, '2': 311.31629236446844}","[0.0, 3.63, 7.25, 10.86, 14.45, 18.05, 21.63, 25.21, 28.8, 32.38, 35.97, 39.55, 43.14, 46.73, 50.31, 53.9, 57.49, 61.07, 64.66, 68.25, 71.84, 75.43, 79.03, 82.62, 86.21, 89.8, 93.39, 96.98, 100.57, 104.16, 107.76, 111.35, 114.94, 118.53, 122.12, 125.71, 129.3, 132.89, 136.48, 140.07, 143.66, 147.25, 150.84, 154.43, 158.01, 160.03, 163.88, 167.92, 171.95, 175.97, 179.95, 183.88, 187.72, 191.52, 195.29, 199.02, 202.74, 206.47, 210.19, 213.91, 217.62, 221.34, 225.06, 228.78, 232.49, 236.21, 239.92, 243.64, 247.36, 251.07, 254.77, 258.46, 262.12, 265.75, 269.37, 272.97]","[1.321411, 1.335205, 1.349121, 1.363159, 1.376831, 1.390747, 1.405029, 1.418335, 1.432495, 1.446289, 1.460205, 1.474121, 1.488037, 1.501953, 1.515747, 1.529663, 1.543579, 1.557617, 1.571289, 1.585449, 1.599121, 1.613037, 1.626709, 1.640625, 1.654297, 1.668335, 1.682373, 1.696045, 1.709961, 1.724121, 1.738281, 1.751587, 1.765747, 1.779419, 1.793335, 1.807495, 1.821167, 1.834961, 1.849121, 1.862793, 1.876709, 1.890747, 1.904419, 1.918213, 2.420532, 2.434814, 2.448975, 2.462402, 2.476563, 2.490601, 2.503906, 2.518066, 2.532104, 2.545898, 2.55957, 2.57373, 2.587646, 2.601318, 2.615723, 2.629517, 2.643066, 2.657104, 2.670898, 2.684448, 2.700073, 2.712524, 2.726074, 2.739868, 2.753662, 2.767822, 2.781616, 2.795776, 2.809814, 2.823486, 2.837646, 2.85144]",2.0,"{'1': 154.4427358511225, '2': -70.52912344087055}","{'1': 0.6099999999999999, '2': 0.43999999999999995}",1.31,2.85,"{'1': {'start': 1.31, 'end': 1.92}, '2': {'start': 2.41, 'end': 2.85}}",Action
7,33,0xFD,1,6.548584,Mismatch,Mismatch,ffuubllll,120,"{'1': 246.59987517738313, '2': 6.599875177383112}","[0.0, 0.0, 0.23, 0.67, 1.49, 2.98, 5.05, 7.88, 11.56, 15.59, 19.87, 24.14, 28.44, 32.79, 37.13, 41.47, 45.81, 50.15, 54.49, 58.83, 63.2, 67.61, 71.97, 73.96, 74.42, 75.4, 77.25, 80.05, 83.87, 87.69, 91.53, 95.33, 99.12, 102.9, 106.64, 110.36, 114.07, 117.76, 121.45, 125.13, 128.82, 132.5, 136.19, 139.88, 143.56, 147.25, 150.94, 154.63, 158.32, 162.01, 165.7, 169.38, 173.07, 176.76, 180.45, 184.14, 187.83, 191.51, 195.2, 198.89, 202.58, 206.27, 209.95, 213.64, 217.33, 221.01, 224.7, 228.38, 232.07, 235.75, 239.44, 243.09, 246.72, 250.32, 253.9, 257.47, 259.54, 262.84, 266.67, 270.61, 274.53, 278.42, 282.29, 286.14, 289.97, 293.78, 297.58, 301.37, 305.16, 308.95, 312.73, 316.52, 320.31, 324.09, 327.87]","[1.476196, 1.48999, 1.503906, 1.518066, 1.531738, 1.545654, 1.55957, 1.573242, 1.587158, 1.601196, 1.615112, 1.628906, 1.642944, 1.670532, 1.684937, 1.699585, 1.713867, 1.728271, 1.742188, 1.755859, 1.77002, 1.784424, 1.797729, 4.020874, 4.034668, 4.048584, 4.0625, 4.076172, 4.090088, 4.104004, 4.117798, 4.131714, 4.14563, 4.159668, 4.17334, 4.187256, 4.201416, 4.214722, 4.228638, 4.243164, 4.256714, 4.270752, 4.284912, 4.29834, 4.312256, 4.326294, 4.340332, 4.353516, 4.368042, 4.381958, 4.39563, 4.409668, 4.424194, 4.437134, 4.451416, 4.464844, 4.478516, 4.492798, 4.506714, 4.520508, 4.534058, 4.548218, 4.5625, 4.57605, 4.590332, 4.604248, 4.617798, 4.631836, 4.645752, 4.659546, 4.673584, 4.688477, 4.70166, 4.714478, 4.72876, 5.270386, 5.285156, 5.298706, 5.312744, 5.326782, 5.340454, 5.353638, 5.368042, 5.381958, 5.39563, 5.409912, 5.423706, 5.4375, 5.451538, 5.465454, 5.479126, 5.493164, 5.50708, 5.520874, 5.534546]",3.0,"{'1': 71.97186755898615, '2': 32.14156045764976, '3': -69.2115902801136}","{'1': 0.31000000000000005, '2': 0.7200000000000006, '3': 0.27000000000000046}",1.49,5.53,"{'1': {'start': 1.49, 'end': 1.8}, '2': {'start': 4.01, 'end': 4.73}, '3': {'start': 5.26, 'end': 5.53}}",Action
7,34,0xFD,1,3.550659,Mismatch,Mismatch,bbdddbrrr,120,"{'1': 51.1903238702573, '2': 171.19032387025732}","[0.0, 0.9, 5.37, 9.88, 14.4, 18.91, 23.42, 27.93, 32.43, 36.91, 41.39, 45.87, 50.35, 54.83, 59.31, 63.79, 68.28, 72.76, 77.24, 81.72, 86.2, 90.68, 95.16, 99.64, 104.12, 108.6, 113.09, 117.57, 122.16, 126.83, 128.86, 128.86, 128.86, 128.2, 126.59, 123.61, 119.14, 114.44, 109.77, 105.09, 100.42, 95.74, 91.06, 86.31, 85.02, 85.02, 83.43, 80.79, 75.81, 70.83, 65.85, 60.87, 55.88]","[1.130737, 1.144775, 1.158691, 1.172363, 1.186279, 1.200317, 1.214233, 1.228149, 1.241821, 1.255859, 1.269653, 1.283691, 1.297363, 1.311401, 1.325195, 1.339355, 1.352783, 1.366943, 1.380981, 1.394775, 1.408447, 1.422607, 1.436279, 1.450073, 1.463989, 1.477905, 1.491821, 1.505615, 1.519531, 1.533447, 2.119019, 2.133179, 2.147583, 2.161011, 2.175049, 2.189575, 2.202759, 2.216553, 2.230713, 2.244385, 2.257935, 2.272339, 2.286255, 2.300049, 3.036621, 3.050903, 3.064575, 3.077759, 3.091797, 3.105835, 3.119629, 3.133789, 3.148071]",3.0,"{'1': 126.85271725765575, '2': -42.53312672176318, '3': -26.320066517294528}","{'1': 0.41999999999999993, '2': 0.16000000000000014, '3': 0.10000000000000009}",1.12,3.14,"{'1': {'start': 1.12, 'end': 1.54}, '2': {'start': 2.14, 'end': 2.3000000000000003}, '3': {'start': 3.04, 'end': 3.14}}",Action
7,35,0xFD,1,4.878174,Mismatch,Mismatch,bbddbblll,120,"{'1': 292.0774989103786, '2': 52.07749891037858}","[0.0, 0.49, 2.09, 4.47, 8.14, 12.8, 17.43, 21.95, 26.46, 30.97, 35.46, 39.95, 44.42, 48.88, 53.34, 57.8, 62.26, 66.72, 71.18, 75.65, 80.11, 84.57, 89.06, 93.6, 98.2]","[1.055786, 1.069946, 1.083374, 1.097534, 1.111328, 1.125244, 1.139038, 1.153076, 1.166748, 1.180664, 1.194702, 1.208374, 1.222412, 1.236206, 1.250244, 1.264038, 1.277832, 1.291748, 1.305786, 1.31958, 1.333496, 1.347412, 1.361206, 1.375, 1.389038]",1.0,{'1': 95.23841002991882},{'1': 0.33000000000000007},1.05,1.38,"{'1': {'start': 1.05, 'end': 1.3800000000000001}}",Action
7,36,0xFD,1,3.97522,Mismatch,Mismatch,bddrddddd,60,"{'1': 110.418110027414, '2': 50.418110027414}","[0.0, 1.62, 3.24, 7.32, 11.43, 15.48, 19.53, 23.55, 27.57, 31.56, 35.55, 39.55, 43.54, 47.54, 51.53, 55.53, 59.52, 63.52, 67.51, 71.51, 75.52, 79.52, 83.54, 87.55, 91.57, 95.6, 99.63, 103.66, 107.69, 111.72, 115.75, 119.79, 123.83, 127.92, 132.05, 136.21, 140.39, 144.61, 148.97, 153.4, 158.01, 161.49, 163.69, 163.88, 167.44, 171.0, 174.57, 178.14, 181.71, 185.28, 188.85, 192.42, 196.0, 199.58, 203.3, 207.04, 210.78, 214.53, 218.27, 222.01, 225.76]","[1.375366, 1.389526, 1.403076, 1.416992, 1.43103, 1.444702, 1.45874, 1.472412, 1.48645, 1.500244, 1.514404, 1.527954, 1.541992, 1.55603, 1.569824, 1.583618, 1.597412, 1.611328, 1.625244, 1.63916, 1.653076, 1.66687, 1.680786, 1.694824, 1.70874, 1.722412, 1.736328, 1.750488, 1.764038, 1.778076, 1.79187, 1.805908, 1.819702, 1.83374, 1.84729, 1.861206, 1.875244, 1.903442, 1.917358, 1.932373, 1.946411, 1.960327, 1.974609, 2.61377, 2.628174, 2.642578, 2.655884, 2.669434, 2.683716, 2.697144, 2.711548, 2.725464, 2.739502, 2.753052, 2.767334, 2.78125, 2.794556, 2.808472, 2.822632, 2.836182, 2.850464]",2.0,"{'1': 163.6916025539731, '2': -43.78411286934602}","{'1': 0.6199999999999999, '2': 0.18000000000000016}",1.36,2.85,"{'1': {'start': 1.36, 'end': 1.98}, '2': {'start': 2.67, 'end': 2.85}}",Action
7,37,0xFD,1,3.571411,Mismatch,Mismatch,ffffuulff,180,"{'1': 112.1103209577726, '2': 292.1103209577726}",[],[],0.0,{},{},0.0,3.571411,{},Action
7,38,0xFD,1,3.186157,Mismatch,Mismatch,ddbbddddl,120,"{'1': 116.64804906440489, '2': 236.6480490644049}","[0.0, 0.23, 0.77, 1.78, 4.09, 8.55, 12.99, 17.43, 21.84, 26.25, 30.65, 35.02, 39.39, 43.76, 48.12, 52.48, 56.85, 61.21, 65.58, 69.94, 74.31]","[1.37793, 1.39209, 1.40564, 1.419556, 1.433594, 1.44751, 1.461304, 1.475464, 1.489136, 1.502808, 1.516724, 1.530884, 1.544678, 1.558594, 1.572266, 1.586304, 1.60022, 1.614136, 1.62793, 1.641846, 1.655762]",1.0,{'1': 72.46695343367718},{'1': 0.27},1.38,1.65,"{'1': {'start': 1.3800000000000001, 'end': 1.6500000000000001}}",Action
7,39,0xFD,1,6.536499,Mismatch,Mismatch,rrrrbbbdr,120,"{'1': 325.1474160676428, '2': 205.14741606764278}","[0.0, 0.73, 4.74, 9.63, 14.52, 19.37, 24.2, 29.02, 33.83, 38.64, 43.44, 48.22, 52.99, 57.76, 58.23, 58.23, 57.25, 55.13, 52.94, 50.75]","[3.008179, 3.022705, 3.036255, 3.050659, 3.064697, 3.078491, 3.091797, 3.105835, 3.119751, 3.133423, 3.147583, 3.161621, 3.175171, 3.189453, 4.259033, 4.272705, 4.286377, 4.301392, 4.313965, 4.328247]",2.0,"{'1': 57.760240365377065, '2': -6.215406105587519}","{'1': 0.18999999999999995, '2': 0.0600000000000005}",3.0,4.32,"{'1': {'start': 3.0, 'end': 3.19}, '2': {'start': 4.26, 'end': 4.32}}",Action
7,40,0xFD,1,2.645508,Mismatch,Mismatch,lllbbbubb,120,"{'1': 44.909780615892714, '2': 164.9097806158927}","[0.0, 0.38, 2.32, 6.37, 10.41, 14.64, 18.85, 23.03, 27.13, 30.95, 32.08, 36.17, 40.22, 44.21, 48.1, 51.96, 55.82]","[0.9210205, 0.9350586, 0.9486084, 0.9625244, 0.9764404, 0.9902344, 1.00415, 1.018188, 1.031982, 1.809692, 1.837402, 1.851563, 1.865967, 1.880493, 1.894897, 1.908813, 1.922485]",2.0,"{'1': 27.16938326625606, '2': 24.216018528723627}","{'1': 0.12, '2': 0.11999999999999988}",0.92,1.92,"{'1': {'start': 0.92, 'end': 1.04}, '2': {'start': 1.8, 'end': 1.92}}",Action
7,41,0xFD,1,6.740723,Mismatch,Mismatch,lllbbbluu,180,"{'1': 204.88606613223055, '2': 24.886066132230553}","[0.0, 359.66, 358.24, 356.03, 353.57, 349.41, 344.43, 339.46, 334.49, 329.54, 324.58, 319.63, 314.67, 309.72, 304.77, 299.81, 294.86, 289.9, 284.95, 280.0, 275.04, 270.09, 265.13, 260.17, 257.63, 259.51, 261.76, 264.95, 269.02, 273.14, 277.37, 281.61, 285.85, 290.09, 294.37, 298.23]","[1.321533, 1.335571, 1.349365, 1.363159, 1.376953, 1.391113, 1.404785, 1.418701, 1.432495, 1.446655, 1.460205, 1.474243, 1.488159, 1.501831, 1.515991, 1.529785, 1.543579, 1.557373, 1.571411, 1.585205, 1.599121, 1.613037, 1.627075, 1.640747, 5.212646, 5.22644, 5.240845, 5.254883, 5.268188, 5.282227, 5.296387, 5.309692, 5.323975, 5.338135, 5.351685, 5.365479]",2.0,"{'1': 99.83657986689991, '2': -39.05780885721411}","{'1': 0.33000000000000007, '2': 0.16000000000000014}",1.32,5.36,"{'1': {'start': 1.32, 'end': 1.6500000000000001}, '2': {'start': 5.2, 'end': 5.36}}",Action
7,42,0xFD,1,5.501221,Mismatch,Mismatch,uuubbrrrf,0,"{'1': 65.34944784418846, '2': 65.34944784418846}","[0.0, 0.93, 4.96, 9.69, 14.41, 19.11, 23.8, 28.46, 33.11, 37.75, 42.39, 47.03, 51.68, 56.32, 60.99, 65.67, 70.36, 75.06, 79.76, 84.46, 89.16, 93.86, 98.56, 103.26, 107.96, 112.66, 117.36, 122.08, 126.82, 129.79, 129.79, 129.79, 127.27, 123.72, 120.17, 116.6, 113.03, 109.46, 105.9, 102.33, 98.76, 95.19, 91.62, 88.04, 84.47, 80.9, 77.33, 73.76, 70.19, 66.61, 63.03, 59.43, 55.84, 52.25, 48.66, 45.07, 41.48, 37.89, 34.26, 33.58, 33.58, 32.76, 30.2, 26.07, 21.51, 16.98, 12.46, 7.94, 3.42, 358.9, 354.38, 349.86, 345.34, 340.81, 336.29, 331.77, 327.22, 322.28, 320.47]","[1.429199, 1.442993, 1.456787, 1.470703, 1.484741, 1.498413, 1.512451, 1.526245, 1.540161, 1.554077, 1.568115, 1.581665, 1.595703, 1.609619, 1.623535, 1.637451, 1.651245, 1.665039, 1.678955, 1.692871, 1.706787, 1.720703, 1.734375, 1.748291, 1.762329, 1.776245, 1.790039, 1.804077, 1.817871, 1.831665, 3.654053, 3.682007, 3.696045, 3.709717, 3.723145, 3.737183, 3.750977, 3.764648, 3.778931, 3.793091, 3.806885, 3.821045, 3.834473, 3.8479, 3.862183, 3.876343, 3.890259, 3.904053, 3.920898, 3.931641, 3.944824, 3.958862, 3.973022, 3.986938, 4.001221, 4.014893, 4.028809, 4.042847, 4.056885, 4.070679, 4.500977, 4.515503, 4.529663, 4.543335, 4.556885, 4.571045, 4.584351, 4.598267, 4.612549, 4.626099, 4.640137, 4.654175, 4.66748, 4.681763, 4.696167, 4.709595, 4.723022, 4.737305, 4.751221]",3.0,"{'1': 129.79, '2': -96.17652747571408, '3': 37.226932451960046}","{'1': 0.42000000000000015, '2': 0.40000000000000036, '3': 0.1299999999999999}",1.42,4.75,"{'1': {'start': 1.42, 'end': 1.84}, '2': {'start': 3.67, 'end': 4.07}, '3': {'start': 4.62, 'end': 4.75}}",Action
7,43,0xFD,1,4.384277,Mismatch,Mismatch,rbbbdddff,120,"{'1': 226.29585152890144, '2': 346.29585152890144}","[0.0, 359.32, 357.26, 354.48, 350.42, 346.07, 341.68, 337.3, 332.94, 331.12, 330.02, 332.49, 336.58, 340.82, 345.06, 349.28, 353.5, 357.7, 1.87, 6.02, 10.17, 14.31, 18.45, 22.58, 26.71, 30.22, 31.17, 33.43, 37.5, 41.64, 45.76, 49.82, 53.87, 57.91, 61.96, 66.01, 70.05, 74.1, 78.15, 82.2]","[0.9648438, 0.9788818, 0.9925537, 1.00647, 1.020508, 1.034302, 1.048218, 1.062012, 1.07605, 1.089722, 1.506226, 1.520386, 1.53418, 1.547974, 1.56189, 1.57605, 1.5896, 1.603638, 1.617554, 1.63147, 1.645264, 1.659424, 1.672852, 1.68689, 1.700684, 2.522705, 2.536865, 2.550781, 2.564941, 2.578735, 2.592773, 2.606812, 2.620728, 2.634277, 2.648071, 2.661865, 2.675659, 2.689697, 2.703857, 2.717407]",3.0,"{'1': 28.880734206634266, '2': -3.4319400184741724, '3': 49.8203495224224}","{'1': 0.13000000000000012, '2': 0.20999999999999996, '3': 0.19999999999999973}",0.96,2.71,"{'1': {'start': 0.96, 'end': 1.09}, '2': {'start': 1.49, 'end': 1.7}, '3': {'start': 2.5100000000000002, 'end': 2.71}}",Action
7,44,0xFD,1,4.560669,Mismatch,Mismatch,uuuuubbul,60,"{'1': 295.1931645100793, '2': 235.19316451007936}","[0.0, 359.63, 357.42, 354.57, 351.73, 347.23, 342.41, 337.67, 332.93, 328.2, 323.47, 318.74, 314.01, 309.28, 304.55, 299.82, 295.09, 290.36, 285.63, 280.9, 276.18, 271.45, 266.72, 261.99, 257.26, 252.53, 247.8, 243.07, 238.34, 233.62, 228.9, 224.25, 223.76, 222.94, 218.05, 213.2, 208.34, 203.49, 198.64, 193.79, 188.93, 184.08, 179.23, 174.38, 169.52, 164.67, 159.74, 157.27, 154.71, 149.87, 144.93, 139.98, 135.04, 130.09, 125.15, 120.2, 115.26, 110.31, 105.37, 100.42, 95.48, 90.53, 85.59, 80.65, 75.7, 70.76, 65.82, 60.89, 55.96, 51.06, 47.76]","[1.07251, 1.08667, 1.10022, 1.114136, 1.12793, 1.141968, 1.15564, 1.169556, 1.183594, 1.197632, 1.211182, 1.225342, 1.239136, 1.25293, 1.266968, 1.280762, 1.294678, 1.308472, 1.322388, 1.336304, 1.350342, 1.364014, 1.378052, 1.391846, 1.405884, 1.419678, 1.433594, 1.447388, 1.461426, 1.475342, 1.489014, 1.502808, 2.37793, 2.391479, 2.405396, 2.419434, 2.43335, 2.447144, 2.46106, 2.474976, 2.488647, 2.502686, 2.516479, 2.530396, 2.544312, 2.55835, 2.572021, 3.505249, 3.519165, 3.533447, 3.547241, 3.560669, 3.575073, 3.588867, 3.602783, 3.616333, 3.630493, 3.644409, 3.658203, 3.672241, 3.686157, 3.699829, 3.713989, 3.727905, 3.741577, 3.755249, 3.770264, 3.783325, 3.796997, 3.810913, 3.824829]",3.0,"{'1': 135.75402695852694, '2': 23.48332194399663, '3': -108.40522484790176}","{'1': 0.43999999999999995, '2': 0.20999999999999996, '3': 0.33000000000000007}",1.07,3.82,"{'1': {'start': 1.07, 'end': 1.51}, '2': {'start': 2.37, 'end': 2.58}, '3': {'start': 3.49, 'end': 3.8200000000000003}}",Action
7,45,0xFD,1,3.891846,Mismatch,Mismatch,uuuuubbul,0,"{'1': 223.99012792039952, '2': 223.99012792039952}","[0.0, 0.49, 5.11, 9.71, 14.31, 18.9, 23.5, 28.1, 32.71, 37.37, 42.05, 46.78, 51.51, 56.23, 60.96, 65.7, 70.44, 75.18, 79.93, 84.68, 89.44, 94.22, 99.02, 103.83, 108.65, 113.51, 118.0, 119.5, 121.1, 125.45, 129.8, 134.14, 138.48, 142.78, 147.05, 151.17, 155.22]","[1.500366, 1.515015, 1.528198, 1.541992, 1.55603, 1.569946, 1.58374, 1.597534, 1.611694, 1.625244, 1.639282, 1.65332, 1.667114, 1.680908, 1.694946, 1.708618, 1.722534, 1.736572, 1.750244, 1.764282, 1.777954, 1.79187, 1.80603, 1.819702, 1.833496, 1.847778, 1.861328, 2.530396, 2.544922, 2.558594, 2.572266, 2.585693, 2.599854, 2.614014, 2.627686, 2.641724, 2.656006]",2.0,"{'1': 118.01944197002398, '2': 34.04016323062048}","{'1': 0.3800000000000001, '2': 0.1299999999999999}",1.49,2.65,"{'1': {'start': 1.49, 'end': 1.87}, '2': {'start': 2.52, 'end': 2.65}}",Action
7,46,0xFD,1,3.784668,Mismatch,Mismatch,llbbbrruu,0,"{'1': 312.87503941977366, '2': 312.87503941977366}","[0.0, 356.41, 352.81, 349.22, 345.63, 342.04, 338.43, 334.82, 331.22, 327.61, 324.0, 320.39, 316.77, 313.15, 309.5, 305.83, 302.16, 298.48, 294.79, 291.11, 287.42, 283.74, 280.05, 276.34, 272.63, 268.91, 265.19, 261.47, 257.75, 254.03, 250.31, 246.59, 242.87, 239.15, 235.43, 231.71, 227.98, 224.26, 220.53, 216.81, 213.08, 209.36, 205.63, 201.89, 198.12, 194.37, 190.9, 189.19]","[1.212524, 1.226318, 1.240234, 1.25415, 1.268066, 1.281738, 1.295776, 1.30957, 1.323486, 1.337402, 1.351196, 1.365234, 1.379028, 1.392944, 1.40686, 1.420654, 1.434448, 1.448486, 1.46228, 1.476196, 1.490234, 1.504028, 1.517822, 1.531982, 1.545654, 1.559937, 1.573486, 1.58728, 1.601074, 1.615112, 1.629639, 1.643066, 1.65686, 1.670776, 1.684448, 1.712769, 1.726563, 1.741333, 1.755737, 1.77002, 1.783447, 1.797974, 1.81189, 1.825317, 1.839722, 1.853638, 1.867188, 1.881592]",1.0,{'1': 170.62100249930577},{'1': 0.6800000000000002},1.2,1.88,"{'1': {'start': 1.2, 'end': 1.8800000000000001}}",Action
7,47,0xFD,1,3.79834,Mismatch,Mismatch,lllbbbubb,180,"{'1': 49.8443240651041, '2': 229.8443240651041}",[],[],0.0,{},{},0.0,3.79834,{},Action
7,48,0xFD,1,5.083984,Mismatch,Mismatch,rbbbbbbub,0,"{'1': 210.27064945180683, '2': 210.27064945180683}","[0.0, 3.56, 7.12, 10.67, 14.23, 17.79, 21.35, 24.91, 28.48, 32.05, 35.62, 39.2, 42.78, 46.36, 49.95, 53.54, 57.13, 60.72, 64.31, 67.91, 71.54, 75.18, 78.84, 82.51, 86.18, 89.86, 93.54, 97.22, 100.9, 104.59, 108.27, 111.96, 115.64, 119.33, 123.01, 126.7, 130.39, 134.08, 137.78, 141.48, 145.17, 148.88, 152.58, 156.28, 159.99, 163.7, 167.43, 171.17, 174.92, 178.68, 182.44, 186.22, 190.0, 193.77, 197.55, 201.34, 205.12, 208.91, 212.69, 216.48, 220.27, 224.06, 227.85, 231.65, 235.44, 239.24, 243.05, 246.95, 251.01, 252.79, 249.24, 245.67, 242.09, 238.51, 234.93, 231.35, 227.76, 224.18, 220.5, 216.78, 213.08, 209.39, 205.7, 202.05]","[2.055664, 2.07019, 2.084106, 2.097534, 2.111328, 2.125366, 2.139038, 2.153198, 2.167236, 2.18103, 2.194214, 2.208374, 2.222412, 2.236206, 2.250366, 2.26416, 2.278198, 2.291992, 2.306152, 2.319824, 2.333862, 2.3479, 2.361938, 2.375, 2.38916, 2.403198, 2.416992, 2.430908, 2.44519, 2.45874, 2.472412, 2.486572, 2.500488, 2.513916, 2.52832, 2.542358, 2.555908, 2.570557, 2.584106, 2.59729, 2.61145, 2.625244, 2.639038, 2.653809, 2.667358, 2.680786, 2.694214, 2.708374, 2.722534, 2.736206, 2.750488, 2.764648, 2.77832, 2.792114, 2.806152, 2.819946, 2.834106, 2.848022, 2.862061, 2.875244, 2.889038, 2.903198, 2.91687, 2.930786, 2.944946, 2.958496, 2.972656, 2.986938, 3.000854, 3.708618, 3.723755, 3.736938, 3.750366, 3.764404, 3.778076, 3.792358, 3.806519, 3.820557, 3.833496, 3.847656, 3.861816, 3.87561, 3.889526, 3.903442]",2.0,"{'1': 108.96699815192636, '2': 49.79038108255075}","{'1': 0.9700000000000002, '2': 0.20999999999999996}",2.04,3.9,"{'1': {'start': 2.04, 'end': 3.0100000000000002}, '2': {'start': 3.69, 'end': 3.9}}",Action
7,49,0xFD,1,2.557495,Mismatch,Mismatch,ddbbddddl,180,"{'1': 226.14754278696023, '2': 46.14754278696023}",[],[],0.0,{},{},0.0,2.557495,{},Action
8,0,0x53,2,4.9646,Match,Match,uubbbrrrb,180,"{'1': 160.83256037875475, '2': 340.83256037875475}",[],[],0.0,{},{},0.0,4.9646,{},Action
8,1,0x53,2,3.084717,Match,Match,bbbdddrrb,60,"{'1': 297.0526715508145, '2': 237.05267155081452}",[],[],0.0,{},{},0.0,3.084717,{},Action
8,2,0x53,2,2.15918,Match,Match,lllbbbubb,180,"{'1': 73.56548998781912, '2': 253.56548998781912}","[0.0, 3.6, 7.22]","[1.687256, 1.700684, 1.715332]",1.0,{'1': 5.902288367012533},{'1': 0.040000000000000036},1.67,1.71,"{'1': {'start': 1.67, 'end': 1.71}}",Action
8,3,0x53,2,1.909424,Match,Match,ffuuuurrf,0,"{'1': 23.282554720997183, '2': 23.282554720997183}",[],[],0.0,{},{},0.0,1.909424,{},Action
8,4,0x53,2,2.396484,Match,Match,bdddddfll,60,"{'1': 320.8989396087263, '2': 260.8989396087263}","[0.0, 0.33, 5.33, 10.32, 15.3, 20.26, 25.18, 30.05, 34.85, 39.6, 44.33, 49.06, 53.78]","[1.96582, 1.979736, 1.993652, 2.007813, 2.021973, 2.035645, 2.049561, 2.063477, 2.077148, 2.091309, 2.105469, 2.119385, 2.132568]",1.0,{'1': 52.86056132898427},{'1': 0.16999999999999993},1.96,2.13,"{'1': {'start': 1.96, 'end': 2.13}}",Action
8,5,0x53,2,2.050781,Match,Match,llbbbbbru,60,"{'1': 154.53545241524535, '2': 94.53545241524535}",[],[],0.0,{},{},0.0,2.050781,{},Action
8,6,0x53,2,1.758057,Match,Match,lllllbbul,0,"{'1': 235.19481536945403, '2': 235.19481536945403}",[],[],0.0,{},{},0.0,1.758057,{},Action
8,7,0x53,2,1.295166,Match,Match,bddrbbbbb,0,"{'1': 293.9502017183571, '2': 293.9502017183571}",[],[],0.0,{},{},0.0,1.295166,{},Action
8,8,0x53,2,4.955811,Match,Match,lllbbbluu,120,"{'1': 49.004933720925365, '2': 169.00493372092535}","[0.0, 0.25, 1.35, 3.05, 6.31, 11.19, 16.07, 20.95, 25.83, 30.7, 35.57, 40.44, 45.31, 50.18, 55.06, 59.93, 64.81, 69.7, 74.61, 79.51, 84.42, 89.33, 94.24, 99.15, 104.05, 108.96, 113.86, 118.77, 123.68, 128.58, 133.49, 138.39, 143.29, 148.19, 153.09, 157.99, 162.89, 167.79, 172.7, 177.61, 182.54, 185.79, 187.89, 190.51, 195.51, 200.51, 205.51, 210.51, 215.51, 220.51, 225.51, 230.51, 235.5, 240.49, 245.48, 250.45]","[2.524658, 2.538574, 2.553467, 2.567139, 2.580078, 2.594238, 2.608154, 2.621582, 2.63623, 2.650146, 2.663574, 2.677246, 2.691406, 2.705322, 2.719238, 2.733398, 2.747314, 2.760742, 2.775146, 2.789063, 2.80249, 2.816406, 2.830322, 2.843994, 2.857666, 2.87207, 2.88916, 2.899902, 2.913086, 2.927246, 2.940918, 2.955566, 2.969482, 2.983154, 2.996582, 3.010742, 3.024902, 3.038574, 3.052979, 3.066895, 3.080078, 3.094482, 3.580322, 3.594727, 3.608643, 3.621826, 3.63623, 3.649902, 3.663574, 3.67749, 3.691162, 3.705078, 3.71875, 3.733154, 3.74707, 3.760498]",2.0,"{'1': 177.5746704088599, '2': -62.42029510077499}","{'1': 0.5500000000000003, '2': 0.18999999999999995}",2.52,3.76,"{'1': {'start': 2.52, 'end': 3.0700000000000003}, '2': {'start': 3.5700000000000003, 'end': 3.7600000000000002}}",Action
8,9,0x53,2,4.8396,Match,Match,lllbbbubb,180,"{'1': 312.57481992843844, '2': 132.57481992843842}","[0.0, 0.0, 1.37, 6.29, 11.19, 16.09, 20.99, 25.89, 30.8, 35.7, 40.61, 45.52, 50.44, 55.35, 60.27, 65.18, 70.1, 75.02, 79.93, 84.84, 89.74, 94.63, 99.52, 104.41, 109.3, 114.18, 119.07, 123.95, 128.83, 133.72, 138.6, 143.48, 148.36, 153.24, 158.12, 163.0, 167.88, 172.76, 176.41]","[2.79834, 2.812256, 2.825684, 2.839844, 2.85376, 2.86792, 2.881348, 2.89502, 2.909424, 2.922607, 2.936768, 2.950684, 2.964355, 2.97876, 2.993164, 3.006592, 3.020264, 3.034424, 3.048096, 3.061523, 3.075928, 3.089844, 3.103516, 3.118164, 3.131836, 3.144775, 3.160889, 3.17334, 3.186035, 3.200439, 3.214111, 3.228271, 3.242188, 3.256348, 3.270264, 3.28418, 3.298584, 3.312256, 3.325439]",1.0,{'1': 174.90409466737475},{'1': 0.52},2.8000000000000003,3.3200000000000003,"{'1': {'start': 2.8000000000000003, 'end': 3.3200000000000003}}",Action
8,10,0x53,2,3.405762,Match,Match,rrrbbbddb,180,"{'1': 130.03348319557549, '2': 310.0334831955755}","[0.0, 3.22, 7.02, 10.82, 14.62, 18.43, 22.24, 26.06, 29.94, 33.89, 37.93, 42.02, 46.16, 50.38, 54.67, 59.02, 63.44, 67.89, 72.37, 76.87, 81.38, 85.93, 90.55, 95.23, 99.99, 104.8, 109.61, 114.49, 119.39, 124.32, 129.25, 134.21, 139.18, 144.18, 149.18, 154.17, 159.13, 164.06, 168.97, 173.88, 178.78, 183.66, 188.55]","[2.239014, 2.253174, 2.26709, 2.280518, 2.294922, 2.308838, 2.32251, 2.335938, 2.350098, 2.364014, 2.377686, 2.391846, 2.405762, 2.419434, 2.433838, 2.447754, 2.461426, 2.475586, 2.489502, 2.50293, 2.516357, 2.530518, 2.544678, 2.55835, 2.57251, 2.586426, 2.600342, 2.614502, 2.62793, 2.641602, 2.656006, 2.669922, 2.683594, 2.697266, 2.711426, 2.727051, 2.73877, 2.752441, 2.766602, 2.780029, 2.794678, 2.808838, 2.82251]",1.0,{'1': 172.34773990637802},{'1': 0.5899999999999999},2.23,2.82,"{'1': {'start': 2.23, 'end': 2.82}}",Action
8,11,0x53,2,4.49707,Match,Match,rbbbbbldd,120,"{'1': 333.4370891178977, '2': 93.43708911789771}","[0.0, 0.0, 358.4, 355.72, 351.15, 346.28, 341.4, 336.53, 331.65, 326.76, 321.86, 316.95, 312.05, 307.15, 302.25, 297.34, 292.44, 287.54, 282.63, 277.73, 272.84, 267.96, 263.11, 258.26, 253.43, 248.6, 243.77, 238.94, 234.11, 229.28, 224.45]","[3.066406, 3.080322, 3.094482, 3.108398, 3.122559, 3.13623, 3.150146, 3.163574, 3.177246, 3.190918, 3.205566, 3.219238, 3.233154, 3.246826, 3.26123, 3.275391, 3.288574, 3.302734, 3.316895, 3.330566, 3.344727, 3.358398, 3.37207, 3.385986, 3.400146, 3.414307, 3.427734, 3.44165, 3.455811, 3.471191, 3.483398]",1.0,{'1': 134.20549766527395},{'1': 0.4099999999999997},3.0700000000000003,3.48,"{'1': {'start': 3.0700000000000003, 'end': 3.48}}",Action
8,12,0x53,2,3.6875,Match,Match,llbbbrruu,180,"{'1': 48.150524802825046, '2': 228.15052480282503}","[0.0, 3.74, 7.87, 12.67, 15.51, 16.66, 16.89, 17.93, 19.93, 24.59, 29.49, 34.37, 39.23, 44.08, 48.93, 53.78, 58.65, 63.56, 68.5, 73.45, 78.45, 83.45, 88.45, 93.45, 98.45, 103.44, 108.44, 113.44, 118.44, 123.44, 128.44, 133.44, 138.44, 143.44, 148.44, 153.44, 158.44, 163.44, 168.44, 173.44, 178.44, 183.44, 188.44, 193.44, 198.44, 203.44]","[2.13208, 2.145752, 2.159668, 2.173828, 2.1875, 2.45166, 2.465576, 2.479736, 2.493896, 2.506836, 2.520752, 2.534912, 2.54834, 2.562744, 2.57666, 2.590576, 2.604248, 2.618408, 2.632324, 2.645996, 2.660156, 2.674072, 2.687256, 2.70166, 2.715576, 2.729004, 2.743652, 2.757568, 2.770996, 2.784424, 2.798584, 2.8125, 2.826416, 2.840332, 2.85498, 2.868164, 2.88208, 2.895996, 2.909668, 2.924072, 2.937744, 2.95166, 2.965332, 2.979248, 2.993896, 3.007324]",2.0,"{'1': 15.520883555420957, '2': 142.63436400579207}","{'1': 0.06999999999999984, '2': 0.5499999999999998}",2.12,3.0,"{'1': {'start': 2.12, 'end': 2.19}, '2': {'start': 2.45, 'end': 3.0}}",Action
8,13,0x53,2,2.769287,Match,Match,lllllbbul,60,"{'1': 117.20635363661125, '2': 57.206353636611254}","[0.0, 3.79, 8.0, 12.4, 16.88, 18.47, 18.69, 18.91, 23.66, 28.11, 32.25, 36.26, 40.09, 43.84, 47.5, 51.07]","[1.947021, 1.961182, 1.974854, 1.989014, 2.002686, 2.449707, 2.463135, 2.477783, 2.491699, 2.505371, 2.519043, 2.533203, 2.547119, 2.561035, 2.574951, 2.588623]",2.0,"{'1': 16.906015019428615, '2': 30.179745650164122}","{'1': 0.0800000000000003, '2': 0.1200000000000001}",1.93,2.58,"{'1': {'start': 1.93, 'end': 2.0100000000000002}, '2': {'start': 2.46, 'end': 2.58}}",Action
8,14,0x53,2,5.3125,Match,Match,lllllbbul,180,"{'1': 247.03421990315496, '2': 67.03421990315496}","[0.0, 4.05, 8.93, 13.93, 18.62, 22.97, 27.32, 31.32, 34.87, 38.41, 42.75, 47.04, 51.31, 55.59, 59.87, 64.14, 68.41, 72.69, 76.96, 81.24, 85.51, 89.79, 94.06, 98.33, 102.55, 106.69, 110.75, 114.79, 118.81, 122.83, 126.83, 130.83, 134.83, 138.83, 142.82, 146.82, 150.82, 154.82, 158.82, 162.82, 166.83, 170.83, 174.84, 178.86, 182.48]","[3.131836, 3.14624, 3.159668, 3.173828, 3.1875, 3.201172, 3.214355, 3.22876, 3.24292, 3.67334, 3.687744, 3.70166, 3.714844, 3.72876, 3.743164, 3.756592, 3.770752, 3.784668, 3.797852, 3.812012, 3.826172, 3.839844, 3.854004, 3.86792, 3.881592, 3.89502, 3.909424, 3.923584, 3.936768, 3.951172, 3.965088, 3.978516, 3.99292, 4.006836, 4.020264, 4.034424, 4.048584, 4.0625, 4.076172, 4.089844, 4.10376, 4.117432, 4.133057, 4.86792, 4.881836]",2.0,"{'1': 34.92822963616932, '2': 136.57769620057744}","{'1': 0.1299999999999999, '2': 0.47999999999999954}",3.12,4.14,"{'1': {'start': 3.12, 'end': 3.25}, '2': {'start': 3.66, 'end': 4.14}}",Action
8,15,0x53,2,5.300781,Match,Match,rrrrbbbdr,60,"{'1': 60.6720246388287, '2': 0.6720246388287023}","[0.0, 1.91, 3.6, 4.34, 4.84, 7.07, 11.71, 16.31, 20.91, 25.58, 30.3, 35.05, 39.83, 44.64, 49.47, 54.34, 59.23, 64.13, 69.02, 73.93, 76.68]","[3.870361, 3.884277, 3.898193, 4.314697, 4.329102, 4.343018, 4.356201, 4.370361, 4.384277, 4.397949, 4.411621, 4.425781, 4.439697, 4.453857, 4.467773, 4.481689, 4.495361, 4.509277, 4.522949, 4.536621, 4.551025]",1.0,{'1': 72.15265296109669},{'1': 0.23999999999999932},4.3100000000000005,4.55,"{'1': {'start': 4.3100000000000005, 'end': 4.55}}",Action
8,16,0x53,2,1.731689,Match,Match,uuuuubbul,60,"{'1': 206.5426578330488, '2': 266.5426578330488}",[],[],0.0,{},{},0.0,1.731689,{},Action
8,17,0x53,2,2.351563,Match,Match,bddrbbbbb,120,"{'1': 288.7000593936109, '2': 48.7000593936109}",[],[],0.0,{},{},0.0,2.351563,{},Action
8,18,0x53,2,2.037109,Match,Match,rrrrbbbdr,0,"{'1': 22.276631744938747, '2': 22.276631744938747}",[],[],0.0,{},{},0.0,2.037109,{},Action
8,19,0x53,2,2.242676,Match,Match,bdddbllll,120,"{'1': 120.91586715760242, '2': 0.9158671576024204}",[],[],0.0,{},{},0.0,2.242676,{},Action
8,20,0x53,2,2.351318,Mismatch,Match,uubbbrrrb,120,"{'1': 236.45600181787148, '2': 116.45600181787148}",[],[],0.0,{},{},0.0,2.351318,{},Action
8,21,0x53,2,1.88208,Match,Match,bdddbllll,120,"{'1': 297.9629521630802, '2': 177.96295216308025}",[],[],0.0,{},{},0.0,1.88208,{},Action
8,22,0x53,2,3.620361,Match,Match,lbbddllll,120,"{'1': 328.42560545831884, '2': 208.42560545831884}",[],[],0.0,{},{},0.0,3.620361,{},Action
8,23,0x53,2,2.202148,Match,Match,bdddbllll,0,"{'1': 117.94234251970374, '2': 117.94234251970374}",[],[],0.0,{},{},0.0,2.202148,{},Action
8,24,0x53,2,2.338135,Match,Match,ffuuuurrf,60,"{'1': 238.03031525122972, '2': 178.03031525122972}",[],[],0.0,{},{},0.0,2.338135,{},Action
8,25,0x53,2,3.101318,Mismatch,Mismatch,rbbbbbbub,60,"{'1': 343.43492894494125, '2': 43.43492894494126}",[],[],0.0,{},{},0.0,3.101318,{},Action
8,26,0x53,2,2.441162,Mismatch,Mismatch,lllllbbul,60,"{'1': 207.31121944602046, '2': 147.31121944602046}",[],[],0.0,{},{},0.0,2.441162,{},Action
8,27,0x53,2,1.200684,Match,Mismatch,ddbbddddl,180,"{'1': 286.02115239405117, '2': 106.02115239405117}",[],[],0.0,{},{},0.0,1.200684,{},Action
8,28,0x53,2,1.700195,Mismatch,Mismatch,llbbbbbru,120,"{'1': 59.32949026541962, '2': 179.32949026541962}",[],[],0.0,{},{},0.0,1.700195,{},Action
8,29,0x53,2,2.838379,Mismatch,Mismatch,uuuubbbur,60,"{'1': 53.50236138222004, '2': 113.50236138222004}",[],[],0.0,{},{},0.0,2.838379,{},Action
8,30,0x53,2,4.520996,Mismatch,Mismatch,dbbbblllu,60,"{'1': 232.97719760635076, '2': 292.9771976063507}","[0.0, 0.0, 359.62, 359.27, 358.84, 358.38, 357.9, 357.42, 356.94, 356.46, 355.99, 355.51, 355.03, 354.55, 354.07, 353.6, 353.21, 354.6, 359.39, 4.31, 9.24, 14.16, 19.08, 24.01, 28.93, 33.86, 38.79, 43.71, 48.64, 53.57, 58.5, 63.43, 68.39]","[2.965576, 2.979004, 2.993408, 3.007324, 3.03418, 3.048584, 3.062744, 3.07666, 3.090576, 3.104004, 3.117676, 3.131836, 3.145996, 3.159668, 3.173828, 3.187988, 3.576416, 3.590576, 3.604248, 3.61792, 3.63208, 3.645996, 3.659424, 3.67334, 3.687744, 3.70166, 3.715088, 3.729248, 3.743408, 3.756592, 3.770752, 3.784912, 3.79834]",1.0,{'1': 63.21110091608798},{'1': 0.18999999999999995},3.6,3.79,"{'1': {'start': 3.6, 'end': 3.79}}",Action
8,31,0x53,2,3.076172,Mismatch,Mismatch,uubbbrrrb,180,"{'1': 211.45138783587447, '2': 31.45138783587447}",[],[],0.0,{},{},0.0,3.076172,{},Action
8,32,0x53,2,6.726074,Mismatch,Mismatch,lbbddllll,180,"{'1': 131.31629236446844, '2': 311.31629236446844}","[0.0, 0.98, 4.68, 9.12, 13.57, 18.01, 22.46, 26.91, 31.52, 36.12, 40.87, 45.66, 50.52, 55.4, 60.29, 65.18, 70.07, 74.96, 79.85, 84.74, 89.63, 94.52, 99.41, 104.31, 109.2, 114.08, 118.97, 123.28, 125.4, 126.55, 127.3, 128.05, 128.8, 129.56, 130.3, 130.96, 131.49, 131.96, 132.29, 132.48, 132.97, 136.0, 140.89, 145.78, 150.66, 155.54, 160.4, 165.26, 170.12, 174.98, 179.84, 184.7, 189.56, 194.42, 199.28, 204.15, 209.01, 213.87, 218.74, 223.6, 228.47, 233.34, 238.2, 243.07, 247.94, 252.8, 257.66]","[4.003906, 4.018066, 4.031982, 4.045898, 4.05957, 4.072998, 4.086426, 4.10083, 4.11499, 4.128418, 4.142578, 4.156738, 4.170166, 4.184326, 4.198486, 4.212158, 4.22583, 4.239746, 4.253418, 4.26709, 4.281738, 4.295898, 4.309082, 4.323242, 4.338867, 4.351318, 4.364746, 4.378906, 4.392578, 4.406006, 4.420654, 4.434814, 4.448486, 4.462158, 4.476074, 4.489502, 4.503662, 4.517578, 4.531494, 4.97583, 4.989746, 5.003906, 5.017822, 5.031738, 5.045166, 5.059326, 5.073486, 5.086914, 5.101074, 5.11499, 5.128418, 5.142822, 5.156982, 5.17041, 5.18457, 5.198486, 5.212402, 5.22583, 5.240479, 5.254395, 5.267334, 5.281494, 5.29541, 5.308838, 5.323486, 5.337402, 5.35083]",2.0,"{'1': 132.0174346076459, '2': -29.83710492195229}","{'1': 0.5300000000000002, '2': 0.3800000000000008}",3.99,5.3500000000000005,"{'1': {'start': 3.99, 'end': 4.5200000000000005}, '2': {'start': 4.97, 'end': 5.3500000000000005}}",Action
8,33,0x53,2,2.6604,Mismatch,Mismatch,ffuubllll,120,"{'1': 246.59987517738313, '2': 6.599875177383112}",[],[],0.0,{},{},0.0,2.6604,{},Action
8,34,0x53,2,2.059814,Mismatch,Mismatch,bbdddbrrr,120,"{'1': 51.1903238702573, '2': 171.19032387025732}",[],[],0.0,{},{},0.0,2.059814,{},Action
8,35,0x53,2,1.991211,Mismatch,Mismatch,bbddbblll,120,"{'1': 292.0774989103786, '2': 52.07749891037858}",[],[],0.0,{},{},0.0,1.991211,{},Action
8,36,0x53,2,2.060547,Mismatch,Mismatch,bddrddddd,60,"{'1': 110.418110027414, '2': 50.418110027414}",[],[],0.0,{},{},0.0,2.060547,{},Action
8,37,0x53,2,2.299561,Mismatch,Mismatch,ffffuulff,180,"{'1': 112.1103209577726, '2': 292.1103209577726}",[],[],0.0,{},{},0.0,2.299561,{},Action
8,38,0x53,2,5.606445,Mismatch,Mismatch,ddbbddddl,120,"{'1': 116.64804906440489, '2': 236.6480490644049}","[0.0, 3.13, 7.11, 11.1, 15.08, 19.07, 23.1, 27.27, 31.61, 36.09, 40.71, 40.92]","[4.147461, 4.161621, 4.175293, 4.189453, 4.203369, 4.217529, 4.230713, 4.244629, 4.258789, 4.272461, 4.286621, 4.300781]",1.0,{'1': 40.760112288135595},{'1': 0.16000000000000014},4.13,4.29,"{'1': {'start': 4.13, 'end': 4.29}}",Action
8,39,0x53,2,3.643555,Mismatch,Mismatch,rrrrbbbdr,120,"{'1': 325.1474160676428, '2': 205.14741606764278}",[],[],0.0,{},{},0.0,3.643555,{},Action
8,40,0x53,2,2.161621,Mismatch,Mismatch,lllbbbubb,120,"{'1': 44.909780615892714, '2': 164.9097806158927}",[],[],0.0,{},{},0.0,2.161621,{},Action
8,41,0x53,2,4.395264,Match,Mismatch,lllbbbluu,180,"{'1': 204.88606613223055, '2': 24.886066132230553}","[0.0, 0.0, 359.75, 358.76, 355.67, 351.33, 347.0, 342.02, 337.03, 332.04, 327.04, 322.05, 317.1, 312.17, 307.26, 302.43, 297.65, 292.92, 288.19, 283.54, 278.95, 276.16]","[2.089111, 2.103516, 2.116943, 2.131348, 2.14502, 2.15918, 2.173096, 2.187012, 2.200439, 2.2146, 2.230225, 2.242432, 2.255371, 2.269775, 2.283691, 2.297363, 2.311523, 2.325684, 2.339355, 2.353516, 2.367432, 2.380859]",1.0,{'1': 83.6615081552096},{'1': 0.2799999999999998},2.1,2.38,"{'1': {'start': 2.1, 'end': 2.38}}",Action
8,42,0x53,2,1.779297,Mismatch,Mismatch,uuubbrrrf,0,"{'1': 65.34944784418846, '2': 65.34944784418846}",[],[],0.0,{},{},0.0,1.779297,{},Action
8,43,0x53,2,4.57666,Mismatch,Mismatch,rbbbdddff,120,"{'1': 226.29585152890144, '2': 346.29585152890144}",[],[],0.0,{},{},0.0,4.57666,{},Action
8,44,0x53,2,1.647461,Mismatch,Mismatch,uuuuubbul,60,"{'1': 295.1931645100793, '2': 235.19316451007936}",[],[],0.0,{},{},0.0,1.647461,{},Action
8,45,0x53,2,2.077148,Mismatch,Mismatch,uuuuubbul,0,"{'1': 223.99012792039952, '2': 223.99012792039952}",[],[],0.0,{},{},0.0,2.077148,{},Action
8,46,0x53,2,3.960938,Mismatch,Mismatch,llbbbrruu,0,"{'1': 312.87503941977366, '2': 312.87503941977366}","[0.0, 0.0, 359.63, 356.92, 352.32, 347.76, 343.21, 338.66, 334.1, 329.55, 324.99, 320.43, 315.88, 311.32, 306.75, 302.19, 297.63, 293.07, 288.5, 283.93, 279.35, 274.71, 270.04, 265.31, 260.57, 255.81, 251.04, 246.25, 241.44, 236.6, 231.74, 226.85, 221.94, 217.03, 212.12, 207.21, 202.3, 197.39, 192.48, 187.57, 182.66, 177.75, 172.85, 168.0, 163.17, 158.35, 153.57, 148.81, 144.1, 139.45, 134.84, 130.27, 125.71]","[2.376709, 2.391357, 2.405518, 2.418457, 2.432861, 2.447266, 2.460693, 2.473877, 2.488281, 2.502197, 2.516113, 2.530518, 2.544434, 2.557617, 2.571777, 2.585693, 2.599121, 2.614746, 2.627686, 2.641113, 2.655029, 2.668701, 2.682373, 2.696289, 2.710449, 2.724609, 2.738281, 2.752686, 2.766602, 2.780273, 2.793701, 2.807617, 2.821777, 2.835449, 2.849854, 2.864014, 2.876953, 2.891357, 2.905273, 2.918457, 2.932861, 2.947021, 2.960693, 2.974121, 2.988525, 3.002441, 3.016113, 3.030273, 3.044189, 3.057617, 3.071777, 3.085693, 3.099365]",1.0,{'1': 128.83349327091875},{'1': 0.6999999999999997},2.39,3.09,"{'1': {'start': 2.39, 'end': 3.09}}",Action
8,47,0x53,2,1.907471,Mismatch,Mismatch,lllbbbubb,180,"{'1': 49.8443240651041, '2': 229.8443240651041}",[],[],0.0,{},{},0.0,1.907471,{},Action
8,48,0x53,2,3.337402,Mismatch,Mismatch,rbbbbbbub,0,"{'1': 210.27064945180683, '2': 210.27064945180683}",[],[],0.0,{},{},0.0,3.337402,{},Action
8,49,0x53,2,3.267578,Mismatch,Mismatch,ddbbddddl,180,"{'1': 226.14754278696023, '2': 46.14754278696023}",[],[],0.0,{},{},0.0,3.267578,{},Action
9,0,0x53,1,1.897156,Match,Match,ffuubrrrr,60,"{'1': 195.70386133680432, '2': 255.70386133680432}",[],[],0.0,{},{},0.0,1.897156,{},Action
9,1,0x53,1,1.088867,Match,Match,uuuubbbur,0,"{'1': 312.7701316383542, '2': 312.7701316383542}",[],[],0.0,{},{},0.0,1.088867,{},Action
9,2,0x53,1,1.583191,Match,Match,lllllbbul,60,"{'1': 29.341280998280244, '2': 329.34128099828024}",[],[],0.0,{},{},0.0,1.583191,{},Action
9,3,0x53,1,1.296631,Match,Match,ffuubrrrr,0,"{'1': 330.69031886933465, '2': 330.69031886933465}",[],[],0.0,{},{},0.0,1.296631,{},Action
9,4,0x53,1,1.178101,Match,Match,ffuubrrrr,60,"{'1': 214.93411190802072, '2': 154.93411190802072}",[],[],0.0,{},{},0.0,1.178101,{},Action
9,5,0x53,1,2.321228,Match,Match,lllbbbluu,60,"{'1': 239.73272467503972, '2': 179.73272467503972}","[0.0, 1.55, 6.39, 11.18, 15.96, 20.74, 25.52, 30.3, 35.08, 39.88, 40.08, 42.3, 46.94, 51.57, 56.2, 60.83]","[1.207275, 1.221191, 1.235107, 1.248779, 1.265747, 1.276611, 1.290771, 1.304688, 1.318359, 1.932251, 1.94635, 1.960144, 1.973694, 1.98761, 2.001587, 2.015503]",2.0,"{'1': 35.09283092139985, '2': 19.136694338795735}","{'1': 0.13000000000000012, '2': 0.0800000000000003}",1.19,2.01,"{'1': {'start': 1.19, 'end': 1.32}, '2': {'start': 1.93, 'end': 2.0100000000000002}}",Action
9,6,0x53,1,1.361206,Match,Match,uubbbrrrb,60,"{'1': 244.97895433135304, '2': 304.97895433135307}","[0.0, 0.0, 359.6, 357.69, 352.74, 347.79, 342.85, 337.91, 332.97, 328.03]","[0.9862671, 1.000122, 1.013794, 1.027771, 1.041748, 1.055542, 1.069458, 1.083496, 1.097046, 1.111206]",1.0,{'1': 31.54926271186449},{'1': 0.1200000000000001},0.99,1.11,"{'1': {'start': 0.99, 'end': 1.11}}",Action
9,7,0x53,1,2.062439,Match,Match,ffuulllbb,120,"{'1': 52.410378767534695, '2': 172.4103787675347}","[0.0, 0.0, 358.29, 353.46, 348.64, 343.82, 339.01, 334.19, 329.37, 324.55, 319.74, 314.92, 310.1, 305.28, 300.47, 295.65, 290.83, 286.01, 281.19, 276.37, 271.56, 266.73]","[1.354126, 1.368225, 1.382019, 1.395996, 1.409973, 1.424011, 1.437683, 1.451599, 1.465393, 1.479187, 1.493164, 1.507019, 1.520874, 1.534729, 1.548767, 1.5625, 1.576538, 1.590332, 1.604309, 1.618103, 1.632019, 1.645935]",1.0,{'1': 91.21006539235415},{'1': 0.28},1.36,1.64,"{'1': {'start': 1.36, 'end': 1.6400000000000001}}",Action
9,8,0x53,1,1.493408,Match,Match,bddrbbbbb,60,"{'1': 335.1505592833017, '2': 35.15055928330166}",[],[],0.0,{},{},0.0,1.493408,{},Action
9,9,0x53,1,1.359924,Match,Match,ffuubllll,0,"{'1': 32.44403157116473, '2': 32.44403157116473}",[],[],0.0,{},{},0.0,1.359924,{},Action
9,10,0x53,1,1.857788,Match,Match,lllbbbubb,120,"{'1': 290.95635263390704, '2': 50.95635263390707}","[0.0, 0.0, 355.15, 350.48, 345.81, 341.14, 336.47, 331.82, 327.18, 322.61, 318.05, 313.48, 308.92, 304.35, 299.79, 295.23, 290.66, 286.1, 281.54, 276.98, 272.42]","[1.2995, 1.327942, 1.341492, 1.356628, 1.370728, 1.384521, 1.398804, 1.41272, 1.426453, 1.440796, 1.454773, 1.468567, 1.485107, 1.496399, 1.510376, 1.52478, 1.538086, 1.552002, 1.565918, 1.580017, 1.594299]",1.0,{'1': 86.20740232460443},{'1': 0.28},1.31,1.59,"{'1': {'start': 1.31, 'end': 1.59}}",Action
9,11,0x53,1,3.954712,Match,Match,uubbbbruu,180,"{'1': 153.15034768376478, '2': 333.1503476837648}","[0.0, 0.0, 0.65, 2.02, 4.33, 7.96, 12.76, 17.55, 22.34, 27.14, 31.93, 36.73, 41.52, 46.31, 51.11, 55.87, 60.6, 65.33, 70.02, 74.66, 79.29, 83.92, 88.55, 93.18, 97.79, 102.38, 106.97, 111.56, 116.14, 120.72, 125.3, 129.88, 134.46, 138.26, 138.98, 139.7, 144.42, 149.14, 153.85, 158.52, 163.2, 167.87, 172.52, 177.17, 181.82, 182.22, 182.62, 183.77, 187.7, 192.06, 196.42, 200.78, 205.14, 209.5, 213.85, 218.23, 218.23, 218.44]","[1.077087, 1.094727, 1.104736, 1.118835, 1.132446, 1.14624, 1.160217, 1.174133, 1.188232, 1.201904, 1.21582, 1.230042, 1.243835, 1.257568, 1.271423, 1.285095, 1.299133, 1.312927, 1.326843, 1.340942, 1.354492, 1.368469, 1.382324, 1.396179, 1.410461, 1.42395, 1.437805, 1.451904, 1.465759, 1.479675, 1.493408, 1.507446, 1.521118, 1.885132, 1.899475, 1.913147, 1.92627, 1.940613, 1.95459, 1.968262, 1.982361, 1.996277, 2.009949, 2.024231, 2.038025, 2.052124, 2.399231, 2.413208, 2.426575, 2.441162, 2.45459, 2.468445, 2.482483, 2.49646, 2.510376, 2.524597, 2.538086, 2.551697]",3.0,"{'1': 134.55272060964688, '2': 39.73822494585988, '3': -35.6206376419951}","{'1': 0.44999999999999996, '2': 0.17999999999999972, '3': 0.14000000000000012}",1.08,2.53,"{'1': {'start': 1.08, 'end': 1.53}, '2': {'start': 1.87, 'end': 2.05}, '3': {'start': 2.39, 'end': 2.5300000000000002}}",Action
9,12,0x53,1,3.36676,Match,Match,llbbbbbru,60,"{'1': 195.74437998246947, '2': 255.74437998246947}","[0.0, 0.33, 1.71, 5.3, 9.8, 14.29, 18.77, 23.25, 27.72, 32.2, 36.68, 41.15, 45.62, 50.09, 54.56, 59.02, 63.48, 67.95, 72.41, 76.87, 81.34, 85.82, 90.34, 95.03, 99.78, 102.83, 102.83, 101.42, 97.32, 93.22, 89.12, 85.01, 80.89, 76.78, 72.66, 68.55, 64.44, 60.33, 56.23, 52.13, 48.02, 43.86, 39.5, 35.06, 30.51, 25.96, 21.4, 16.78, 11.98, 7.11, 2.2, 357.27, 352.33, 347.4, 342.47, 337.54, 332.61, 327.68, 322.75, 317.78, 312.79]","[1.100037, 1.113892, 1.127747, 1.141846, 1.155457, 1.169617, 1.183289, 1.197266, 1.210938, 1.225037, 1.238892, 1.252625, 1.266663, 1.280518, 1.294312, 1.308228, 1.322205, 1.336121, 1.349915, 1.363647, 1.377808, 1.391418, 1.405579, 1.419373, 1.433472, 1.697144, 1.710754, 1.724854, 1.738708, 1.752563, 1.766357, 1.780334, 1.794128, 1.808105, 1.822327, 1.835815, 1.849854, 1.863586, 1.877686, 1.891418, 1.905457, 1.91925, 1.933105, 1.947327, 1.960999, 1.974854, 1.988586, 2.002441, 2.016357, 2.030273, 2.044128, 2.058167, 2.071777, 2.085754, 2.099792, 2.113586, 2.12738, 2.141541, 2.169495, 2.183472, 2.198181]",2.0,"{'1': 99.85551199975727, '2': -58.39538853763004}","{'1': 0.33999999999999986, '2': 0.49}",1.1,2.19,"{'1': {'start': 1.1, 'end': 1.44}, '2': {'start': 1.7, 'end': 2.19}}",Action
9,13,0x53,1,1.744751,Match,Match,ffuubllll,0,"{'1': 241.0541589520444, '2': 241.0541589520444}",[],[],0.0,{},{},0.0,1.744751,{},Action
9,14,0x53,1,2.125854,Match,Match,bbbdddrrb,60,"{'1': 107.48231495232719, '2': 47.48231495232719}","[0.0, 1.48, 6.1, 10.65, 15.18, 19.7, 24.22]","[1.220215, 1.234253, 1.247803, 1.261902, 1.275696, 1.28949, 1.303467]",1.0,{'1': 23.098812334549645},{'1': 0.09000000000000008},1.21,1.3,"{'1': {'start': 1.21, 'end': 1.3}}",Action
9,15,0x53,1,2.487549,Match,Match,bbdddbrrr,120,"{'1': 249.4264059133822, '2': 129.4264059133822}","[0.0, 3.64, 7.33, 11.14, 15.1, 19.14, 23.28, 27.45, 31.66, 35.88, 40.1, 44.31, 48.53, 52.75, 56.97, 61.2, 65.46, 69.78, 74.13, 78.48, 82.83, 87.18, 91.53, 95.88, 100.23, 104.58]","[1.415894, 1.429749, 1.443665, 1.457703, 1.471558, 1.485352, 1.499207, 1.513062, 1.527039, 1.540833, 1.554871, 1.568787, 1.582581, 1.596313, 1.610535, 1.624207, 1.638184, 1.653564, 1.665833, 1.679688, 1.693787, 1.707703, 1.721375, 1.735352, 1.749146, 1.763062]",1.0,{'1': 103.62284995688418},{'1': 0.3599999999999999},1.4,1.76,"{'1': {'start': 1.4000000000000001, 'end': 1.76}}",Action
9,16,0x53,1,1.460022,Match,Match,uuuuubbul,0,"{'1': 22.79566675332338, '2': 22.79566675332338}",[],[],0.0,{},{},0.0,1.460022,{},Action
9,17,0x53,1,2.062378,Match,Match,rbbbbbbub,180,"{'1': 119.38859950122885, '2': 299.38859950122884}","[0.0, 2.7, 6.8, 10.89, 14.99, 19.1, 23.24, 27.38, 31.53, 35.68, 39.84, 44.06, 48.36, 52.65, 57.02, 61.47, 65.99, 70.57, 75.17, 79.78, 84.39, 89.0, 93.63, 98.27, 102.92, 107.62, 112.34, 117.07, 121.79, 126.52, 131.25, 135.97, 140.7, 145.42, 150.15, 154.87, 159.6]","[0.9625244, 0.9764404, 0.9903564, 1.00415, 1.018066, 1.032166, 1.045776, 1.059998, 1.07373, 1.087524, 1.10144, 1.115417, 1.129272, 1.143127, 1.157166, 1.171326, 1.184814, 1.198853, 1.212463, 1.226501, 1.240295, 1.254089, 1.268311, 1.281921, 1.295776, 1.309875, 1.323975, 1.337402, 1.351624, 1.365173, 1.379089, 1.393127, 1.406921, 1.420715, 1.434753, 1.448547, 1.462341]",1.0,{'1': 158.79726475279108},{'1': 0.5099999999999999},0.95,1.46,"{'1': {'start': 0.9500000000000001, 'end': 1.46}}",Action
9,18,0x53,1,3.739197,Match,Match,ffuubrrrr,180,"{'1': 246.0631387963874, '2': 66.06313879638742}","[0.0, 359.4, 354.64, 349.87, 345.27, 340.68, 336.08, 331.49, 326.89, 322.3, 317.71, 313.11, 308.51, 303.88, 299.24, 294.58, 289.93, 285.27, 280.62, 275.97, 271.32, 266.66, 261.99, 257.28, 252.57, 247.86, 243.15, 238.44, 233.72, 229.01, 224.1, 223.19, 221.6, 219.89, 218.07, 217.37]","[1.27832, 1.292358, 1.30603, 1.320007, 1.333923, 1.347839, 1.361633, 1.375549, 1.389404, 1.403259, 1.417419, 1.431274, 1.445374, 1.458801, 1.472656, 1.486633, 1.500366, 1.514282, 1.528564, 1.542175, 1.55603, 1.570068, 1.58374, 1.597656, 1.611755, 1.625732, 1.639221, 1.65332, 1.667297, 1.681152, 2.278076, 2.291992, 2.305725, 2.319641, 2.333557, 2.347473]",1.0,{'1': 131.06277924827953},{'1': 0.41999999999999993},1.27,1.69,"{'1': {'start': 1.27, 'end': 1.69}}",Action
9,19,0x53,1,1.488647,Mismatch,Match,lllbbbluu,180,"{'1': 321.44355220255096, '2': 141.44355220255096}",[],[],0.0,{},{},0.0,1.488647,{},Action
9,20,0x53,1,1.932556,Match,Match,lbbddllll,60,"{'1': 290.0181337619581, '2': 350.0181337619581}","[0.0, 359.61, 357.17, 352.32, 347.49, 342.69, 337.9, 333.12, 328.34, 323.56, 318.78, 314.0, 309.22, 304.44, 299.66, 298.32]","[1.222168, 1.235962, 1.249817, 1.263611, 1.27771, 1.291626, 1.305237, 1.319214, 1.333191, 1.346985, 1.361023, 1.374939, 1.388855, 1.402832, 1.416504, 1.43042]",1.0,{'1': 61.639557344064386},{'1': 0.20999999999999996},1.22,1.43,"{'1': {'start': 1.22, 'end': 1.43}}",Action
9,21,0x53,1,2.25531,Match,Match,bdddbllll,60,"{'1': 110.46167343626001, '2': 50.461673436260014}","[0.0, 0.39, 2.7, 7.36, 12.03, 16.69, 21.35, 26.01, 30.67, 35.32, 39.98, 44.63, 48.68, 52.88, 57.08, 61.29]","[1.016907, 1.030518, 1.044495, 1.058289, 1.072205, 1.086121, 1.100098, 1.114014, 1.127991, 1.141602, 1.15564, 1.949707, 1.963928, 1.979065, 1.991577, 2.005554]",2.0,"{'1': 40.00553185058691, '2': 15.043927999087728}","{'1': 0.1499999999999999, '2': 0.06000000000000005}",1.01,2.0,"{'1': {'start': 1.01, 'end': 1.16}, '2': {'start': 1.94, 'end': 2.0}}",Action
9,22,0x53,1,2.493103,Match,Match,lbbddllll,120,"{'1': 313.4383765630722, '2': 193.43837656307218}","[0.0, 0.99, 5.42, 9.85, 14.28, 18.72, 23.15, 27.58, 32.01, 36.45, 40.88, 45.31, 49.74, 54.17, 58.6, 63.02, 67.45, 71.88, 76.3, 80.73, 85.16, 89.59, 94.01, 98.44, 102.86, 107.29, 111.72, 116.14, 120.57, 125.0, 129.43]","[1.171692, 1.185547, 1.199463, 1.21344, 1.227722, 1.241211, 1.254944, 1.270203, 1.282776, 1.29657, 1.310486, 1.32428, 1.338501, 1.352173, 1.366028, 1.379883, 1.393921, 1.407654, 1.421631, 1.435669, 1.449402, 1.463196, 1.477295, 1.491028, 1.504822, 1.51886, 1.532654, 1.546509, 1.560364, 1.574463, 1.588074]",1.0,{'1': 126.80213871133645},{'1': 0.42000000000000015},1.16,1.58,"{'1': {'start': 1.16, 'end': 1.58}}",Action
9,23,0x53,1,2.2547,Match,Match,dbbbblllu,180,"{'1': 120.4475482455058, '2': 300.4475482455058}","[0.0, 1.67, 6.44, 11.2, 15.96, 20.72, 25.49, 30.26, 35.03, 39.78, 44.53, 49.26, 53.99, 58.66, 63.3, 67.94, 72.57, 77.2, 81.83, 86.45, 91.07, 95.7, 100.32, 104.94, 109.56, 114.18, 118.8, 123.42, 128.04, 132.65, 137.27, 141.89, 146.51, 151.13]","[1.227051, 1.240967, 1.254883, 1.268738, 1.282776, 1.296631, 1.310608, 1.324341, 1.338379, 1.352112, 1.366272, 1.380005, 1.39386, 1.407593, 1.421448, 1.435425, 1.449219, 1.463135, 1.477173, 1.490967, 1.5047, 1.518982, 1.532532, 1.54657, 1.560608, 1.57428, 1.588013, 1.602112, 1.615967, 1.629883, 1.643677, 1.657715, 1.671448, 1.685364]",1.0,{'1': 149.3491951710261},{'1': 0.47},1.21,1.68,"{'1': {'start': 1.21, 'end': 1.68}}",Action
9,24,0x53,1,3.638062,Match,Match,ffuubllll,120,"{'1': 53.69971929843738, '2': 293.69971929843734}","[0.0, 0.46, 1.56, 3.08, 4.62, 6.2, 10.24, 15.16, 20.07, 24.98, 29.9, 34.82, 39.73, 44.65, 49.57, 54.48, 59.08, 63.68, 65.03, 69.95, 74.86, 79.77, 84.69, 89.6, 94.51, 99.43, 104.36, 109.32]","[1.455017, 1.468994, 1.483093, 1.496582, 1.510498, 1.524414, 1.53833, 1.552063, 1.566284, 1.580078, 1.593994, 1.607605, 1.621826, 1.635437, 1.649475, 1.663269, 1.677124, 2.166077, 2.180237, 2.194214, 2.207947, 2.221497, 2.235779, 2.249695, 2.263733, 2.277283, 2.291382, 2.305176]",2.0,"{'1': 59.10705699729831, '2': 43.93008149611537}","{'1': 0.22999999999999998, '2': 0.15000000000000036}",1.45,2.3000000000000003,"{'1': {'start': 1.45, 'end': 1.68}, '2': {'start': 2.15, 'end': 2.3000000000000003}}",Action
9,25,0x53,1,2.105164,Mismatch,Mismatch,ffuubllll,120,"{'1': 68.71080515486847, '2': 308.71080515486847}","[0.0, 2.27, 7.12, 11.89, 16.65, 21.39, 26.12, 30.77, 35.4, 39.91, 44.42, 48.93, 53.44, 57.95, 62.45, 66.96, 71.46, 75.97, 80.48, 84.98, 89.48, 93.99, 98.49, 102.99, 107.5]","[1.352234, 1.366272, 1.380188, 1.393982, 1.407837, 1.421753, 1.435547, 1.449585, 1.477661, 1.491699, 1.506226, 1.520569, 1.535156, 1.549011, 1.562805, 1.576965, 1.590759, 1.604431, 1.621582, 1.632568, 1.64563, 1.659058, 1.673462, 1.687744, 1.701477]",1.0,{'1': 107.01494429476445},{'1': 0.3599999999999999},1.34,1.7,"{'1': {'start': 1.34, 'end': 1.7}}",Action
9,26,0x53,1,1.383728,Mismatch,Mismatch,bdddllbbb,60,"{'1': 317.4266219482024, '2': 257.4266219482024}",[],[],0.0,{},{},0.0,1.383728,{},Action
9,27,0x53,1,1.215515,Mismatch,Mismatch,rbbbbbbub,180,"{'1': 287.98179334569033, '2': 107.9817933456903}",[],[],0.0,{},{},0.0,1.215515,{},Action
9,28,0x53,1,1.852356,Mismatch,Mismatch,bdddbllll,120,"{'1': 150.3862870150383, '2': 270.3862870150383}",[],[],0.0,{},{},0.0,1.852356,{},Action
9,29,0x53,1,4.737183,Match,Mismatch,dbbbblllu,180,"{'1': 120.42882292561097, '2': 300.428822925611}","[0.0, 0.95, 5.53, 10.05, 14.55, 19.05, 23.55, 28.04, 32.54, 37.03, 41.52, 46.01, 50.48, 52.29, 53.25, 55.83, 60.5, 65.15, 69.79, 74.44, 79.08, 83.72, 88.36, 93.0, 97.64, 101.8]","[2.889832, 2.904175, 2.918335, 2.932007, 2.944946, 2.959167, 2.973206, 2.986694, 3.001343, 3.015259, 3.028748, 3.042786, 3.05658, 3.389771, 3.404114, 3.418091, 3.431824, 3.445129, 3.459229, 3.473267, 3.486877, 3.501404, 3.51532, 3.528748, 3.542847, 3.556885]",2.0,"{'1': 50.4985785330336, '2': 47.52278855512401}","{'1': 0.18000000000000016, '2': 0.17000000000000037}",2.88,3.5500000000000003,"{'1': {'start': 2.88, 'end': 3.06}, '2': {'start': 3.38, 'end': 3.5500000000000003}}",Action
9,30,0x53,1,1.777588,Mismatch,Mismatch,ffffuulff,120,"{'1': 123.54031246384658, '2': 243.5403124638466}",[],[],0.0,{},{},0.0,1.777588,{},Action
9,31,0x53,1,2.825378,Mismatch,Mismatch,lllbbbluu,60,"{'1': 46.12999662160868, '2': 106.12999662160868}","[0.0, 0.0, 0.73, 2.94, 7.46, 11.91, 16.37, 20.81, 25.26, 29.7, 34.15, 38.6, 43.04, 47.49, 51.95]","[1.560791, 1.575134, 1.589111, 1.603088, 1.616638, 1.630554, 1.645691, 1.658386, 1.672302, 1.686462, 1.699951, 1.714172, 1.728088, 1.741638, 1.755737]",1.0,{'1': 50.13518902049789},{'1': 0.18999999999999995},1.56,1.75,"{'1': {'start': 1.56, 'end': 1.75}}",Action
9,32,0x53,1,1.44519,Mismatch,Mismatch,uuuubbbur,180,"{'1': 250.95775288655915, '2': 70.95775288655913}",[],[],0.0,{},{},0.0,1.44519,{},Action
9,33,0x53,1,2.530212,Mismatch,Mismatch,lllbbbubb,60,"{'1': 251.94154247038333, '2': 311.9415424703833}","[0.0, 4.04, 8.21, 12.37, 16.54, 20.7, 24.87, 29.04, 33.2, 37.4, 36.69, 32.21, 27.77, 23.38, 19.04, 14.7, 10.38, 6.06, 1.73, 357.41, 353.09, 348.77, 344.44, 340.12, 335.8, 331.48, 327.16, 322.83, 318.51, 314.19, 310.27]","[1.416931, 1.430725, 1.44458, 1.458557, 1.472412, 1.486328, 1.500122, 1.514221, 1.527954, 1.76593, 1.781982, 1.794861, 1.807373, 1.821655, 1.835693, 1.84906, 1.863403, 1.87738, 1.891052, 1.905029, 1.919189, 1.932678, 1.946899, 1.961121, 1.974609, 1.988159, 2.002747, 2.016418, 2.030273, 2.044312, 2.058167]",2.0,"{'1': 33.236109523649446, '2': -35.23216801649051}","{'1': 0.1299999999999999, '2': 0.13000000000000012}",1.4,1.89,"{'1': {'start': 1.4000000000000001, 'end': 1.53}, '2': {'start': 1.76, 'end': 1.8900000000000001}}",Action
9,34,0x53,1,2.802185,Mismatch,Mismatch,bbbdddrrb,180,"{'1': 324.9394843715521, '2': 144.9394843715521}","[0.0, 4.19, 8.58, 12.97, 17.36, 21.75, 26.14, 30.53, 34.92, 39.31, 43.7, 48.09, 52.49, 56.88, 61.28, 65.67, 70.07, 74.47, 78.87, 83.29, 87.88, 92.64, 94.29, 92.77, 88.09, 83.43, 78.8, 74.2, 69.52, 64.84, 60.16]","[1.78772, 1.801941, 1.815735, 1.829834, 1.843933, 1.858093, 1.871216, 1.885193, 1.899048, 1.912598, 1.927124, 1.940918, 1.954712, 1.968872, 1.982544, 1.996338, 2.01062, 2.024414, 2.038269, 2.051697, 2.065918, 2.079895, 2.454712, 2.468933, 2.482849, 2.49646, 2.510376, 2.524353, 2.53833, 2.551941, 2.565979]",2.0,"{'1': 92.64046222556608, '2': -32.071951651388694}","{'1': 0.31000000000000005, '2': 0.1200000000000001}",1.77,2.56,"{'1': {'start': 1.77, 'end': 2.08}, '2': {'start': 2.44, 'end': 2.56}}",Action
9,35,0x53,1,3.252625,Mismatch,Mismatch,uubbbrrrb,180,"{'1': 133.55372738747295, '2': 313.5537273874729}","[0.0, 0.24, 0.65, 1.15, 1.64, 2.13, 2.62, 2.62, 2.8, 2.8, 3.07, 5.29, 10.02, 14.73, 19.38, 24.02, 28.61, 33.12, 37.58, 42.03, 46.45, 50.86, 55.26, 59.65, 64.05, 68.45, 72.85, 77.26, 81.68]","[1.557556, 1.571899, 1.585632, 1.599548, 1.613464, 1.627808, 1.64093, 1.655212, 1.669312, 1.682678, 1.696472, 1.713562, 1.724548, 1.737854, 1.752258, 1.76593, 1.78009, 1.79425, 1.808105, 1.821533, 1.835815, 1.849915, 1.86322, 1.877625, 1.891235, 1.904846, 1.918945, 1.932922, 1.946716]",1.0,{'1': 76.72799768015079},{'1': 0.26},1.68,1.94,"{'1': {'start': 1.68, 'end': 1.94}}",Action
9,36,0x53,1,2.11499,Mismatch,Mismatch,rrrbbbddb,180,"{'1': 319.0383982967115, '2': 139.03839829671148}",[],[],0.0,{},{},0.0,2.11499,{},Action
9,37,0x53,1,1.443787,Mismatch,Mismatch,rbbbbbldd,60,"{'1': 301.1114318946326, '2': 241.11143189463255}",[],[],0.0,{},{},0.0,1.443787,{},Action
9,38,0x53,1,3.344238,Mismatch,Mismatch,ffuubrrrr,120,"{'1': 71.06412712366583, '2': 311.0641271236658}","[0.0, 0.0, 3.98, 8.03, 12.07, 16.12, 20.17, 24.21, 28.26, 32.31, 36.35, 40.4, 44.45, 48.5, 52.55, 56.6, 60.69, 64.79, 68.92, 73.06, 77.21, 81.41, 85.62, 89.83, 94.05, 98.27, 102.48, 106.7, 110.94, 115.18, 119.44, 123.78]","[1.230469, 1.452698, 1.466675, 1.480469, 1.494202, 1.508301, 1.522095, 1.535889, 1.549805, 1.563904, 1.577515, 1.591492, 1.605591, 1.619141, 1.63324, 1.647034, 1.660889, 1.674927, 1.689087, 1.702576, 1.716553, 1.730408, 1.744507, 1.758118, 1.772156, 1.78595, 1.799988, 1.813721, 1.827515, 1.841614, 1.855408, 1.869202]",1.0,{'1': 120.88477888937223},{'1': 0.42000000000000015},1.44,1.86,"{'1': {'start': 1.44, 'end': 1.86}}",Action
9,39,0x53,1,2.659241,Match,Mismatch,dbbbblllu,180,"{'1': 43.07744783552395, '2': 223.07744783552394}","[0.0, 0.49, 3.74, 8.53, 13.3, 18.04, 22.77, 27.51, 32.24, 36.98, 41.71, 46.45, 51.18, 55.92, 60.66, 65.39, 70.13, 74.86, 79.6, 84.34, 89.07, 93.81, 98.54, 103.27, 107.98, 112.66, 117.33, 121.99, 126.64, 131.29, 135.94, 140.59]","[1.295654, 1.309265, 1.323303, 1.337158, 1.351196, 1.364746, 1.378967, 1.3927, 1.406555, 1.420471, 1.434265, 1.44812, 1.462219, 1.476013, 1.489746, 1.503784, 1.517639, 1.531433, 1.54541, 1.559448, 1.573181, 1.587219, 1.60083, 1.614929, 1.628601, 1.6427, 1.656616, 1.670349, 1.684204, 1.698059, 1.712036, 1.725891]",1.0,{'1': 138.6128690003609},{'1': 0.42999999999999994},1.29,1.72,"{'1': {'start': 1.29, 'end': 1.72}}",Action
9,40,0x53,1,2.067017,Mismatch,Mismatch,llbbbbbru,60,"{'1': 226.38746715426137, '2': 166.38746715426137}",[],[],0.0,{},{},0.0,2.067017,{},Action
9,41,0x53,1,1.872437,Mismatch,Mismatch,rrrrbbbdr,60,"{'1': 320.23845503998274, '2': 260.23845503998274}",[],[],0.0,{},{},0.0,1.872437,{},Action
9,42,0x53,1,2.410217,Mismatch,Mismatch,ffuuuurrf,60,"{'1': 337.9353354365787, '2': 277.9353354365787}","[0.0, 4.06, 8.32, 12.58, 16.83, 21.09, 25.34, 29.6, 33.86, 38.11, 42.37]","[1.632263, 1.645874, 1.658997, 1.67334, 1.687195, 1.70105, 1.715149, 1.729187, 1.74292, 1.757019, 1.771301]",1.0,{'1': 41.9819409046352},{'1': 0.1499999999999999},1.62,1.77,"{'1': {'start': 1.62, 'end': 1.77}}",Action
9,43,0x53,1,2.257813,Mismatch,Mismatch,bbbdddrrb,0,"{'1': 313.7327226811985, '2': 313.7327226811985}","[0.0, 0.0, 359.19, 356.52, 351.61, 346.7, 341.8, 336.89, 331.98, 327.08, 322.17, 317.27, 312.36, 307.45, 302.55, 297.64, 292.74, 287.83, 282.93, 278.04, 273.14, 268.28, 263.45, 258.62, 253.79, 248.96, 244.13, 239.32, 234.5, 229.69, 224.88, 220.08, 215.28, 210.48, 205.67, 200.87, 196.07, 191.27]","[1.380371, 1.394104, 1.407959, 1.421814, 1.435852, 1.449585, 1.463623, 1.477478, 1.491272, 1.505066, 1.519104, 1.532837, 1.546753, 1.560852, 1.574463, 1.588501, 1.602356, 1.616394, 1.630127, 1.644165, 1.657898, 1.671936, 1.685608, 1.699524, 1.713379, 1.727356, 1.741333, 1.755127, 1.768982, 1.782776, 1.796753, 1.810669, 1.824646, 1.83844, 1.852356, 1.86615, 1.88031, 1.893921]",1.0,{'1': 167.34723605906993},{'1': 0.51},1.38,1.89,"{'1': {'start': 1.3800000000000001, 'end': 1.8900000000000001}}",Action
9,44,0x53,1,2.494019,Mismatch,Mismatch,llbbbbbru,60,"{'1': 23.32066732196461, '2': 323.3206673219646}","[0.0, 359.57, 354.7, 349.83, 344.86, 339.9, 334.95, 330.0, 325.04, 320.08, 315.13, 310.17, 305.23, 300.3, 295.39, 290.49, 285.59, 280.69, 275.83, 271.0, 266.17]","[1.630127, 1.644409, 1.658203, 1.671936, 1.685791, 1.699646, 1.713379, 1.727417, 1.741577, 1.755249, 1.769043, 1.783081, 1.796753, 1.810852, 1.824585, 1.838623, 1.852539, 1.866211, 1.880127, 1.894043, 1.907959]",1.0,{'1': 91.06757042253527},{'1': 0.28},1.62,1.9,"{'1': {'start': 1.62, 'end': 1.9000000000000001}}",Action
9,45,0x53,1,1.542175,Mismatch,Mismatch,ffuubrrrr,0,"{'1': 215.3296192682413, '2': 215.3296192682413}",[],[],0.0,{},{},0.0,1.542175,{},Action
9,46,0x53,1,1.352356,Mismatch,Mismatch,uuuubbbur,120,"{'1': 203.66296698343888, '2': 323.6629669834389}",[],[],0.0,{},{},0.0,1.352356,{},Action
9,47,0x53,1,1.80603,Mismatch,Mismatch,lllbbbubb,0,"{'1': 143.35641650229175, '2': 143.35641650229175}",[],[],0.0,{},{},0.0,1.80603,{},Action
9,48,0x53,1,1.300415,Mismatch,Mismatch,bddrbbbbb,180,"{'1': 338.63684917888776, '2': 158.6368491788878}",[],[],0.0,{},{},0.0,1.300415,{},Action
9,49,0x53,1,2.355774,Mismatch,Mismatch,dbbbblllu,180,"{'1': 35.33581675511868, '2': 215.33581675511869}","[0.0, 0.19, 4.64, 9.13, 13.63, 18.12, 22.62, 27.11, 31.6, 36.1, 40.6, 45.09, 49.59, 54.08, 58.58, 63.07, 67.57, 72.06, 76.56, 81.05, 85.55, 90.04, 94.53, 99.03, 103.52, 108.02, 112.51]","[0.9642944, 0.9782715, 0.9921265, 1.00592, 1.019836, 1.033875, 1.047729, 1.061584, 1.075439, 1.089355, 1.103088, 1.117065, 1.130859, 1.144775, 1.158691, 1.172546, 1.186584, 1.200317, 1.214539, 1.228271, 1.242126, 1.255859, 1.269775, 1.28363, 1.297424, 1.311462, 1.325256]",1.0,{'1': 110.79915180513271},{'1': 0.3600000000000001},0.96,1.32,"{'1': {'start': 0.96, 'end': 1.32}}",Action
10,0,0x51,2,1.295959,Match,Match,ffuubrrrr,60,"{'1': 195.70386133680432, '2': 255.70386133680432}",[],[],0.0,{},{},0.0,1.295959,{},Action
10,1,0x51,2,1.423492,Match,Match,uuuubbbur,0,"{'1': 312.7701316383542, '2': 312.7701316383542}",[],[],0.0,{},{},0.0,1.423492,{},Action
10,2,0x51,2,1.369232,Match,Match,lllllbbul,60,"{'1': 29.341280998280244, '2': 329.34128099828024}","[0.0, 1.14, 4.2, 7.44, 12.22, 16.98, 21.74, 26.49, 31.25, 36.01, 40.77, 45.53, 50.29, 55.05, 59.84, 64.67]","[0.8277283, 0.8416443, 0.8555298, 0.8695374, 0.8833313, 0.8971863, 0.9109192, 0.9249268, 0.9388123, 0.9526672, 0.9666748, 0.9805298, 0.9942932, 1.008331, 1.022278, 1.03595]",1.0,{'1': 62.568003218256315},{'1': 0.20999999999999996},0.8200000000000001,1.03,"{'1': {'start': 0.8200000000000001, 'end': 1.03}}",Action
10,3,0x51,2,1.227478,Match,Match,ffuubrrrr,0,"{'1': 330.69031886933465, '2': 330.69031886933465}",[],[],0.0,{},{},0.0,1.227478,{},Action
10,4,0x51,2,1.327881,Match,Match,ffuubrrrr,60,"{'1': 214.93411190802072, '2': 154.93411190802072}","[0.0, 0.33, 1.98, 4.87, 7.84, 10.88, 13.93, 17.0, 19.9]","[1.011292, 1.025391, 1.039001, 1.053406, 1.067261, 1.07373, 1.088196, 1.105591, 1.119446]",1.0,{'1': 17.92285095633348},{'1': 0.10000000000000009},1.01,1.11,"{'1': {'start': 1.01, 'end': 1.11}}",Action
10,5,0x51,2,1.450989,Match,Match,lllbbbluu,60,"{'1': 239.73272467503972, '2': 179.73272467503972}","[0.0, 0.98, 4.06, 9.01, 13.95, 18.89, 23.84, 28.78, 33.72, 38.67, 43.62, 48.57, 53.52, 58.49, 63.45, 68.42, 73.39, 78.36, 83.33, 88.3, 93.28, 98.25, 101.12]","[0.8424683, 0.8567505, 0.8709106, 0.8842773, 0.8981323, 0.9121704, 0.9261475, 0.9328613, 0.9398804, 0.9514771, 0.9649048, 0.9788818, 0.9926758, 1.006653, 1.020508, 1.034363, 1.048706, 1.062256, 1.076172, 1.090149, 1.103882, 1.117737, 1.131531]",1.0,{'1': 100.8014578802378},{'1': 0.30000000000000004},0.8300000000000001,1.13,"{'1': {'start': 0.8300000000000001, 'end': 1.1300000000000001}}",Action
10,6,0x51,2,1.187836,Match,Match,uubbbrrrb,60,"{'1': 244.97895433135304, '2': 304.97895433135307}","[0.0, 0.41, 1.85, 4.97, 9.91, 14.85, 19.79, 24.72, 29.66, 34.61]","[0.6906128, 0.7043762, 0.7185364, 0.7327576, 0.7461853, 0.7601318, 0.7744141, 0.7876282, 0.8018799, 0.8156433]",1.0,{'1': 32.58038994725143},{'1': 0.13},0.68,0.81,"{'1': {'start': 0.68, 'end': 0.81}}",Action
10,7,0x51,2,1.559814,Match,Match,ffuulllbb,120,"{'1': 52.410378767534695, '2': 172.4103787675347}","[0.0, 359.68, 358.01, 353.05, 348.09, 343.13, 338.17, 333.21, 328.25, 323.29, 318.34, 313.38, 308.42, 303.46, 298.5, 293.54, 288.58, 283.62, 278.66, 273.7, 268.74, 263.78, 258.82, 253.86]","[0.8238525, 0.837616, 0.8516235, 0.8654175, 0.8792419, 0.8932495, 0.907135, 0.9211426, 0.934845, 0.9487915, 0.9626465, 0.9766541, 0.990448, 1.004578, 1.018158, 1.032257, 1.046021, 1.059937, 1.073608, 1.088104, 1.101532, 1.115326, 1.129395, 1.146454]",1.0,{'1': 104.26346327451787},{'1': 0.32000000000000006},0.8200000000000001,1.14,"{'1': {'start': 0.8200000000000001, 'end': 1.1400000000000001}}",Action
10,8,0x51,2,1.283081,Match,Match,bddrbbbbb,60,"{'1': 335.1505592833017, '2': 35.15055928330166}","[0.0, 359.64, 357.54, 353.38, 348.38, 343.38, 338.38, 333.38, 328.38, 323.38, 318.38, 313.38, 308.38, 303.39, 298.4]","[0.7999573, 0.8137512, 0.8278503, 0.8419189, 0.8482361, 0.8557739, 0.8665771, 0.8803406, 0.8942566, 0.9082031, 0.9220886, 0.9359741, 0.949707, 0.963623, 0.9776917]",1.0,{'1': 58.87184579954082},{'1': 0.17999999999999994},0.79,0.97,"{'1': {'start': 0.79, 'end': 0.97}}",Action
10,9,0x51,2,1.674927,Match,Match,ffuubllll,0,"{'1': 32.44403157116473, '2': 32.44403157116473}",[],[],0.0,{},{},0.0,1.674927,{},Action
10,10,0x51,2,1.703735,Match,Match,lllbbbubb,120,"{'1': 290.95635263390704, '2': 50.95635263390707}","[0.0, 0.0, 359.63, 358.48, 356.47, 353.69, 350.9, 346.19, 341.21, 336.23, 331.25, 326.27, 321.3, 316.34, 311.38, 306.42, 301.47]","[1.007172, 1.020721, 1.03476, 1.048676, 1.062439, 1.076385, 1.090332, 1.104095, 1.118011, 1.131989, 1.145844, 1.159637, 1.173492, 1.187378, 1.201324, 1.215363, 1.229156]",1.0,{'1': 55.244115855868905},{'1': 0.19999999999999996},1.02,1.22,"{'1': {'start': 1.02, 'end': 1.22}}",Action
10,11,0x51,2,3.096283,Match,Match,uubbbbruu,180,"{'1': 153.15034768376478, '2': 333.1503476837648}","[0.0, 0.2, 2.93, 7.85, 12.76, 17.67, 22.57, 27.48, 32.39, 37.3, 42.21, 47.12, 52.03, 56.94, 61.85, 66.76, 71.67, 76.58, 81.49, 86.4, 91.31, 96.22, 101.13, 106.04, 110.95, 115.86, 120.77, 125.69, 130.6, 135.51, 140.44, 143.51]","[0.8294678, 0.8434143, 0.8574219, 0.8711243, 0.8850403, 0.8992004, 0.9127197, 0.9267578, 0.9406738, 0.9544067, 0.9684143, 0.9822998, 0.9960938, 1.01004, 1.023987, 1.037781, 1.051819, 1.065552, 1.079559, 1.093323, 1.107178, 1.121063, 1.13504, 1.148834, 1.162964, 1.176727, 1.190399, 1.204254, 1.218414, 1.23233, 1.245972, 1.26004]",1.0,{'1': 143.4936389472051},{'1': 0.42999999999999994},0.8300000000000001,1.26,"{'1': {'start': 0.8300000000000001, 'end': 1.26}}",Action
10,12,0x51,2,1.397858,Match,Match,llbbbbbru,60,"{'1': 195.74437998246947, '2': 255.74437998246947}","[0.0, 359.82, 358.08, 353.91, 348.92, 343.94, 338.95, 333.96, 328.96, 323.97, 318.97, 313.97, 308.97, 303.97, 298.97, 293.98, 288.98, 283.99]","[0.8033447, 0.8177795, 0.8317566, 0.8454285, 0.8593445, 0.8729553, 0.8868713, 0.9005127, 0.9146423, 0.9286804, 0.9421692, 0.9564819, 0.9631348, 0.9701843, 0.9813843, 0.9951172, 1.009125, 1.022919]",1.0,{'1': 74.95404741191824},{'1': 0.21999999999999997},0.8,1.02,"{'1': {'start': 0.8, 'end': 1.02}}",Action
10,13,0x51,2,1.357483,Match,Match,ffuubllll,0,"{'1': 241.0541589520444, '2': 241.0541589520444}","[0.0, 359.75, 358.31, 355.7, 350.74, 345.79, 340.84, 335.89, 330.94, 325.99, 321.04, 316.09, 311.14]","[0.7742615, 0.7879639, 0.8020935, 0.8161011, 0.8297119, 0.8435974, 0.857666, 0.8712463, 0.8853455, 0.8991699, 0.9130554, 0.9269104, 0.9408264]",1.0,{'1': 48.56604484047145},{'1': 0.17000000000000004},0.77,0.94,"{'1': {'start': 0.77, 'end': 0.9400000000000001}}",Action
10,14,0x51,2,1.090088,Match,Match,bbbdddrrb,60,"{'1': 107.48231495232719, '2': 47.48231495232719}",[],[],0.0,{},{},0.0,1.090088,{},Action
10,15,0x51,2,2.34613,Match,Match,bbdddbrrr,120,"{'1': 249.4264059133822, '2': 129.4264059133822}","[0.0, 0.0, 0.0, 0.0, 0.24, 0.67, 2.3, 6.89, 11.89, 16.88, 21.88, 26.88, 31.87, 36.87, 41.87, 46.86, 51.84, 56.83, 61.81, 66.79, 71.77, 76.75, 81.73, 86.72, 91.69, 96.67, 101.63, 106.57, 111.5, 116.43, 121.35]","[1.260315, 1.274841, 1.289185, 1.304016, 1.318298, 1.33197, 1.345703, 1.359985, 1.374146, 1.387512, 1.401733, 1.415955, 1.42926, 1.443542, 1.457458, 1.47168, 1.485107, 1.499084, 1.513123, 1.526733, 1.540955, 1.554932, 1.56842, 1.582581, 1.596619, 1.610168, 1.62439, 1.638306, 1.652222, 1.665833, 1.680115]",1.0,{'1': 121.20982635485223},{'1': 0.3699999999999999},1.31,1.68,"{'1': {'start': 1.31, 'end': 1.68}}",Action
10,16,0x51,2,1.325684,Match,Match,uuuuubbul,0,"{'1': 22.79566675332338, '2': 22.79566675332338}","[0.0, 0.0, 1.16, 4.02, 8.98, 13.93, 18.89, 23.84, 28.79, 33.75]","[0.8949585, 0.9089966, 0.9227905, 0.9366455, 0.9506226, 0.9644775, 0.9782715, 0.9922485, 1.006104, 1.019897]",1.0,{'1': 30.191012107590776},{'1': 0.10999999999999999},0.9,1.01,"{'1': {'start': 0.9, 'end': 1.01}}",Action
10,17,0x51,2,1.787628,Match,Match,rbbbbbbub,180,"{'1': 119.38859950122885, '2': 299.38859950122884}","[0.0, 359.04, 354.18, 349.18, 344.18, 339.18, 334.19, 329.21, 324.23, 319.25, 314.27, 309.29, 304.31, 299.33, 294.35, 289.37, 284.39, 279.41, 274.43, 269.45, 264.47, 259.49, 254.51, 249.53, 244.55, 239.57, 234.59, 229.62, 224.64, 219.66, 214.67, 209.69, 204.7, 199.7]","[0.7067871, 0.7213745, 0.7352295, 0.7485962, 0.7630005, 0.7768555, 0.7904968, 0.8041077, 0.8182678, 0.8326416, 0.8459473, 0.8596802, 0.8738098, 0.8873291, 0.9015198, 0.9085388, 0.9150696, 0.9270325, 0.9406738, 0.9545898, 0.9682312, 0.9821777, 0.9962158, 1.010193, 1.023804, 1.037689, 1.051605, 1.065643, 1.079559, 1.093475, 1.1073, 1.121277, 1.135071, 1.148682]",1.0,{'1': 157.11066784218653},{'1': 0.44000000000000006},0.7000000000000001,1.14,"{'1': {'start': 0.7000000000000001, 'end': 1.1400000000000001}}",Action
10,18,0x51,2,1.578613,Match,Match,ffuubrrrr,180,"{'1': 246.0631387963874, '2': 66.06313879638742}","[0.0, 0.6, 2.36, 5.32, 10.15, 15.1, 20.05, 25.0, 29.96, 34.91, 39.86, 44.81, 49.77, 54.72, 59.67, 64.62, 69.58, 74.53, 79.48, 84.43, 89.39, 94.34, 99.29, 104.24, 109.2, 114.15, 119.1, 124.06, 129.01, 133.96, 138.91, 143.87, 148.82, 153.77, 158.73]","[0.8147888, 0.8288269, 0.8427429, 0.8565369, 0.8703613, 0.8842163, 0.8981628, 0.9119568, 0.9259033, 0.9397583, 0.9536438, 0.967804, 0.9815063, 0.9953003, 1.009094, 1.023163, 1.037018, 1.050964, 1.064819, 1.07901, 1.092529, 1.106476, 1.120239, 1.134308, 1.14798, 1.162079, 1.17572, 1.18988, 1.203583, 1.217499, 1.231445, 1.245331, 1.259186, 1.273041, 1.287018]",1.0,{'1': 156.23953137296988},{'1': 0.47},0.81,1.28,"{'1': {'start': 0.81, 'end': 1.28}}",Action
10,19,0x51,2,3.645172,Match,Match,lllbbbluu,180,"{'1': 321.44355220255096, '2': 141.44355220255096}","[0.0, 0.25, 1.29, 4.32, 9.26, 14.2, 19.14, 24.07, 29.01, 33.95, 38.89, 43.82, 48.76, 53.7, 58.64, 63.58, 68.52, 73.46, 78.4, 83.34, 88.28, 91.26, 92.26, 92.26, 92.26, 92.63, 93.37, 94.53, 95.79, 97.17, 98.64, 100.17, 101.93, 103.93, 106.16, 108.75, 112.11, 115.64, 119.2, 122.77, 125.84, 128.92, 131.32, 133.62, 135.9, 138.17, 140.39, 142.36]","[0.8786926, 0.8929138, 0.9065552, 0.9206238, 0.9346008, 0.9482727, 0.9620667, 0.9760132, 0.9900208, 1.003754, 1.017639, 1.031616, 1.045471, 1.059387, 1.073364, 1.087036, 1.101105, 1.114838, 1.128723, 1.142548, 1.156738, 1.170471, 2.867371, 2.881592, 2.895599, 2.909241, 2.922546, 2.936768, 2.950867, 2.964325, 2.978638, 2.992828, 3.006317, 3.020294, 3.034332, 3.048431, 3.061981, 3.076172, 3.090088, 3.103241, 3.117249, 3.131348, 3.144897, 3.159363, 3.173492, 3.186676, 3.200745, 3.214752]",2.0,"{'1': 91.13481179956472, '2': 49.431659884343546}","{'1': 0.2899999999999999, '2': 0.31999999999999984}",0.88,3.21,"{'1': {'start': 0.88, 'end': 1.17}, '2': {'start': 2.89, 'end': 3.21}}",Action
10,20,0x51,2,1.440369,Match,Match,lbbddllll,60,"{'1': 290.0181337619581, '2': 350.0181337619581}","[0.0, 359.81, 357.46, 353.1, 348.28, 343.46, 338.64, 333.83, 329.01, 324.2, 319.37, 314.52, 309.55, 305.29]","[0.9820862, 0.9960022, 1.009918, 1.023834, 1.037659, 1.051605, 1.06543, 1.079254, 1.093231, 1.107208, 1.121124, 1.134918, 1.148865, 1.162476]",1.0,{'1': 53.93505620454038},{'1': 0.17999999999999994},0.98,1.16,"{'1': {'start': 0.98, 'end': 1.16}}",Action
10,21,0x51,2,1.34259,Match,Match,bdddbllll,60,"{'1': 110.46167343626001, '2': 50.461673436260014}","[0.0, 0.0, 1.08, 3.74, 8.73, 13.73, 18.73, 23.73, 28.73, 33.73, 38.72, 43.72, 48.72, 53.72, 58.72, 63.72, 68.72]","[0.6641235, 0.6785278, 0.6925659, 0.7064209, 0.7203369, 0.7342529, 0.7481079, 0.7617188, 0.7758789, 0.789856, 0.8032837, 0.8174438, 0.8314819, 0.8452148, 0.859314, 0.87323, 0.8872681]",1.0,{'1': 66.13129497581582},{'1': 0.20999999999999996},0.67,0.88,"{'1': {'start': 0.67, 'end': 0.88}}",Action
10,22,0x51,2,1.579895,Match,Match,lbbddllll,120,"{'1': 313.4383765630722, '2': 193.43837656307218}","[0.0, 0.26, 1.58, 4.63, 9.62, 14.6, 19.57, 24.53, 29.46, 34.39, 39.31, 44.24, 49.16, 54.08, 59.01, 63.93, 68.85, 73.78, 78.7, 83.62, 88.55, 93.47, 98.39, 103.31]","[0.7883911, 0.8023682, 0.8162231, 0.8300781, 0.8438721, 0.8580322, 0.8716431, 0.8857422, 0.8995361, 0.9137573, 0.9271851, 0.9489746, 0.9563599, 0.9689331, 0.9827881, 0.9968872, 1.010559, 1.024719, 1.038391, 1.052063, 1.066162, 1.080078, 1.093872, 1.107849]",1.0,{'1': 100.51716956377284},{'1': 0.31000000000000005},0.79,1.1,"{'1': {'start': 0.79, 'end': 1.1}}",Action
10,23,0x51,2,2.636292,Match,Match,dbbbblllu,180,"{'1': 120.4475482455058, '2': 300.4475482455058}","[0.0, 0.0, 359.79, 359.44, 358.7, 357.4, 354.86, 350.75, 345.75, 340.75, 335.75, 330.75, 325.75, 320.75, 316.67, 314.27, 312.46, 311.19, 310.99, 310.65, 306.66, 301.69, 296.71, 291.73, 286.76, 281.78, 276.8, 271.82, 266.85, 261.87, 256.89, 251.92, 246.94, 241.96, 236.98, 232.0, 227.03, 222.05, 217.07, 212.09, 207.11, 202.14, 197.16, 192.18, 187.2, 182.22, 177.25, 172.27, 167.29, 162.31, 157.34, 152.36, 148.03]","[1.036011, 1.049896, 1.06369, 1.077698, 1.091614, 1.105499, 1.119293, 1.133179, 1.147034, 1.16098, 1.175201, 1.188751, 1.202881, 1.216522, 1.230469, 1.244171, 1.258179, 1.272247, 1.646851, 1.660797, 1.674866, 1.688599, 1.702545, 1.730591, 1.744324, 1.75946, 1.773529, 1.787262, 1.801636, 1.815582, 1.829132, 1.843506, 1.857422, 1.871613, 1.88504, 1.899323, 1.913208, 1.926697, 1.940948, 1.955078, 1.968719, 1.98407, 1.997223, 2.010101, 2.023621, 2.038177, 2.052094, 2.06543, 2.079742, 2.093964, 2.107513, 2.121765, 2.13562]",2.0,"{'1': 48.4533268686377, '2': 100.69960492507496}","{'1': 0.20999999999999996, '2': 0.47999999999999976}",1.06,2.13,"{'1': {'start': 1.06, 'end': 1.27}, '2': {'start': 1.6500000000000001, 'end': 2.13}}",Action
10,24,0x51,2,1.565674,Match,Match,ffuubllll,120,"{'1': 53.69971929843738, '2': 293.69971929843734}","[0.0, 1.12, 4.27, 9.21, 14.14, 19.08, 24.01, 28.95, 33.89, 38.83, 43.77, 48.71, 53.65, 58.6, 63.55, 68.49, 73.45, 78.41, 83.37, 88.33, 93.29, 98.25, 103.22]","[0.7315063, 0.7453308, 0.7592468, 0.7731018, 0.7869263, 0.8008728, 0.8147583, 0.8285522, 0.8425598, 0.8566895, 0.8703308, 0.8842773, 0.8981323, 0.9119873, 0.9258423, 0.9399109, 0.9536133, 0.9676208, 0.9814148, 0.9952087, 1.009247, 1.023132, 1.036896]",1.0,{'1': 100.72994478349318},{'1': 0.31000000000000005},0.72,1.03,"{'1': {'start': 0.72, 'end': 1.03}}",Action
10,25,0x51,2,1.655731,Mismatch,Mismatch,ffuubllll,120,"{'1': 68.71080515486847, '2': 308.71080515486847}","[0.0, 0.0, 1.07, 4.08, 9.06, 14.03, 19.0, 23.97, 28.95, 33.92, 38.89, 43.86, 48.83, 53.8, 58.77, 63.74, 68.71, 73.67, 78.64, 83.61, 83.98]","[0.6977539, 0.7113342, 0.7253113, 0.7392578, 0.7530212, 0.7669067, 0.7808838, 0.7946472, 0.8086548, 0.8224792, 0.8362732, 0.8502808, 0.8641357, 0.8781128, 0.8918762, 0.9057617, 0.9197083, 0.9335327, 0.9473572, 0.9613342, 0.9751892]",1.0,{'1': 83.8414215806568},{'1': 0.2699999999999999},0.7000000000000001,0.97,"{'1': {'start': 0.7000000000000001, 'end': 0.97}}",Action
10,26,0x51,2,1.617432,Mismatch,Mismatch,bdddllbbb,60,"{'1': 317.4266219482024, '2': 257.4266219482024}","[0.0, 359.61, 356.91, 354.22, 349.22, 344.22, 339.22, 334.22, 329.22, 324.22, 319.22, 314.22, 309.23, 304.23]","[0.9367676, 0.9509888, 0.9646606, 0.9784546, 0.9922791, 1.006256, 1.020172, 1.034027, 1.047882, 1.06189, 1.075745, 1.0896, 1.103577, 1.11734]",1.0,{'1': 53.103430211436475},{'1': 0.18000000000000005},0.93,1.11,"{'1': {'start': 0.93, 'end': 1.11}}",Action
10,27,0x51,2,1.965088,Match,Mismatch,rbbbbbbub,180,"{'1': 287.98179334569033, '2': 107.9817933456903}","[0.0, 0.42, 2.08, 4.86, 8.11, 13.11, 18.11, 23.11, 28.11, 33.1, 38.1, 43.1, 48.1, 51.5]","[1.392853, 1.406891, 1.420715, 1.43454, 1.448425, 1.462433, 1.476135, 1.490082, 1.504028, 1.517761, 1.531738, 1.545654, 1.559479, 1.573547]",1.0,{'1': 50.64274950241684},{'1': 0.17999999999999994},1.39,1.57,"{'1': {'start': 1.3900000000000001, 'end': 1.57}}",Action
10,28,0x51,2,1.678986,Mismatch,Mismatch,bdddbllll,120,"{'1': 150.3862870150383, '2': 270.3862870150383}","[0.0, 0.0, 2.04, 7.03, 12.02, 17.01, 22.0, 26.98, 31.95, 36.85, 41.75, 46.65, 51.55, 56.45, 61.35, 66.25, 71.15, 76.05, 80.95, 85.85, 90.75, 95.65, 100.54, 105.43, 110.33, 115.22, 120.11, 125.0, 129.9, 134.79]","[0.9012756, 0.9149475, 0.9291382, 0.9431763, 0.9566345, 0.9705811, 0.984436, 0.9980469, 1.012421, 1.026184, 1.040222, 1.053619, 1.067383, 1.081726, 1.095093, 1.109375, 1.123444, 1.136932, 1.151337, 1.165314, 1.179382, 1.192352, 1.206238, 1.220428, 1.233795, 1.24826, 1.262726, 1.275848, 1.289764, 1.303925]",1.0,{'1': 133.4346402090248},{'1': 0.4},0.9,1.3,"{'1': {'start': 0.9, 'end': 1.3}}",Action
10,29,0x51,2,0.8372803,Match,Mismatch,dbbbblllu,180,"{'1': 120.42882292561097, '2': 300.428822925611}",[],[],0.0,{},{},0.0,0.8372803,{},Action
10,30,0x51,2,1.592285,Mismatch,Mismatch,ffffuulff,120,"{'1': 123.54031246384658, '2': 243.5403124638466}","[0.0, 1.1, 2.91, 7.81, 12.72, 17.63, 22.55, 27.46, 32.4, 37.33, 42.27, 47.22, 52.16, 57.1, 62.04, 66.99, 71.93, 76.87, 81.82, 86.76, 91.71]","[0.9924316, 1.00769, 1.020264, 1.03418, 1.047974, 1.061829, 1.075684, 1.0896, 1.103638, 1.117249, 1.131348, 1.145142, 1.158997, 1.172974, 1.186829, 1.200684, 1.214539, 1.228455, 1.242615, 1.256409, 1.270203]",1.0,{'1': 91.63715311004786},{'1': 0.29000000000000004},0.98,1.27,"{'1': {'start': 0.98, 'end': 1.27}}",Action
10,31,0x51,2,1.631348,Match,Mismatch,lllbbbluu,60,"{'1': 46.12999662160868, '2': 106.12999662160868}","[0.0, 0.0, 0.63, 1.6, 2.57]","[0.9092712, 0.9232178, 0.9371033, 0.9508972, 0.9649048]",0.0,{},{},0.0,1.631348,{},Action
10,32,0x51,2,1.800842,Mismatch,Mismatch,uuuubbbur,180,"{'1': 250.95775288655915, '2': 70.95775288655913}","[0.0, 359.67, 358.35, 356.29, 352.8, 348.21, 343.22, 338.22, 333.22, 328.22, 323.22]","[1.354248, 1.368103, 1.381897, 1.395813, 1.409912, 1.423645, 1.437439, 1.451538, 1.465149, 1.479065, 1.492981]",1.0,{'1': 35.70893072722046},{'1': 0.1399999999999999},1.35,1.49,"{'1': {'start': 1.35, 'end': 1.49}}",Action
10,33,0x51,2,2.007446,Mismatch,Mismatch,lllbbbubb,60,"{'1': 251.94154247038333, '2': 311.9415424703833}","[0.0, 0.0, 359.0, 356.76, 353.17, 348.18, 343.19, 338.21, 333.22, 328.24, 323.25, 318.26, 313.28, 308.29, 303.29, 298.3, 293.3, 288.3, 283.3]","[0.7037964, 0.7183838, 0.7325439, 0.7459106, 0.7596436, 0.7737427, 0.7873535, 0.8010864, 0.8153687, 0.8294067, 0.8425903, 0.8569336, 0.8709717, 0.8843384, 0.8986816, 0.9125977, 0.9260864, 0.9404297, 0.9542236]",1.0,{'1': 75.1690334133204},{'1': 0.2400000000000001},0.71,0.95,"{'1': {'start': 0.71, 'end': 0.9500000000000001}}",Action
10,34,0x51,2,1.297974,Mismatch,Mismatch,bbbdddrrb,180,"{'1': 324.9394843715521, '2': 144.9394843715521}","[0.0, 0.0, 1.75, 4.85, 9.84, 14.83, 19.83, 24.82, 29.82, 34.82, 39.82, 44.81, 49.81, 54.81]","[0.9508057, 0.9649048, 0.9786377, 0.9925537, 1.00647, 1.020264, 1.03418, 1.048279, 1.062012, 1.075867, 1.089661, 1.10376, 1.117432, 1.131348]",1.0,{'1': 54.32566542109805},{'1': 0.18000000000000005},0.95,1.13,"{'1': {'start': 0.9500000000000001, 'end': 1.1300000000000001}}",Action
10,35,0x51,2,1.546143,Match,Mismatch,uubbbrrrb,180,"{'1': 133.55372738747295, '2': 313.5537273874729}","[0.0, 0.0, 5.13, 10.11, 15.06, 19.98, 24.9, 29.77, 34.61, 39.41, 44.19, 48.97, 53.75, 58.53, 63.32, 68.1, 72.88]","[0.893158, 0.907135, 0.9208374, 0.934967, 0.9488525, 0.9624329, 0.9794312, 0.9903564, 1.004272, 1.01825, 1.032227, 1.046021, 1.060059, 1.073639, 1.087524, 1.101624, 1.115295]",1.0,{'1': 71.02862848365157},{'1': 0.22000000000000008},0.89,1.11,"{'1': {'start': 0.89, 'end': 1.11}}",Action
10,36,0x51,2,1.06488,Mismatch,Mismatch,rrrbbbddb,180,"{'1': 319.0383982967115, '2': 139.03839829671148}","[0.0, 0.51, 1.64, 3.6, 7.24, 12.15, 17.06, 21.97, 26.88, 31.79, 36.7, 41.61, 46.53, 49.15]","[0.7595825, 0.7733154, 0.7871704, 0.8010864, 0.8150024, 0.8289185, 0.8427124, 0.8565674, 0.8705444, 0.8845215, 0.8983765, 0.9121704, 0.9262085, 0.9400024]",1.0,{'1': 49.14954414632555},{'1': 0.19000000000000006},0.75,0.94,"{'1': {'start': 0.75, 'end': 0.9400000000000001}}",Action
10,37,0x51,2,1.426666,Mismatch,Mismatch,rbbbbbldd,60,"{'1': 301.1114318946326, '2': 241.11143189463255}",[],[],0.0,{},{},0.0,1.426666,{},Action
10,38,0x51,2,1.370941,Mismatch,Mismatch,ffuubrrrr,120,"{'1': 71.06412712366583, '2': 311.0641271236658}","[0.0, 0.0, 2.0, 6.95, 11.84, 16.72, 21.59, 26.34, 31.08, 35.73, 40.37, 44.97, 49.56, 54.09, 58.61, 63.14, 67.66, 72.18, 76.7, 81.23, 85.75, 90.27, 94.86]","[0.874115, 0.8878784, 0.9020081, 0.9160767, 0.9296265, 0.9434509, 0.957489, 0.9640198, 0.9714661, 0.9822083, 0.9960938, 1.009827, 1.023743, 1.037598, 1.051453, 1.065338, 1.079224, 1.09314, 1.107056, 1.121124, 1.134857, 1.148621, 1.16275]",1.0,{'1': 93.96662467265907},{'1': 0.2899999999999999},0.87,1.16,"{'1': {'start': 0.87, 'end': 1.16}}",Action
10,39,0x51,2,1.351715,Match,Mismatch,dbbbblllu,180,"{'1': 43.07744783552395, '2': 223.07744783552394}","[0.0, 0.16, 0.85, 1.88, 3.48, 6.61, 11.61, 16.61, 21.61, 26.61, 31.61, 36.61]","[0.9768677, 0.9906921, 1.004486, 1.018372, 1.032257, 1.046173, 1.060059, 1.073975, 1.087799, 1.101685, 1.115509, 1.129517]",1.0,{'1': 33.17676014099737},{'1': 0.14000000000000012},0.98,1.12,"{'1': {'start': 0.98, 'end': 1.12}}",Action
10,40,0x51,2,1.475586,Mismatch,Mismatch,llbbbbbru,60,"{'1': 226.38746715426137, '2': 166.38746715426137}","[0.0, 359.75, 359.05, 357.6, 355.77, 353.75, 351.7, 349.65, 347.59, 348.05, 351.4, 356.3, 1.19, 6.08, 10.96, 15.84, 20.71, 25.57, 30.41, 35.26, 40.1, 44.95, 49.79, 54.63, 59.48, 64.32, 69.16]","[0.795166, 0.80896, 0.822998, 0.8369751, 0.850647, 0.864563, 0.87854, 0.8925171, 1.072876, 1.086792, 1.100647, 1.114685, 1.128418, 1.14209, 1.15625, 1.170166, 1.184143, 1.197754, 1.211731, 1.225525, 1.239624, 1.253479, 1.267334, 1.281128, 1.295044, 1.308899, 1.322632]",1.0,{'1': 55.855237861172014},{'1': 0.25},1.07,1.32,"{'1': {'start': 1.07, 'end': 1.32}}",Action
10,41,0x51,2,1.313904,Match,Mismatch,rrrrbbbdr,60,"{'1': 320.23845503998274, '2': 260.23845503998274}",[],[],0.0,{},{},0.0,1.313904,{},Action
10,42,0x51,2,1.743988,Mismatch,Mismatch,ffuuuurrf,60,"{'1': 337.9353354365787, '2': 277.9353354365787}","[0.0, 359.83, 359.46, 358.49, 356.29, 352.45, 347.5, 342.57, 337.64, 332.71, 327.77, 322.84, 317.91, 312.97, 308.04, 303.11, 298.18, 293.24, 288.31, 283.38, 278.44, 273.51, 268.55]","[0.894928, 0.9088745, 0.92276, 0.9367981, 0.9506226, 0.964447, 0.9783325, 0.9922485, 1.006012, 1.019897, 1.03418, 1.04776, 1.061676, 1.075714, 1.08963, 1.10321, 1.117249, 1.131134, 1.144958, 1.158783, 1.17276, 1.186584, 1.200409]",1.0,{'1': 91.24143809887288},{'1': 0.29999999999999993},0.9,1.2,"{'1': {'start': 0.9, 'end': 1.2}}",Action
10,43,0x51,2,2.523926,Mismatch,Mismatch,bbbdddrrb,0,"{'1': 313.7327226811985, '2': 313.7327226811985}","[0.0, 359.73, 358.27, 355.31, 352.35, 347.37, 342.39, 337.41, 332.43, 327.44, 322.46, 317.48, 312.5, 307.52, 302.53, 297.55, 292.57, 287.59, 282.61, 277.62, 272.64, 267.64, 262.65, 257.65, 252.65, 247.65, 242.66, 237.67, 232.69]","[0.8718262, 0.8859253, 0.8994141, 0.9134521, 0.9273682, 0.9414063, 0.9547119, 0.9690552, 0.9830933, 0.99646, 1.010437, 1.024353, 1.030762, 1.038147, 1.049438, 1.063354, 1.077148, 1.090942, 1.104919, 1.118896, 1.132751, 1.146606, 1.160706, 1.174438, 1.188171, 1.202209, 1.216187, 1.229858, 1.243958]",1.0,{'1': 125.91206808510643},{'1': 0.37},0.87,1.24,"{'1': {'start': 0.87, 'end': 1.24}}",Action
10,44,0x51,2,2.617188,Mismatch,Mismatch,llbbbbbru,60,"{'1': 23.32066732196461, '2': 323.3206673219646}","[0.0, 359.82, 358.83, 355.59, 351.26, 346.73, 341.85, 336.85, 331.86, 326.89, 322.85]","[1.517212, 1.530945, 1.5448, 1.558899, 1.572693, 1.586426, 1.600342, 1.614441, 1.64209, 1.656372, 1.670837]",1.0,{'1': 36.8796875763238},{'1': 0.1499999999999999},1.52,1.67,"{'1': {'start': 1.52, 'end': 1.67}}",Action
10,45,0x51,2,1.839417,Mismatch,Mismatch,ffuubrrrr,0,"{'1': 215.3296192682413, '2': 215.3296192682413}","[0.0, 0.63, 2.2, 7.19, 12.18, 17.17, 22.16, 27.15, 32.14, 37.13, 42.12, 47.1, 52.09, 57.08, 61.39]","[1.242371, 1.256195, 1.270142, 1.284027, 1.297821, 1.311859, 1.325562, 1.339539, 1.353394, 1.367371, 1.381195, 1.395111, 1.408905, 1.422791, 1.436707]",1.0,{'1': 59.31273857430296},{'1': 0.19999999999999996},1.23,1.43,"{'1': {'start': 1.23, 'end': 1.43}}",Action
10,46,0x51,2,1.53363,Mismatch,Mismatch,uuuubbbur,120,"{'1': 203.66296698343888, '2': 323.6629669834389}","[0.0, 0.0, 0.37, 1.44, 6.44, 11.44, 16.44, 21.44, 26.44, 31.44, 36.44, 41.43, 46.43, 51.42, 56.42, 61.42, 66.41, 71.41]","[0.7838135, 0.7976685, 0.8114014, 0.8253174, 0.8392944, 0.8532104, 0.8668213, 0.8807983, 0.8947754, 0.9087524, 0.9226074, 0.9364014, 0.9504395, 0.9641724, 0.9782715, 0.9918823, 1.005676, 1.019714]",1.0,{'1': 67.95010542812366},{'1': 0.21999999999999997},0.79,1.01,"{'1': {'start': 0.79, 'end': 1.01}}",Action
10,47,0x51,2,1.721466,Mismatch,Mismatch,lllbbbubb,0,"{'1': 143.35641650229175, '2': 143.35641650229175}","[0.0, 0.0, 358.44, 355.42, 350.44, 345.47, 340.49, 335.52, 330.54, 325.57, 320.59, 315.61, 310.64, 305.66, 300.69, 295.71, 290.74, 285.76, 280.78, 275.81, 270.83, 265.86, 260.88]","[0.8051453, 0.8189392, 0.8327637, 0.8473511, 0.8605957, 0.8745117, 0.8883972, 0.9022217, 0.9162598, 0.9298706, 0.9438477, 0.9579163, 0.9716492, 0.9854736, 0.9994812, 1.013245, 1.0271, 1.041168, 1.054901, 1.068817, 1.082764, 1.096619, 1.111023]",1.0,{'1': 98.76631074701473},{'1': 0.30000000000000004},0.81,1.11,"{'1': {'start': 0.81, 'end': 1.11}}",Action
10,48,0x51,2,1.522125,Mismatch,Mismatch,bddrbbbbb,180,"{'1': 338.63684917888776, '2': 158.6368491788878}",[],[],0.0,{},{},0.0,1.522125,{},Action
10,49,0x51,2,1.588867,Match,Mismatch,dbbbblllu,180,"{'1': 35.33581675511868, '2': 215.33581675511869}","[0.0, 0.0, 0.41, 0.86, 1.34, 1.89, 2.71, 3.76, 4.92, 6.32, 7.82, 9.51, 11.4, 14.21, 17.22, 20.34, 23.99, 27.84, 32.51, 37.23, 41.94, 46.67, 51.39, 56.11]","[0.7974854, 0.8114929, 0.8251343, 0.8392944, 0.8528748, 0.8668213, 0.8808594, 0.8945618, 0.9090576, 0.9226074, 0.9362488, 0.9501648, 0.9641724, 0.9779053, 0.9918518, 1.005768, 1.019623, 1.033508, 1.047485, 1.061218, 1.075104, 1.08902, 1.103027, 1.11673]",1.0,{'1': 53.791850689630046},{'1': 0.31000000000000005},0.8,1.11,"{'1': {'start': 0.8, 'end': 1.11}}",Action
11,0,0x51,1,3.146057,Match,Match,uuubbrrrf,180,"{'1': 217.2601210465354, '2': 37.2601210465354}","[0.0, 1.94, 6.67, 11.4, 16.12, 20.82, 25.47, 30.11, 34.72, 39.28, 43.83, 48.38, 52.93, 57.48, 62.04, 66.59, 71.15, 75.71, 80.27, 84.83, 89.39, 93.95, 98.51, 103.08, 107.65, 112.21, 116.78, 121.36, 125.93, 130.5, 135.08, 139.67, 144.28, 148.89, 153.53, 158.16, 162.81]","[1.393036, 1.408142, 1.422394, 1.436462, 1.450317, 1.464905, 1.478546, 1.492126, 1.506287, 1.520203, 1.533936, 1.54834, 1.561829, 1.5755, 1.589813, 1.606689, 1.618011, 1.630219, 1.644684, 1.65918, 1.672546, 1.687073, 1.700989, 1.714264, 1.728577, 1.742676, 1.7565, 1.769958, 1.784424, 1.798279, 1.812347, 1.826416, 1.840027, 1.853668, 1.868225, 1.882141, 1.895599]",1.0,{'1': 160.8754369148462},{'1': 0.51},1.38,1.89,"{'1': {'start': 1.3800000000000001, 'end': 1.8900000000000001}}",Action
11,1,0x51,1,2.132843,Match,Match,ffuulllbb,60,"{'1': 60.67147367605956, '2': 0.6714736760595628}","[0.0, 3.74, 7.69, 11.63, 15.58, 19.54, 23.49, 27.46, 31.44, 35.42, 39.41, 43.4, 47.39, 51.38, 55.37, 59.38, 63.38, 67.38]","[0.8554382, 0.8692932, 0.8831177, 0.8969421, 0.9107971, 0.9247131, 0.9387207, 0.9525452, 0.9664001, 0.9802856, 0.9941406, 1.008057, 1.022064, 1.03595, 1.050018, 1.063568, 1.077423, 1.091309]",1.0,{'1': 67.00292956935043},{'1': 0.2500000000000001},0.84,1.09,"{'1': {'start': 0.84, 'end': 1.09}}",Action
11,2,0x51,1,6.274933,Match,Match,dbbbblllu,60,"{'1': 243.43067050945245, '2': 183.43067050945245}","[0.0, 0.79, 3.29, 7.64, 12.0, 16.35, 20.68, 25.02, 29.36, 33.7, 38.04, 42.38, 46.72, 51.07, 55.41, 59.75, 64.1, 68.44, 72.79, 77.14, 81.48, 85.83, 90.18, 94.53, 98.88, 103.23, 107.58, 111.93, 116.28, 120.63, 124.98, 129.33, 133.69, 138.04, 142.4, 146.76, 151.12, 155.48, 159.83, 164.19, 168.55, 172.91, 177.27, 181.63, 185.83, 186.86, 186.86, 185.37, 181.82, 178.26, 174.68, 171.06, 168.25, 165.45, 164.44, 162.12, 157.36, 152.67, 147.98, 143.3, 138.63, 133.96, 129.3, 124.66, 120.04, 115.41, 110.8, 106.19, 101.58, 96.97, 92.36, 87.76, 83.19, 78.67, 74.18, 71.75, 71.19, 69.72, 67.19, 63.26, 59.2, 55.15, 52.57]","[1.717346, 1.732025, 1.747711, 1.76004, 1.772827, 1.787292, 1.801544, 1.815125, 1.829468, 1.843628, 1.857208, 1.871307, 1.885498, 1.898834, 1.91272, 1.926849, 1.940338, 1.954712, 1.968842, 1.982697, 1.996124, 2.010101, 2.023956, 2.03772, 2.05188, 2.066284, 2.079315, 2.093842, 2.107941, 2.121826, 2.135406, 2.14917, 2.163116, 2.176727, 2.19104, 2.205231, 2.218781, 2.232758, 2.246887, 2.260681, 2.27475, 2.288483, 2.302338, 2.315948, 2.330109, 2.635223, 2.663025, 3.51059, 3.525116, 3.538727, 3.552765, 3.567139, 3.580841, 3.802551, 3.816071, 3.830505, 3.844543, 3.857849, 3.871796, 3.886108, 3.899597, 3.913757, 3.928192, 3.941681, 3.955017, 3.969238, 3.98291, 3.99649, 4.010529, 4.024689, 4.038422, 4.053101, 4.066772, 4.080872, 4.094208, 4.747192, 4.761353, 4.774689, 4.789154, 4.802643, 4.816101, 4.831085, 4.844421]",4.0,"{'1': 174.20232822540783, '2': -6.47705304016597, '3': -91.4500621796361, '4': -18.351471705848752}","{'1': 0.6200000000000001, '2': 0.08999999999999986, '3': 0.3099999999999996, '4': 0.09999999999999964}",1.71,4.84,"{'1': {'start': 1.71, 'end': 2.33}, '2': {'start': 3.5, 'end': 3.59}, '3': {'start': 3.79, 'end': 4.1}, '4': {'start': 4.74, 'end': 4.84}}",Action
11,3,0x51,1,3.114166,Match,Match,bddrddddd,180,"{'1': 52.87628235785667, '2': 232.87628235785667}","[0.0, 1.05, 4.61, 8.18, 13.1, 18.02, 22.93, 27.85, 32.77, 37.68, 42.6, 47.51, 52.43, 57.34, 62.25, 67.17, 72.08, 76.99, 81.9, 86.82, 91.73, 96.64, 101.56, 106.47, 111.39, 116.3, 121.21, 126.13, 131.04, 135.96, 140.88, 145.79, 150.71, 155.63, 160.56, 163.29]","[1.000427, 1.01416, 1.02829, 1.043121, 1.056763, 1.069916, 1.083679, 1.097626, 1.111633, 1.125275, 1.139221, 1.153198, 1.167053, 1.180847, 1.194794, 1.20874, 1.222534, 1.236664, 1.250641, 1.264252, 1.278137, 1.292023, 1.305786, 1.319672, 1.333588, 1.347839, 1.361359, 1.375671, 1.389282, 1.403168, 1.417023, 1.431, 1.444702, 1.45871, 1.472778, 1.486847]",1.0,{'1': 161.96138318288436},{'1': 0.49},0.99,1.48,"{'1': {'start': 0.99, 'end': 1.48}}",Action
11,4,0x51,1,2.447418,Match,Match,bbbdddrrb,60,"{'1': 61.84319834537056, '2': 121.84319834537055}","[0.0, 0.0, 359.56, 356.99, 352.12, 347.31, 342.53, 337.75, 332.98, 328.21, 323.44, 318.67, 313.9, 309.13, 304.35, 299.58, 294.81, 290.03, 287.47]","[1.430786, 1.444794, 1.458588, 1.472443, 1.48645, 1.500305, 1.51413, 1.542206, 1.556122, 1.570953, 1.585388, 1.599243, 1.613464, 1.628113, 1.641296, 1.654877, 1.672638, 1.683289, 1.696228]",1.0,{'1': 71.29778112682585},{'1': 0.25},1.44,1.69,"{'1': {'start': 1.44, 'end': 1.69}}",Action
11,5,0x51,1,4.898865,Match,Match,dbbbblllu,120,"{'1': 62.77164809514352, '2': 302.7716480951435}","[0.0, 0.0, 359.52, 359.12, 358.72, 358.32, 357.89, 357.47, 357.04, 356.62, 356.19, 355.77, 355.29, 354.7, 354.11, 353.51, 352.92, 352.32, 352.13, 352.13, 351.35, 348.71, 345.16, 340.79, 335.8, 330.82, 325.83, 320.85, 315.86, 310.88, 305.89, 300.91, 295.92, 290.94, 285.95, 280.97, 275.98, 271.0, 266.01, 261.03, 256.04, 251.06, 246.07, 241.09, 236.1, 231.12, 226.13, 221.15, 216.16, 211.18, 206.19, 201.21, 196.22, 191.24, 186.26, 181.27, 176.29, 171.31, 166.32, 161.34, 156.36, 151.37, 146.39, 141.41, 136.43, 131.44, 126.46, 121.48, 116.5, 112.28]","[1.340393, 1.356018, 1.370239, 1.384094, 1.397705, 1.411987, 1.425659, 1.439697, 1.453674, 1.467651, 1.48114, 1.495361, 1.509521, 1.523254, 1.536804, 1.551453, 1.565308, 1.578613, 2.065308, 2.079224, 2.093872, 2.109314, 2.121094, 2.134155, 2.14856, 2.162048, 2.176575, 2.190979, 2.204041, 2.217957, 2.232422, 2.246155, 2.259583, 2.273865, 2.287659, 2.300781, 2.315491, 2.329285, 2.343384, 2.356812, 2.371094, 2.384949, 2.39856, 2.41272, 2.426575, 2.44043, 2.454773, 2.468872, 2.482056, 2.49585, 2.510071, 2.524536, 2.537659, 2.551697, 2.565735, 2.579407, 2.593323, 2.607178, 2.620972, 2.635498, 2.64917, 2.662842, 2.676147, 2.690186, 2.704102, 2.718018, 2.732544, 2.745911, 2.759644, 2.773865]",1.0,{'1': 105.55691653188943},{'1': 0.7000000000000002},2.07,2.77,"{'1': {'start': 2.07, 'end': 2.77}}",Action
11,6,0x51,1,2.182343,Match,Match,ffuulllbb,0,"{'1': 199.56797102015963, '2': 199.56797102015963}",[],[],0.0,{},{},0.0,2.182343,{},Action
11,7,0x51,1,3.092896,Match,Match,uuubbrrrf,180,"{'1': 223.1896747808583, '2': 43.1896747808583}","[0.0, 0.47, 3.05, 7.98, 12.87, 17.76, 22.6, 27.35, 32.03, 36.71, 41.32, 45.86, 50.39, 54.93, 59.46, 64.0, 68.54, 73.07, 77.61, 82.15, 86.69, 91.23, 95.78, 100.33, 104.89, 109.45, 114.01, 118.59, 123.17, 127.75, 132.34, 136.93, 141.52, 146.12, 150.72, 155.32, 159.94, 164.56, 169.19, 173.82, 178.46, 183.1, 187.8, 192.18, 194.52]","[1.00647, 1.020691, 1.034363, 1.048218, 1.062073, 1.075989, 1.089966, 1.103699, 1.117615, 1.131409, 1.145325, 1.159485, 1.173096, 1.18689, 1.20105, 1.214722, 1.228699, 1.242676, 1.256531, 1.270203, 1.28418, 1.298096, 1.311951, 1.325928, 1.339722, 1.353699, 1.367554, 1.39563, 1.40979, 1.424683, 1.438721, 1.452637, 1.466736, 1.480408, 1.494751, 1.508545, 1.522095, 1.536743, 1.550659, 1.564087, 1.57843, 1.592346, 1.606079, 1.619812, 1.634277]",1.0,{'1': 166.17188938817833},{'1': 0.6300000000000001},1.0,1.63,"{'1': {'start': 1.0, 'end': 1.6300000000000001}}",Action
11,8,0x51,1,2.489197,Match,Match,lllllbbul,60,"{'1': 224.04015568621497, '2': 284.040155686215}","[0.0, 359.2, 356.9, 353.63, 349.92, 345.77, 341.61, 337.49, 334.33]","[1.515015, 1.528992, 1.542725, 1.556702, 1.570435, 1.584473, 1.59845, 1.612244, 1.626099]",1.0,{'1': 24.27896138578134},{'1': 0.1200000000000001},1.5,1.62,"{'1': {'start': 1.5, 'end': 1.62}}",Action
11,9,0x51,1,3.548828,Match,Match,rbbbbbldd,180,"{'1': 55.35115654064422, '2': 235.3511565406442}","[0.0, 0.0, 0.0, 1.05, 2.63, 5.91, 10.72, 15.48, 20.24, 24.98, 29.72, 34.46, 39.2, 43.93, 48.67, 53.41, 58.15, 62.9, 67.65, 72.47, 77.35, 82.24, 86.75, 90.51, 94.26, 98.01, 101.76, 105.52, 109.26, 113.0, 116.74, 120.48, 124.21, 127.95, 131.69, 135.44, 140.08, 144.98, 149.88, 154.78, 159.68, 162.04, 162.67, 164.21, 168.63, 173.0, 177.34, 181.68, 186.02, 190.37, 194.71]","[1.434662, 1.448822, 1.462494, 1.47644, 1.490295, 1.504303, 1.518097, 1.532318, 1.545837, 1.559784, 1.573608, 1.587585, 1.602905, 1.615417, 1.62912, 1.643005, 1.656799, 1.670868, 1.684906, 1.69873, 1.712555, 1.72644, 1.740265, 1.754028, 1.768097, 1.78186, 1.795593, 1.80954, 1.823608, 1.837311, 1.851318, 1.865234, 1.878967, 1.892975, 1.921051, 1.935059, 1.950012, 1.964447, 1.97821, 1.99176, 2.006134, 2.020142, 2.784851, 2.798981, 2.812592, 2.826569, 2.840485, 2.854065, 2.868256, 2.881622, 2.895294]",2.0,"{'1': 162.01607652769846, '2': 4.312746884668911}","{'1': 0.5700000000000001, '2': 0.1200000000000001}",1.45,2.89,"{'1': {'start': 1.45, 'end': 2.02}, '2': {'start': 2.77, 'end': 2.89}}",Action
11,10,0x51,1,3.226196,Match,Match,llbbbbbru,180,"{'1': 200.37032755351868, '2': 20.370327553518678}","[0.0, 1.46, 5.9, 10.28, 14.52, 18.73, 22.94, 27.14, 31.35, 35.55, 39.76, 44.02, 48.32, 52.61, 56.93, 61.24, 65.55, 69.87, 74.18, 78.5, 82.81, 87.13, 91.44, 95.76, 100.08, 104.4, 108.71, 113.05, 117.4, 121.78, 126.2, 130.63, 135.06, 139.53, 143.99, 148.46, 152.92, 157.34, 158.97, 158.97, 159.2]","[1.32019, 1.334015, 1.347961, 1.361816, 1.375671, 1.389465, 1.403412, 1.417267, 1.431274, 1.445007, 1.458984, 1.472717, 1.486847, 1.50061, 1.514496, 1.528381, 1.542267, 1.556152, 1.570007, 1.583771, 1.597839, 1.611847, 1.625549, 1.639404, 1.65329, 1.667236, 1.681091, 1.695099, 1.708954, 1.722809, 1.736786, 1.750641, 1.778961, 1.792511, 1.807404, 1.821136, 1.835999, 1.849792, 2.489227, 2.502777, 2.516388]",1.0,{'1': 157.34053021808316},{'1': 0.54},1.31,1.85,"{'1': {'start': 1.31, 'end': 1.85}}",Action
11,11,0x51,1,2.845245,Match,Match,ffuuuurrf,60,"{'1': 56.84556754884658, '2': 356.8455675488466}","[0.0, 1.11, 2.93, 7.58, 12.22, 16.78, 21.33, 25.88, 30.42, 34.97, 39.52, 44.09, 48.69, 53.28, 57.89, 62.49, 67.09, 71.71, 76.33, 80.95, 85.58, 90.2]","[1.064423, 1.078369, 1.092407, 1.106201, 1.120056, 1.133881, 1.147766, 1.161957, 1.175568, 1.189636, 1.203491, 1.217102, 1.231079, 1.245056, 1.259033, 1.272552, 1.286652, 1.300446, 1.314392, 1.328308, 1.342133, 1.355988]",1.0,{'1': 88.20327968242515},{'1': 0.30000000000000004},1.05,1.35,"{'1': {'start': 1.05, 'end': 1.35}}",Action
11,12,0x51,1,3.449982,Match,Match,lllbbbluu,60,"{'1': 22.95292868073701, '2': 82.95292868073702}","[0.0, 356.94, 353.36, 349.69, 346.02, 342.34, 338.67, 334.99, 331.31, 327.64, 323.96, 320.29, 316.74]","[1.947021, 1.960663, 1.97467, 1.988495, 2.002228, 2.016296, 2.03009, 2.043915, 2.057861, 2.072083, 2.085815, 2.099365, 2.113617]",1.0,{'1': 42.359049256244674},{'1': 0.17999999999999994},1.93,2.11,"{'1': {'start': 1.93, 'end': 2.11}}",Action
11,13,0x51,1,3.13092,Match,Match,bbddbblll,180,"{'1': 46.00488897920435, '2': 226.00488897920434}","[0.0, 0.84, 4.4, 8.91, 13.36, 17.81, 22.25, 26.69, 31.12, 35.55, 39.98, 44.41, 48.84, 53.28, 57.71, 62.14, 66.58, 71.01, 75.45, 79.88, 84.32, 88.75, 93.19, 97.62, 102.06, 106.49, 110.93, 115.36, 119.8, 124.25, 128.7, 133.16, 137.62, 142.08, 146.54, 151.02, 155.5, 160.01, 164.56, 169.16, 173.84]","[0.8505554, 0.8644104, 0.8783264, 0.8924255, 0.9060669, 0.9199219, 0.9340515, 0.947876, 0.9619141, 0.9756775, 0.9894409, 1.003357, 1.017212, 1.031006, 1.044983, 1.058868, 1.072693, 1.086609, 1.100525, 1.114258, 1.128235, 1.142242, 1.155914, 1.169861, 1.183868, 1.197693, 1.211548, 1.225494, 1.239441, 1.253296, 1.26712, 1.280975, 1.29483, 1.308838, 1.322723, 1.336426, 1.350342, 1.364319, 1.378235, 1.392181, 1.406067]",1.0,{'1': 171.79523836958094},{'1': 0.5600000000000002},0.84,1.4,"{'1': {'start': 0.84, 'end': 1.4000000000000001}}",Action
11,14,0x51,1,3.150757,Match,Match,bbddbblll,180,"{'1': 251.69266340852414, '2': 71.69266340852414}","[0.0, 0.35, 3.71, 8.43, 12.96, 17.39, 21.79, 26.12, 30.42, 34.7, 38.98, 43.26, 47.54, 51.82, 56.1, 60.39, 64.67, 68.95, 73.24, 77.53, 81.84, 86.15, 90.5, 94.84, 99.2, 103.56, 107.92, 112.29, 116.67, 121.06, 125.46, 129.86, 134.27, 138.67, 143.08, 147.49, 151.9, 156.3, 160.71, 165.12, 169.53, 173.94, 178.35, 182.76, 187.18, 191.6, 196.02, 200.44, 204.87, 209.3, 213.72, 218.06]","[0.7872009, 0.8011475, 0.8150024, 0.8287964, 0.8427734, 0.8565979, 0.870636, 0.8843689, 0.8982849, 0.9121094, 0.9259644, 0.940094, 0.9538269, 0.9678345, 0.9816589, 0.995636, 1.009277, 1.023285, 1.03714, 1.051056, 1.064941, 1.078857, 1.092743, 1.106567, 1.120544, 1.134247, 1.148102, 1.162079, 1.175934, 1.190002, 1.20401, 1.217773, 1.231537, 1.245453, 1.259369, 1.273254, 1.287079, 1.300964, 1.329224, 1.342896, 1.358154, 1.371643, 1.385895, 1.400085, 1.413879, 1.427612, 1.442352, 1.455933, 1.469452, 1.483673, 1.498016, 1.511261]",1.0,{'1': 142.35319290298224},{'1': 0.73},0.78,1.51,"{'1': {'start': 0.78, 'end': 1.51}}",Action
11,15,0x51,1,3.37915,Match,Match,bbddbblll,120,"{'1': 160.2379903242456, '2': 280.23799032424563}","[0.0, 359.84, 359.51, 359.17, 358.83, 357.9, 356.21, 354.51, 351.75, 347.5, 342.54, 337.59, 332.65, 327.7, 322.76, 317.81, 312.87, 307.93, 302.98, 298.04, 293.1, 288.17, 283.24, 278.31, 273.38, 268.45, 263.53, 258.63, 253.76, 248.9, 244.05, 239.2, 234.35, 229.5, 224.66, 219.81]","[1.389984, 1.40387, 1.417786, 1.431702, 1.445526, 1.459717, 1.47345, 1.487152, 1.501038, 1.515106, 1.52887, 1.542755, 1.556702, 1.570648, 1.584351, 1.598297, 1.612244, 1.625977, 1.640045, 1.653839, 1.667786, 1.681702, 1.695496, 1.709351, 1.737152, 1.751495, 1.766235, 1.78064, 1.795105, 1.808716, 1.822357, 1.836609, 1.850525, 1.86438, 1.878723, 1.892273]",1.0,{'1': 138.58800076261474},{'1': 0.4600000000000002},1.43,1.89,"{'1': {'start': 1.43, 'end': 1.8900000000000001}}",Action
11,16,0x51,1,3.784119,Match,Match,lllbbbluu,60,"{'1': 122.50794918779356, '2': 62.50794918779356}","[0.0, 0.0, 359.64, 358.16, 355.34, 351.42, 346.43, 341.44, 336.44, 331.45, 326.46, 321.47, 316.48, 311.49, 306.51, 301.52, 299.01, 302.17, 305.32, 310.2, 314.93, 319.57, 324.2, 328.83, 333.45, 338.08, 342.71, 347.34, 351.97, 356.6, 1.24, 5.88, 10.52, 15.16, 19.8, 24.44, 29.08, 33.73, 34.24, 36.78, 41.18, 45.54, 49.88, 54.16, 58.41, 62.63, 66.76, 70.81]","[1.586639, 1.600525, 1.614319, 1.628357, 1.64212, 1.656006, 1.669983, 1.683777, 1.697632, 1.711578, 1.725464, 1.739258, 1.753326, 1.767059, 1.780945, 1.794769, 2.169495, 2.18399, 2.198639, 2.213135, 2.227478, 2.241333, 2.255188, 2.269714, 2.283386, 2.296478, 2.310669, 2.324615, 2.338867, 2.352356, 2.367645, 2.380341, 2.39328, 2.407867, 2.421875, 2.435638, 2.449951, 2.99176, 3.006256, 3.019867, 3.033783, 3.048096, 3.061768, 3.075378, 3.089783, 3.103577, 3.11676, 3.132263]",3.0,"{'1': 58.515038428078135, '2': 26.7603498966285, '3': 36.58974297901892}","{'1': 0.19999999999999996, '2': 0.0900000000000003, '3': 0.1499999999999999}",1.6,3.13,"{'1': {'start': 1.6, 'end': 1.8}, '2': {'start': 2.36, 'end': 2.45}, '3': {'start': 2.98, 'end': 3.13}}",Action
11,17,0x51,1,4.396973,Match,Match,ddbbddddl,180,"{'1': 239.5046766855629, '2': 59.50467668556291}","[0.0, 0.99, 4.26, 8.99, 13.58, 18.09, 22.55, 26.95, 31.34, 35.71, 40.06, 44.41, 48.76, 53.11, 57.46, 61.82, 66.17, 70.52, 74.87, 79.22, 83.57, 87.92, 92.27, 96.63, 100.98, 105.34, 109.7, 114.05, 118.42, 122.79, 127.18, 131.58, 135.98, 140.39, 144.81, 149.24, 153.68, 158.13, 162.61, 167.17, 167.64, 168.11, 168.73, 173.24, 177.7, 182.16, 186.58, 190.75, 194.7]","[2.521301, 2.535095, 2.549561, 2.563354, 2.576843, 2.590393, 2.60498, 2.618835, 2.632263, 2.646667, 2.660034, 2.673706, 2.687988, 2.702026, 2.715271, 2.729797, 2.743469, 2.757629, 2.770996, 2.7854, 2.799194, 2.813232, 2.826965, 2.840942, 2.854553, 2.868713, 2.882629, 2.896606, 2.910339, 2.924561, 2.938538, 2.952332, 2.966492, 2.97998, 2.993286, 3.007629, 3.021606, 3.034668, 3.049194, 3.063232, 3.077026, 3.67395, 3.688721, 3.703064, 3.716248, 3.729797, 3.744385, 3.757935, 3.771301]",2.0,"{'1': 167.4006046107003, '2': 9.63975272316921}","{'1': 0.56, '2': 0.06000000000000005}",2.51,3.72,"{'1': {'start': 2.5100000000000002, 'end': 3.0700000000000003}, '2': {'start': 3.66, 'end': 3.72}}",Action
11,18,0x51,1,2.719177,Match,Match,bdddddfll,0,"{'1': 151.81176844913617, '2': 151.81176844913617}",[],[],0.0,{},{},0.0,2.719177,{},Action
11,19,0x51,1,3.604187,Match,Match,bbddbblll,180,"{'1': 21.476201919829236, '2': 201.47620191982924}","[0.0, 1.42, 5.78, 10.15, 14.5, 18.85, 23.2, 27.55, 31.9, 36.24, 40.59, 44.94, 49.29, 53.64, 57.99, 62.34, 66.69, 71.04, 75.4, 79.75, 84.1, 88.45, 92.8, 97.16, 101.51, 105.86, 110.22, 114.57, 118.92, 123.27, 127.62, 131.97, 136.32, 140.67, 145.03, 149.4, 153.8, 158.05, 159.95, 160.43, 161.92, 165.02, 169.81, 174.59, 179.36, 184.14, 188.91, 193.67, 198.42, 203.15, 206.65, 206.65, 206.65, 205.82, 204.48, 202.08, 197.69, 192.84, 188.04, 183.24, 178.43]","[0.8237915, 0.837738, 0.8518372, 0.8654785, 0.8793335, 0.8934326, 0.907074, 0.9212036, 0.934906, 0.9487915, 0.9627686, 0.9765625, 0.9904175, 1.004364, 1.018158, 1.032074, 1.046051, 1.059784, 1.0737, 1.087677, 1.101624, 1.115326, 1.129395, 1.143219, 1.157074, 1.170898, 1.184875, 1.198578, 1.212585, 1.226379, 1.240265, 1.254181, 1.268127, 1.282043, 1.295837, 1.309723, 1.323669, 1.337585, 2.103821, 2.117554, 2.131226, 2.145569, 2.159454, 2.172546, 2.187012, 2.20108, 2.214813, 2.228699, 2.242737, 2.256073, 2.269958, 2.700867, 2.717712, 2.729401, 2.74231, 2.755493, 2.770447, 2.784271, 2.798065, 2.812103, 2.8255]",3.0,"{'1': 158.05598836389834, '2': -6.590525242875572, '3': 24.3943987459879}","{'1': 0.53, '2': 0.16999999999999993, '3': 0.10999999999999988}",0.81,2.82,"{'1': {'start': 0.81, 'end': 1.34}, '2': {'start': 2.1, 'end': 2.27}, '3': {'start': 2.71, 'end': 2.82}}",Action
11,20,0x51,1,2.961304,Match,Match,rbbbdddff,120,"{'1': 38.70008044924079, '2': 278.7000804492408}","[0.0, 0.0, 0.0, 0.6, 1.65, 3.01, 4.9, 7.92, 11.54, 16.47, 21.4, 26.31, 31.21, 36.11, 41.01, 45.91, 50.8, 55.69, 60.59, 65.48, 70.37, 75.26, 80.15, 85.05, 89.94, 94.83, 99.73, 104.62, 109.51, 114.41, 119.3, 124.2, 129.09, 133.99, 138.89, 140.94]","[1.502686, 1.516663, 1.529968, 1.544312, 1.558167, 1.572205, 1.587402, 1.59967, 1.613342, 1.627258, 1.641296, 1.655396, 1.669128, 1.683411, 1.696533, 1.710083, 1.724548, 1.738464, 1.752625, 1.766113, 1.780579, 1.794678, 1.807739, 1.822144, 1.835999, 1.849548, 1.863831, 1.878113, 1.891968, 1.905273, 1.919373, 1.933228, 1.946533, 1.961121, 1.974792, 1.988159]",1.0,{'1': 139.68871324904615},{'1': 0.45999999999999996},1.52,1.98,"{'1': {'start': 1.52, 'end': 1.98}}",Action
11,21,0x51,1,3.092285,Match,Match,uubbbrrrb,180,"{'1': 18.09630436569893, '2': 198.09630436569893}","[0.0, 0.3, 1.7, 4.34, 8.2, 12.64, 17.05, 21.45, 25.85, 30.26, 34.66, 39.07, 43.48, 47.88, 52.29, 56.69, 61.1, 65.51, 69.91, 74.32, 78.73, 83.16, 87.6, 92.06, 96.51, 100.98, 105.46, 109.94, 114.46, 119.01, 123.63, 127.19, 129.67, 131.49, 133.28, 135.07, 136.82, 138.57, 140.32, 142.07, 143.82, 145.57, 147.27, 147.77, 148.26, 150.14, 152.42, 155.59, 159.43, 163.29, 167.3, 171.35, 175.39, 179.44, 183.48, 187.53, 191.57, 195.62, 199.66, 203.71, 207.75, 211.79]","[1.023071, 1.036835, 1.050629, 1.064941, 1.079071, 1.092438, 1.10611, 1.112976, 1.11969, 1.131348, 1.145172, 1.158997, 1.172882, 1.186798, 1.200684, 1.214691, 1.228394, 1.24231, 1.256195, 1.270081, 1.283997, 1.297974, 1.311707, 1.325562, 1.339722, 1.353455, 1.36734, 1.381317, 1.395142, 1.408875, 1.423157, 1.436768, 1.450623, 1.464508, 1.478485, 1.492157, 1.506317, 1.520294, 1.534088, 1.547882, 1.561859, 1.57547, 1.589447, 1.603485, 2.369293, 2.383759, 2.397705, 2.41098, 2.426453, 2.439514, 2.452271, 2.466187, 2.480286, 2.493652, 2.507965, 2.5224, 2.536194, 2.549652, 2.563995, 2.577911, 2.591675, 2.606445]",2.0,"{'1': 147.645872631429, '2': 30.079362229241468}","{'1': 0.5800000000000001, '2': 0.13000000000000034}",1.02,2.49,"{'1': {'start': 1.02, 'end': 1.6}, '2': {'start': 2.36, 'end': 2.49}}",Action
11,22,0x51,1,3.335449,Match,Match,llbbbrruu,60,"{'1': 329.3282715335102, '2': 269.3282715335102}","[0.0, 0.0, 0.35, 0.95, 2.52, 5.52, 9.07, 14.02, 18.97, 23.91, 28.83, 33.75, 38.66, 43.57, 48.48, 53.39, 58.3, 63.21, 68.12, 73.03, 77.94, 82.85, 87.76, 92.67, 97.58, 102.49, 107.4, 112.3, 117.21, 122.13, 127.04, 129.11, 129.29, 129.29, 127.68, 122.82, 117.92, 113.02, 108.14, 103.26, 98.37, 93.49, 88.61, 83.72, 78.84]","[1.110046, 1.123932, 1.137665, 1.151611, 1.165558, 1.179504, 1.193237, 1.207245, 1.22113, 1.249176, 1.263031, 1.277985, 1.291809, 1.306335, 1.321106, 1.335083, 1.348236, 1.362274, 1.376862, 1.389832, 1.404358, 1.41803, 1.431305, 1.446014, 1.460052, 1.473541, 1.486847, 1.501495, 1.515259, 1.528687, 1.54364, 1.557526, 2.043427, 2.057159, 2.070862, 2.085144, 2.098785, 2.111908, 2.126526, 2.140564, 2.15448, 2.16748, 2.181793, 2.19577, 2.209564]",2.0,"{'1': 129.11091648298728, '2': -47.06520721114792}","{'1': 0.43999999999999995, '2': 0.16000000000000014}",1.12,2.2,"{'1': {'start': 1.12, 'end': 1.56}, '2': {'start': 2.04, 'end': 2.2}}",Action
11,23,0x51,1,2.04422,Match,Match,uuuubbbur,60,"{'1': 198.4757137131881, '2': 138.4757137131881}","[0.0, 0.22, 3.01, 7.94, 12.85, 17.75, 22.65, 27.54, 32.42, 37.3, 42.16, 47.03, 51.89, 56.75, 61.61, 66.48, 71.34, 76.2, 81.06, 85.92, 90.82, 91.08]","[0.8612366, 0.8751526, 0.8891296, 0.9030151, 0.9170837, 0.9306641, 0.9447937, 0.9585571, 0.9723511, 0.9862976, 1.000214, 1.014008, 1.027954, 1.04187, 1.055725, 1.06958, 1.083496, 1.097351, 1.111298, 1.125488, 1.139069, 1.152985]",1.0,{'1': 90.83739436619717},{'1': 0.28000000000000014},0.86,1.14,"{'1': {'start': 0.86, 'end': 1.1400000000000001}}",Action
11,24,0x51,1,3.51297,Match,Match,uuuuubbul,60,"{'1': 232.14120598327415, '2': 292.1412059832742}","[0.0, 359.44, 358.42, 357.07, 355.29, 352.95, 350.35, 347.75, 344.71, 341.59, 338.44, 335.25, 332.04, 328.84, 325.65, 322.48, 319.46, 316.76]","[1.610291, 1.624512, 1.638031, 1.654053, 1.666382, 1.679138, 1.693176, 1.707428, 1.721222, 1.735107, 1.749176, 1.762787, 1.776367, 1.790863, 1.80481, 1.818146, 1.832428, 1.846588]",1.0,{'1': 41.98381355932208},{'1': 0.24},1.6,1.84,"{'1': {'start': 1.6, 'end': 1.84}}",Action
11,25,0x51,1,4.709595,Mismatch,Mismatch,rrrrbbbdr,60,"{'1': 297.8715068359218, '2': 357.8715068359218}","[0.0, 0.3, 1.47, 3.62, 6.89, 10.16, 13.58, 18.16, 22.88, 27.54, 32.19, 36.83, 41.47, 46.11, 50.75, 55.39, 60.03, 64.67, 69.31, 73.95, 78.59, 83.23, 87.87, 92.51, 97.15, 101.79, 106.43, 111.07, 115.71, 120.35, 124.99, 129.63, 134.27, 138.91, 143.56, 148.23, 152.92, 156.13, 156.13, 156.77, 160.84, 165.11, 169.32, 173.52, 177.65, 181.77, 185.89, 190.01, 194.13, 198.25, 202.37, 206.49, 210.61, 214.73, 218.86, 222.99, 227.12, 231.26, 235.4, 239.55, 243.7, 247.67, 247.67, 248.22, 249.61, 253.29, 257.74, 262.19, 266.58, 270.96, 275.35, 279.74, 284.12, 288.5]","[2.45871, 2.473114, 2.487244, 2.500122, 2.514526, 2.528687, 2.542175, 2.556244, 2.57074, 2.584106, 2.597382, 2.611725, 2.625885, 2.639252, 2.65686, 2.667633, 2.680573, 2.695068, 2.709198, 2.722992, 2.736237, 2.750671, 2.764496, 2.778137, 2.792328, 2.806488, 2.820221, 2.83374, 2.847839, 2.861694, 2.875488, 2.89032, 2.903503, 2.916595, 2.930939, 2.945038, 2.958649, 2.973022, 3.153381, 3.167755, 3.181335, 3.195709, 3.20929, 3.223328, 3.237, 3.250824, 3.264832, 3.278778, 3.29303, 3.306824, 3.320221, 3.334259, 3.347961, 3.361786, 3.375916, 3.390045, 3.404144, 3.41748, 3.431519, 3.44577, 3.459351, 4.361969, 4.37619, 4.390228, 4.403992, 4.417358, 4.43161, 4.445831, 4.459259, 4.473053, 4.487518, 4.500885, 4.514954, 4.529236]",3.0,"{'1': 156.10313246320467, '2': -39.83285450766546, '3': -37.99750595154748}","{'1': 0.52, '2': 0.31999999999999984, '3': 0.15000000000000036}",2.46,4.5200000000000005,"{'1': {'start': 2.46, 'end': 2.98}, '2': {'start': 3.14, 'end': 3.46}, '3': {'start': 4.37, 'end': 4.5200000000000005}}",Action
11,26,0x51,1,2.559418,Mismatch,Mismatch,ffuubllll,60,"{'1': 244.25091033104428, '2': 304.2509103310443}","[0.0, 0.0, 359.3, 358.23, 356.24, 353.3, 349.85, 346.21, 342.39, 338.56, 334.72, 330.89, 327.13, 323.35, 319.57, 315.79, 312.02, 309.03]","[1.2099, 1.223785, 1.237732, 1.251556, 1.265503, 1.279358, 1.293335, 1.307129, 1.321442, 1.334839, 1.348877, 1.376495, 1.39093, 1.405365, 1.419891, 1.43396, 1.447937, 1.461548]",1.0,{'1': 50.629942693409745},{'1': 0.25},1.21,1.46,"{'1': {'start': 1.21, 'end': 1.46}}",Action
11,27,0x51,1,3.028931,Mismatch,Mismatch,bbbdddrrb,0,"{'1': 215.06239967681267, '2': 215.06239967681267}","[0.0, 2.16, 6.05, 10.13, 14.21, 18.29, 22.37, 26.46, 30.54, 34.62, 38.73, 42.85, 46.98, 51.11, 55.25, 59.38, 63.52, 67.65, 71.78, 75.92, 80.07, 84.22, 88.37, 92.52, 96.67, 100.82, 104.97, 109.13, 113.28, 117.43, 121.58, 125.73, 129.88, 134.03, 138.18, 142.34, 146.49, 150.65, 154.81, 158.97, 163.14, 167.31, 171.48, 175.64, 179.65]","[1.123505, 1.137329, 1.151215, 1.165009, 1.178772, 1.192749, 1.20694, 1.220459, 1.234528, 1.262421, 1.276337, 1.291229, 1.305664, 1.319153, 1.333588, 1.348022, 1.361603, 1.375275, 1.389709, 1.403503, 1.417084, 1.431091, 1.445862, 1.458801, 1.471893, 1.486511, 1.500153, 1.513611, 1.528046, 1.542419, 1.555511, 1.569885, 1.584076, 1.597443, 1.611633, 1.625946, 1.639587, 1.653107, 1.667511, 1.681122, 1.696167, 1.709412, 1.722504, 1.736115, 1.750793]",1.0,{'1': 179.43335399918243},{'1': 0.6399999999999999},1.11,1.75,"{'1': {'start': 1.11, 'end': 1.75}}",Action
11,28,0x51,1,3.10376,Mismatch,Mismatch,bbdddbrrr,120,"{'1': 243.75805400136827, '2': 123.75805400136827}","[0.0, 0.0, 359.63, 357.99, 355.76, 353.13, 349.32, 345.04, 340.35, 335.57, 330.78, 326.0, 321.31, 320.06]","[1.714111, 1.728333, 1.742493, 1.756226, 1.770081, 1.784058, 1.797791, 1.812134, 1.825623, 1.838928, 1.853516, 1.86731, 1.880676, 1.895386]",1.0,{'1': 39.48231815091775},{'1': 0.17000000000000015},1.72,1.89,"{'1': {'start': 1.72, 'end': 1.8900000000000001}}",Action
11,29,0x51,1,2.65686,Mismatch,Mismatch,uubbbbruu,0,"{'1': 200.87502671914626, '2': 200.87502671914626}","[0.0, 359.27, 356.9, 352.95, 348.0, 343.01, 338.03, 333.06, 328.08, 323.1, 318.13, 313.15, 308.17, 303.2, 298.22, 293.24, 288.26, 283.29, 278.31, 273.33, 268.35, 263.37, 258.4, 253.42, 248.44, 243.46, 238.48, 233.5, 228.52, 223.54, 218.56, 213.58, 208.6, 203.62, 198.63, 193.65, 188.67, 183.68, 179.31, 176.52]","[1.265198, 1.279846, 1.29425, 1.308838, 1.323242, 1.336914, 1.350708, 1.365234, 1.378845, 1.392273, 1.406799, 1.420715, 1.43457, 1.448303, 1.462341, 1.476318, 1.490112, 1.504395, 1.518372, 1.53125, 1.545288, 1.560852, 1.573486, 1.586304, 1.600708, 1.614746, 1.628235, 1.642639, 1.656921, 1.670654, 1.684631, 1.698608, 1.711975, 1.726318, 1.740417, 1.754333, 1.767944, 1.781982, 1.795654, 1.809204]",1.0,{'1': 178.4151409594096},{'1': 0.54},1.26,1.8,"{'1': {'start': 1.26, 'end': 1.8}}",Action
11,30,0x51,1,2.266235,Mismatch,Mismatch,bbbdddrrb,120,"{'1': 140.46271925381365, '2': 20.462719253813646}","[0.0, 359.56, 358.17, 355.42, 351.23, 346.29, 341.35, 336.42, 331.49, 326.56, 321.63, 316.7, 311.78, 306.86, 301.94, 297.03, 292.11, 287.2, 282.3, 277.39, 272.47]","[0.9170532, 0.9309082, 0.9450989, 0.9587402, 0.9726868, 0.9865723, 1.000397, 1.014282, 1.028229, 1.042053, 1.055847, 1.069977, 1.083679, 1.097748, 1.111572, 1.125305, 1.139099, 1.153412, 1.166962, 1.180908, 1.194885]",1.0,{'1': 85.81044644773553},{'1': 0.2799999999999999},0.91,1.19,"{'1': {'start': 0.91, 'end': 1.19}}",Action
11,31,0x51,1,3.641205,Mismatch,Mismatch,bdddbllll,120,"{'1': 236.77556671541006, '2': 116.77556671541006}","[0.0, 359.61, 357.86, 355.2, 350.41, 345.49, 340.58, 335.67, 330.77, 325.87, 320.97, 316.07, 311.18, 306.28, 301.38, 296.48, 291.58, 286.69, 281.79, 276.89, 271.99, 267.09, 262.2, 257.3, 252.45, 249.74, 248.37, 248.37, 247.33, 246.36, 245.0, 243.63, 242.25, 240.87, 239.45, 236.28, 231.37, 226.49, 221.62, 216.76, 211.89, 207.03, 202.16, 197.3, 192.43, 187.56, 182.7, 177.83, 172.97, 168.1, 163.25, 158.39, 153.54, 148.69, 143.85, 139.01, 136.86]","[1.027313, 1.041138, 1.054932, 1.068878, 1.082764, 1.096588, 1.110535, 1.124329, 1.138306, 1.152344, 1.165985, 1.180023, 1.193939, 1.208099, 1.221649, 1.235535, 1.249573, 1.263794, 1.277161, 1.291168, 1.30481, 1.318848, 1.332672, 1.346527, 1.360535, 1.374268, 2.141144, 2.155273, 2.169159, 2.182587, 2.196686, 2.210571, 2.224243, 2.238098, 2.252167, 2.265991, 2.27948, 2.2966, 2.307587, 2.32016, 2.334564, 2.348511, 2.362366, 2.376862, 2.390656, 2.404633, 2.418762, 2.432739, 2.44635, 2.460846, 2.474823, 2.488251, 2.501526, 2.515808, 2.529541, 2.543335, 2.557648]",2.0,"{'1': 110.27024003880679, '2': 26.380873455442085}","{'1': 0.3600000000000001, '2': 0.41000000000000014}",1.02,2.5500000000000003,"{'1': {'start': 1.02, 'end': 1.3800000000000001}, '2': {'start': 2.14, 'end': 2.5500000000000003}}",Action
11,32,0x51,1,2.066162,Mismatch,Mismatch,bbbdddrrb,180,"{'1': 251.4990780690253, '2': 71.49907806902529}",[],[],0.0,{},{},0.0,2.066162,{},Action
11,33,0x51,1,3.852295,Mismatch,Mismatch,lllbbbluu,180,"{'1': 22.946122691354294, '2': 202.9461226913543}","[0.0, 3.73, 7.59, 11.47, 15.34, 19.22, 23.1, 26.97, 30.85, 34.73, 38.61, 42.49, 46.36, 50.24, 54.12, 58.0, 61.88, 65.76, 69.64, 73.51, 77.39, 81.28, 85.15, 89.03, 92.91, 96.79, 100.67, 104.55, 108.43, 112.31, 116.19, 120.08, 123.96, 127.85, 131.74, 135.63, 139.51, 143.4, 147.29, 151.18, 155.07, 158.96, 162.85, 166.73, 170.62, 174.51, 178.4, 182.29, 186.18, 190.07, 193.96, 197.86, 201.72, 204.0, 208.05, 212.16, 216.26, 220.36, 224.47, 228.58, 232.7, 236.83, 240.97, 245.12, 249.26, 253.41, 257.56, 261.71, 265.86, 270.01, 274.16, 278.31]","[0.9358215, 0.9500122, 0.9635925, 0.9769592, 0.9916077, 1.00531, 1.019226, 1.033386, 1.047394, 1.053558, 1.061157, 1.072266, 1.086121, 1.100006, 1.113831, 1.127655, 1.141632, 1.15564, 1.169434, 1.183411, 1.197083, 1.21109, 1.224792, 1.239075, 1.252625, 1.266571, 1.280426, 1.294495, 1.308197, 1.32193, 1.335815, 1.349823, 1.36377, 1.377655, 1.391785, 1.405548, 1.419128, 1.433105, 1.447357, 1.460876, 1.474792, 1.488678, 1.502502, 1.516388, 1.530365, 1.544159, 1.558075, 1.57193, 1.585846, 1.599854, 1.613647, 1.627563, 2.824646, 2.838501, 2.852539, 2.866455, 2.880157, 2.894257, 2.908325, 2.921722, 2.935852, 2.95285, 2.963623, 2.97641, 2.990875, 3.004761, 3.018982, 3.033112, 3.046295, 3.060242, 3.074677, 3.088593]",2.0,"{'1': 162.13214188155706, '2': -74.07463986709939}","{'1': 0.7100000000000001, '2': 0.27}",0.92,3.08,"{'1': {'start': 0.92, 'end': 1.6300000000000001}, '2': {'start': 2.81, 'end': 3.08}}",Action
11,34,0x51,1,2.676666,Mismatch,Mismatch,ddbbddddl,180,"{'1': 161.9683685505486, '2': 341.9683685505486}",[],[],0.0,{},{},0.0,2.676666,{},Action
11,35,0x51,1,3.397491,Mismatch,Mismatch,bddrbbbbb,0,"{'1': 24.093263937777174, '2': 24.093263937777174}","[0.0, 0.0, 0.86, 2.78, 6.65, 11.07, 15.47, 19.86, 24.23, 28.57, 32.88, 37.16, 41.45, 45.73, 50.01, 54.3, 58.58, 62.87, 67.15, 71.43, 75.72, 80.0, 84.28, 88.56, 92.85, 97.13, 101.41, 105.7, 109.98, 114.26, 118.54, 122.83, 127.11, 131.4, 135.68, 139.96, 144.25, 148.53, 152.82, 157.1, 161.38, 165.67, 169.96, 174.28, 178.63, 183.02]","[1.088837, 1.102753, 1.116547, 1.130737, 1.14444, 1.158234, 1.172241, 1.186066, 1.199799, 1.213654, 1.2276, 1.241669, 1.255463, 1.26944, 1.283234, 1.297119, 1.310791, 1.32486, 1.338806, 1.3526, 1.366364, 1.380463, 1.394287, 1.422058, 1.436829, 1.450562, 1.465363, 1.479584, 1.494019, 1.50708, 1.521515, 1.535187, 1.54892, 1.56308, 1.577026, 1.590759, 1.604706, 1.618927, 1.632111, 1.64682, 1.660645, 1.674164, 1.687592, 1.702179, 1.716095, 1.730103]",1.0,{'1': 176.99213235294116},{'1': 0.6399999999999999},1.09,1.73,"{'1': {'start': 1.09, 'end': 1.73}}",Action
11,36,0x51,1,6.532135,Mismatch,Mismatch,dbbbblllu,60,"{'1': 339.0271974589384, '2': 39.0271974589384}","[0.0, 1.11, 4.15, 8.97, 13.74, 18.48, 23.21, 27.94, 32.66, 37.38, 42.1, 46.82, 51.54, 56.25, 60.97, 65.69, 70.41, 75.13, 79.85, 84.57, 89.29, 94.02, 98.75, 103.48, 108.22, 112.96, 117.7, 122.43, 127.17, 131.91, 136.65, 141.39, 146.12, 150.86, 155.59, 160.33, 165.06, 169.8, 174.54, 179.27, 184.01, 188.74, 193.48, 198.21, 202.95, 207.68]","[1.390289, 1.404236, 1.417999, 1.431976, 1.445892, 1.459747, 1.473511, 1.48761, 1.501343, 1.515228, 1.529083, 1.542938, 1.557007, 1.570862, 1.584808, 1.598572, 1.612427, 1.62616, 1.640411, 1.653992, 1.66803, 1.681946, 1.695923, 1.709503, 1.723572, 1.737396, 1.751343, 1.765106, 1.779205, 1.792816, 1.806793, 1.820648, 1.834503, 1.848511, 1.862396, 1.876343, 1.890106, 1.904144, 1.917786, 1.931885, 1.947021, 1.9599, 1.973419, 1.987305, 2.00116, 2.015076]",1.0,{'1': 154.0453147456165},{'1': 0.6300000000000001},1.38,2.01,"{'1': {'start': 1.3800000000000001, 'end': 2.0100000000000002}}",Action
11,37,0x51,1,3.142578,Mismatch,Mismatch,lllbbbubb,120,"{'1': 143.46738286072207, '2': 23.46738286072207}","[0.0, 0.0, 359.2, 357.66, 355.11, 350.98, 346.02, 341.08, 336.14, 331.21, 326.28, 321.36, 316.43, 311.51, 306.59, 301.66, 296.73, 293.84]","[1.628174, 1.642151, 1.656616, 1.670532, 1.683899, 1.698181, 1.712402, 1.726196, 1.739624, 1.754333, 1.767639, 1.78125, 1.795593, 1.80957, 1.823181, 1.837646, 1.851074, 1.864014]",1.0,{'1': 65.2635193199382},{'1': 0.22999999999999998},1.63,1.86,"{'1': {'start': 1.6300000000000001, 'end': 1.86}}",Action
11,38,0x51,1,2.461792,Mismatch,Mismatch,uuuuubbul,0,"{'1': 59.6810896655205, '2': 59.6810896655205}",[],[],0.0,{},{},0.0,2.461792,{},Action
11,39,0x51,1,5.245178,Mismatch,Mismatch,ffuulllbb,60,"{'1': 232.1359529567681, '2': 172.1359529567681}","[0.0, 359.8, 359.47, 358.73, 357.9, 357.07, 356.24, 355.42, 355.15, 354.97, 354.24, 352.96, 351.02, 348.88, 346.72, 344.54, 342.37, 340.2, 338.04, 335.98, 334.0, 332.09, 330.71, 329.93, 329.66, 329.66, 329.66, 329.44, 329.44, 328.94, 327.8, 326.39, 323.91, 320.66, 316.61, 311.86, 306.88, 301.91, 296.94, 291.96, 286.99, 282.02, 277.04, 272.07, 267.1, 262.12, 257.15, 252.18, 247.2, 242.23, 237.26, 232.29, 227.31, 222.34, 217.37, 212.4, 207.42, 202.45, 197.48, 192.51, 187.53, 182.56, 177.59, 172.62, 167.64, 162.67, 157.7, 153.1, 151.47, 151.29]","[1.578064, 1.592834, 1.606934, 1.620361, 1.634521, 1.648376, 1.661804, 1.676208, 3.106262, 3.120239, 3.134216, 3.148315, 3.162048, 3.176147, 3.189941, 3.203674, 3.217102, 3.231201, 3.244995, 3.259033, 3.273438, 3.286743, 3.300293, 3.31488, 3.328979, 3.342163, 3.356445, 3.373596, 3.384644, 3.397522, 3.411438, 3.425476, 3.439026, 3.453491, 3.467712, 3.481018, 3.4953, 3.509338, 3.522766, 3.537048, 3.550964, 3.56488, 3.578064, 3.592285, 3.606445, 3.620117, 3.634277, 3.648132, 3.661377, 3.675659, 3.689453, 3.703003, 3.717407, 3.731689, 3.7453, 3.759033, 3.773499, 3.787109, 3.800659, 3.81488, 3.828918, 3.842102, 3.856689, 3.870667, 3.884338, 3.898071, 3.912109, 3.92572, 3.939636, 3.954285]",2.0,"{'1': 25.269910421416526, '2': 120.90552733975017}","{'1': 0.2100000000000004, '2': 0.56}",3.11,3.94,"{'1': {'start': 3.11, 'end': 3.3200000000000003}, '2': {'start': 3.38, 'end': 3.94}}",Action
11,40,0x51,1,4.822693,Mismatch,Mismatch,ffuuuurrf,120,"{'1': 114.20773653644045, '2': 234.20773653644045}",[],[],0.0,{},{},0.0,4.822693,{},Action
11,41,0x51,1,2.802521,Match,Mismatch,dbbbblllu,120,"{'1': 213.0180290025716, '2': 93.01802900257161}","[0.0, 0.27, 2.03, 6.61, 11.27, 15.77, 20.18, 24.58, 28.98, 33.38, 37.77, 42.17, 46.56, 50.96, 55.36, 59.76, 64.17, 65.74, 65.74, 65.41, 65.07, 64.67, 64.27]","[1.466278, 1.480255, 1.494141, 1.508057, 1.522095, 1.536102, 1.549561, 1.563568, 1.577332, 1.591278, 1.605347, 1.619019, 1.632996, 1.646973, 1.660706, 1.674591, 1.68866, 2.371735, 2.385681, 2.399231, 2.413483, 2.427399, 2.440857]",1.0,{'1': 64.10118034679877},{'1': 0.21999999999999997},1.47,1.69,"{'1': {'start': 1.47, 'end': 1.69}}",Action
11,42,0x51,1,2.800415,Mismatch,Mismatch,ddbbddddl,180,"{'1': 109.70371459658752, '2': 289.70371459658753}",[],[],0.0,{},{},0.0,2.800415,{},Action
11,43,0x51,1,4.781677,Mismatch,Mismatch,uuubbrrrf,180,"{'1': 227.18196138578503, '2': 47.18196138578503}","[0.0, 359.62, 358.63, 356.98, 354.37, 349.97, 345.1, 340.25, 335.4, 330.57, 325.74, 320.99, 316.28, 311.57, 306.87, 302.17, 297.48, 292.78, 288.08, 283.38, 278.68, 273.98, 269.29, 264.59, 259.89, 255.19, 250.49, 245.79, 241.09, 236.39, 231.69, 226.99, 222.29, 217.59, 212.86, 210.99, 210.99, 210.99, 210.39, 208.04, 203.29, 198.39, 193.5, 188.61, 183.73, 178.85, 173.96, 169.05]","[2.461609, 2.476074, 2.489563, 2.503662, 2.517578, 2.531128, 2.544739, 2.559082, 2.57251, 2.586548, 2.600647, 2.614807, 2.628784, 2.642395, 2.656128, 2.670166, 2.684082, 2.698059, 2.711609, 2.72522, 2.739319, 2.754639, 2.767456, 2.781311, 2.794617, 2.808105, 2.822815, 2.836792, 2.850769, 2.864319, 2.878662, 2.892151, 2.906006, 2.920593, 2.934509, 2.947815, 3.5177, 3.531616, 3.545044, 3.559143, 3.573486, 3.587219, 3.601135, 3.61499, 3.628174, 3.642395, 3.656677, 3.670227]",2.0,"{'1': 149.01, '2': 20.122256088560988}","{'1': 0.4900000000000002, '2': 0.1499999999999999}",2.46,3.67,"{'1': {'start': 2.46, 'end': 2.95}, '2': {'start': 3.52, 'end': 3.67}}",Action
11,44,0x51,1,2.515991,Mismatch,Mismatch,bbdddbrrr,120,"{'1': 223.64366454463482, '2': 103.64366454463482}","[0.0, 0.0, 0.0, 0.0, 0.0, 359.74, 359.43, 359.08, 358.71, 358.35, 357.99]","[0.9123535, 0.9193115, 0.930542, 0.9445801, 0.9581909, 0.9721069, 0.986145, 0.9998779, 1.013733, 1.02771, 1.041626]",0.0,{},{},0.0,2.515991,{},Action
11,45,0x51,1,3.729034,Mismatch,Mismatch,rrrrbbbdr,180,"{'1': 71.86019701447307, '2': 251.86019701447307}","[0.0, 0.0, 1.15, 4.64, 9.26, 13.82, 18.35, 22.87, 27.37, 31.87, 36.36, 40.85, 45.33, 49.81, 54.29, 58.78, 63.26, 67.74, 72.23, 76.71, 81.19, 85.67, 90.16, 94.64, 99.12, 103.61, 108.09, 112.57, 117.05, 121.54, 126.02, 130.5, 134.99, 139.47, 143.95, 148.43, 152.92, 157.4, 161.89, 166.37, 170.85, 175.34, 179.82, 184.33, 188.94]","[1.782196, 1.795959, 1.809814, 1.823883, 1.837555, 1.851807, 1.865479, 1.880554, 1.893127, 1.907166, 1.921051, 1.934875, 1.94873, 1.962555, 1.976501, 1.990601, 2.004303, 2.018158, 2.032104, 2.046082, 2.059967, 2.0737, 2.087433, 2.101532, 2.115417, 2.129272, 2.143188, 2.156952, 2.170898, 2.184784, 2.212799, 2.226898, 2.24176, 2.255463, 2.269867, 2.284027, 2.29776, 2.311432, 2.325989, 2.339722, 2.353455, 2.367798, 2.381714, 2.395172, 2.409454]",1.0,{'1': 174.11159921579616},{'1': 0.6199999999999999},1.78,2.4,"{'1': {'start': 1.78, 'end': 2.4}}",Action
11,46,0x51,1,1.675995,Match,Mismatch,bddrddddd,120,"{'1': 22.720737489458664, '2': 262.72073748945866}",[],[],0.0,{},{},0.0,1.675995,{},Action
11,47,0x51,1,2.552948,Mismatch,Mismatch,lllllbbul,0,"{'1': 42.69994123636518, '2': 42.69994123636518}","[0.0, 0.4, 1.18, 2.39, 3.62, 4.86, 6.09]","[1.955353, 1.968964, 1.983276, 1.997314, 2.01123, 2.024506, 2.038635]",0.0,{},{},0.0,2.552948,{},Action
11,48,0x51,1,2.237,Match,Mismatch,ffffuulff,120,"{'1': 38.65036846662754, '2': 278.6503684666275}","[0.0, 359.81, 357.92, 354.81, 350.25, 345.7, 341.15, 336.6, 332.06, 327.51, 322.96, 318.42, 313.88, 309.33, 304.79, 300.25, 295.71, 291.06, 286.14]","[1.289856, 1.304901, 1.319275, 1.333588, 1.347015, 1.361328, 1.375793, 1.389069, 1.402679, 1.416992, 1.430176, 1.44455, 1.458893, 1.472443, 1.485535, 1.5, 1.513824, 1.527588, 1.542053]",1.0,{'1': 73.15989179092524},{'1': 0.25},1.29,1.54,"{'1': {'start': 1.29, 'end': 1.54}}",Action
11,49,0x51,1,2.981171,Mismatch,Mismatch,rbbbbbldd,180,"{'1': 25.6539646124735, '2': 205.6539646124735}",[],[],0.0,{},{},0.0,2.981171,{},Action
12,0,0x5E,2,3.114746,Match,Match,uuubbrrrf,180,"{'1': 217.2601210465354, '2': 37.2601210465354}","[0.0, 0.0, 1.73, 6.73, 11.73, 16.72, 21.72, 26.72, 31.72, 36.71, 41.69, 46.68, 51.64, 49.79, 44.79, 39.79, 34.79, 29.79, 24.79, 19.8, 14.8, 9.8, 4.8, 359.8, 354.8, 349.8, 346.51, 345.72, 344.64, 340.33, 335.38, 330.42, 325.47, 320.51, 315.55, 310.59, 305.63, 300.67, 295.71, 290.74, 285.78, 280.82, 275.86, 270.89, 265.93, 260.97, 256.01, 251.04, 246.08, 241.12, 236.15, 231.17, 229.78, 229.78, 225.55, 220.57, 215.58, 210.6, 205.62, 200.64, 195.65, 190.67, 185.68, 180.7, 175.71]","[0.4946289, 0.5085449, 0.5228882, 0.536438, 0.5504761, 0.5641479, 0.5782471, 0.5921021, 0.6060791, 0.6200562, 0.6338501, 0.6478271, 0.8287964, 0.8429565, 0.8566895, 0.8706665, 0.8845215, 0.8986816, 0.9122925, 0.9265137, 0.9405518, 0.9541016, 0.9680176, 0.9821167, 0.9958496, 1.009827, 1.023743, 1.190857, 1.20459, 1.218811, 1.232422, 1.246521, 1.260437, 1.274353, 1.288147, 1.302612, 1.316162, 1.330078, 1.344055, 1.35791, 1.371887, 1.385742, 1.399658, 1.413513, 1.430481, 1.441467, 1.455383, 1.469421, 1.483215, 1.49707, 1.510986, 1.525024, 1.719849, 1.733704, 1.747742, 1.761658, 1.775391, 1.789368, 1.803467, 1.817444, 1.831299, 1.845276, 1.859314, 1.873047, 1.887085]",4.0,"{'1': 51.39890858836278, '2': -37.87932979783655, '3': 114.63682623455875, '4': 47.30187847271688}","{'1': 0.32000000000000006, '2': 0.20999999999999996, '3': 0.3500000000000001, '4': 0.16000000000000014}",0.5,1.88,"{'1': {'start': 0.5, 'end': 0.8200000000000001}, '2': {'start': 0.8200000000000001, 'end': 1.03}, '3': {'start': 1.18, 'end': 1.53}, '4': {'start': 1.72, 'end': 1.8800000000000001}}",Action
12,1,0x5E,2,2.238464,Match,Match,ffuulllbb,60,"{'1': 60.67147367605956, '2': 0.6714736760595628}","[0.0, 0.19, 3.28, 8.23, 13.19, 18.14, 23.09, 28.02, 32.94, 37.86, 42.77, 47.68, 52.58, 57.49, 62.39, 67.3, 72.2, 77.1, 82.0, 86.9, 91.8, 96.7]","[0.8434448, 0.8575439, 0.8712769, 0.885376, 0.8991699, 0.913208, 0.9268799, 0.940979, 0.9549561, 0.96875, 0.9825439, 0.9966431, 1.010376, 1.024475, 1.038513, 1.052979, 1.066162, 1.080078, 1.094055, 1.108032, 1.121826, 1.135803]",1.0,{'1': 94.66560778421699},{'1': 0.29000000000000015},0.84,1.13,"{'1': {'start': 0.84, 'end': 1.1300000000000001}}",Action
12,2,0x5E,2,1.680725,Match,Match,dbbbblllu,60,"{'1': 243.43067050945245, '2': 183.43067050945245}","[0.0, 3.72, 8.63, 13.55, 18.46, 23.36, 28.27, 33.18, 38.1, 43.02, 47.95, 48.96, 53.91, 58.85, 63.79, 68.73, 73.69, 73.36, 73.03, 72.69]","[0.5508423, 0.5646973, 0.5787048, 0.5925903, 0.6065063, 0.620636, 0.6345215, 0.6481628, 0.6622009, 0.6762695, 0.9546814, 0.9684448, 0.9824829, 0.9966431, 1.010254, 1.0242, 1.441864, 1.455841, 1.469696, 1.483643]",2.0,"{'1': 43.08605811389528, '2': 21.108850345513098}","{'1': 0.14, '2': 0.08999999999999997}",0.54,1.03,"{'1': {'start': 0.54, 'end': 0.68}, '2': {'start': 0.9400000000000001, 'end': 1.03}}",Action
12,3,0x5E,2,2.476013,Match,Match,bddrddddd,180,"{'1': 52.87628235785667, '2': 232.87628235785667}","[0.0, 0.0, 359.18, 354.2, 349.21, 344.22, 339.23, 334.24, 329.26, 324.27, 319.29, 314.3, 309.31, 304.33, 299.34, 294.35, 289.36, 284.38, 279.39, 274.4, 269.41, 264.42, 259.43, 254.44, 249.45, 247.6, 247.35, 247.35, 245.04, 240.04, 235.04, 230.04, 225.04, 220.04, 215.05, 210.05, 205.05, 200.05, 195.05, 190.05]","[0.7325439, 0.746521, 0.760498, 0.7745972, 0.788208, 0.802124, 0.815979, 0.8301392, 0.8439331, 0.8579102, 0.8719482, 0.8856812, 0.8994751, 0.9135132, 0.9274292, 0.9413452, 0.9552612, 0.9692383, 0.9831543, 0.9970093, 1.011169, 1.024841, 1.038879, 1.052856, 1.066833, 1.080505, 1.623596, 1.637634, 1.65271, 1.666626, 1.681152, 1.69519, 1.709167, 1.722839, 1.737183, 1.75116, 1.764893, 1.779053, 1.793091, 1.806824]",2.0,"{'1': 112.33166691047397, '2': 54.817129016074276}","{'1': 0.3400000000000001, '2': 0.17999999999999994}",0.74,1.8,"{'1': {'start': 0.74, 'end': 1.08}, '2': {'start': 1.62, 'end': 1.8}}",Action
12,4,0x5E,2,1.778625,Match,Match,bbbdddrrb,60,"{'1': 61.84319834537056, '2': 121.84319834537055}","[0.0, 0.0, 359.12, 358.18, 357.03, 355.2, 352.65, 350.09, 345.9, 340.92, 335.95, 330.97, 325.99, 321.02, 316.05, 311.08]","[0.9849854, 0.9989014, 1.01355, 1.026733, 1.040833, 1.054504, 1.068665, 1.082764, 1.096375, 1.110291, 1.124084, 1.138062, 1.152039, 1.166016, 1.17981, 1.193848]",1.0,{'1': 47.557657786009386},{'1': 0.19999999999999996},0.99,1.19,"{'1': {'start': 0.99, 'end': 1.19}}",Action
12,5,0x5E,2,4.898315,Match,Match,dbbbblllu,120,"{'1': 62.77164809514352, '2': 302.7716480951435}","[0.0, 359.6, 357.71, 352.77, 347.87, 342.99, 338.14, 333.31, 328.48, 323.65, 318.83, 314.01, 309.19, 304.38, 299.56, 294.74, 289.92, 285.1, 280.28, 275.47, 270.65, 265.83, 261.01, 256.18, 251.36, 246.53, 241.7, 236.88, 232.04, 227.17, 224.14, 225.8, 230.65, 235.51, 240.35, 245.18, 249.96, 254.71, 259.43, 264.15, 268.84, 273.52, 278.2, 282.87, 287.55, 292.22, 296.9, 301.57, 306.25, 310.93, 315.6, 320.28, 324.96, 329.64, 334.32, 339.0, 343.68, 348.37, 353.05, 357.73, 2.42, 7.1, 11.79, 16.47, 21.16, 25.85, 30.54, 35.24, 39.94, 44.66, 49.41, 53.99, 55.12, 60.04, 64.96, 69.88, 74.79, 79.7, 84.6, 89.5, 94.39, 99.27, 104.16]","[0.9268188, 0.9405518, 0.9544067, 0.9684448, 0.9823608, 0.9960938, 1.010315, 1.023926, 1.037903, 1.052185, 1.065735, 1.079773, 1.093567, 1.107422, 1.121399, 1.135376, 1.149353, 1.163086, 1.177124, 1.190979, 1.204956, 1.218811, 1.233032, 1.246704, 1.262085, 1.288879, 1.302673, 1.317749, 1.332153, 1.345581, 1.890259, 1.904297, 1.918274, 1.932373, 1.945984, 1.9599, 1.973938, 1.987854, 2.001282, 2.015869, 2.029968, 2.04303, 2.056824, 2.071289, 2.084656, 2.098877, 2.113098, 2.12738, 2.140503, 2.154602, 2.168579, 2.182129, 2.196777, 2.21051, 2.223999, 2.238281, 2.252625, 2.266418, 2.279663, 2.293945, 2.307861, 2.321777, 2.335876, 2.349976, 2.363403, 2.377502, 2.391602, 2.405518, 2.41925, 2.433411, 2.447632, 3.199097, 3.213623, 3.228088, 3.241028, 3.255249, 3.269104, 3.282471, 3.296753, 3.311218, 3.324463, 3.338379, 3.352539]",3.0,"{'1': 132.85458254234612, '2': -86.37849761096473, '3': 49.348628367997414}","{'1': 0.43000000000000005, '2': 0.5700000000000001, '3': 0.16000000000000014}",0.92,3.35,"{'1': {'start': 0.92, 'end': 1.35}, '2': {'start': 1.8800000000000001, 'end': 2.45}, '3': {'start': 3.19, 'end': 3.35}}",Action
12,6,0x5E,2,1.719299,Match,Match,ffuulllbb,0,"{'1': 199.56797102015963, '2': 199.56797102015963}",[],[],0.0,{},{},0.0,1.719299,{},Action
12,7,0x5E,2,2.363525,Match,Match,uuubbrrrf,180,"{'1': 223.1896747808583, '2': 43.1896747808583}","[0.0, 3.6, 8.56, 13.52, 18.47, 23.43, 28.38, 33.31, 38.23, 43.14, 48.05, 52.97, 57.88, 62.79, 67.71, 72.62, 77.53, 82.44, 87.36, 92.27, 97.18, 102.09, 107.0, 111.92, 116.83, 121.74, 126.65, 131.56, 136.47, 141.38, 146.29, 151.2, 156.11, 161.02, 165.93, 170.84, 175.74, 180.64, 185.54, 190.43, 195.32, 200.22, 203.56, 204.97]","[0.8598633, 0.8742676, 0.8881836, 0.9022217, 0.9157715, 0.9293823, 0.9431152, 0.9573364, 0.9642334, 0.9707642, 0.982605, 0.99646, 1.010559, 1.024475, 1.038269, 1.052429, 1.066345, 1.080078, 1.093933, 1.108154, 1.121765, 1.135803, 1.14978, 1.163635, 1.177612, 1.191589, 1.205383, 1.21936, 1.233215, 1.247253, 1.261047, 1.274963, 1.288879, 1.302795, 1.316956, 1.330688, 1.344666, 1.358459, 1.372498, 1.386414, 1.400208, 1.414124, 1.428345, 1.442078]",1.0,{'1': 155.24335323672906},{'1': 0.59},0.85,1.44,"{'1': {'start': 0.85, 'end': 1.44}}",Action
12,8,0x5E,2,1.989777,Match,Match,lllllbbul,60,"{'1': 224.04015568621497, '2': 284.040155686215}","[0.0, 2.84, 7.1, 12.08, 17.05, 22.03, 27.01, 29.75, 30.63, 29.55, 24.55, 19.55, 14.56, 9.56, 4.57, 359.58, 354.59, 349.6, 344.62, 339.63, 334.64, 329.65, 324.66, 319.67, 317.28, 317.1, 316.36, 311.36, 306.36, 301.36, 296.36, 291.36, 286.37, 281.37, 282.45, 287.36, 292.26]","[0.6922607, 0.7061157, 0.7201538, 0.7339172, 0.7480164, 0.7618103, 0.7758484, 0.7895813, 0.914978, 0.9295349, 0.9428711, 0.9569092, 0.9705505, 0.9846191, 0.9985962, 1.012482, 1.026367, 1.040405, 1.05423, 1.068115, 1.082092, 1.09613, 1.109863, 1.124023, 1.137665, 1.332642, 1.346497, 1.360504, 1.374512, 1.388306, 1.402252, 1.416382, 1.430206, 1.738434, 1.752319, 1.766907, 1.780823]",3.0,"{'1': 12.197267176893185, '2': 30.667311829382818, '3': -10.463396961312867}","{'1': 0.2400000000000001, '2': 0.10999999999999988, '3': 0.050000000000000044}",0.9,1.78,"{'1': {'start': 0.9, 'end': 1.1400000000000001}, '2': {'start': 1.32, 'end': 1.43}, '3': {'start': 1.73, 'end': 1.78}}",Action
12,9,0x5E,2,3.199646,Match,Match,rbbbbbldd,180,"{'1': 55.35115654064422, '2': 235.3511565406442}","[0.0, 358.35, 353.48, 348.49, 343.52, 338.58, 333.66, 328.75, 323.85, 318.94, 314.03, 309.13, 304.22, 299.32, 294.41, 289.51, 284.6, 279.7, 274.79, 269.89, 264.98, 260.08, 255.17, 250.26, 245.35, 240.43, 235.51, 230.59, 225.67, 220.74, 215.8, 210.87, 205.94, 201.0, 196.06, 191.13, 186.19, 181.26, 176.32, 171.39, 166.45, 161.52, 156.58, 151.64, 146.7, 141.74, 140.55, 142.17, 147.09, 152.01, 156.94, 161.86, 166.78, 171.71, 176.63]","[1.261658, 1.275085, 1.289551, 1.303101, 1.316956, 1.331116, 1.345032, 1.358826, 1.372925, 1.386658, 1.400513, 1.41449, 1.428406, 1.442261, 1.456543, 1.470154, 1.483887, 1.498047, 1.51178, 1.525879, 1.539856, 1.553833, 1.567505, 1.581543, 1.609558, 1.623474, 1.638428, 1.65271, 1.666443, 1.680847, 1.694702, 1.708435, 1.722839, 1.737, 1.750366, 1.765015, 1.778748, 1.792664, 1.80658, 1.82074, 1.834778, 1.848267, 1.862549, 1.876465, 1.890198, 1.904114, 2.684204, 2.698608, 2.71283, 2.725952, 2.739929, 2.753845, 2.7677, 2.782043, 2.796021]",2.0,"{'1': 141.73102111294853, '2': 33.939050566561235}","{'1': 0.6600000000000001, '2': 0.1200000000000001}",1.25,2.79,"{'1': {'start': 1.25, 'end': 1.9100000000000001}, '2': {'start': 2.67, 'end': 2.79}}",Action
12,10,0x5E,2,3.088623,Match,Match,llbbbbbru,180,"{'1': 200.37032755351868, '2': 20.370327553518678}","[0.0, 358.82, 354.56, 349.56, 344.56, 339.56, 334.56, 329.56, 324.56, 321.03, 319.8, 320.21, 325.21, 330.21, 335.2, 340.2, 345.2, 350.2, 355.17, 0.13, 5.08, 10.02, 14.94, 19.87, 24.79, 29.71, 34.64, 39.56, 44.48, 49.4, 54.32, 59.25, 64.17, 69.09, 74.01, 78.93, 83.85, 88.77, 93.69, 98.61, 103.53, 108.46, 113.38, 118.3, 123.22, 128.14, 133.06, 137.98, 142.9, 147.81, 152.73, 157.65, 162.57, 165.93, 165.93, 167.35, 172.33, 177.31, 182.3, 187.28, 192.26, 197.25, 202.23]","[0.5540161, 0.5684814, 0.5821533, 0.5963135, 0.6106567, 0.6243286, 0.6380005, 0.6526489, 0.6664429, 0.6798096, 1.276306, 1.290283, 1.304382, 1.318054, 1.332031, 1.34613, 1.359863, 1.373901, 1.387878, 1.401733, 1.415527, 1.429688, 1.443542, 1.457458, 1.471436, 1.48584, 1.499207, 1.513062, 1.528442, 1.54126, 1.554871, 1.568787, 1.582703, 1.596619, 1.610413, 1.624451, 1.638489, 1.6521, 1.666321, 1.680237, 1.694092, 1.707947, 1.722046, 1.735718, 1.749939, 1.763672, 1.77771, 1.791626, 1.805542, 1.819275, 1.833374, 1.847229, 1.861206, 1.875061, 2.183777, 2.197754, 2.211792, 2.225891, 2.23938, 2.253784, 2.267822, 2.281433, 2.295532]",3.0,"{'1': 38.970392612595845, '2': 125.74300323019554, '3': -17.704807345182644}","{'1': 0.14, '2': 0.6100000000000001, '3': 0.06000000000000005}",0.54,2.29,"{'1': {'start': 0.54, 'end': 0.68}, '2': {'start': 1.27, 'end': 1.8800000000000001}, '3': {'start': 2.23, 'end': 2.29}}",Action
12,11,0x5E,2,2.153564,Match,Match,ffuuuurrf,60,"{'1': 56.84556754884658, '2': 356.8455675488466}","[0.0, 4.98, 9.96, 14.94, 19.91, 24.89, 29.85, 34.81, 39.75, 44.69, 49.63, 54.56, 59.5, 64.44, 69.37, 74.3, 79.24, 84.17, 89.1, 94.03, 98.97, 103.9]","[0.855957, 0.8700562, 0.8840942, 0.8978882, 0.9118042, 0.9255981, 0.9395752, 0.9536133, 0.9675903, 0.9815063, 0.9951782, 1.009155, 1.024902, 1.037109, 1.050903, 1.065063, 1.078735, 1.092896, 1.106628, 1.120667, 1.134583, 1.148682]",1.0,{'1': 100.86416341584517},{'1': 0.30000000000000016},0.84,1.14,"{'1': {'start': 0.84, 'end': 1.1400000000000001}}",Action
12,12,0x5E,2,2.365753,Match,Match,lllbbbluu,60,"{'1': 22.95292868073701, '2': 82.95292868073702}","[0.0, 3.42, 8.42, 13.42, 18.42, 23.41, 28.41, 33.41, 34.89, 34.61, 33.55, 28.55, 23.55, 18.55, 13.55, 8.55, 3.55, 358.55, 353.55, 348.55, 343.56, 338.56, 333.56, 328.57, 323.57, 318.58, 313.66, 311.41, 306.41, 301.42, 296.43, 291.44, 286.45, 281.46, 276.47, 271.48, 268.77, 268.77, 268.77, 271.16, 276.14, 281.11]","[0.4396057, 0.4546204, 0.4692993, 0.4833679, 0.4982605, 0.5127258, 0.5270081, 0.5406189, 0.8731384, 0.887146, 0.901001, 0.9151611, 0.9289551, 0.9429626, 0.9568176, 0.97052, 0.9847107, 0.9983826, 1.012421, 1.02655, 1.043213, 1.054108, 1.068298, 1.082001, 1.096008, 1.109833, 1.318665, 1.332855, 1.346527, 1.360474, 1.37442, 1.388519, 1.40213, 1.416168, 1.430145, 1.444153, 1.458008, 1.836395, 1.85083, 1.864349, 1.878601, 1.892578]",4.0,"{'1': 33.45175402645559, '2': 6.547903054827479, '3': 45.32974007814898, '4': -11.423303999427674}","{'1': 0.12000000000000005, '2': 0.2400000000000001, '3': 0.15999999999999992, '4': 0.050000000000000044}",0.43,1.89,"{'1': {'start': 0.43, 'end': 0.55}, '2': {'start': 0.87, 'end': 1.11}, '3': {'start': 1.3, 'end': 1.46}, '4': {'start': 1.84, 'end': 1.8900000000000001}}",Action
12,13,0x5E,2,5.190613,Match,Match,bbddbblll,180,"{'1': 46.00488897920435, '2': 226.00488897920434}","[0.0, 0.0, 354.97, 349.97, 344.97, 339.98, 334.98, 329.99, 325.01, 320.03, 315.07, 310.12, 305.46, 303.56, 298.59, 293.61, 288.63, 283.65, 278.67, 273.69, 268.7, 263.72, 258.72, 253.73, 248.73, 243.74, 238.74, 235.6, 232.46, 232.46, 230.36, 225.38, 220.41, 215.44, 210.47, 205.49, 200.52, 195.54, 190.56, 185.58, 180.59, 175.61, 170.61, 169.67, 168.73, 167.33, 162.35, 157.36, 152.38, 147.39, 142.4, 137.4, 132.4, 132.02, 136.98, 141.93, 146.87, 151.79, 156.71, 161.63, 163.05, 161.62, 156.67, 151.72, 146.78, 141.84, 136.9, 131.97, 127.04, 122.14, 117.25, 113.35, 113.35, 116.45, 121.42, 126.38, 131.34, 136.31, 141.27, 146.23, 151.18, 156.14, 156.32, 159.49, 164.37, 169.25, 174.12, 179.0, 183.88]","[0.5943909, 0.6088257, 0.6227417, 0.6364441, 0.6506042, 0.6645813, 0.6779175, 0.6922302, 0.7063904, 0.7197876, 0.7341919, 0.748291, 0.9125671, 0.9265137, 0.9403381, 0.9543152, 0.9682922, 0.986145, 0.9962769, 1.01004, 1.023956, 1.037903, 1.051819, 1.065948, 1.07962, 1.093567, 1.107452, 1.12146, 1.3302, 1.344269, 1.358002, 1.371979, 1.386047, 1.399841, 1.413818, 1.427643, 1.441742, 1.455414, 1.469574, 1.483398, 1.497375, 1.511139, 1.52533, 1.539032, 1.747955, 1.775543, 1.789917, 1.804688, 1.818726, 1.833679, 1.847321, 1.861176, 1.875305, 2.196136, 2.210724, 2.224548, 2.237854, 2.25238, 2.266266, 2.279907, 2.461029, 2.475647, 2.489319, 2.502533, 2.516663, 2.530548, 2.5448, 2.558044, 2.572449, 2.586578, 2.599915, 2.615112, 3.742126, 3.756348, 3.770142, 3.784119, 3.797668, 3.811707, 3.825806, 3.839661, 3.85376, 3.867676, 4.326904, 4.341003, 4.355042, 4.369202, 4.382874, 4.39679, 4.411133]",6.0,"{'1': 124.5284641180416, '2': 42.128653238564, '3': -36.37135252691036, '4': -49.613532425657866, '5': 42.79091092006584, '6': 20.03412625129957}","{'1': 0.5400000000000001, '2': 0.20999999999999996, '3': 0.14000000000000012, '4': 0.16999999999999993, '5': 0.14000000000000012, '6': 0.09999999999999964}",0.59,4.41,"{'1': {'start': 0.59, 'end': 1.1300000000000001}, '2': {'start': 1.33, 'end': 1.54}, '3': {'start': 1.74, 'end': 1.8800000000000001}, '4': {'start': 2.45, 'end': 2.62}, '5': {'start': 3.73, 'end': 3.87}, '6': {'start': 4.3100000000000005, 'end': 4.41}}",Action
12,14,0x5E,2,2.26532,Match,Match,bbddbblll,180,"{'1': 251.69266340852414, '2': 71.69266340852414}","[0.0, 0.0, 359.57, 358.13, 355.45, 352.77, 348.46, 343.46, 338.47, 333.47, 331.02, 330.61, 330.2, 331.26, 335.07, 340.07, 345.07, 350.07, 355.07, 0.06, 5.06, 10.05, 15.03, 20.02, 25.0, 29.98, 34.96, 39.94, 44.92, 49.9, 54.88, 59.86, 64.84, 69.82, 74.8, 79.78, 84.76, 89.74, 94.72, 99.7, 101.04, 106.0, 110.96, 115.92, 120.88, 125.84, 130.81, 135.77, 140.73, 145.69, 150.64, 155.59, 160.53, 165.47]","[0.4946289, 0.5090637, 0.5236816, 0.5380859, 0.5521545, 0.5657959, 0.5801086, 0.5942993, 0.6079102, 0.6221924, 0.6363525, 0.6503601, 0.8429565, 0.8567505, 0.8706055, 0.884552, 0.8982849, 0.9124756, 0.9263, 0.9403076, 0.9542236, 0.9682007, 0.9819031, 0.9961853, 1.010529, 1.023712, 1.037903, 1.051605, 1.065521, 1.079712, 1.097687, 1.107422, 1.121246, 1.135162, 1.149231, 1.163177, 1.176971, 1.190826, 1.204803, 1.218536, 1.483154, 1.497253, 1.510956, 1.524933, 1.538788, 1.552887, 1.566742, 1.580566, 1.594482, 1.608521, 1.622314, 1.636688, 1.65036, 1.664063]",3.0,"{'1': 29.379459936034714, '2': 69.93499540455382, '3': 63.0318787752732}","{'1': 0.15000000000000002, '2': 0.3899999999999999, '3': 0.19000000000000017}",0.5,1.66,"{'1': {'start': 0.5, 'end': 0.65}, '2': {'start': 0.8300000000000001, 'end': 1.22}, '3': {'start': 1.47, 'end': 1.6600000000000001}}",Action
12,15,0x5E,2,3.352051,Match,Match,bbddbblll,120,"{'1': 160.2379903242456, '2': 280.23799032424563}","[0.0, 4.98, 9.95, 14.91, 19.87, 24.83, 29.79, 34.58, 39.36, 40.66, 45.59, 50.52, 55.46, 60.39, 65.32, 70.24, 75.17, 80.08, 85.0, 89.91, 94.82, 99.72, 104.61, 109.51, 114.4, 119.29, 124.17, 129.06, 133.95, 138.83, 143.72, 148.61, 153.49, 158.38, 163.26, 168.12, 172.92, 177.7, 182.49, 187.33, 192.17, 196.97, 201.72, 206.44, 211.07, 215.69, 220.29, 224.89, 226.79, 231.2, 235.61]","[0.4367371, 0.4518433, 0.466095, 0.4807129, 0.4955444, 0.5095215, 0.5243835, 0.5386963, 0.789856, 0.803772, 0.8178406, 0.8319092, 0.8452454, 0.8591919, 0.8733521, 0.8796082, 0.887146, 0.8985291, 0.9125671, 0.9264526, 0.9403992, 0.9542542, 0.9681396, 0.9820557, 0.9959412, 1.009979, 1.023773, 1.037689, 1.051697, 1.065613, 1.079559, 1.093506, 1.10733, 1.121246, 1.135254, 1.149323, 1.162933, 1.177124, 1.46933, 1.483185, 1.497253, 1.511047, 1.525085, 1.538879, 1.552887, 1.566895, 1.580841, 2.084564, 2.098694, 2.112762, 2.126465]",4.0,"{'1': 34.60481164772852, '2': 138.52570653913486, '3': -37.88970662697946, '4': -8.77238475900073}","{'1': 0.12000000000000005, '2': 0.3999999999999999, '3': 0.13000000000000012, '4': 0.050000000000000266}",0.42,2.12,"{'1': {'start': 0.42, 'end': 0.54}, '2': {'start': 0.78, 'end': 1.18}, '3': {'start': 1.46, 'end': 1.59}, '4': {'start': 2.07, 'end': 2.12}}",Action
12,16,0x5E,2,3.172058,Match,Match,lllbbbluu,60,"{'1': 122.50794918779356, '2': 62.50794918779356}","[0.0, 0.45, 1.54, 3.66, 8.43, 13.42, 18.42, 23.42, 26.22, 29.01, 29.62, 29.62, 30.66, 35.62, 40.58, 45.53, 50.49, 55.44, 60.39, 65.34, 70.27]","[0.7047729, 0.718811, 0.732605, 0.74646, 0.7606201, 0.774231, 0.788269, 0.8022461, 0.8162231, 0.8300171, 1.999695, 2.013428, 2.041565, 2.05603, 2.070374, 2.084961, 2.098633, 2.112549, 2.126526, 2.140564, 2.154907]",2.0,"{'1': 29.006541322314074, '2': 38.96335773548067}","{'1': 0.13, '2': 0.13999999999999968}",0.7000000000000001,2.15,"{'1': {'start': 0.7000000000000001, 'end': 0.8300000000000001}, '2': {'start': 2.0100000000000002, 'end': 2.15}}",Action
12,17,0x5E,2,2.710815,Match,Match,ddbbddddl,180,"{'1': 239.5046766855629, '2': 59.50467668556291}","[0.0, 0.0, 2.33, 7.24, 12.14, 17.04, 21.94, 26.84, 31.75, 36.64, 41.53, 46.42, 51.32, 51.51, 51.99, 56.92, 61.86, 66.79, 71.71, 76.63, 81.51, 86.39, 91.25, 96.11, 100.97, 100.97, 106.05, 111.02, 116.0, 120.97, 125.95, 130.92, 135.89, 140.87, 145.84, 150.81, 155.79, 158.85, 159.84, 164.72, 169.59, 174.48, 179.37, 184.3]","[0.563324, 0.5774841, 0.591095, 0.6051941, 0.6190186, 0.6329346, 0.6468201, 0.6607056, 0.6744995, 0.6885681, 0.7026062, 0.7163391, 0.7304077, 1.03653, 1.050659, 1.064728, 1.078217, 1.092407, 1.106354, 1.120148, 1.134003, 1.147949, 1.16217, 1.17572, 1.609497, 1.623505, 1.637817, 1.6521, 1.665741, 1.679291, 1.693573, 1.707672, 1.7211, 1.735229, 1.749451, 1.762939, 1.7771, 2.362244, 2.376648, 2.390472, 2.404388, 2.417969, 2.431732, 2.445953]",4.0,"{'1': 51.17800079609911, '2': 44.65200570522106, '3': 54.83516549772364, '4': 18.450314848658877}","{'1': 0.16999999999999993, '2': 0.1499999999999999, '3': 0.16999999999999993, '4': 0.08999999999999986}",0.56,2.44,"{'1': {'start': 0.56, 'end': 0.73}, '2': {'start': 1.03, 'end': 1.18}, '3': {'start': 1.61, 'end': 1.78}, '4': {'start': 2.35, 'end': 2.44}}",Action
12,18,0x5E,2,4.843323,Match,Match,bdddddfll,0,"{'1': 151.81176844913617, '2': 151.81176844913617}","[0.0, 0.35, 3.34, 8.26, 13.17, 18.08, 22.99, 27.89, 32.79, 37.04, 37.39, 38.41, 41.44, 44.95, 48.69, 52.43, 56.15, 59.87, 63.59, 65.49, 65.05, 62.57, 57.58, 52.58, 47.58, 42.58, 37.58, 32.59, 27.59, 22.59, 17.59, 12.59, 10.09, 8.76, 4.41, 359.42, 354.43, 349.44, 344.45, 339.46, 334.47, 330.44, 328.12, 329.22, 334.14, 339.04, 343.94, 348.83, 353.72, 358.61, 3.5, 8.39]","[0.5250244, 0.5397339, 0.5536499, 0.5674438, 0.581604, 0.5955811, 0.609436, 0.6235352, 0.6375122, 0.651123, 0.9719849, 0.9862671, 1.0, 1.013977, 1.021729, 1.027832, 1.039001, 1.052673, 1.066528, 1.596069, 1.610962, 1.62384, 1.637695, 1.660522, 1.665466, 1.679688, 1.693115, 1.707275, 1.72113, 1.738953, 1.749268, 1.762878, 1.916016, 1.929993, 1.943787, 1.957764, 1.971802, 1.986633, 1.999634, 2.026855, 2.041199, 2.05603, 3.701355, 3.715515, 3.728943, 3.743225, 3.757446, 3.770691, 3.784729, 3.798828, 3.812622, 3.826782]",5.0,"{'1': 37.049683137823465, '2': 26.225530853521292, '3': -52.99449202914334, '4': 19.214134404816562, '5': -25.816077799849907}","{'1': 0.14, '2': 0.1100000000000001, '3': 0.17999999999999994, '4': 0.15999999999999992, '5': 0.13000000000000034}",0.52,3.82,"{'1': {'start': 0.52, 'end': 0.66}, '2': {'start': 0.96, 'end': 1.07}, '3': {'start': 1.59, 'end': 1.77}, '4': {'start': 1.9000000000000001, 'end': 2.06}, '5': {'start': 3.69, 'end': 3.8200000000000003}}",Action
12,19,0x5E,2,4.077454,Match,Match,bbddbblll,180,"{'1': 21.476201919829236, '2': 201.47620191982924}","[0.0, 0.0, 0.0, 359.08, 357.48, 355.15, 352.33, 348.05, 343.17, 338.31, 333.44, 328.58, 323.72, 318.86, 314.0, 309.14, 304.29, 299.43, 294.57, 289.71, 284.86, 280.0, 275.14, 270.28, 265.43, 260.57, 255.71, 250.85, 246.0, 241.14, 236.28, 231.42, 226.56, 221.71, 216.85, 211.99, 207.13, 202.73, 200.47, 199.4, 199.03, 199.03, 196.71, 192.75, 187.75, 182.75, 177.75, 172.75, 167.75, 162.77, 161.07, 161.07, 166.16, 171.16, 176.16, 177.58, 182.53, 187.48]","[1.233826, 1.247986, 1.261414, 1.275635, 1.289429, 1.303162, 1.317322, 1.345276, 1.359131, 1.374268, 1.388428, 1.402832, 1.416504, 1.430237, 1.444458, 1.458557, 1.472839, 1.486206, 1.500854, 1.514709, 1.527893, 1.542175, 1.556519, 1.569946, 1.584106, 1.598267, 1.612427, 1.625732, 1.640259, 1.653992, 1.66748, 1.682129, 1.696045, 1.709412, 1.723633, 1.737732, 1.751648, 1.765198, 1.779663, 1.793518, 2.114136, 2.12738, 2.141724, 2.155518, 2.169434, 2.183838, 2.197693, 2.211548, 2.224731, 2.238831, 2.670837, 2.684814, 2.699463, 2.713074, 3.241882, 3.259216, 3.270447, 3.283569]",4.0,"{'1': 160.60748036604306, '2': 1.8001728644915431, '3': 10.15219320214672, '4': -3.705990663823883}","{'1': 0.55, '2': 0.13000000000000034, '3': 0.050000000000000266, '4': 0.020000000000000018}",1.25,3.28,"{'1': {'start': 1.25, 'end': 1.8}, '2': {'start': 2.11, 'end': 2.24}, '3': {'start': 2.67, 'end': 2.72}, '4': {'start': 3.2600000000000002, 'end': 3.2800000000000002}}",Action
12,20,0x5E,2,2.139069,Match,Match,rbbbdddff,120,"{'1': 38.70008044924079, '2': 278.7000804492408}","[0.0, 2.68, 7.67, 12.64, 17.6, 22.56, 26.17, 31.13, 36.09, 41.05, 46.01, 50.96, 55.93, 60.89, 65.86, 68.56, 71.26, 76.17, 81.09, 86.0, 90.91, 95.82, 100.71, 105.61, 110.49, 115.38, 118.42, 123.3, 128.18, 133.06]","[0.4061279, 0.4213257, 0.43573, 0.4507751, 0.4653625, 0.8141174, 0.8277588, 0.8419495, 0.855835, 0.8696594, 0.8834839, 0.897644, 0.9112854, 0.9252625, 1.162201, 1.176147, 1.190063, 1.203796, 1.217926, 1.23175, 1.245667, 1.259705, 1.273621, 1.287567, 1.301331, 1.88855, 1.903015, 1.916565, 1.930695, 1.944672]",4.0,"{'1': 17.665954628881202, '2': 38.63015133963121, '3': 44.958117164229705, '4': 16.203267481080957}","{'1': 0.08000000000000002, '2': 0.13, '3': 0.15999999999999992, '4': 0.06999999999999984}",0.39,1.94,"{'1': {'start': 0.39, 'end': 0.47000000000000003}, '2': {'start': 0.8, 'end': 0.93}, '3': {'start': 1.1500000000000001, 'end': 1.31}, '4': {'start': 1.87, 'end': 1.94}}",Action
12,21,0x5E,2,5.344666,Match,Match,uubbbrrrb,180,"{'1': 18.09630436569893, '2': 198.09630436569893}","[0.0, 0.0, 358.92, 356.44, 352.37, 347.37, 342.37, 337.38, 332.38, 327.38, 322.39, 317.39, 312.39, 307.4, 302.4, 297.41, 292.41, 287.42, 282.42, 277.43, 272.43, 267.44, 262.44, 257.45, 252.45, 247.45, 242.46, 237.46, 232.47, 227.47, 222.48, 217.48, 212.49, 207.49, 202.5, 197.5, 192.5, 187.51, 182.51, 177.52, 172.53, 169.82, 167.12, 165.29, 165.04, 164.53, 161.98, 157.59, 152.59, 147.59, 142.59, 137.59, 132.59, 130.81, 130.64, 128.54, 123.57, 118.59, 113.61, 108.63, 103.65, 98.67, 93.69, 88.7, 83.71, 79.8, 78.52, 79.52, 84.44, 89.36, 94.28, 99.18, 104.08, 108.97, 113.86, 118.74, 123.62, 128.48, 133.34, 138.2, 143.06, 147.91, 152.76, 156.14, 156.36, 159.34, 164.29, 169.25, 174.2, 179.16, 184.11, 189.06]","[0.9549561, 0.9690552, 0.9831543, 0.9967651, 1.010559, 1.024597, 1.038391, 1.052856, 1.066345, 1.0802, 1.094116, 1.108093, 1.122009, 1.136047, 1.149963, 1.164001, 1.177734, 1.191589, 1.205566, 1.219482, 1.233398, 1.247375, 1.261169, 1.275085, 1.289124, 1.302979, 1.316956, 1.33075, 1.344849, 1.358582, 1.372742, 1.386719, 1.400574, 1.414429, 1.428345, 1.442139, 1.456177, 1.470215, 1.484009, 1.497986, 1.511902, 1.525879, 1.539917, 1.876099, 1.890381, 1.904602, 1.917847, 1.932251, 1.94635, 1.959839, 1.973877, 1.987549, 2.001587, 2.545532, 2.558838, 2.573059, 2.587219, 2.600647, 2.614685, 2.628723, 2.645386, 2.65686, 2.670776, 2.684692, 2.698059, 2.712097, 3.241638, 3.255859, 3.269897, 3.283691, 3.296814, 3.311096, 3.325439, 3.338928, 3.353027, 3.367432, 3.38031, 3.394531, 3.408875, 3.422363, 3.436646, 3.450745, 3.464722, 3.827271, 3.84021, 3.854553, 3.86908, 3.881958, 3.895996, 3.910461, 3.924011, 4.661865]",5.0,"{'1': 167.11954819115837, '2': -32.659245360142336, '3': -51.047205894178916, '4': 74.26107491805428, '5': 19.66342112577007}","{'1': 0.5800000000000001, '2': 0.13000000000000012, '3': 0.18000000000000016, '4': 0.2400000000000002, '5': 0.10000000000000009}",0.96,3.93,"{'1': {'start': 0.96, 'end': 1.54}, '2': {'start': 1.8800000000000001, 'end': 2.0100000000000002}, '3': {'start': 2.54, 'end': 2.72}, '4': {'start': 3.23, 'end': 3.47}, '5': {'start': 3.83, 'end': 3.93}}",Action
12,22,0x5E,2,2.407715,Match,Match,llbbbrruu,60,"{'1': 329.3282715335102, '2': 269.3282715335102}","[0.0, 359.66, 357.2, 354.75, 349.75, 344.75, 339.75, 334.75, 329.75, 324.75, 319.75, 314.75, 310.77, 309.24, 309.63, 314.34, 319.33, 324.31, 329.28, 334.26, 339.25, 344.24, 349.24, 354.24, 359.24, 4.24, 9.22, 11.4, 13.59, 18.54, 23.49, 28.44, 33.39, 38.33, 43.28, 48.25, 53.23]","[0.7367859, 0.7508545, 0.7581787, 0.7646484, 0.7763977, 0.7901001, 0.8040161, 0.8179932, 0.8320313, 0.8459167, 0.8596191, 0.8738098, 0.8875732, 1.207794, 1.221863, 1.235626, 1.249664, 1.263336, 1.277405, 1.29129, 1.305145, 1.319092, 1.33316, 1.347015, 1.360809, 1.374939, 1.569824, 1.583771, 1.600586, 1.611694, 1.625671, 1.639496, 1.653442, 1.667328, 1.681213, 1.695038, 1.709076]",2.0,"{'1': 49.163919035466684, '2': -0.7124842400149589}","{'1': 0.15000000000000002, '2': 0.5}",0.74,1.7,"{'1': {'start': 0.74, 'end': 0.89}, '2': {'start': 1.2, 'end': 1.7}}",Action
12,23,0x5E,2,2.114441,Match,Match,uuuubbbur,60,"{'1': 198.4757137131881, '2': 138.4757137131881}","[0.0, 0.0, 4.99, 9.99, 14.99, 19.99, 24.99, 29.98, 34.94, 39.86, 44.78, 49.69, 54.59, 59.49, 64.39, 69.29, 74.19, 79.09, 83.98, 88.88]","[1.025452, 1.039368, 1.056213, 1.067383, 1.081055, 1.095154, 1.108765, 1.122742, 1.136719, 1.150696, 1.164795, 1.178467, 1.192627, 1.206299, 1.220276, 1.234253, 1.248413, 1.261963, 1.276001, 1.303589]",1.0,{'1': 88.24254530955487},{'1': 0.27},1.03,1.3,"{'1': {'start': 1.03, 'end': 1.3}}",Action
12,24,0x5E,2,1.443604,Match,Match,uuuuubbul,60,"{'1': 232.14120598327415, '2': 292.1412059832742}","[0.0, 359.8, 357.92, 354.91, 350.2, 345.21, 340.21, 335.21, 330.21, 325.21, 320.21, 315.21, 310.21, 305.21, 300.21, 295.67, 293.02, 290.95, 289.65]","[0.6793823, 0.6929321, 0.7069092, 0.7209473, 0.7347412, 0.7416992, 0.7486572, 0.7603149, 0.7739868, 0.7879028, 0.802002, 0.8157349, 0.8297729, 0.843689, 0.857666, 0.871582, 0.885376, 0.899231, 0.9133301]",1.0,{'1': 70.03383242685511},{'1': 0.22999999999999998},0.68,0.91,"{'1': {'start': 0.68, 'end': 0.91}}",Action
12,25,0x5E,2,7.503296,Mismatch,Mismatch,rrrrbbbdr,60,"{'1': 297.8715068359218, '2': 357.8715068359218}","[0.0, 1.32, 5.0, 10.0, 14.99, 19.99, 24.99, 29.99, 34.99, 39.98, 44.98, 49.98, 54.98, 59.98, 64.97, 69.97, 74.97, 79.97, 84.96, 89.96, 94.96, 99.96, 104.96, 109.95, 114.95, 119.95, 124.95, 129.95, 134.95, 139.94, 144.94, 149.94, 154.94, 159.94, 164.93, 169.93, 174.93, 179.93, 184.92, 189.92, 194.92, 199.92, 204.92, 209.91, 214.91, 219.91, 224.91, 229.9, 234.9, 239.9, 242.76, 242.76, 243.09, 244.69, 248.36, 252.94, 257.93, 262.92, 267.58, 269.78, 269.14, 268.51, 265.79, 260.85, 255.91, 250.97, 246.04, 241.11, 236.19, 231.28, 226.37, 221.46, 216.56, 211.65, 206.75, 201.84, 196.95, 194.21, 193.29, 192.71, 192.2, 190.84, 186.95, 181.95, 176.95, 171.95, 166.95, 161.95, 156.95, 151.95, 151.02, 151.02, 150.05, 148.64, 146.13, 143.2, 139.85, 136.21, 132.57, 129.88, 127.79, 127.79, 127.79, 127.79, 128.93, 132.06, 136.87, 141.68, 146.5, 151.31, 156.1, 160.88, 165.66, 170.43, 175.19, 179.96, 184.72, 189.48, 194.25, 199.01, 203.77, 208.53, 213.29, 218.04, 222.8, 227.55, 232.3, 237.05, 241.79, 246.53, 249.51, 252.5, 252.76, 257.69, 262.6, 267.52, 272.43, 277.34, 282.25, 287.16, 287.43, 290.17, 295.11, 300.04, 304.96, 309.89, 314.81, 319.72, 324.63, 329.54, 334.44, 339.34, 344.24, 349.14, 354.03, 358.92, 3.81, 8.68, 13.53, 18.38, 23.23, 28.07, 32.91, 37.75]","[1.358459, 1.372498, 1.386414, 1.400208, 1.414246, 1.428101, 1.441833, 1.455811, 1.469788, 1.483765, 1.497559, 1.511719, 1.539734, 1.553772, 1.568604, 1.582581, 1.596741, 1.611511, 1.624939, 1.638367, 1.655823, 1.666992, 1.679504, 1.694031, 1.70813, 1.721924, 1.736206, 1.750305, 1.763977, 1.77832, 1.792297, 1.806274, 1.820007, 1.834167, 1.848572, 1.861938, 1.876099, 1.890259, 1.90387, 1.91803, 1.932068, 1.946167, 1.959534, 1.973816, 1.988037, 2.001404, 2.015747, 2.029907, 2.043396, 2.057556, 2.071655, 2.851685, 2.865723, 2.879028, 2.893311, 2.907349, 2.920593, 2.934753, 2.949036, 3.088318, 3.101868, 3.116272, 3.130188, 3.143616, 3.157837, 3.171997, 3.185608, 3.199097, 3.213074, 3.227478, 3.241028, 3.255127, 3.269104, 3.283264, 3.296936, 3.310913, 3.324646, 3.338745, 3.352783, 3.547852, 3.561523, 3.575806, 3.589539, 3.603577, 3.617737, 3.63147, 3.645325, 3.658569, 3.673462, 3.68689, 4.146423, 4.160339, 4.1745, 4.188599, 4.201965, 4.216125, 4.230164, 4.243774, 4.257813, 4.271851, 4.28595, 4.2995, 4.787292, 4.800903, 4.815186, 4.829651, 4.842651, 4.856934, 4.871033, 4.884705, 4.898254, 4.91272, 4.926758, 4.940002, 4.954529, 4.968628, 4.981812, 4.996338, 5.010132, 5.02356, 5.038147, 5.05188, 5.065735, 5.07959, 5.094116, 5.107544, 5.12146, 5.135498, 5.149475, 5.163025, 5.177063, 5.511597, 5.525818, 5.539429, 5.553589, 5.567627, 5.581177, 5.595276, 5.609314, 5.971191, 5.985352, 5.998962, 6.013367, 6.027222, 6.040833, 6.054993, 6.068909, 6.082581, 6.09668, 6.110718, 6.124634, 6.138489, 6.152344, 6.166504, 6.179749, 6.194092, 6.208252, 6.222412, 6.23584, 6.249756, 6.263245, 6.277466, 6.291809, 6.30542]",8.0,"{'1': 117.24000000000001, '2': -24.835226662454588, '3': 76.1762269482731, '4': -15.32294759284153, '5': -23.230000000000004, '6': -17.32625033628868, '7': -29.773581424431057, '8': -37.03348315033957}","{'1': 0.73, '2': 0.10000000000000009, '3': 0.27, '4': 0.1499999999999999, '5': 0.13999999999999968, '6': 0.3899999999999997, '7': 0.10000000000000053, '8': 0.33000000000000007}",1.35,6.3,"{'1': {'start': 1.35, 'end': 2.08}, '2': {'start': 2.85, 'end': 2.95}, '3': {'start': 3.08, 'end': 3.35}, '4': {'start': 3.54, 'end': 3.69}, '5': {'start': 4.15, 'end': 4.29}, '6': {'start': 4.79, 'end': 5.18}, '7': {'start': 5.51, 'end': 5.61}, '8': {'start': 5.97, 'end': 6.3}}",Action
12,26,0x5E,2,4.632813,Mismatch,Mismatch,ffuubllll,60,"{'1': 244.25091033104428, '2': 304.2509103310443}","[0.0, 4.56, 9.53, 14.49, 19.46, 24.42, 29.39, 34.35, 39.31, 44.26, 49.22, 48.98, 46.83, 41.83, 36.84, 31.86, 26.88, 21.91, 16.94, 11.97, 7.0, 2.03, 357.06, 353.12, 351.79, 351.29, 346.3, 341.32, 336.34, 331.36, 326.38, 321.4, 316.42, 312.77, 309.11, 309.11, 307.2, 303.29, 298.29, 293.3, 288.3, 283.3, 279.12, 277.18, 277.18, 282.23, 287.15, 292.06, 296.97, 301.86, 306.75, 311.63, 316.51, 321.36, 326.2, 331.04, 335.88, 339.41, 341.33, 346.3, 351.27, 356.25, 1.23, 6.21, 11.18, 16.16, 21.13, 26.1, 31.07, 36.03, 41.0, 45.96, 50.92, 55.89, 60.85, 65.81, 70.77, 75.73, 80.69, 85.64, 87.23, 87.51, 92.11, 97.03, 101.96, 106.88, 111.81, 116.73]","[0.450592, 0.4656067, 0.47995, 0.4868164, 0.4942017, 0.5082397, 0.5219116, 0.5356445, 0.5501404, 0.5635681, 1.134491, 1.149841, 1.162354, 1.176208, 1.190399, 1.204071, 1.217987, 1.231812, 1.24585, 1.259735, 1.273651, 1.287598, 1.301605, 1.315338, 1.440643, 1.454712, 1.468567, 1.496185, 1.510773, 1.525604, 1.539581, 1.553925, 1.567963, 1.581512, 2.209503, 2.223419, 2.237885, 2.251556, 2.265289, 2.278778, 2.292999, 2.307068, 2.320587, 2.571625, 2.585632, 2.59906, 2.613739, 2.627808, 2.642151, 2.655304, 2.66861, 2.682587, 2.696564, 2.710938, 2.724884, 2.738464, 2.752686, 2.933563, 2.947906, 2.961731, 2.975616, 2.989655, 3.002899, 3.016937, 3.031372, 3.045258, 3.058502, 3.073242, 3.086853, 3.10025, 3.114685, 3.128387, 3.142273, 3.156952, 3.170746, 3.184387, 3.197845, 3.211823, 3.226196, 3.239899, 3.629913, 3.643738, 3.658142, 3.671875, 3.68573, 3.699219, 3.713196, 3.727753]",7.0,"{'1': 44.315878340140145, '2': -42.20438285642316, '3': 39.18243487245018, '4': 30.06274285167983, '5': -58.830182344903214, '6': 64.78571591141841, '7': 26.877865645220155}","{'1': 0.13000000000000006, '2': 0.17999999999999994, '3': 0.16000000000000014, '4': 0.1200000000000001, '5': 0.1900000000000004, '6': 0.3200000000000003, '7': 0.0900000000000003}",0.44,3.72,"{'1': {'start': 0.44, 'end': 0.5700000000000001}, '2': {'start': 1.1400000000000001, 'end': 1.32}, '3': {'start': 1.43, 'end': 1.59}, '4': {'start': 2.21, 'end': 2.33}, '5': {'start': 2.57, 'end': 2.7600000000000002}, '6': {'start': 2.92, 'end': 3.24}, '7': {'start': 3.63, 'end': 3.72}}",Action
12,27,0x5E,2,2.630432,Mismatch,Mismatch,bbbdddrrb,0,"{'1': 215.06239967681267, '2': 215.06239967681267}","[0.0, 3.08, 8.06, 13.04, 18.03, 23.0, 27.98, 32.96, 37.94, 42.92, 47.9, 52.88, 57.86, 62.84, 67.81, 72.79, 77.77, 82.75, 87.73, 92.71, 97.69, 102.67, 107.65, 112.63, 117.61, 122.59, 127.57, 132.56, 137.54, 142.52, 147.5, 152.48, 157.47, 162.45, 167.43, 172.41, 177.4, 182.38]","[0.9287109, 0.9428101, 0.956604, 0.9707642, 0.9845581, 0.9986572, 1.012085, 1.026306, 1.0401, 1.054016, 1.067871, 1.08197, 1.095947, 1.109558, 1.123657, 1.138123, 1.151489, 1.165527, 1.179443, 1.193115, 1.207275, 1.222351, 1.235107, 1.248901, 1.262939, 1.276917, 1.290833, 1.304688, 1.318604, 1.346741, 1.360474, 1.375488, 1.390137, 1.403992, 1.417542, 1.431885, 1.44574, 1.459656]",1.0,{'1': 177.4673469387755},{'1': 0.5399999999999999},0.91,1.45,"{'1': {'start': 0.91, 'end': 1.45}}",Action
12,28,0x5E,2,2.141479,Mismatch,Mismatch,bbdddbrrr,120,"{'1': 243.75805400136827, '2': 123.75805400136827}","[0.0, 359.72, 357.1, 352.11, 347.11, 342.12, 337.13, 332.15, 327.16, 322.18, 317.2, 312.22, 307.24, 302.25, 297.27, 293.38]","[0.871582, 0.8856812, 0.8994141, 0.913147, 0.9271851, 0.940918, 0.9550171, 0.9689941, 0.9829712, 0.9966431, 1.010864, 1.024658, 1.038696, 1.052307, 1.066223, 1.0802]",1.0,{'1': 66.56433712527725},{'1': 0.21000000000000008},0.87,1.08,"{'1': {'start': 0.87, 'end': 1.08}}",Action
12,29,0x5E,2,2.640533,Mismatch,Mismatch,uubbbbruu,0,"{'1': 200.87502671914626, '2': 200.87502671914626}","[0.0, 3.0, 7.94, 12.89, 17.83, 22.81, 27.81, 32.81, 37.81, 37.48, 32.48, 27.48, 22.48, 17.48, 12.48, 7.48, 2.48, 357.48, 352.48, 347.48, 342.48, 337.48, 332.48, 327.48, 322.48, 317.48, 312.48, 307.48, 302.48, 297.49, 292.49, 287.49, 282.49, 277.49, 272.49, 267.49, 262.49, 260.69, 260.23, 257.99, 255.75, 250.75, 245.76, 240.76, 235.76, 230.76, 225.76, 220.77, 215.77, 210.77, 205.77, 200.77, 196.57]","[0.4649963, 0.4790039, 0.493103, 0.5068359, 0.5209351, 0.5350647, 0.5487366, 0.5624695, 0.7853088, 0.7992554, 0.8132324, 0.8270569, 0.8410339, 0.8549805, 0.8688965, 0.8826599, 0.8967285, 0.9107971, 0.9246826, 0.9383545, 0.9525452, 0.9664001, 0.9805298, 0.9942627, 1.008087, 1.021973, 1.036346, 1.049774, 1.063934, 1.077881, 1.091644, 1.105377, 1.119476, 1.133606, 1.14743, 1.161194, 1.175568, 1.188995, 1.400421, 1.413971, 1.428131, 1.442078, 1.456268, 1.469666, 1.483795, 1.497864, 1.51178, 1.525726, 1.539886, 1.553406, 1.567474, 1.581573, 1.595856]",3.0,"{'1': 32.978967053836556, '2': 96.82288501545989, '3': 61.96068181364501}","{'1': 0.12000000000000005, '2': 0.2899999999999999, '3': 0.19999999999999996}",0.45,1.59,"{'1': {'start': 0.45, 'end': 0.5700000000000001}, '2': {'start': 0.9, 'end': 1.19}, '3': {'start': 1.3900000000000001, 'end': 1.59}}",Action
12,30,0x5E,2,4.384827,Mismatch,Mismatch,bbbdddrrb,120,"{'1': 140.46271925381365, '2': 20.462719253813646}","[0.0, 0.0, 1.25, 3.24, 6.38, 11.27, 16.16, 21.01, 25.81, 30.57, 35.3, 40.0, 44.69, 49.37, 54.02, 58.67, 63.19, 67.55, 70.06, 70.06, 67.84, 63.31, 58.31, 53.32, 48.32, 43.32, 38.32, 33.32, 28.32, 23.32, 18.32, 13.33, 8.33, 3.33, 358.33, 353.33, 348.34, 346.74, 346.0, 341.0, 336.0, 331.0, 326.0, 321.0, 316.01, 311.01, 306.01, 301.01, 296.01, 291.02, 289.73, 291.55, 296.47, 301.38, 306.28, 311.17, 316.04, 320.86, 325.67, 330.46, 335.24, 340.01, 344.78, 349.54, 354.3, 359.06, 3.83, 8.59, 13.35, 18.11, 22.87, 27.63, 32.39, 37.15, 41.91, 46.67, 51.43, 56.19, 60.95, 61.46, 63.22, 68.13, 73.04, 77.95, 82.85, 87.76, 92.66, 97.55, 102.4, 107.21, 112.0, 116.79, 121.57, 126.35, 131.13, 135.91, 140.69, 145.47, 150.24, 155.01, 159.78]","[1.401978, 1.415833, 1.429688, 1.443665, 1.457642, 1.471375, 1.485596, 1.49939, 1.513245, 1.527161, 1.541321, 1.554932, 1.569153, 1.582886, 1.59668, 1.610901, 1.624695, 1.638489, 1.721985, 1.736023, 1.749939, 1.763733, 1.777771, 1.791687, 1.805664, 1.819702, 1.833435, 1.847229, 1.861755, 1.875183, 1.889099, 1.903076, 1.917114, 1.93103, 1.95929, 1.974121, 1.987915, 2.546631, 2.560913, 2.574402, 2.588196, 2.602478, 2.616394, 2.6297, 2.644287, 2.657898, 2.671204, 2.685547, 2.699646, 2.713379, 3.006226, 3.020386, 3.034119, 3.048035, 3.062439, 3.076355, 3.0896, 3.103699, 3.117676, 3.131287, 3.14563, 3.159729, 3.172913, 3.187134, 3.200989, 3.2146, 3.229431, 3.243225, 3.256836, 3.270508, 3.284668, 3.298706, 3.3125, 3.326477, 3.340637, 3.354309, 3.368103, 3.382507, 3.396606, 3.59082, 3.60553, 3.619446, 3.632751, 3.647095, 3.661133, 3.674316, 3.688599, 3.702759, 3.716309, 3.729858, 3.74408, 3.758362, 3.772278, 3.786316, 3.800293, 3.81366, 3.827454, 3.841675, 3.856079, 3.869263, 3.883545]",5.0,"{'1': 70.000328279199, '2': -58.33435744607445, '3': 55.76815496162263, '4': -9.239611433493586, '5': 97.1644296520679}","{'1': 0.31999999999999984, '2': 0.27, '3': 0.18000000000000016, '4': 0.4099999999999997, '5': 0.2999999999999998}",1.4,3.88,"{'1': {'start': 1.4000000000000001, 'end': 1.72}, '2': {'start': 1.72, 'end': 1.99}, '3': {'start': 2.54, 'end': 2.72}, '4': {'start': 2.99, 'end': 3.4}, '5': {'start': 3.58, 'end': 3.88}}",Action
12,31,0x5E,2,4.147919,Mismatch,Mismatch,bdddbllll,120,"{'1': 236.77556671541006, '2': 116.77556671541006}","[0.0, 0.98, 5.92, 10.86, 15.8, 20.74, 25.68, 30.63, 32.51, 31.8, 28.64, 23.64, 18.64, 13.64, 8.65, 3.65, 358.65, 353.66, 348.66, 343.66, 338.67, 333.96, 335.7, 337.45, 342.42, 347.39, 352.36, 357.32, 2.28, 7.23, 12.18, 17.13, 22.08, 26.8, 28.77, 28.4, 26.79, 23.19, 18.22, 13.25, 8.29, 3.32, 358.35, 353.38, 348.41, 343.43, 338.46, 333.48, 328.51, 323.53, 318.56, 313.58, 308.61, 303.63, 298.65, 293.68, 288.7, 283.72, 278.75, 273.77, 268.79, 263.82, 258.83, 254.94, 254.63, 253.23, 248.26, 243.29, 238.33, 233.37, 228.41, 223.44, 218.48, 213.52, 208.55, 203.59, 198.62, 193.64, 191.94, 191.65, 193.01, 196.44, 201.43, 206.41, 211.39, 216.37, 221.33, 226.28, 231.24, 236.19, 241.14, 246.09, 251.04, 255.99, 260.93, 265.88, 270.82, 275.75, 280.68, 285.61, 285.81, 285.81, 290.2, 295.14, 300.08, 305.03, 309.97]","[0.413208, 0.4272156, 0.4412231, 0.4550476, 0.4689331, 0.4830017, 0.4969177, 0.5106506, 0.6919556, 0.70578, 0.7198486, 0.7337646, 0.7475891, 0.7613525, 0.7758179, 0.7893677, 0.8031311, 0.8171997, 0.8311157, 0.8449097, 0.8589478, 1.262604, 1.276733, 1.290527, 1.304413, 1.318481, 1.332275, 1.34613, 1.360199, 1.374023, 1.38797, 1.402161, 1.419556, 1.429688, 1.527191, 1.541016, 1.555206, 1.568878, 1.582825, 1.596832, 1.610779, 1.624756, 1.638702, 1.652496, 1.66626, 1.680359, 1.694305, 1.708252, 1.723175, 1.736145, 1.749878, 1.764008, 1.777863, 1.791718, 1.805511, 1.819824, 1.833496, 1.847412, 1.861298, 1.875397, 1.889038, 1.903137, 1.917114, 2.294922, 2.309296, 2.323242, 2.337189, 2.351013, 2.365143, 2.379089, 2.392578, 2.406891, 2.420898, 2.434479, 2.448608, 2.462891, 2.476379, 2.49054, 2.504578, 2.782837, 2.797119, 2.811066, 2.825226, 2.839325, 2.8526, 2.866669, 2.880798, 2.894257, 2.908508, 2.922668, 2.936279, 2.950073, 2.964417, 2.978241, 2.991699, 3.006287, 3.020264, 3.03363, 3.04776, 3.061768, 3.883423, 3.897278, 3.911133, 3.925415, 3.939453, 3.952698, 3.966949]",7.0,"{'1': 30.72694642729103, '2': -11.043751755261688, '3': 0.9133716325683032, '4': 72.57500554101283, '5': 63.05632884787504, '6': -93.94862510987718, '7': -21.752015569581346}","{'1': 0.12, '2': 0.17999999999999994, '3': 0.17999999999999994, '4': 0.3999999999999999, '5': 0.2200000000000002, '6': 0.30000000000000027, '7': 0.08000000000000007}",0.4,3.96,"{'1': {'start': 0.4, 'end': 0.52}, '2': {'start': 0.68, 'end': 0.86}, '3': {'start': 1.25, 'end': 1.43}, '4': {'start': 1.52, 'end': 1.92}, '5': {'start': 2.29, 'end': 2.5100000000000002}, '6': {'start': 2.77, 'end': 3.0700000000000003}, '7': {'start': 3.88, 'end': 3.96}}",Action
12,32,0x5E,2,2.731628,Mismatch,Mismatch,bbbdddrrb,180,"{'1': 251.4990780690253, '2': 71.49907806902529}",[],[],0.0,{},{},0.0,2.731628,{},Action
12,33,0x5E,2,3.560852,Mismatch,Mismatch,lllbbbluu,180,"{'1': 22.946122691354294, '2': 202.9461226913543}","[0.0, 0.0, 359.29, 357.81, 355.58, 353.15, 349.24, 344.82, 339.82, 334.82, 329.82, 324.82, 319.82, 314.82, 309.82, 304.82, 299.83, 295.53, 292.88, 291.58, 291.33, 291.33, 290.68, 286.78, 281.78, 276.78, 271.78, 266.78, 261.78, 256.78, 251.78, 246.78, 241.78, 236.78, 233.13, 232.22, 232.22, 230.77, 226.55, 222.33, 217.34, 212.34, 207.34, 202.34, 197.34, 193.35]","[1.330383, 1.34436, 1.358276, 1.372009, 1.385864, 1.399902, 1.414185, 1.427734, 1.441711, 1.455505, 1.46991, 1.483459, 1.49762, 1.511475, 1.525146, 1.539063, 1.55304, 1.567017, 1.580811, 1.595032, 2.179443, 2.194702, 2.209473, 2.222778, 2.237061, 2.251404, 2.264832, 2.279053, 2.293213, 2.306824, 2.321045, 2.335388, 2.34906, 2.362549, 2.377136, 2.39093, 2.571777, 2.585876, 2.599976, 2.614197, 2.628174, 2.641846, 2.655823, 2.669983, 2.683289, 2.697571]",3.0,"{'1': 68.42212521667116, '2': 59.04864723792953, '3': 36.75486976613922}","{'1': 0.27, '2': 0.20000000000000018, '3': 0.1299999999999999}",1.33,2.69,"{'1': {'start': 1.33, 'end': 1.6}, '2': {'start': 2.19, 'end': 2.39}, '3': {'start': 2.56, 'end': 2.69}}",Action
12,34,0x5E,2,3.171143,Mismatch,Mismatch,ddbbddddl,180,"{'1': 161.9683685505486, '2': 341.9683685505486}","[0.0, 0.25, 1.17, 3.68, 7.18, 12.18, 17.17, 22.16, 27.14, 32.13, 37.12, 42.11, 47.1, 52.09, 57.08, 62.07, 67.06, 72.05, 77.04, 82.03, 87.02, 92.01, 97.0, 101.99, 106.98, 111.97, 116.96, 121.95, 126.94, 131.93, 136.92, 141.91, 146.9, 151.89, 156.88, 161.87, 166.86, 171.85, 176.83, 178.24, 178.24, 181.47, 186.45, 191.43, 196.42, 201.42]","[1.442139, 1.455627, 1.469604, 1.483765, 1.497559, 1.511292, 1.525574, 1.539124, 1.553162, 1.567078, 1.582703, 1.594788, 1.609009, 1.623047, 1.636536, 1.650574, 1.664429, 1.678345, 1.692566, 1.706482, 1.720276, 1.734314, 1.747986, 1.762207, 1.775818, 1.789978, 1.80365, 1.817749, 1.831543, 1.845703, 1.859558, 1.873596, 1.887207, 1.901184, 1.915222, 1.928955, 1.942932, 1.957092, 1.970825, 2.376343, 2.391052, 2.40509, 2.418457, 2.432861, 2.44696, 2.460632]",2.0,"{'1': 176.8619017898096, '2': -19.4288706846109}","{'1': 0.54, '2': 0.06999999999999984}",1.44,2.46,"{'1': {'start': 1.44, 'end': 1.98}, '2': {'start': 2.39, 'end': 2.46}}",Action
12,35,0x5E,2,2.683868,Mismatch,Mismatch,bddrbbbbb,0,"{'1': 24.093263937777174, '2': 24.093263937777174}","[0.0, 0.26, 5.1, 10.1, 15.09, 20.09, 25.09, 30.09, 35.09, 40.08, 40.08, 38.37, 34.26, 29.28, 24.3, 19.33, 14.38, 9.43, 4.48, 359.54, 354.59, 349.65, 344.71, 339.76, 334.82, 329.88, 324.94, 319.99, 315.05, 310.11, 305.16, 300.22, 295.28, 290.33, 285.39, 280.45, 275.5, 270.55, 265.59, 260.63, 255.67, 250.71, 245.75, 240.78, 235.8, 230.83, 225.85, 220.88, 215.9, 210.92, 205.95, 200.97, 195.98, 191.0, 186.02, 182.26, 182.26, 180.93, 178.68, 174.68, 169.68, 164.68, 159.68, 156.96, 156.65, 160.22, 163.79, 168.77, 173.74, 178.71, 183.7, 188.69, 193.68, 198.67]","[0.3975525, 0.411438, 0.4255066, 0.4394531, 0.4532471, 0.4671631, 0.4811707, 0.4949646, 0.5090027, 0.5228271, 0.7596741, 0.773407, 0.7872925, 0.8014526, 0.815155, 0.8291931, 0.8431396, 0.8569641, 0.8708191, 0.8850403, 0.8987427, 0.9126892, 0.9266052, 0.9406128, 0.9543457, 0.9685974, 0.9823914, 0.9961853, 1.010132, 1.024353, 1.037872, 1.05188, 1.065796, 1.079865, 1.093811, 1.107452, 1.121552, 1.13562, 1.149536, 1.163391, 1.177277, 1.191071, 1.205109, 1.218933, 1.233063, 1.246765, 1.260773, 1.274719, 1.288879, 1.302612, 1.316589, 1.330292, 1.344421, 1.358215, 1.371979, 1.594727, 1.608856, 1.622742, 1.636658, 1.650421, 1.664459, 1.678284, 1.692444, 1.706238, 1.929108, 1.943115, 1.957001, 1.970764, 1.984955, 1.99884, 2.012512, 2.026398, 2.040649, 2.05423]",4.0,"{'1': 40.03417161787476, '2': 134.03539497548797, '3': -21.852604189835148, '4': 6.221539354174325}","{'1': 0.13, '2': 0.6300000000000001, '3': 0.08999999999999986, '4': 0.1299999999999999}",0.4,2.05,"{'1': {'start': 0.4, 'end': 0.53}, '2': {'start': 0.75, 'end': 1.3800000000000001}, '3': {'start': 1.62, 'end': 1.71}, '4': {'start': 1.92, 'end': 2.05}}",Action
12,36,0x5E,2,3.396118,Match,Mismatch,dbbbblllu,60,"{'1': 339.0271974589384, '2': 39.0271974589384}","[0.0, 0.0, 358.58, 356.15, 351.79, 346.92, 342.05, 337.19, 332.34, 327.49, 322.63, 317.78, 312.93, 308.09, 303.25, 298.42, 293.59, 288.76, 283.93, 279.09, 274.26, 269.42, 264.54, 263.56, 262.57, 261.79, 256.8, 251.8, 246.8, 241.8, 236.8, 231.8, 226.8, 221.81]","[1.668213, 1.682617, 1.696228, 1.710388, 1.724548, 1.738342, 1.752258, 1.766357, 1.780518, 1.795105, 1.808167, 1.821533, 1.835022, 1.849365, 1.863586, 1.877136, 1.891479, 1.905457, 1.91925, 1.933044, 1.947266, 1.961304, 1.975098, 1.989136, 2.602417, 2.616211, 2.630554, 2.644592, 2.657837, 2.671631, 2.685974, 2.699768, 2.712952, 2.727478]",2.0,"{'1': 96.4413947277023, '2': 38.2111871463824}","{'1': 0.32000000000000006, '2': 0.13000000000000034}",1.67,2.72,"{'1': {'start': 1.67, 'end': 1.99}, '2': {'start': 2.59, 'end': 2.72}}",Action
12,37,0x5E,2,3.198608,Mismatch,Mismatch,lllbbbubb,120,"{'1': 143.46738286072207, '2': 23.46738286072207}","[0.0, 359.74, 354.74, 349.74, 344.74, 339.74, 334.75, 329.75, 324.75, 319.76, 314.76, 309.77, 304.77, 299.78, 296.69, 295.41, 293.11, 288.97, 284.83, 279.83, 274.83, 269.84, 264.84, 259.84, 254.84, 249.85, 245.58, 244.33, 244.62, 249.48, 254.44, 259.4, 264.36, 269.31, 274.24, 279.16, 284.05, 288.94, 293.82, 298.71, 303.6, 308.49, 313.37, 318.26, 323.15, 328.04, 332.93, 337.82, 342.71, 347.6, 352.49, 357.37, 2.26, 7.15, 12.04, 14.99, 17.73, 22.73, 27.73, 32.73, 37.73, 42.73, 47.73, 52.73, 57.73, 62.73, 67.73, 72.73, 77.73, 82.73, 87.73, 88.75]","[0.8568115, 0.8705444, 0.8845825, 0.8986206, 0.9122925, 0.9263306, 0.9402466, 0.9541626, 0.9680786, 0.9820557, 0.9959717, 1.009827, 1.023682, 1.037842, 1.051636, 1.28833, 1.302124, 1.316162, 1.330017, 1.343933, 1.358032, 1.372131, 1.385803, 1.402527, 1.413574, 1.427734, 1.441589, 1.679199, 1.692017, 1.706116, 1.72113, 1.733948, 1.747742, 1.764038, 1.775757, 1.789551, 1.803589, 1.817505, 1.83136, 1.845398, 1.859192, 1.873108, 1.886963, 1.901062, 1.914978, 1.928711, 1.942688, 1.956604, 1.970398, 1.984741, 2.000916, 2.012451, 2.026245, 2.040283, 2.054199, 2.264893, 2.27887, 2.29303, 2.307556, 2.320862, 2.334595, 2.34906, 2.362793, 2.376343, 2.391174, 2.404785, 2.418335, 2.432556, 2.446472, 2.460876, 2.474121, 2.488342]",4.0,"{'1': 63.2948643472214, '2': 49.97337338039249, '3': -103.53065600873339, '4': 73.37019284324921}","{'1': 0.20000000000000007, '2': 0.17999999999999994, '3': 0.3800000000000001, '4': 0.22999999999999998}",0.86,2.48,"{'1': {'start': 0.86, 'end': 1.06}, '2': {'start': 1.27, 'end': 1.45}, '3': {'start': 1.68, 'end': 2.06}, '4': {'start': 2.25, 'end': 2.48}}",Action
12,38,0x5E,2,4.895752,Mismatch,Mismatch,uuuuubbul,0,"{'1': 59.6810896655205, '2': 59.6810896655205}","[0.0, 1.91, 6.91, 11.91, 16.91, 21.91, 26.91, 31.91, 36.91, 41.9, 46.88, 51.86, 56.85, 61.83, 66.81, 71.79, 76.76, 81.74, 86.71, 89.61, 90.78, 91.78, 92.72, 93.56, 94.06, 94.57, 94.57, 94.57, 99.72, 104.7, 109.69, 114.67, 119.66, 124.64, 129.63, 134.61, 139.6, 144.58, 144.76, 143.68, 140.67, 135.67, 130.67, 125.68, 120.68, 115.68, 110.68, 105.68, 100.68, 95.69, 90.69, 85.69, 80.69, 75.7, 70.7, 65.7, 60.71, 55.71, 50.71, 45.72, 41.8, 41.58, 41.07, 36.07, 31.08, 26.08, 21.08, 16.08, 11.08, 6.09, 1.09, 356.09, 351.09, 346.09, 341.1]","[2.052185, 2.06604, 2.079895, 2.093811, 2.107666, 2.121643, 2.135498, 2.164063, 2.177734, 2.194031, 2.20697, 2.220581, 2.235352, 2.248962, 2.262695, 2.276855, 2.290955, 2.304932, 2.31842, 2.332947, 2.346924, 2.360291, 2.374817, 2.388428, 2.402649, 2.416565, 2.653564, 2.668091, 2.681519, 2.695374, 2.709534, 2.723145, 2.737305, 2.751648, 2.76532, 2.778503, 2.79303, 2.806824, 3.196533, 3.211304, 3.22522, 3.238464, 3.25293, 3.266418, 3.279663, 3.2948, 3.30835, 3.321716, 3.335632, 3.350098, 3.363892, 3.377319, 3.391663, 3.405823, 3.419617, 3.433533, 3.447632, 3.461487, 3.475464, 3.48938, 3.503174, 4.185913, 4.199524, 4.213806, 4.227539, 4.241028, 4.255493, 4.269592, 4.283386, 4.29718, 4.310852, 4.324951, 4.338379, 4.352844, 4.36676]",4.0,"{'1': 94.3294028456453, '2': 50.01146694071733, '3': -102.95456323884912, '4': -25.105906504510514}","{'1': 0.3700000000000001, '2': 0.16000000000000014, '3': 0.33000000000000007, '4': 0.1800000000000006}",2.04,4.36,"{'1': {'start': 2.04, 'end': 2.41}, '2': {'start': 2.65, 'end': 2.81}, '3': {'start': 3.18, 'end': 3.5100000000000002}, '4': {'start': 4.18, 'end': 4.36}}",Action
12,39,0x5E,2,5.137085,Mismatch,Mismatch,ffuulllbb,60,"{'1': 232.1359529567681, '2': 172.1359529567681}","[0.0, 357.62, 352.66, 347.7, 342.73, 341.51, 340.6, 335.6, 330.61, 325.63, 320.64, 315.66, 310.67, 305.69, 300.69, 302.28, 307.26, 312.24, 317.21, 322.16, 327.11, 332.05, 336.98, 341.89, 346.8, 351.7, 356.6, 1.5, 6.39, 11.28, 11.62, 12.24, 16.96, 21.95, 26.94, 31.94, 36.93, 41.93, 46.92, 51.91, 56.91, 61.9, 66.89, 71.89, 76.88, 81.87, 86.87, 91.86, 96.86, 101.85, 106.84, 111.84, 116.84, 121.84, 123.72, 125.17, 130.17, 135.16, 140.15, 145.15, 150.14, 155.14, 160.13, 165.13, 170.12, 175.12, 180.11, 185.1, 190.1, 195.09, 197.58, 197.29, 197.0, 195.49, 193.39, 191.22, 189.04, 186.86, 184.69, 182.46, 177.47, 172.47, 167.47, 162.47, 157.47, 152.48, 147.48, 142.48, 137.48, 132.49, 127.49, 122.49, 117.49, 112.49, 108.45, 104.73, 99.73, 94.73, 89.73, 84.73, 79.73, 74.73, 69.73, 64.73, 59.74, 54.74, 49.74, 44.74, 40.73, 38.49, 37.18, 36.99, 32.79, 27.8, 22.81, 17.81, 12.82, 7.82, 2.82, 357.83, 352.83, 347.9, 346.61, 346.05, 344.44, 339.46, 334.5, 329.53, 324.56, 319.6, 314.63, 309.66, 304.69, 299.72, 294.75, 293.91]","[0.5548401, 0.5690308, 0.5824585, 0.5970459, 0.6108704, 0.8728638, 0.8869324, 0.9005737, 0.9146423, 0.9288025, 0.9425659, 0.9563904, 0.9704285, 0.9844666, 1.095642, 1.109802, 1.123505, 1.13736, 1.151306, 1.165161, 1.17923, 1.193024, 1.207062, 1.220825, 1.234772, 1.248901, 1.262817, 1.27655, 1.290558, 1.304443, 1.499542, 1.513397, 1.527252, 1.541168, 1.555115, 1.569092, 1.583099, 1.596893, 1.61084, 1.624786, 1.638611, 1.652588, 1.666656, 1.680389, 1.708649, 1.722565, 1.737213, 1.75177, 1.765869, 1.779846, 1.793762, 1.807739, 1.82196, 1.835968, 2.10083, 2.114807, 2.128967, 2.142609, 2.15683, 2.172119, 2.184479, 2.198517, 2.212616, 2.226471, 2.240356, 2.2547, 2.268524, 2.281433, 2.29599, 2.309631, 3.02005, 3.034271, 3.048004, 3.062256, 3.07605, 3.089874, 3.103607, 3.117493, 3.131622, 3.145355, 3.159637, 3.173584, 3.187164, 3.201263, 3.214905, 3.228851, 3.24234, 3.257446, 3.271118, 3.284241, 3.298553, 3.312531, 3.326416, 3.340576, 3.52179, 3.535645, 3.54953, 3.563019, 3.577148, 3.591339, 3.605072, 3.618896, 3.633026, 3.646942, 3.66098, 3.674835, 3.688812, 3.702057, 3.7164, 3.730591, 3.74408, 3.966919, 3.981445, 3.995361, 4.009216, 4.022766, 4.036835, 4.050995, 4.064606, 4.078735, 4.092621, 4.106323, 4.315643, 4.329681, 4.342987, 4.357971, 4.37146, 4.384705, 4.39917, 4.412994, 4.426422, 4.440674, 4.454651, 4.46875, 4.48233, 4.49704]",9.0,"{'1': 17.312512948799455, '2': 40.626158462183724, '3': -47.76657260420099, '4': 110.26524817195737, '5': 41.265578394087385, '6': -65.23733302117158, '7': -71.53789483179592, '8': -34.43257490313941, '9': 52.332764516722634}","{'1': 0.07999999999999996, '2': 0.2300000000000001, '3': 0.21999999999999997, '4': 0.3500000000000001, '5': 0.2200000000000002, '6': 0.20000000000000018, '7': 0.23999999999999977, '8': 0.1200000000000001, '9': 0.17999999999999972}",0.54,4.49,"{'1': {'start': 0.54, 'end': 0.62}, '2': {'start': 0.86, 'end': 1.09}, '3': {'start': 1.09, 'end': 1.31}, '4': {'start': 1.49, 'end': 1.84}, '5': {'start': 2.09, 'end': 2.31}, '6': {'start': 3.15, 'end': 3.35}, '7': {'start': 3.5100000000000002, 'end': 3.75}, '8': {'start': 3.95, 'end': 4.07}, '9': {'start': 4.3100000000000005, 'end': 4.49}}",Action
12,40,0x5E,2,4.673279,Mismatch,Mismatch,ffuuuurrf,120,"{'1': 114.20773653644045, '2': 234.20773653644045}","[0.0, 359.12, 357.2, 353.81, 349.46, 344.46, 339.46, 334.46, 329.46, 324.46, 319.46, 314.46, 309.46, 304.46, 299.46, 294.46, 289.46, 284.46, 279.46, 274.46, 272.09, 271.03, 270.72, 270.27, 268.9, 265.78, 260.79, 255.81, 250.83, 245.84, 240.86, 235.87, 230.89, 225.91, 221.84, 220.88, 220.88, 221.89, 224.99, 229.9, 234.8, 239.7, 244.6, 249.48, 254.34, 259.18, 264.0, 268.83, 273.65, 278.47, 283.3, 288.12, 292.94, 297.76, 302.58, 307.4, 312.22, 317.04, 321.86, 326.68, 331.51, 336.33, 341.15, 345.97, 350.8, 355.62, 355.62, 358.83, 3.81, 8.79, 13.78, 18.76, 23.74, 28.71, 33.68, 38.65, 43.62, 44.69]","[0.6761475, 0.6901245, 0.7043457, 0.7211304, 0.7321167, 0.7445679, 0.7589722, 0.7733154, 0.7868652, 0.8010254, 0.8151855, 0.8288574, 0.8431396, 0.8572998, 0.8708496, 0.8850708, 0.8991089, 0.9133301, 0.9264526, 0.9407959, 0.9555054, 0.9684448, 1.230652, 1.244385, 1.258301, 1.272278, 1.286316, 1.300293, 1.314148, 1.327881, 1.34198, 1.355896, 1.369812, 1.383606, 1.397705, 1.411682, 1.982361, 1.996277, 2.010254, 2.024109, 2.038147, 2.051941, 2.079834, 2.094299, 2.108704, 2.12323, 2.137695, 2.151917, 2.165283, 2.179688, 2.193665, 2.207214, 2.221313, 2.235291, 2.248962, 2.263062, 2.277283, 2.290955, 2.305176, 2.319214, 2.333191, 2.346436, 2.360779, 2.375122, 2.388489, 2.402832, 2.848206, 2.862793, 2.877136, 2.890259, 2.905029, 2.918396, 2.932373, 2.945862, 2.960693, 2.974182, 2.987549, 3.002014]",4.0,"{'1': 88.97183866804576, '2': 49.737066614858634, '3': -134.74, '4': 40.16102108537851}","{'1': 0.29999999999999993, '2': 0.18999999999999995, '3': 0.44000000000000017, '4': 0.16999999999999993}",0.67,3.0,"{'1': {'start': 0.67, 'end': 0.97}, '2': {'start': 1.22, 'end': 1.41}, '3': {'start': 1.97, 'end': 2.41}, '4': {'start': 2.83, 'end': 3.0}}",Action
12,41,0x5E,2,2.499573,Match,Mismatch,dbbbblllu,120,"{'1': 213.0180290025716, '2': 93.01802900257161}","[0.0, 0.0, 0.85, 5.38, 10.32, 15.26, 20.2, 25.14, 30.07, 35.02, 40.0, 44.99, 49.99, 54.95, 57.28, 57.28, 56.59, 55.52, 54.2, 52.8, 51.5, 51.25, 50.58, 48.72, 46.86, 44.68, 42.49, 40.34, 38.49, 37.96]","[0.7977295, 0.811554, 0.8256836, 0.839386, 0.8532715, 0.8672485, 0.8811035, 0.8951416, 0.908905, 0.9228821, 0.9370422, 0.9507141, 0.9648132, 0.9786682, 1.493774, 1.507813, 1.521637, 1.535431, 1.549469, 1.563477, 1.577332, 2.137238, 2.151184, 2.165283, 2.178772, 2.192444, 2.206757, 2.220917, 2.234497, 2.24884]",2.0,"{'1': 54.956024187652325, '2': -12.966577675488587}","{'1': 0.17999999999999994, '2': 0.11000000000000032}",0.8,2.24,"{'1': {'start': 0.8, 'end': 0.98}, '2': {'start': 2.13, 'end': 2.24}}",Action
12,42,0x5E,2,4.315002,Mismatch,Mismatch,ddbbddddl,180,"{'1': 109.70371459658752, '2': 289.70371459658753}","[0.0, 0.18, 1.03, 2.94, 7.94, 12.94, 17.94, 22.93, 27.93, 32.93, 37.93, 42.92, 47.91, 52.9, 57.89, 62.88, 67.86, 72.85, 77.84, 82.83, 87.81, 92.8, 97.79, 102.78, 107.76, 112.75, 117.74, 122.73, 127.71, 132.7, 137.69, 142.68, 147.68, 152.67, 154.49, 159.49, 164.48, 169.47, 174.47, 179.46, 184.46, 189.46, 194.46, 199.46]","[2.055786, 2.069763, 2.083862, 2.097656, 2.111572, 2.12561, 2.139221, 2.153198, 2.167236, 2.18103, 2.209412, 2.223328, 2.237671, 2.25238, 2.266907, 2.280334, 2.294678, 2.308716, 2.322998, 2.336121, 2.350647, 2.364563, 2.378052, 2.392395, 2.406433, 2.420044, 2.434448, 2.448425, 2.461792, 2.476196, 2.490112, 2.504028, 2.518066, 2.921692, 2.936523, 2.950317, 2.964111, 2.977478, 2.993164, 3.005859, 3.01886, 3.033325, 3.047791, 3.06134]",2.0,"{'1': 147.64964075022445, '2': 8.509048817238863}","{'1': 0.45999999999999996, '2': 0.1499999999999999}",2.06,3.06,"{'1': {'start': 2.06, 'end': 2.52}, '2': {'start': 2.91, 'end': 3.06}}",Action
12,43,0x5E,2,4.53717,Mismatch,Mismatch,uuubbrrrf,180,"{'1': 227.18196138578503, '2': 47.18196138578503}","[0.0, 0.0, 0.33, 1.1, 2.19, 3.29, 4.42, 4.88, 4.52, 2.85, 359.61, 355.37, 350.38, 345.4, 340.41, 335.43, 330.45, 325.46, 320.48, 315.5, 310.52, 305.53, 300.55, 296.45, 296.45, 295.88, 293.79, 288.84, 283.9, 278.97, 274.04, 269.1, 264.17, 259.23, 254.29, 249.35, 245.15, 244.56, 245.92, 250.84, 255.75, 260.65, 265.56, 270.45, 275.35, 280.25, 285.14, 290.04, 294.93, 299.82, 304.72, 309.61, 314.5, 319.4, 324.29, 329.18, 334.08, 338.97, 343.86, 348.75, 353.65, 358.54, 3.43, 8.32, 13.22, 18.11, 23.0, 27.89, 32.79, 32.79, 37.77, 42.74, 47.71, 52.68, 57.66, 62.63, 67.6, 72.57, 77.54, 82.51, 87.48, 87.83, 88.87, 93.81, 98.74, 103.68, 108.61, 113.55, 118.49, 123.42, 128.36, 133.29, 138.23, 143.16, 148.1, 153.03, 157.97, 162.9, 167.83, 172.76, 177.69, 182.61, 187.54, 189.26]","[0.621582, 0.6354675, 0.649292, 0.663269, 0.6771851, 0.6911011, 0.7049255, 1.654144, 1.668335, 1.682343, 1.696045, 1.710114, 1.724304, 1.737885, 1.751984, 1.765808, 1.779907, 1.79361, 1.80777, 1.821869, 1.835175, 1.849335, 1.863434, 1.876953, 1.988953, 2.00296, 2.016113, 2.030273, 2.04422, 2.057831, 2.072266, 2.086426, 2.100281, 2.114197, 2.127838, 2.141785, 2.155548, 2.504028, 2.5177, 2.532227, 2.546234, 2.559814, 2.574036, 2.587769, 2.601288, 2.615204, 2.629547, 2.643555, 2.657257, 2.671387, 2.685547, 2.699341, 2.712952, 2.727051, 2.744141, 2.754211, 2.768372, 2.782776, 2.796295, 2.810547, 2.824615, 2.838287, 2.852081, 2.866547, 2.880157, 2.894073, 2.908203, 2.922272, 2.935394, 3.200226, 3.2146, 3.228943, 3.242676, 3.255768, 3.269989, 3.284149, 3.297882, 3.311768, 3.326263, 3.33963, 3.353333, 3.576324, 3.590515, 3.604645, 3.618286, 3.632233, 3.646271, 3.659973, 3.673676, 3.687805, 3.701996, 3.715088, 3.729309, 3.743713, 3.757416, 3.771362, 3.785431, 3.799011, 3.812958, 3.827576, 3.841339, 3.854706, 3.869019, 3.883057]",5.0,"{'1': 62.07470588235295, '2': 51.30753753443524, '3': -82.62624965564737, '4': 54.70046432367226, '5': 83.31017929115274}","{'1': 0.19000000000000017, '2': 0.18000000000000016, '3': 0.44999999999999973, '4': 0.16999999999999993, '5': 0.31999999999999984}",1.69,3.88,"{'1': {'start': 1.69, 'end': 1.8800000000000001}, '2': {'start': 1.98, 'end': 2.16}, '3': {'start': 2.49, 'end': 2.94}, '4': {'start': 3.19, 'end': 3.36}, '5': {'start': 3.56, 'end': 3.88}}",Action
12,44,0x5E,2,2.069458,Mismatch,Mismatch,bbdddbrrr,120,"{'1': 223.64366454463482, '2': 103.64366454463482}","[0.0, 2.23, 7.2, 12.17, 17.14, 22.11, 27.07, 28.06, 26.22, 21.24, 16.26, 11.29, 6.32, 1.35, 356.37, 351.4, 346.43, 341.46, 336.5, 333.86, 333.1, 330.64, 325.65, 320.66, 315.67, 310.68, 305.68, 300.69]","[0.4929199, 0.5069275, 0.5209656, 0.5348511, 0.5487976, 0.5625916, 0.5765991, 0.7296753, 0.7434387, 0.7575684, 0.7715149, 0.7854004, 0.7993774, 0.8132935, 0.8270874, 0.8412476, 0.85495, 0.8688049, 0.882843, 1.133453, 1.147186, 1.161255, 1.175354, 1.189178, 1.203003, 1.217041, 1.230774, 1.244995]",3.0,"{'1': 27.091994869221995, '2': 21.04915241118067, '3': 31.559024688155517}","{'1': 0.09999999999999998, '2': 0.07999999999999996, '3': 0.11999999999999988}",0.48,1.24,"{'1': {'start': 0.48, 'end': 0.58}, '2': {'start': 0.81, 'end': 0.89}, '3': {'start': 1.12, 'end': 1.24}}",Action
12,45,0x5E,2,5.677551,Mismatch,Mismatch,rrrrbbbdr,180,"{'1': 71.86019701447307, '2': 251.86019701447307}","[0.0, 3.83, 8.81, 13.79, 18.77, 23.75, 28.73, 33.71, 33.06, 31.74, 29.18, 24.2, 19.22, 14.25, 9.27, 4.3, 359.32, 355.6, 353.98, 357.01, 2.0, 6.98, 11.96, 16.95, 21.93, 26.91, 31.88, 36.85, 41.81, 42.84, 43.66, 46.76, 51.76, 56.76, 61.75, 66.75, 71.75, 76.75, 81.75, 86.75, 91.74, 92.85, 97.8, 102.75, 107.7, 112.64, 117.58, 122.5, 127.42, 132.34, 137.23, 142.13, 147.02, 148.04, 151.61, 156.53, 161.45, 166.37, 171.37, 176.36]","[0.6612244, 0.675293, 0.6888123, 0.7030029, 0.717041, 0.7307739, 0.7445374, 1.190399, 1.204132, 1.218079, 1.231903, 1.246521, 1.259857, 1.273987, 1.28772, 1.301666, 1.315613, 1.329437, 1.484619, 1.499084, 1.513, 1.526703, 1.540955, 1.554932, 1.56842, 1.582733, 1.597076, 1.610291, 1.624512, 2.056519, 2.070648, 2.084595, 2.098633, 2.112244, 2.126099, 2.140503, 2.154144, 2.167236, 2.181915, 2.195831, 2.446503, 2.46048, 2.474609, 2.488159, 2.502014, 2.517334, 2.529938, 2.543579, 2.557617, 2.571442, 2.585541, 2.599701, 2.61377, 2.947479, 2.961639, 2.975891, 2.989624, 4.270813, 4.284912, 4.298859]",7.0,"{'1': 28.791013884129065, '2': -29.187972205375768, '3': 35.955697534708015, '4': 44.0085328967046, '5': 55.62755916605329, '6': 13.464869438172457, '7': 6.861923982982546}","{'1': 0.09999999999999998, '2': 0.15000000000000013, '3': 0.16000000000000014, '4': 0.15000000000000036, '5': 0.18999999999999995, '6': 0.06000000000000005, '7': 0.03000000000000025}",0.65,4.29,"{'1': {'start': 0.65, 'end': 0.75}, '2': {'start': 1.18, 'end': 1.33}, '3': {'start': 1.47, 'end': 1.6300000000000001}, '4': {'start': 2.05, 'end': 2.2}, '5': {'start': 2.43, 'end': 2.62}, '6': {'start': 2.93, 'end': 2.99}, '7': {'start': 4.26, 'end': 4.29}}",Action
12,46,0x5E,2,2.135315,Mismatch,Mismatch,bddrddddd,120,"{'1': 22.720737489458664, '2': 262.72073748945866}","[0.0, 0.99, 3.87, 6.76, 10.09, 13.43, 16.77, 19.46, 20.0, 17.81, 15.61, 10.61, 5.61, 0.61, 355.62, 350.62, 345.62, 340.62, 335.62, 330.62, 325.62, 322.79, 322.79, 322.79, 322.44, 322.22]","[0.4620361, 0.4761047, 0.4900818, 0.5039978, 0.5177917, 0.5320435, 0.5455322, 0.5597534, 0.7407532, 0.7545776, 0.7684326, 0.7823181, 0.7964172, 0.8103027, 0.8241882, 0.8379517, 0.8521118, 0.8657227, 0.8798828, 0.8938293, 0.9076843, 1.450928, 1.464722, 1.478424, 1.492432, 1.506165]",2.0,"{'1': 19.460735713520126, '2': 14.42414492517334}","{'1': 0.11000000000000004, '2': 0.18000000000000005}",0.45,0.91,"{'1': {'start': 0.45, 'end': 0.56}, '2': {'start': 0.73, 'end': 0.91}}",Action
12,47,0x5E,2,2.326111,Mismatch,Mismatch,lllllbbul,0,"{'1': 42.69994123636518, '2': 42.69994123636518}",[],[],0.0,{},{},0.0,2.326111,{},Action
12,48,0x5E,2,2.431091,Mismatch,Mismatch,ffffuulff,120,"{'1': 38.65036846662754, '2': 278.6503684666275}","[0.0, 4.82, 9.63, 14.44, 19.25, 24.06, 28.89, 33.74, 38.64, 43.55, 48.46, 49.34, 48.19, 47.05, 42.07, 37.09, 32.1, 27.12, 22.14, 17.16, 12.17, 7.19, 2.2, 357.2, 355.06, 350.11, 345.16, 340.22, 335.27, 330.33, 325.39, 320.44, 315.5, 310.56]","[0.563324, 0.5780334, 0.5913391, 0.6051025, 0.6191101, 0.6331482, 0.6469421, 0.6607666, 0.6748657, 0.6885681, 0.7025146, 1.120148, 1.134094, 1.14798, 1.162018, 1.175842, 1.189728, 1.203766, 1.217651, 1.231537, 1.245453, 1.259399, 1.273651, 1.51001, 1.523926, 1.537964, 1.551727, 1.565674, 1.579712, 1.593536, 1.607666, 1.621674, 1.635406, 1.649323]",3.0,"{'1': 48.47577256991419, '2': -47.10250002744898, '3': 43.35610389500209}","{'1': 0.15999999999999992, '2': 0.16999999999999993, '3': 0.14000000000000012}",0.55,1.64,"{'1': {'start': 0.55, 'end': 0.71}, '2': {'start': 1.11, 'end': 1.28}, '3': {'start': 1.5, 'end': 1.6400000000000001}}",Action
12,49,0x5E,2,4.047974,Mismatch,Mismatch,rbbbbbldd,180,"{'1': 25.6539646124735, '2': 205.6539646124735}","[0.0, 0.96, 4.7, 8.43, 13.43, 18.43, 23.43, 28.43, 33.42, 38.42, 43.41, 48.41, 49.44, 49.05, 44.05, 39.05, 34.05, 29.05, 24.06, 19.06, 14.06, 9.06, 4.06, 1.43, 1.09, 358.9, 353.9, 348.9, 343.9, 338.9, 333.9, 328.9, 323.9, 318.91, 313.91, 308.91, 306.69, 306.29, 302.59, 297.61, 292.63, 287.64, 282.66, 277.67, 272.69, 267.7, 262.72, 257.73, 252.75, 247.76, 242.77, 237.77, 235.25, 234.05, 235.85, 240.82, 245.79, 250.76, 255.73, 260.7, 265.62, 270.53, 275.43, 280.33, 285.22, 290.12, 295.02, 299.91, 304.81, 309.7, 314.6, 319.49, 324.39, 329.29, 334.18, 339.08, 343.98, 348.87, 353.77, 358.66, 3.56, 8.46, 13.35, 18.25, 23.15, 28.04, 32.94, 37.84, 42.74, 47.64, 52.54, 57.44, 62.35, 67.25, 72.15, 77.06, 79.88, 78.47, 75.0, 70.07, 65.07, 60.07, 55.07, 50.07, 45.33]","[0.4364014, 0.4437256, 0.4524231, 0.466156, 0.4801941, 0.4940186, 0.5079956, 0.5217896, 0.5361023, 0.5497742, 0.5638123, 0.5775452, 0.8421021, 0.8561096, 0.8700256, 0.8840637, 0.8978882, 0.9118042, 0.9255981, 0.9396667, 0.9536438, 0.9675293, 0.9813232, 1.204193, 1.218048, 1.232208, 1.245941, 1.259827, 1.273773, 1.287781, 1.301483, 1.31546, 1.32959, 1.343597, 1.357269, 1.371368, 1.38504, 1.526001, 1.541016, 1.554413, 1.568359, 1.583099, 1.596527, 1.610382, 1.623932, 1.638184, 1.652374, 1.666199, 1.683136, 1.694275, 1.708252, 1.721863, 1.735687, 2.084381, 2.098541, 2.112427, 2.125916, 2.139954, 2.154083, 2.167816, 2.181763, 2.196167, 2.210327, 2.223083, 2.237091, 2.251404, 2.264679, 2.279022, 2.293518, 2.306641, 2.320679, 2.33493, 2.34848, 2.362549, 2.377136, 2.390961, 2.404022, 2.418854, 2.432404, 2.446014, 2.46048, 2.474396, 2.488159, 2.502167, 2.516022, 2.530334, 2.543732, 2.557678, 2.57193, 2.585419, 2.599243, 2.613464, 2.627411, 2.641479, 2.655518, 2.669464, 3.184326, 3.198761, 3.212891, 3.226166, 3.240082, 3.254517, 3.268158, 3.281982, 3.29599]",6.0,"{'1': 48.41955727860434, '2': -45.47420743792154, '3': 52.232696283946304, '4': 71.10024828023, '5': -48.83757326534669, '6': -32.4446490551733}","{'1': 0.15999999999999998, '2': 0.15000000000000002, '3': 0.17000000000000015, '4': 0.22999999999999998, '5': 0.6000000000000001, '6': 0.1200000000000001}",0.42,3.29,"{'1': {'start': 0.42, 'end': 0.58}, '2': {'start': 0.84, 'end': 0.99}, '3': {'start': 1.22, 'end': 1.3900000000000001}, '4': {'start': 1.51, 'end': 1.74}, '5': {'start': 2.07, 'end': 2.67}, '6': {'start': 3.17, 'end': 3.29}}",Action
13,0,0x5E,1,1.789978,Match,Match,rbbbdddff,60,"{'1': 200.46841334245798, '2': 140.46841334245798}",[],[],0.0,{},{},0.0,1.789978,{},Action
13,1,0x5E,1,2.905029,Mismatch,Match,rbbbbbbub,60,"{'1': 211.74261793725992, '2': 271.7426179372599}",[],[],0.0,{},{},0.0,2.905029,{},Action
13,2,0x5E,1,1.614502,Match,Match,ffffuulff,0,"{'1': 325.8658761739532, '2': 325.8658761739532}",[],[],0.0,{},{},0.0,1.614502,{},Action
13,3,0x5E,1,2.304443,Match,Match,uuuubbbur,180,"{'1': 22.283584768007913, '2': 202.28358476800793}","[0.0, 1.7, 3.41, 8.36, 13.29, 18.22, 23.16, 28.09, 33.01, 37.93, 42.84, 47.76, 52.67, 57.57, 62.48, 67.38, 72.28, 77.17, 82.02, 86.85, 91.65, 96.43, 101.18, 105.94]","[1.229248, 1.243103, 1.256958, 1.285339, 1.299072, 1.314331, 1.328369, 1.342651, 1.356262, 1.370361, 1.384583, 1.398193, 1.412415, 1.426575, 1.440308, 1.45459, 1.468323, 1.482605, 1.495972, 1.510254, 1.524536, 1.538025, 1.552124, 1.566223]",1.0,{'1': 103.83903681112139},{'1': 0.3400000000000001},1.22,1.56,"{'1': {'start': 1.22, 'end': 1.56}}",Action
13,4,0x5E,1,1.479309,Match,Match,rrrbbbddb,120,"{'1': 233.17388436426728, '2': 113.17388436426728}",[],[],0.0,{},{},0.0,1.479309,{},Action
13,5,0x5E,1,1.713745,Match,Match,uuuuubbul,180,"{'1': 31.846249457154954, '2': 211.84624945715495}","[0.0, 3.62, 8.2, 12.73, 17.26, 21.78, 26.3, 30.83, 35.35, 39.87, 44.39, 48.91, 53.43, 57.96, 62.48, 67.0, 71.52, 76.04, 80.56, 85.08, 89.6, 94.12, 98.64, 103.16, 107.69, 112.21, 116.73, 121.25, 125.77, 130.29]","[0.9620361, 0.9758911, 0.9899292, 1.003967, 1.017822, 1.031616, 1.045654, 1.059387, 1.073975, 1.087402, 1.101257, 1.115173, 1.12915, 1.143005, 1.156921, 1.173645, 1.184814, 1.19873, 1.212585, 1.226501, 1.24054, 1.254578, 1.268433, 1.282349, 1.296021, 1.309998, 1.324036, 1.337769, 1.351868, 1.365723]",1.0,{'1': 128.42295128112596},{'1': 0.41000000000000003},0.95,1.36,"{'1': {'start': 0.9500000000000001, 'end': 1.36}}",Action
13,6,0x5E,1,1.366821,Match,Match,bddrddddd,60,"{'1': 237.2085733278458, '2': 297.2085733278458}","[0.0, 359.36, 356.95, 352.38, 347.83, 343.3, 338.76, 334.23, 329.69, 325.04]","[1.102539, 1.116089, 1.130066, 1.144104, 1.157959, 1.171997, 1.185852, 1.199646, 1.213623, 1.227539]",1.0,{'1': 32.440860160965805},{'1': 0.1299999999999999},1.09,1.22,"{'1': {'start': 1.09, 'end': 1.22}}",Action
13,7,0x5E,1,1.420532,Match,Match,rrrrbbbdr,0,"{'1': 30.299873700238173, '2': 30.299873700238173}",[],[],0.0,{},{},0.0,1.420532,{},Action
13,8,0x5E,1,2.537048,Match,Match,bbddbblll,120,"{'1': 34.78725763406786, '2': 274.7872576340678}","[0.0, 0.0, 1.14, 2.95, 4.96, 6.97, 8.98, 10.69, 11.67, 11.84, 13.95, 18.81, 23.57, 28.33, 33.08, 37.84, 42.59, 47.34, 52.09, 56.84, 61.58, 66.33, 71.08, 75.83, 80.58, 85.32, 90.07, 94.82, 99.57, 104.32, 109.07, 113.82, 118.57, 123.32, 128.07, 132.82, 137.56, 142.31, 147.06, 151.81, 156.56]","[1.296143, 1.310791, 1.324707, 1.338989, 1.353455, 1.366882, 1.380798, 1.395264, 1.463684, 1.478455, 1.49231, 1.506042, 1.520508, 1.534485, 1.548157, 1.562439, 1.576172, 1.59021, 1.603943, 1.618042, 1.632141, 1.645691, 1.659912, 1.674072, 1.687561, 1.701904, 1.715759, 1.729858, 1.743713, 1.757202, 1.771606, 1.784973, 1.799011, 1.813354, 1.826843, 1.840576, 1.854919, 1.868591, 1.88269, 1.896973, 1.910889]",1.0,{'1': 144.6393213531408},{'1': 0.4500000000000002},1.46,1.91,"{'1': {'start': 1.46, 'end': 1.9100000000000001}}",Action
13,9,0x5E,1,2.272949,Match,Match,bdddbllll,180,"{'1': 319.57779751647814, '2': 139.57779751647814}","[0.0, 1.13, 6.02, 10.9, 15.75, 20.57, 25.35, 30.09, 34.81, 39.53, 44.26, 48.98, 53.7, 58.4, 63.07, 67.71, 72.31, 76.89, 81.43, 85.95, 90.47, 95.0, 99.51, 104.03, 108.55, 113.06, 117.58, 122.09, 126.6, 131.12, 135.63, 140.13, 144.6, 149.06]","[1.295959, 1.309875, 1.323975, 1.337708, 1.351685, 1.36554, 1.379456, 1.393372, 1.40741, 1.421326, 1.43512, 1.449036, 1.463013, 1.477051, 1.490784, 1.504761, 1.518555, 1.532593, 1.546509, 1.560425, 1.574341, 1.588257, 1.602173, 1.61615, 1.630127, 1.643982, 1.657959, 1.671692, 1.68573, 1.699707, 1.713501, 1.727539, 1.741638, 1.75531]",1.0,{'1': 147.32780280866004},{'1': 0.47},1.28,1.75,"{'1': {'start': 1.28, 'end': 1.75}}",Action
13,10,0x5E,1,2.400452,Match,Match,rrrbbbddb,180,"{'1': 59.79782365927629, '2': 239.79782365927628}",[],[],0.0,{},{},0.0,2.400452,{},Action
13,11,0x5E,1,1.828979,Match,Match,bbddbblll,60,"{'1': 114.17130518629921, '2': 54.17130518629921}","[0.0, 2.91, 7.78, 12.65, 17.52, 22.39, 27.26, 32.13]","[1.355591, 1.369446, 1.383362, 1.397156, 1.411194, 1.42511, 1.439026, 1.453064]",1.0,{'1': 31.067050861946164},{'1': 0.10999999999999988},1.34,1.45,"{'1': {'start': 1.34, 'end': 1.45}}",Action
13,12,0x5E,1,2.216797,Match,Match,dbbbblllu,60,"{'1': 71.40344591093177, '2': 11.403445910931765}","[0.0, 0.46, 5.39, 10.3, 15.18, 20.05, 24.93, 29.8, 34.67, 39.54, 44.41, 49.28, 54.15, 59.02, 63.86, 68.71, 73.54, 78.37, 83.19, 88.02]","[1.546936, 1.560913, 1.574829, 1.588562, 1.602661, 1.616577, 1.630432, 1.644592, 1.658447, 1.67218, 1.686096, 1.700012, 1.714111, 1.728027, 1.741821, 1.755615, 1.769775, 1.78363, 1.797485, 1.81134]",1.0,{'1': 87.55286178274994},{'1': 0.27},1.54,1.81,"{'1': {'start': 1.54, 'end': 1.81}}",Action
13,13,0x5E,1,2.487,Match,Match,uubbbrrrb,60,"{'1': 152.06334588955704, '2': 212.06334588955704}","[0.0, 358.32, 356.64, 352.1, 347.63, 343.17, 338.7, 334.23, 329.79, 325.52, 321.28, 317.58]","[1.971802, 1.98584, 2.000183, 2.013794, 2.027893, 2.041931, 2.055969, 2.069153, 2.083252, 2.097412, 2.11084, 2.125183]",1.0,{'1': 41.08296451230573},{'1': 0.16000000000000014},1.96,2.12,"{'1': {'start': 1.96, 'end': 2.12}}",Action
13,14,0x5E,1,1.519165,Match,Match,bddrddddd,120,"{'1': 245.2965112239426, '2': 5.296511223942588}",[],[],0.0,{},{},0.0,1.519165,{},Action
13,15,0x5E,1,2.756775,Match,Match,ffuuuurrf,180,"{'1': 317.3365618009985, '2': 137.3365618009985}","[0.0, 0.0, 4.73, 9.38, 13.99, 18.59, 23.19, 27.75, 32.28, 36.79, 41.3, 45.81, 50.31, 54.81, 59.31, 63.8, 68.3, 72.8, 77.29, 81.79, 86.29, 90.78, 95.28, 99.77, 104.26, 108.72, 113.19, 117.63, 122.0, 126.34, 130.67, 134.97, 139.27, 143.56, 147.86, 152.15, 156.44, 160.73, 165.02, 169.31]","[1.403015, 1.416931, 1.430847, 1.446289, 1.458679, 1.472595, 1.48645, 1.500305, 1.514282, 1.52832, 1.542175, 1.556152, 1.570129, 1.586792, 1.597839, 1.611877, 1.625671, 1.639709, 1.653625, 1.667419, 1.681458, 1.695435, 1.709412, 1.723206, 1.737183, 1.751221, 1.765015, 1.778931, 1.792847, 1.80658, 1.820679, 1.834534, 1.848511, 1.862427, 1.876465, 1.890259, 1.904236, 1.91803, 1.93219, 1.945862]",1.0,{'1': 167.4706217086015},{'1': 0.5399999999999998},1.4,1.94,"{'1': {'start': 1.4000000000000001, 'end': 1.94}}",Action
13,16,0x5E,1,3.290039,Match,Match,ffuuuurrf,120,"{'1': 162.1756481709551, '2': 282.1756481709551}","[0.0, 359.82, 358.77, 356.22, 352.83, 348.2, 343.63, 339.07, 334.5, 329.94, 325.37, 320.78, 316.11, 311.35, 306.44, 301.48, 296.51, 291.53, 286.56, 281.58, 276.61, 271.63]","[2.103943, 2.117859, 2.131531, 2.145569, 2.159729, 2.173462, 2.187439, 2.201355, 2.215393, 2.229126, 2.243225, 2.25708, 2.270996, 2.28479, 2.298767, 2.312744, 2.326782, 2.340515, 2.354492, 2.368408, 2.382263, 2.396423]",1.0,{'1': 86.11106355932208},{'1': 0.29000000000000004},2.1,2.39,"{'1': {'start': 2.1, 'end': 2.39}}",Action
13,17,0x5E,1,1.654236,Match,Match,rrrrbbbdr,0,"{'1': 111.83661017528601, '2': 111.83661017528601}",[],[],0.0,{},{},0.0,1.654236,{},Action
13,18,0x5E,1,3.906677,Match,Match,bdddllbbb,180,"{'1': 70.83012866834986, '2': 250.83012866834986}","[0.0, 0.0, 0.25, 0.54, 1.33, 4.2, 9.15, 14.08, 18.97, 23.87, 28.76, 33.61, 38.42, 43.2, 47.96, 52.71, 57.44, 62.18, 66.91, 71.64, 76.37, 81.09, 85.81, 90.53, 95.25, 99.94, 104.63, 109.32, 114.01, 118.7, 123.39, 128.08, 132.76, 137.45, 142.13, 146.81, 151.48, 156.13]","[2.095642, 2.109436, 2.123962, 2.138, 2.151306, 2.165649, 2.179626, 2.192993, 2.20752, 2.221313, 2.235229, 2.248962, 2.263, 2.277039, 2.290771, 2.304932, 2.318909, 2.332458, 2.346619, 2.360596, 2.374268, 2.388672, 2.402527, 2.416565, 2.430176, 2.444092, 2.458618, 2.471863, 2.485596, 2.499939, 2.514893, 2.527771, 2.54126, 2.555115, 2.568726, 2.583191, 2.597229, 2.610718]",1.0,{'1': 155.7006752883546},{'1': 0.48999999999999977},2.12,2.61,"{'1': {'start': 2.12, 'end': 2.61}}",Action
13,19,0x5E,1,2.191284,Mismatch,Match,lllbbbluu,120,"{'1': 124.79517812586504, '2': 4.795178125865036}",[],[],0.0,{},{},0.0,2.191284,{},Action
13,20,0x5E,1,2.71582,Match,Match,bdddllbbb,180,"{'1': 130.3271492656744, '2': 310.3271492656744}","[0.0, 1.16, 4.35, 9.23, 14.05, 18.86, 23.68, 28.49, 33.3, 38.12, 42.94, 47.75, 52.57, 55.92, 56.14, 56.14, 57.76, 59.54, 61.32, 62.14, 64.21, 69.08, 73.95, 78.81, 83.65, 88.49, 93.33, 98.17, 103.01, 107.85, 112.67, 117.49, 122.3, 127.1, 131.9, 136.7, 141.5, 146.19, 150.84, 155.48, 160.1, 164.69, 169.24, 173.75, 178.27, 182.78, 187.29]","[1.111816, 1.125549, 1.139404, 1.153564, 1.167297, 1.181213, 1.195435, 1.20929, 1.222961, 1.236938, 1.250977, 1.264648, 1.278687, 1.292664, 1.404968, 1.419739, 1.434204, 1.448486, 1.462158, 1.685059, 1.699707, 1.716064, 1.727539, 1.740784, 1.754333, 1.768005, 1.78241, 1.796143, 1.810364, 1.824158, 1.838623, 1.8526, 1.86615, 1.880615, 1.894165, 1.908081, 1.922058, 1.935974, 1.950256, 1.963684, 1.977783, 1.992188, 2.005737, 2.019348, 2.033752, 2.047302, 2.061462]",2.0,"{'1': 55.93437099301895, '2': 111.09104962523965}","{'1': 0.19999999999999996, '2': 0.3900000000000001}",1.1,2.06,"{'1': {'start': 1.1, 'end': 1.3}, '2': {'start': 1.67, 'end': 2.06}}",Action
13,21,0x5E,1,3.934937,Match,Match,bdddbllll,180,"{'1': 232.17807634043834, '2': 52.17807634043834}","[0.0, 0.0, 2.09, 6.97, 11.81, 16.64, 21.45, 26.24, 31.0, 35.75, 40.48, 45.21, 49.94, 54.67, 59.4, 64.13, 68.85, 73.58, 78.31, 83.04, 87.77, 92.5, 97.23, 101.95, 106.68, 111.41, 116.14, 120.87, 125.6, 130.33, 135.06, 139.79, 144.52, 149.25, 153.97, 158.7, 163.43, 168.16, 172.88, 177.61]","[2.611328, 2.625916, 2.639709, 2.653687, 2.667419, 2.68103, 2.69519, 2.709045, 2.723022, 2.737, 2.75061, 2.764954, 2.778992, 2.79303, 2.806091, 2.819946, 2.834229, 2.847839, 2.862122, 2.876526, 2.889954, 2.904053, 2.918457, 2.932373, 2.945679, 2.960083, 2.973755, 2.986816, 3.001282, 3.015442, 3.02887, 3.043457, 3.057495, 3.070862, 3.085205, 3.099121, 3.112915, 3.126892, 3.140869, 3.155029]",1.0,{'1': 175.93011511299437},{'1': 0.54},2.61,3.15,"{'1': {'start': 2.61, 'end': 3.15}}",Action
13,22,0x5E,1,1.729187,Match,Match,ffuulllbb,60,"{'1': 114.8321781638573, '2': 54.83217816385729}","[0.0, 0.26, 5.09, 9.88, 14.64, 19.39, 24.14, 28.9, 33.65, 38.41, 43.16, 47.91, 52.67, 57.42, 62.18, 64.5, 65.58, 66.21]","[1.004944, 1.018982, 1.033142, 1.046936, 1.06073, 1.074768, 1.088684, 1.1026, 1.116455, 1.130371, 1.144226, 1.158203, 1.17218, 1.186035, 1.200073, 1.21405, 1.227844, 1.241699]",1.0,{'1': 66.13274485745217},{'1': 0.24},1.0,1.24,"{'1': {'start': 1.0, 'end': 1.24}}",Action
13,23,0x5E,1,1.716187,Match,Match,rbbbbbbub,60,"{'1': 50.04073404308333, '2': 110.04073404308333}",[],[],0.0,{},{},0.0,1.716187,{},Action
13,24,0x5E,1,1.855042,Match,Match,bbddbblll,180,"{'1': 74.79259828906683, '2': 254.79259828906683}","[0.0, 0.0, 356.85, 352.02, 347.25, 342.48, 337.72, 332.97, 328.22, 323.47, 318.72, 313.97, 309.22, 304.45, 299.68, 294.87, 290.05, 285.21, 280.33, 275.43, 270.53, 265.63, 260.73, 255.83, 250.93, 246.03, 241.11]","[1.17041, 1.184265, 1.198242, 1.212219, 1.226135, 1.23999, 1.253906, 1.2677, 1.281799, 1.295532, 1.309692, 1.323364, 1.337341, 1.35144, 1.365356, 1.379395, 1.393188, 1.407288, 1.420837, 1.435059, 1.463013, 1.476929, 1.491577, 1.506104, 1.520508, 1.534485, 1.548645]",1.0,{'1': 115.8862288135593},{'1': 0.3700000000000001},1.17,1.54,"{'1': {'start': 1.17, 'end': 1.54}}",Action
13,25,0x5E,1,1.059326,Mismatch,Mismatch,rbbbbbbub,180,"{'1': 25.544602347334834, '2': 205.54460234733483}",[],[],0.0,{},{},0.0,1.059326,{},Action
13,26,0x5E,1,1.978027,Match,Mismatch,bddddddrd,0,"{'1': 136.96175576674432, '2': 136.96175576674432}",[],[],0.0,{},{},0.0,1.978027,{},Action
13,27,0x5E,1,2.237061,Mismatch,Mismatch,ffuuuurrf,0,"{'1': 155.40169907698157, '2': 155.40169907698157}","[0.0, 0.76, 5.65, 10.47, 15.26, 20.02, 24.78, 29.52, 34.25, 38.98, 43.71, 48.44, 53.17, 57.9, 62.63, 64.59]","[0.967041, 0.980896, 0.9953003, 1.008667, 1.022705, 1.03656, 1.050537, 1.064392, 1.078369, 1.092346, 1.10614, 1.120117, 1.134033, 1.14801, 1.162048, 1.175781]",1.0,{'1': 63.764924634093056},{'1': 0.20999999999999996},0.96,1.17,"{'1': {'start': 0.96, 'end': 1.17}}",Action
13,28,0x5E,1,1.297729,Mismatch,Mismatch,bdddllbbb,0,"{'1': 111.67377432265492, '2': 111.67377432265492}",[],[],0.0,{},{},0.0,1.297729,{},Action
13,29,0x5E,1,2.064209,Mismatch,Mismatch,llbbbbbru,180,"{'1': 285.85479539572475, '2': 105.85479539572475}",[],[],0.0,{},{},0.0,2.064209,{},Action
13,30,0x5E,1,1.509583,Mismatch,Mismatch,bbdddbrrr,180,"{'1': 322.31945152345475, '2': 142.31945152345477}",[],[],0.0,{},{},0.0,1.509583,{},Action
13,31,0x5E,1,1.689087,Mismatch,Mismatch,lllllbbul,0,"{'1': 323.8306826964333, '2': 323.8306826964333}",[],[],0.0,{},{},0.0,1.689087,{},Action
13,32,0x5E,1,1.966125,Mismatch,Mismatch,lllllbbul,0,"{'1': 44.83170296756913, '2': 44.83170296756913}",[],[],0.0,{},{},0.0,1.966125,{},Action
13,33,0x5E,1,3.850281,Mismatch,Mismatch,ffuulllbb,0,"{'1': 316.23463686114036, '2': 316.23463686114036}","[0.0, 2.13, 6.99, 11.82, 16.64, 21.46, 26.28, 31.09, 35.91, 40.71, 45.52, 50.32, 55.12, 59.92, 64.72, 69.52, 74.32, 79.12, 83.92, 88.72, 93.52, 98.32, 103.12, 107.93, 112.73, 117.53, 122.33, 120.94, 118.16, 114.25, 109.73, 104.8, 99.87, 94.93, 89.99, 85.05, 82.84]","[1.089966, 1.104004, 1.117859, 1.131836, 1.145813, 1.159668, 1.173523, 1.187622, 1.201599, 1.215393, 1.22937, 1.243347, 1.25708, 1.271118, 1.285278, 1.299011, 1.312744, 1.326782, 1.34082, 1.354553, 1.368652, 1.382446, 1.396423, 1.410156, 1.424377, 1.437927, 3.516235, 3.530396, 3.544556, 3.557617, 3.571472, 3.585999, 3.599243, 3.613342, 3.627625, 3.641174, 3.65509]",2.0,"{'1': 117.53478774079684, '2': -38.644161199292796}","{'1': 0.3599999999999999, '2': 0.1499999999999999}",1.08,3.65,"{'1': {'start': 1.08, 'end': 1.44}, '2': {'start': 3.5, 'end': 3.65}}",Action
13,34,0x5E,1,1.494568,Mismatch,Mismatch,ffuuuurrf,180,"{'1': 27.900846160553108, '2': 207.9008461605531}",[],[],0.0,{},{},0.0,1.494568,{},Action
13,35,0x5E,1,1.155701,Mismatch,Mismatch,uubbbrrrb,180,"{'1': 16.772644557860264, '2': 196.77264455786027}",[],[],0.0,{},{},0.0,1.155701,{},Action
13,36,0x5E,1,1.647034,Mismatch,Mismatch,bddrddddd,60,"{'1': 124.94403428537225, '2': 184.94403428537225}",[],[],0.0,{},{},0.0,1.647034,{},Action
13,37,0x5E,1,2.249573,Mismatch,Mismatch,bbbdddrrb,0,"{'1': 286.7837823049215, '2': 286.7837823049215}",[],[],0.0,{},{},0.0,2.249573,{},Action
13,38,0x5E,1,1.427673,Mismatch,Mismatch,rbbbbbldd,60,"{'1': 330.5624400015628, '2': 30.562440001562763}",[],[],0.0,{},{},0.0,1.427673,{},Action
13,39,0x5E,1,1.550903,Mismatch,Mismatch,bbddbblll,180,"{'1': 115.67765407141891, '2': 295.67765407141894}",[],[],0.0,{},{},0.0,1.550903,{},Action
13,40,0x5E,1,1.087402,Mismatch,Mismatch,rbbbbbldd,0,"{'1': 253.71458745796218, '2': 253.71458745796218}",[],[],0.0,{},{},0.0,1.087402,{},Action
13,41,0x5E,1,1.467285,Mismatch,Mismatch,bdddddfll,180,"{'1': 231.7271989718929, '2': 51.7271989718929}",[],[],0.0,{},{},0.0,1.467285,{},Action
13,42,0x5E,1,1.894775,Mismatch,Mismatch,bbddbblll,0,"{'1': 73.48919106518375, '2': 73.48919106518375}",[],[],0.0,{},{},0.0,1.894775,{},Action
13,43,0x5E,1,1.338745,Mismatch,Mismatch,uuuubbbur,120,"{'1': 308.8200960962514, '2': 188.82009609625138}",[],[],0.0,{},{},0.0,1.338745,{},Action
13,44,0x5E,1,2.455322,Mismatch,Mismatch,ffuulllbb,60,"{'1': 331.46080369408133, '2': 271.46080369408133}","[0.0, 1.2, 4.46, 9.18, 13.82, 18.45, 23.08, 27.72, 32.35, 36.98, 41.61, 46.24, 50.88, 55.51, 60.14, 64.77, 69.4, 74.04, 78.74]","[1.394043, 1.407837, 1.422058, 1.435669, 1.449524, 1.46344, 1.477295, 1.491394, 1.50531, 1.519165, 1.53302, 1.546997, 1.560852, 1.574829, 1.588684, 1.616821, 1.631287, 1.645996, 1.660095]",1.0,{'1': 78.70833108731117},{'1': 0.28},1.38,1.66,"{'1': {'start': 1.3800000000000001, 'end': 1.6600000000000001}}",Action
13,45,0x5E,1,2.583191,Mismatch,Mismatch,bdddddfll,60,"{'1': 114.99966345432588, '2': 174.99966345432588}","[0.0, 1.96, 6.85, 11.72, 16.57, 21.41, 26.26, 31.1, 35.95, 40.79, 45.63, 50.48, 55.32, 60.16, 65.01, 69.85, 74.7, 79.54, 84.38, 89.23, 94.07, 98.92, 103.76, 108.6, 113.45]","[1.160034, 1.174255, 1.187988, 1.202026, 1.215759, 1.229614, 1.243591, 1.257507, 1.271362, 1.2854, 1.299194, 1.314026, 1.327148, 1.341003, 1.355103, 1.368958, 1.382629, 1.396667, 1.411316, 1.424438, 1.438416, 1.454346, 1.46637, 1.480286, 1.495239]",1.0,{'1': 111.75073229452283},{'1': 0.33999999999999986},1.15,1.49,"{'1': {'start': 1.1500000000000001, 'end': 1.49}}",Action
13,46,0x5E,1,1.843262,Mismatch,Mismatch,ffuuuurrf,120,"{'1': 214.4600399441171, '2': 94.46003994411711}",[],[],0.0,{},{},0.0,1.843262,{},Action
13,47,0x5E,1,1.554382,Mismatch,Mismatch,ddbbddddl,60,"{'1': 299.12800295763884, '2': 239.12800295763884}",[],[],0.0,{},{},0.0,1.554382,{},Action
13,48,0x5E,1,1.924561,Mismatch,Mismatch,bdddddfll,120,"{'1': 224.91485306237314, '2': 104.91485306237314}",[],[],0.0,{},{},0.0,1.924561,{},Action
13,49,0x5E,1,1.919006,Mismatch,Mismatch,bddrbbbbb,0,"{'1': 149.27152010301435, '2': 149.27152010301435}",[],[],0.0,{},{},0.0,1.919006,{},Action
