session_ID,trial_ID,subject_ID,cohort_ID,response_time_sec,response_decision,trial_condition,shape_description,angular_disparity,object_angles,vr_setup
2,0,0xFB,-1,2.220825,Match,Match,bbbdddrrb,0,"{'1': 217.10683158902316, '2': 217.10683158902316}",No-Action
2,1,0xFB,-1,1.543701,Match,Match,uuuuubbul,0,"{'1': 334.0002298146077, '2': 334.0002298146077}",No-Action
2,2,0xFB,-1,4.638428,Match,Match,lbbddllll,120,"{'1': 147.56902852488014, '2': 27.56902852488014}",No-Action
2,3,0xFB,-1,3.843262,Match,Match,bdddllbbb,120,"{'1': 131.9737633310424, '2': 251.9737633310424}",No-Action
2,4,0xFB,-1,9.91687,Match,Match,bddrddddd,120,"{'1': 156.52053618903795, '2': 36.520536189037955}",No-Action
2,5,0xFB,-1,4.690918,Match,Match,lbbddllll,60,"{'1': 74.39855280945892, '2': 14.39855280945892}",No-Action
2,6,0xFB,-1,5.699341,Match,Match,bddddddrd,120,"{'1': 69.21344489697128, '2': 189.21344489697128}",No-Action
2,7,0xFB,-1,4.732788,Match,Match,uubbbbruu,60,"{'1': 206.58551918301131, '2': 146.58551918301131}",No-Action
2,8,0xFB,-1,3.879272,Match,Match,rrrbbbddb,60,"{'1': 55.77940051323838, '2': 115.77940051323839}",No-Action
2,9,0xFB,-1,4.180176,Match,Match,ffuuuurrf,0,"{'1': 344.3973199539442, '2': 344.3973199539442}",No-Action
2,10,0xFB,-1,1.785522,Match,Match,lllllbbul,0,"{'1': 48.88592489101419, '2': 48.88592489101419}",No-Action
2,11,0xFB,-1,3.721069,Match,Match,bdddllbbb,60,"{'1': 36.15915843374441, '2': 336.15915843374444}",No-Action
2,12,0xFB,-1,4.545776,Match,Match,rrrrbbbdr,0,"{'1': 67.90641730513417, '2': 67.90641730513417}",No-Action
2,13,0xFB,-1,6.657227,Mismatch,Match,dbbbblllu,60,"{'1': 288.08002615997464, '2': 228.08002615997466}",No-Action
2,14,0xFB,-1,2.611572,Match,Match,bddrddddd,60,"{'1': 314.37211754166, '2': 14.372117541659968}",No-Action
2,15,0xFB,-1,13.6405,Mismatch,Match,ffuulllbb,180,"{'1': 313.7304945010443, '2': 133.7304945010443}",No-Action
2,16,0xFB,-1,1.791748,Match,Match,uuuuubbul,60,"{'1': 40.43748436218127, '2': 100.43748436218127}",No-Action
2,17,0xFB,-1,3.362183,Match,Match,uubbbbruu,60,"{'1': 214.38208170396663, '2': 154.38208170396663}",No-Action
2,18,0xFB,-1,7.121826,Match,Match,dbbbblllu,0,"{'1': 148.45875498110837, '2': 148.45875498110837}",No-Action
2,19,0xFB,-1,4.073486,Match,Match,bdddbllll,180,"{'1': 118.33444845966783, '2': 298.33444845966784}",No-Action
2,20,0xFB,-1,4.155029,Match,Match,bbbdddrrb,0,"{'1': 223.81530946512058, '2': 223.81530946512058}",No-Action
2,21,0xFB,-1,9.097412,Match,Match,uuuuubbul,180,"{'1': 240.83319332182907, '2': 60.833193321829086}",No-Action
2,22,0xFB,-1,1.69397,Match,Match,uuuubbbur,0,"{'1': 238.85679465416692, '2': 238.85679465416692}",No-Action
2,23,0xFB,-1,3.903687,Match,Match,bdddbllll,180,"{'1': 232.8212418432721, '2': 52.821241843272105}",No-Action
2,24,0xFB,-1,2.71875,Match,Match,uuubbrrrf,60,"{'1': 150.00883209073515, '2': 90.00883209073515}",No-Action
2,25,0xFB,-1,5.974976,Mismatch,Mismatch,uubbbbruu,120,"{'1': 52.57266050221438, '2': 292.5726605022144}",No-Action
2,26,0xFB,-1,6.2229,Mismatch,Mismatch,rbbbbbldd,0,"{'1': 343.83454466454566, '2': 343.83454466454566}",No-Action
2,27,0xFB,-1,6.121582,Mismatch,Mismatch,rbbbbbbub,120,"{'1': 161.73957628770705, '2': 41.73957628770705}",No-Action
2,28,0xFB,-1,10.18396,Mismatch,Mismatch,ffffuulff,60,"{'1': 299.5500606228896, '2': 359.5500606228896}",No-Action
2,29,0xFB,-1,11.68469,Mismatch,Mismatch,bbddbblll,60,"{'1': 21.984312631901275, '2': 321.9843126319013}",No-Action
2,30,0xFB,-1,5.635986,Mismatch,Mismatch,llbbbrruu,0,"{'1': 324.7645386565817, '2': 324.7645386565817}",No-Action
2,31,0xFB,-1,15.63696,Mismatch,Mismatch,ffuubrrrr,60,"{'1': 39.45211153867348, '2': 99.45211153867348}",No-Action
2,32,0xFB,-1,4.876587,Mismatch,Mismatch,ddbbddddl,120,"{'1': 300.9607029537999, '2': 180.9607029537999}",No-Action
2,33,0xFB,-1,7.752563,Mismatch,Mismatch,bbbdddrrb,0,"{'1': 311.07339910705457, '2': 311.07339910705457}",No-Action
2,34,0xFB,-1,14.1936,Mismatch,Mismatch,bddrddddd,60,"{'1': 334.75424494544546, '2': 274.75424494544546}",No-Action
2,35,0xFB,-1,7.851196,Mismatch,Mismatch,bdddllbbb,0,"{'1': 158.66733192120256, '2': 158.66733192120256}",No-Action
2,36,0xFB,-1,5.889404,Mismatch,Mismatch,rbbbbbbub,0,"{'1': 155.13026934030677, '2': 155.13026934030677}",No-Action
2,37,0xFB,-1,7.632935,Mismatch,Mismatch,uuubbrrrf,180,"{'1': 152.58248904596337, '2': 332.58248904596337}",No-Action
2,38,0xFB,-1,7.570435,Mismatch,Mismatch,lllbbbubb,60,"{'1': 54.775586312017374, '2': 114.77558631201737}",No-Action
2,39,0xFB,-1,14.89246,Mismatch,Mismatch,uuuuubbul,60,"{'1': 253.04931586615646, '2': 193.04931586615646}",No-Action
2,40,0xFB,-1,5.752686,Mismatch,Mismatch,bbbdddrrb,180,"{'1': 294.278615462114, '2': 114.27861546211398}",No-Action
2,41,0xFB,-1,12.69519,Mismatch,Mismatch,llbbbrruu,180,"{'1': 286.9098219050356, '2': 106.90982190503559}",No-Action
2,42,0xFB,-1,3.16394,Mismatch,Mismatch,ffuuuurrf,180,"{'1': 221.09142116161618, '2': 41.09142116161618}",No-Action
2,43,0xFB,-1,4.494385,Mismatch,Mismatch,ffuulllbb,0,"{'1': 47.84840650985955, '2': 47.84840650985955}",No-Action
2,44,0xFB,-1,7.778931,Mismatch,Mismatch,uuubbrrrf,180,"{'1': 303.2958236702114, '2': 123.29582367021138}",No-Action
2,45,0xFB,-1,5.768799,Mismatch,Mismatch,bdddllbbb,60,"{'1': 162.30384336327114, '2': 222.30384336327114}",No-Action
2,46,0xFB,-1,21.81921,Mismatch,Mismatch,ddbbddddl,60,"{'1': 20.532961757513526, '2': 80.53296175751353}",No-Action
2,47,0xFB,-1,5.628296,Mismatch,Mismatch,bbddbblll,0,"{'1': 117.10174008489184, '2': 117.10174008489184}",No-Action
2,48,0xFB,-1,5.193481,Mismatch,Mismatch,ddbbddddl,180,"{'1': 21.67230921467345, '2': 201.67230921467345}",No-Action
2,49,0xFB,-1,5.265137,Mismatch,Mismatch,ffffuulff,180,"{'1': 333.8587752913037, '2': 153.8587752913037}",No-Action
3,0,0xFB,1,3.822754,Match,Match,bdddbllll,0,"{'1': 52.91861761483567, '2': 52.91861761483567}",No-Action
3,1,0xFB,1,7.050293,Match,Match,lllbbbubb,120,"{'1': 17.648447864990295, '2': 137.6484478649903}",No-Action
3,2,0xFB,1,1.330566,Match,Match,bdddllbbb,0,"{'1': 323.68654722111233, '2': 323.68654722111233}",No-Action
3,3,0xFB,1,1.887451,Match,Match,rbbbdddff,0,"{'1': 209.7655225309319, '2': 209.7655225309319}",No-Action
3,4,0xFB,1,8.656006,Match,Match,rrrrbbbdr,180,"{'1': 304.09194055990326, '2': 124.09194055990326}",No-Action
3,5,0xFB,1,5.84668,Match,Match,ddbbddddl,60,"{'1': 51.39973507264532, '2': 351.39973507264534}",No-Action
3,6,0xFB,1,2.127686,Match,Match,rrrrbbbdr,0,"{'1': 128.50402536639388, '2': 128.50402536639388}",No-Action
3,7,0xFB,1,1.796875,Match,Match,ffuulllbb,0,"{'1': 151.05211282187008, '2': 151.05211282187008}",No-Action
3,8,0xFB,1,1.360596,Match,Match,rbbbbbbub,0,"{'1': 67.47656459594786, '2': 67.47656459594786}",No-Action
3,9,0xFB,1,4.919922,Match,Match,lllbbbluu,180,"{'1': 223.27059667450027, '2': 43.27059667450027}",No-Action
3,10,0xFB,1,2.333008,Match,Match,rrrrbbbdr,0,"{'1': 119.39171623680613, '2': 119.39171623680613}",No-Action
3,11,0xFB,1,4.041992,Match,Match,llbbbbbru,180,"{'1': 320.5405542825008, '2': 140.5405542825008}",No-Action
3,12,0xFB,1,2.028076,Match,Match,bbbdddrrb,0,"{'1': 339.6540141721071, '2': 339.6540141721071}",No-Action
3,13,0xFB,1,3.865479,Mismatch,Match,ffuulllbb,60,"{'1': 238.25576979704107, '2': 298.25576979704107}",No-Action
3,14,0xFB,1,2.361084,Match,Match,bbddbblll,0,"{'1': 56.46258018039333, '2': 56.46258018039333}",No-Action
3,15,0xFB,1,6.738037,Match,Match,ffuulllbb,180,"{'1': 324.4405639480044, '2': 144.4405639480044}",No-Action
3,16,0xFB,1,2.206787,Match,Match,llbbbbbru,0,"{'1': 59.737230314385215, '2': 59.737230314385215}",No-Action
3,17,0xFB,1,9.460938,Match,Match,ffffuulff,60,"{'1': 128.11380594667577, '2': 68.11380594667577}",No-Action
3,18,0xFB,1,4.653809,Match,Match,bbbdddrrb,0,"{'1': 62.962237572266424, '2': 62.962237572266424}",No-Action
3,19,0xFB,1,3.11084,Match,Match,bdddbllll,120,"{'1': 105.49823388367147, '2': 225.49823388367147}",No-Action
3,20,0xFB,1,4.72583,Match,Match,bbbdddrrb,180,"{'1': 198.73080974903075, '2': 18.730809749030755}",No-Action
3,21,0xFB,1,5.802979,Match,Match,rrrbbbddb,120,"{'1': 74.4947671598909, '2': 314.4947671598909}",No-Action
3,22,0xFB,1,3.125732,Match,Match,rbbbbbbub,120,"{'1': 72.4788232515303, '2': 312.4788232515303}",No-Action
3,23,0xFB,1,2.802246,Match,Match,bbbdddrrb,60,"{'1': 33.12076335100871, '2': 93.12076335100872}",No-Action
3,24,0xFB,1,3.096436,Match,Match,ffuubllll,0,"{'1': 206.2812260441882, '2': 206.2812260441882}",No-Action
3,25,0xFB,1,2.550781,Mismatch,Mismatch,uuubbrrrf,120,"{'1': 213.93424797895204, '2': 333.93424797895204}",No-Action
3,26,0xFB,1,2.8125,Mismatch,Mismatch,ddbbddddl,120,"{'1': 160.85579308718528, '2': 280.85579308718525}",No-Action
3,27,0xFB,1,4.586182,Mismatch,Mismatch,uuubbrrrf,180,"{'1': 144.22180622868865, '2': 324.22180622868865}",No-Action
3,28,0xFB,1,5.892334,Mismatch,Mismatch,rbbbbbbub,0,"{'1': 322.20147016789804, '2': 322.20147016789804}",No-Action
3,29,0xFB,1,3.412842,Mismatch,Mismatch,bbdddbrrr,180,"{'1': 55.07087187033835, '2': 235.07087187033835}",No-Action
3,30,0xFB,1,2.748779,Mismatch,Mismatch,llbbbbbru,60,"{'1': 292.7549137362043, '2': 232.7549137362043}",No-Action
3,31,0xFB,1,7.072754,Mismatch,Mismatch,ffuulllbb,0,"{'1': 216.3213066188214, '2': 216.3213066188214}",No-Action
3,32,0xFB,1,4.765869,Mismatch,Mismatch,bddrddddd,0,"{'1': 304.54398590382146, '2': 304.54398590382146}",No-Action
3,33,0xFB,1,8.574951,Mismatch,Mismatch,ffuubrrrr,60,"{'1': 138.43345805264732, '2': 198.43345805264732}",No-Action
3,34,0xFB,1,6.754395,Mismatch,Mismatch,uubbbbruu,180,"{'1': 72.32518596984758, '2': 252.32518596984758}",No-Action
3,35,0xFB,1,5.199463,Mismatch,Mismatch,ffuubrrrr,0,"{'1': 250.0897994531973, '2': 250.0897994531973}",No-Action
3,36,0xFB,1,17.82324,Mismatch,Mismatch,dbbbblllu,180,"{'1': 58.95692502486601, '2': 238.956925024866}",No-Action
3,37,0xFB,1,10.13013,Mismatch,Mismatch,bbbdddrrb,180,"{'1': 331.09243267668626, '2': 151.09243267668626}",No-Action
3,38,0xFB,1,5.584229,Mismatch,Mismatch,ffuubrrrr,180,"{'1': 290.2919120531361, '2': 110.29191205313612}",No-Action
3,39,0xFB,1,12.26538,Mismatch,Mismatch,uuuubbbur,0,"{'1': 217.9391467494666, '2': 217.9391467494666}",No-Action
3,40,0xFB,1,4.705566,Mismatch,Mismatch,bdddddfll,60,"{'1': 29.99475420499872, '2': 329.99475420499874}",No-Action
3,41,0xFB,1,5.112305,Mismatch,Mismatch,rrrbbbddb,0,"{'1': 286.7657186054479, '2': 286.7657186054479}",No-Action
3,42,0xFB,1,13.40552,Mismatch,Mismatch,rrrrbbbdr,120,"{'1': 340.8552567991119, '2': 220.8552567991119}",No-Action
3,43,0xFB,1,8.07251,Mismatch,Mismatch,bbdddbrrr,180,"{'1': 162.4504655746141, '2': 342.4504655746141}",No-Action
3,44,0xFB,1,13.26172,Mismatch,Mismatch,lllllbbul,180,"{'1': 203.17578337818736, '2': 23.17578337818736}",No-Action
3,45,0xFB,1,6.794434,Mismatch,Mismatch,lllbbbubb,180,"{'1': 337.03440975231257, '2': 157.03440975231257}",No-Action
3,46,0xFB,1,18.48779,Mismatch,Mismatch,ffffuulff,60,"{'1': 134.33201062548548, '2': 74.33201062548548}",No-Action
3,47,0xFB,1,14.20776,Mismatch,Mismatch,dbbbblllu,60,"{'1': 201.79349342356906, '2': 261.7934934235691}",No-Action
3,48,0xFB,1,7.487793,Mismatch,Mismatch,bddddddrd,60,"{'1': 200.01843252943627, '2': 260.01843252943627}",No-Action
3,49,0xFB,1,3.974854,Mismatch,Mismatch,rbbbbbbub,120,"{'1': 328.5853477843259, '2': 88.5853477843259}",No-Action
6,0,0xBA,2,8.224609,Match,Match,bbddbblll,180,"{'1': 315.30876705875914, '2': 135.30876705875914}",No-Action
6,1,0xBA,2,3.79361,Match,Match,ffuulllbb,120,"{'1': 197.3107371694543, '2': 77.31073716945434}",No-Action
6,2,0xBA,2,4.15625,Match,Match,uuuubbbur,60,"{'1': 231.27511620163756, '2': 291.27511620163756}",No-Action
6,3,0xBA,2,3.683838,Match,Match,lbbddllll,60,"{'1': 40.56839166257606, '2': 340.56839166257606}",No-Action
6,4,0xBA,2,6.570648,Match,Match,lbbddllll,0,"{'1': 50.10220194008181, '2': 50.10220194008181}",No-Action
6,5,0xBA,2,6.636719,Match,Match,bddrddddd,120,"{'1': 66.78189000657758, '2': 306.78189000657756}",No-Action
6,6,0xBA,2,1.781616,Match,Match,ffuulllbb,60,"{'1': 109.34564071492241, '2': 169.3456407149224}",No-Action
6,7,0xBA,2,9.637146,Match,Match,rbbbdddff,120,"{'1': 130.49995340204288, '2': 10.499953402042877}",No-Action
6,8,0xBA,2,1.944672,Match,Match,rrrbbbddb,0,"{'1': 74.03304278999094, '2': 74.03304278999094}",No-Action
6,9,0xBA,2,3.305969,Match,Match,bdddddfll,60,"{'1': 124.18790901317558, '2': 64.18790901317558}",No-Action
6,10,0xBA,2,1.572693,Match,Match,rbbbbbldd,0,"{'1': 204.65238846055797, '2': 204.65238846055797}",No-Action
6,11,0xBA,2,3.163574,Match,Match,ffuuuurrf,60,"{'1': 339.30144148243784, '2': 279.30144148243784}",No-Action
6,12,0xBA,2,3.601227,Match,Match,bdddbllll,0,"{'1': 227.23092463341032, '2': 227.23092463341032}",No-Action
6,13,0xBA,2,6.172119,Match,Match,ffuuuurrf,120,"{'1': 66.24986329575583, '2': 186.24986329575583}",No-Action
6,14,0xBA,2,6.286591,Match,Match,bddrddddd,180,"{'1': 324.1287128877964, '2': 144.12871288779638}",No-Action
6,15,0xBA,2,4.746841,Match,Match,rrrbbbddb,60,"{'1': 20.78654450879716, '2': 320.7865445087972}",No-Action
6,16,0xBA,2,4.623352,Match,Match,llbbbbbru,120,"{'1': 337.1362721077407, '2': 217.13627210774067}",No-Action
6,17,0xBA,2,2.476166,Match,Match,ffuubrrrr,60,"{'1': 222.1015434796796, '2': 282.1015434796796}",No-Action
6,18,0xBA,2,7.043182,Match,Match,bbddbblll,180,"{'1': 323.8362123068004, '2': 143.8362123068004}",No-Action
6,19,0xBA,2,7.359283,Match,Match,ffuuuurrf,120,"{'1': 299.1264029932808, '2': 59.12640299328079}",No-Action
6,20,0xBA,2,3.795959,Match,Match,rbbbbbbub,120,"{'1': 161.8952181803216, '2': 41.89521818032159}",No-Action
6,21,0xBA,2,2.763275,Match,Match,llbbbbbru,120,"{'1': 344.9475495811423, '2': 224.94754958114234}",No-Action
6,22,0xBA,2,1.740173,Match,Match,bddddddrd,0,"{'1': 50.36266026622357, '2': 50.36266026622357}",No-Action
6,23,0xBA,2,1.977402,Match,Match,bbbdddrrb,0,"{'1': 201.43893210030396, '2': 201.43893210030396}",No-Action
6,24,0xBA,2,14.40427,Match,Match,uubbbrrrb,180,"{'1': 55.070875370514074, '2': 235.07087537051407}",No-Action
6,25,0xBA,2,5.484802,Mismatch,Mismatch,bddddddrd,180,"{'1': 128.12205955971416, '2': 308.12205955971416}",No-Action
6,26,0xBA,2,5.205093,Mismatch,Mismatch,rrrrbbbdr,0,"{'1': 124.92721490562091, '2': 124.92721490562091}",No-Action
6,27,0xBA,2,7.974396,Mismatch,Mismatch,ffuubrrrr,60,"{'1': 206.20660411733138, '2': 266.2066041173314}",No-Action
6,28,0xBA,2,5.812012,Mismatch,Mismatch,rbbbdddff,60,"{'1': 289.5332092130355, '2': 349.5332092130355}",No-Action
6,29,0xBA,2,9.108124,Match,Mismatch,uubbbbruu,0,"{'1': 62.74224955292495, '2': 62.74224955292495}",No-Action
6,30,0xBA,2,5.617828,Match,Mismatch,rrrrbbbdr,120,"{'1': 246.8747450391303, '2': 6.874745039130275}",No-Action
6,31,0xBA,2,5.455231,Mismatch,Mismatch,bbdddbrrr,180,"{'1': 242.4605042219436, '2': 62.46050422194361}",No-Action
6,32,0xBA,2,2.900208,Mismatch,Mismatch,lllllbbul,0,"{'1': 226.33120364797915, '2': 226.33120364797915}",No-Action
6,33,0xBA,2,5.704361,Mismatch,Mismatch,ffuubrrrr,0,"{'1': 113.72457940279365, '2': 113.72457940279365}",No-Action
6,34,0xBA,2,4.527466,Mismatch,Mismatch,bddrddddd,120,"{'1': 65.08273868907158, '2': 185.08273868907156}",No-Action
6,35,0xBA,2,6.198792,Mismatch,Mismatch,bdddllbbb,60,"{'1': 308.5883654121912, '2': 248.58836541219117}",No-Action
6,36,0xBA,2,3.846039,Mismatch,Mismatch,ddbbddddl,0,"{'1': 125.21857502276171, '2': 125.21857502276171}",No-Action
6,37,0xBA,2,5.087219,Mismatch,Mismatch,bddrbbbbb,60,"{'1': 314.67934070945427, '2': 254.67934070945427}",No-Action
6,38,0xBA,2,15.14093,Mismatch,Mismatch,ffuulllbb,0,"{'1': 142.60164994117167, '2': 142.60164994117167}",No-Action
6,39,0xBA,2,4.691467,Mismatch,Mismatch,bddrbbbbb,60,"{'1': 297.9093840424906, '2': 237.90938404249061}",No-Action
6,40,0xBA,2,7.677734,Mismatch,Mismatch,bddddddrd,120,"{'1': 130.6822540982511, '2': 250.6822540982511}",No-Action
6,41,0xBA,2,5.45694,Mismatch,Mismatch,ddbbddddl,0,"{'1': 147.1610739618407, '2': 147.1610739618407}",No-Action
6,42,0xBA,2,5.455872,Mismatch,Mismatch,lllbbbluu,60,"{'1': 148.3178032386795, '2': 88.31780323867949}",No-Action
6,43,0xBA,2,2.323547,Mismatch,Mismatch,bdddddfll,120,"{'1': 32.4001609445189, '2': 152.40016094451892}",No-Action
6,44,0xBA,2,3.37738,Mismatch,Mismatch,bddddddrd,60,"{'1': 247.26635162871762, '2': 187.26635162871762}",No-Action
6,45,0xBA,2,2.655273,Mismatch,Mismatch,bbddbblll,180,"{'1': 299.70333809089504, '2': 119.70333809089502}",No-Action
6,46,0xBA,2,5.580536,Mismatch,Mismatch,bdddbllll,60,"{'1': 120.74459856735571, '2': 60.74459856735571}",No-Action
6,47,0xBA,2,10.13666,Mismatch,Mismatch,bdddllbbb,180,"{'1': 29.840007912279223, '2': 209.84000791227922}",No-Action
6,48,0xBA,2,5.112366,Mismatch,Mismatch,bbdddbrrr,120,"{'1': 115.24259211799024, '2': 355.2425921179902}",No-Action
6,49,0xBA,2,4.870117,Mismatch,Mismatch,uuuuubbul,60,"{'1': 66.18386454615198, '2': 126.18386454615198}",No-Action
7,0,0xBA,1,12.54895,Mismatch,Match,uubbbrrrb,180,"{'1': 160.83256037875475, '2': 340.83256037875475}",No-Action
7,1,0xBA,1,2.487549,Match,Match,bbbdddrrb,60,"{'1': 297.0526715508145, '2': 237.05267155081452}",No-Action
7,2,0xBA,1,7.51416,Match,Match,lllbbbubb,180,"{'1': 73.56548998781912, '2': 253.56548998781912}",No-Action
7,3,0xBA,1,3.020264,Mismatch,Match,ffuuuurrf,0,"{'1': 23.282554720997183, '2': 23.282554720997183}",No-Action
7,4,0xBA,1,6.85083,Match,Match,bdddddfll,60,"{'1': 320.8989396087263, '2': 260.8989396087263}",No-Action
7,5,0xBA,1,5.863037,Match,Match,llbbbbbru,60,"{'1': 154.53545241524535, '2': 94.53545241524535}",No-Action
7,6,0xBA,1,1.76062,Match,Match,lllllbbul,0,"{'1': 235.19481536945403, '2': 235.19481536945403}",No-Action
7,7,0xBA,1,5.356689,Match,Match,bddrbbbbb,0,"{'1': 293.9502017183571, '2': 293.9502017183571}",No-Action
7,8,0xBA,1,2.564453,Mismatch,Match,lllbbbluu,120,"{'1': 49.004933720925365, '2': 169.00493372092535}",No-Action
7,9,0xBA,1,5.877686,Match,Match,lllbbbubb,180,"{'1': 312.57481992843844, '2': 132.57481992843842}",No-Action
7,10,0xBA,1,3.336304,Match,Match,rrrbbbddb,180,"{'1': 130.03348319557549, '2': 310.0334831955755}",No-Action
7,11,0xBA,1,6.253174,Match,Match,rbbbbbldd,120,"{'1': 333.4370891178977, '2': 93.43708911789771}",No-Action
7,12,0xBA,1,3.04541,Match,Match,llbbbrruu,180,"{'1': 48.150524802825046, '2': 228.15052480282503}",No-Action
7,13,0xBA,1,2.014648,Match,Match,lllllbbul,60,"{'1': 117.20635363661125, '2': 57.206353636611254}",No-Action
7,14,0xBA,1,7.675781,Match,Match,lllllbbul,180,"{'1': 247.03421990315496, '2': 67.03421990315496}",No-Action
7,15,0xBA,1,3.154419,Match,Match,rrrrbbbdr,60,"{'1': 60.6720246388287, '2': 0.6720246388287023}",No-Action
7,16,0xBA,1,5.613892,Match,Match,uuuuubbul,60,"{'1': 206.5426578330488, '2': 266.5426578330488}",No-Action
7,17,0xBA,1,3.959473,Match,Match,bddrbbbbb,120,"{'1': 288.7000593936109, '2': 48.7000593936109}",No-Action
7,18,0xBA,1,4.516235,Match,Match,rrrrbbbdr,0,"{'1': 22.276631744938747, '2': 22.276631744938747}",No-Action
7,19,0xBA,1,2.043579,Match,Match,bdddbllll,120,"{'1': 120.91586715760242, '2': 0.9158671576024204}",No-Action
7,20,0xBA,1,5.37793,Match,Match,uubbbrrrb,120,"{'1': 236.45600181787148, '2': 116.45600181787148}",No-Action
7,21,0xBA,1,2.349487,Match,Match,bdddbllll,120,"{'1': 297.9629521630802, '2': 177.96295216308025}",No-Action
7,22,0xBA,1,3.210815,Match,Match,lbbddllll,120,"{'1': 328.42560545831884, '2': 208.42560545831884}",No-Action
7,23,0xBA,1,2.043457,Match,Match,bdddbllll,0,"{'1': 117.94234251970374, '2': 117.94234251970374}",No-Action
7,24,0xBA,1,6.418701,Match,Match,ffuuuurrf,60,"{'1': 238.03031525122972, '2': 178.03031525122972}",No-Action
7,25,0xBA,1,5.739136,Mismatch,Mismatch,rbbbbbbub,60,"{'1': 343.43492894494125, '2': 43.43492894494126}",No-Action
7,26,0xBA,1,3.567261,Mismatch,Mismatch,lllllbbul,60,"{'1': 207.31121944602046, '2': 147.31121944602046}",No-Action
7,27,0xBA,1,2.193848,Mismatch,Mismatch,ddbbddddl,180,"{'1': 286.02115239405117, '2': 106.02115239405117}",No-Action
7,28,0xBA,1,3.166626,Mismatch,Mismatch,llbbbbbru,120,"{'1': 59.32949026541962, '2': 179.32949026541962}",No-Action
7,29,0xBA,1,2.315918,Mismatch,Mismatch,uuuubbbur,60,"{'1': 53.50236138222004, '2': 113.50236138222004}",No-Action
7,30,0xBA,1,4.711548,Mismatch,Mismatch,dbbbblllu,60,"{'1': 232.97719760635076, '2': 292.9771976063507}",No-Action
7,31,0xBA,1,4.871704,Match,Mismatch,uubbbrrrb,180,"{'1': 211.45138783587447, '2': 31.45138783587447}",No-Action
7,32,0xBA,1,5.338257,Mismatch,Mismatch,lbbddllll,180,"{'1': 131.31629236446844, '2': 311.31629236446844}",No-Action
7,33,0xBA,1,3.444946,Mismatch,Mismatch,ffuubllll,120,"{'1': 246.59987517738313, '2': 6.599875177383112}",No-Action
7,34,0xBA,1,2.279419,Mismatch,Mismatch,bbdddbrrr,120,"{'1': 51.1903238702573, '2': 171.19032387025732}",No-Action
7,35,0xBA,1,7.99707,Mismatch,Mismatch,bbddbblll,120,"{'1': 292.0774989103786, '2': 52.07749891037858}",No-Action
7,36,0xBA,1,2.218384,Mismatch,Mismatch,bddrddddd,60,"{'1': 110.418110027414, '2': 50.418110027414}",No-Action
7,37,0xBA,1,1.555054,Mismatch,Mismatch,ffffuulff,180,"{'1': 112.1103209577726, '2': 292.1103209577726}",No-Action
7,38,0xBA,1,4.820923,Mismatch,Mismatch,ddbbddddl,120,"{'1': 116.64804906440489, '2': 236.6480490644049}",No-Action
7,39,0xBA,1,3.750488,Mismatch,Mismatch,rrrrbbbdr,120,"{'1': 325.1474160676428, '2': 205.14741606764278}",No-Action
7,40,0xBA,1,4.029663,Mismatch,Mismatch,lllbbbubb,120,"{'1': 44.909780615892714, '2': 164.9097806158927}",No-Action
7,41,0xBA,1,6.177246,Mismatch,Mismatch,lllbbbluu,180,"{'1': 204.88606613223055, '2': 24.886066132230553}",No-Action
7,42,0xBA,1,2.402466,Mismatch,Mismatch,uuubbrrrf,0,"{'1': 65.34944784418846, '2': 65.34944784418846}",No-Action
7,43,0xBA,1,1.522339,Mismatch,Mismatch,rbbbdddff,120,"{'1': 226.29585152890144, '2': 346.29585152890144}",No-Action
7,44,0xBA,1,3.480225,Mismatch,Mismatch,uuuuubbul,60,"{'1': 295.1931645100793, '2': 235.19316451007936}",No-Action
7,45,0xBA,1,4.016235,Mismatch,Mismatch,uuuuubbul,0,"{'1': 223.99012792039952, '2': 223.99012792039952}",No-Action
7,46,0xBA,1,3.795654,Mismatch,Mismatch,llbbbrruu,0,"{'1': 312.87503941977366, '2': 312.87503941977366}",No-Action
7,47,0xBA,1,4.837524,Mismatch,Mismatch,lllbbbubb,180,"{'1': 49.8443240651041, '2': 229.8443240651041}",No-Action
7,48,0xBA,1,3.506714,Mismatch,Mismatch,rbbbbbbub,0,"{'1': 210.27064945180683, '2': 210.27064945180683}",No-Action
7,49,0xBA,1,1.734375,Mismatch,Mismatch,ddbbddddl,180,"{'1': 226.14754278696023, '2': 46.14754278696023}",No-Action
8,0,0x87,2,13.31897,Match,Match,uubbbrrrb,180,"{'1': 160.83256037875475, '2': 340.83256037875475}",No-Action
8,1,0x87,2,2.595459,Match,Match,bbbdddrrb,60,"{'1': 297.0526715508145, '2': 237.05267155081452}",No-Action
8,2,0x87,2,4.140869,Match,Match,lllbbbubb,180,"{'1': 73.56548998781912, '2': 253.56548998781912}",No-Action
8,3,0x87,2,2.956299,Match,Match,ffuuuurrf,0,"{'1': 23.282554720997183, '2': 23.282554720997183}",No-Action
8,4,0x87,2,3.01001,Match,Match,bdddddfll,60,"{'1': 320.8989396087263, '2': 260.8989396087263}",No-Action
8,5,0x87,2,5.451416,Match,Match,llbbbbbru,60,"{'1': 154.53545241524535, '2': 94.53545241524535}",No-Action
8,6,0x87,2,4.489258,Match,Match,lllllbbul,0,"{'1': 235.19481536945403, '2': 235.19481536945403}",No-Action
8,7,0x87,2,3.135254,Match,Match,bddrbbbbb,0,"{'1': 293.9502017183571, '2': 293.9502017183571}",No-Action
8,8,0x87,2,11.95532,Match,Match,lllbbbluu,120,"{'1': 49.004933720925365, '2': 169.00493372092535}",No-Action
8,9,0x87,2,3.915527,Match,Match,lllbbbubb,180,"{'1': 312.57481992843844, '2': 132.57481992843842}",No-Action
8,10,0x87,2,8.134644,Match,Match,rrrbbbddb,180,"{'1': 130.03348319557549, '2': 310.0334831955755}",No-Action
8,11,0x87,2,7.439453,Match,Match,rbbbbbldd,120,"{'1': 333.4370891178977, '2': 93.43708911789771}",No-Action
8,12,0x87,2,6.300781,Match,Match,llbbbrruu,180,"{'1': 48.150524802825046, '2': 228.15052480282503}",No-Action
8,13,0x87,2,2.565918,Match,Match,lllllbbul,60,"{'1': 117.20635363661125, '2': 57.206353636611254}",No-Action
8,14,0x87,2,5.897461,Match,Match,lllllbbul,180,"{'1': 247.03421990315496, '2': 67.03421990315496}",No-Action
8,15,0x87,2,3.679199,Match,Match,rrrrbbbdr,60,"{'1': 60.6720246388287, '2': 0.6720246388287023}",No-Action
8,16,0x87,2,3.971558,Match,Match,uuuuubbul,60,"{'1': 206.5426578330488, '2': 266.5426578330488}",No-Action
8,17,0x87,2,4.499756,Match,Match,bddrbbbbb,120,"{'1': 288.7000593936109, '2': 48.7000593936109}",No-Action
8,18,0x87,2,3.750854,Match,Match,rrrrbbbdr,0,"{'1': 22.276631744938747, '2': 22.276631744938747}",No-Action
8,19,0x87,2,8.248047,Match,Match,bdddbllll,120,"{'1': 120.91586715760242, '2': 0.9158671576024204}",No-Action
8,20,0x87,2,5.23877,Match,Match,uubbbrrrb,120,"{'1': 236.45600181787148, '2': 116.45600181787148}",No-Action
8,21,0x87,2,5.56189,Match,Match,bdddbllll,120,"{'1': 297.9629521630802, '2': 177.96295216308025}",No-Action
8,22,0x87,2,14.849,Match,Match,lbbddllll,120,"{'1': 328.42560545831884, '2': 208.42560545831884}",No-Action
8,23,0x87,2,4.111938,Match,Match,bdddbllll,0,"{'1': 117.94234251970374, '2': 117.94234251970374}",No-Action
8,24,0x87,2,6.547729,Match,Match,ffuuuurrf,60,"{'1': 238.03031525122972, '2': 178.03031525122972}",No-Action
8,25,0x87,2,7.32959,Mismatch,Mismatch,rbbbbbbub,60,"{'1': 343.43492894494125, '2': 43.43492894494126}",No-Action
8,26,0x87,2,7.404175,Match,Mismatch,lllllbbul,60,"{'1': 207.31121944602046, '2': 147.31121944602046}",No-Action
8,27,0x87,2,6.728394,Mismatch,Mismatch,ddbbddddl,180,"{'1': 286.02115239405117, '2': 106.02115239405117}",No-Action
8,28,0x87,2,4.334961,Mismatch,Mismatch,llbbbbbru,120,"{'1': 59.32949026541962, '2': 179.32949026541962}",No-Action
8,29,0x87,2,2.969482,Mismatch,Mismatch,uuuubbbur,60,"{'1': 53.50236138222004, '2': 113.50236138222004}",No-Action
8,30,0x87,2,13.86047,Match,Mismatch,dbbbblllu,60,"{'1': 232.97719760635076, '2': 292.9771976063507}",No-Action
8,31,0x87,2,11.2594,Match,Mismatch,uubbbrrrb,180,"{'1': 211.45138783587447, '2': 31.45138783587447}",No-Action
8,32,0x87,2,5.296875,Mismatch,Mismatch,lbbddllll,180,"{'1': 131.31629236446844, '2': 311.31629236446844}",No-Action
8,33,0x87,2,3.514404,Mismatch,Mismatch,ffuubllll,120,"{'1': 246.59987517738313, '2': 6.599875177383112}",No-Action
8,34,0x87,2,5.870361,Mismatch,Mismatch,bbdddbrrr,120,"{'1': 51.1903238702573, '2': 171.19032387025732}",No-Action
8,35,0x87,2,2.438477,Mismatch,Mismatch,bbddbblll,120,"{'1': 292.0774989103786, '2': 52.07749891037858}",No-Action
8,36,0x87,2,7.718872,Mismatch,Mismatch,bddrddddd,60,"{'1': 110.418110027414, '2': 50.418110027414}",No-Action
8,37,0x87,2,8.747925,Mismatch,Mismatch,ffffuulff,180,"{'1': 112.1103209577726, '2': 292.1103209577726}",No-Action
8,38,0x87,2,9.555664,Mismatch,Mismatch,ddbbddddl,120,"{'1': 116.64804906440489, '2': 236.6480490644049}",No-Action
8,39,0x87,2,7.414307,Mismatch,Mismatch,rrrrbbbdr,120,"{'1': 325.1474160676428, '2': 205.14741606764278}",No-Action
8,40,0x87,2,8.945801,Mismatch,Mismatch,lllbbbubb,120,"{'1': 44.909780615892714, '2': 164.9097806158927}",No-Action
8,41,0x87,2,6.811279,Mismatch,Mismatch,lllbbbluu,180,"{'1': 204.88606613223055, '2': 24.886066132230553}",No-Action
8,42,0x87,2,6.950317,Mismatch,Mismatch,uuubbrrrf,0,"{'1': 65.34944784418846, '2': 65.34944784418846}",No-Action
8,43,0x87,2,4.726196,Mismatch,Mismatch,rbbbdddff,120,"{'1': 226.29585152890144, '2': 346.29585152890144}",No-Action
8,44,0x87,2,5.72583,Mismatch,Mismatch,uuuuubbul,60,"{'1': 295.1931645100793, '2': 235.19316451007936}",No-Action
8,45,0x87,2,6.20166,Mismatch,Mismatch,uuuuubbul,0,"{'1': 223.99012792039952, '2': 223.99012792039952}",No-Action
8,46,0x87,2,4.237061,Match,Mismatch,llbbbrruu,0,"{'1': 312.87503941977366, '2': 312.87503941977366}",No-Action
8,47,0x87,2,8.89917,Mismatch,Mismatch,lllbbbubb,180,"{'1': 49.8443240651041, '2': 229.8443240651041}",No-Action
8,48,0x87,2,4.991699,Mismatch,Mismatch,rbbbbbbub,0,"{'1': 210.27064945180683, '2': 210.27064945180683}",No-Action
8,49,0x87,2,5.964355,Mismatch,Mismatch,ddbbddddl,180,"{'1': 226.14754278696023, '2': 46.14754278696023}",No-Action
9,0,0x87,1,2.452393,Match,Match,ffuubrrrr,60,"{'1': 195.70386133680432, '2': 255.70386133680432}",No-Action
9,1,0x87,1,1.927979,Match,Match,uuuubbbur,0,"{'1': 312.7701316383542, '2': 312.7701316383542}",No-Action
9,2,0x87,1,3.032715,Match,Match,lllllbbul,60,"{'1': 29.341280998280244, '2': 329.34128099828024}",No-Action
9,3,0x87,1,1.723877,Match,Match,ffuubrrrr,0,"{'1': 330.69031886933465, '2': 330.69031886933465}",No-Action
9,4,0x87,1,2.658936,Match,Match,ffuubrrrr,60,"{'1': 214.93411190802072, '2': 154.93411190802072}",No-Action
9,5,0x87,1,2.240234,Match,Match,lllbbbluu,60,"{'1': 239.73272467503972, '2': 179.73272467503972}",No-Action
9,6,0x87,1,3.220947,Match,Match,uubbbrrrb,60,"{'1': 244.97895433135304, '2': 304.97895433135307}",No-Action
9,7,0x87,1,10.89307,Match,Match,ffuulllbb,120,"{'1': 52.410378767534695, '2': 172.4103787675347}",No-Action
9,8,0x87,1,2.995117,Match,Match,bddrbbbbb,60,"{'1': 335.1505592833017, '2': 35.15055928330166}",No-Action
9,9,0x87,1,1.702393,Match,Match,ffuubllll,0,"{'1': 32.44403157116473, '2': 32.44403157116473}",No-Action
9,10,0x87,1,3.248047,Match,Match,lllbbbubb,120,"{'1': 290.95635263390704, '2': 50.95635263390707}",No-Action
9,11,0x87,1,8.762695,Match,Match,uubbbbruu,180,"{'1': 153.15034768376478, '2': 333.1503476837648}",No-Action
9,12,0x87,1,1.980225,Match,Match,llbbbbbru,60,"{'1': 195.74437998246947, '2': 255.74437998246947}",No-Action
9,13,0x87,1,2.217529,Match,Match,ffuubllll,0,"{'1': 241.0541589520444, '2': 241.0541589520444}",No-Action
9,14,0x87,1,2.84375,Match,Match,bbbdddrrb,60,"{'1': 107.48231495232719, '2': 47.48231495232719}",No-Action
9,15,0x87,1,3.220215,Match,Match,bbdddbrrr,120,"{'1': 249.4264059133822, '2': 129.4264059133822}",No-Action
9,16,0x87,1,3.947266,Match,Match,uuuuubbul,0,"{'1': 22.79566675332338, '2': 22.79566675332338}",No-Action
9,17,0x87,1,3.311523,Match,Match,rbbbbbbub,180,"{'1': 119.38859950122885, '2': 299.38859950122884}",No-Action
9,18,0x87,1,4.558105,Match,Match,ffuubrrrr,180,"{'1': 246.0631387963874, '2': 66.06313879638742}",No-Action
9,19,0x87,1,12.19946,Match,Match,lllbbbluu,180,"{'1': 321.44355220255096, '2': 141.44355220255096}",No-Action
9,20,0x87,1,1.558838,Match,Match,lbbddllll,60,"{'1': 290.0181337619581, '2': 350.0181337619581}",No-Action
9,21,0x87,1,3.026123,Match,Match,bdddbllll,60,"{'1': 110.46167343626001, '2': 50.461673436260014}",No-Action
9,22,0x87,1,5.963623,Match,Match,lbbddllll,120,"{'1': 313.4383765630722, '2': 193.43837656307218}",No-Action
9,23,0x87,1,8.01123,Match,Match,dbbbblllu,180,"{'1': 120.4475482455058, '2': 300.4475482455058}",No-Action
9,24,0x87,1,5.714355,Match,Match,ffuubllll,120,"{'1': 53.69971929843738, '2': 293.69971929843734}",No-Action
9,25,0x87,1,9.63623,Mismatch,Mismatch,ffuubllll,120,"{'1': 68.71080515486847, '2': 308.71080515486847}",No-Action
9,26,0x87,1,2.588867,Mismatch,Mismatch,bdddllbbb,60,"{'1': 317.4266219482024, '2': 257.4266219482024}",No-Action
9,27,0x87,1,6.121582,Mismatch,Mismatch,rbbbbbbub,180,"{'1': 287.98179334569033, '2': 107.9817933456903}",No-Action
9,28,0x87,1,4.989258,Mismatch,Mismatch,bdddbllll,120,"{'1': 150.3862870150383, '2': 270.3862870150383}",No-Action
9,29,0x87,1,4.88623,Match,Mismatch,dbbbblllu,180,"{'1': 120.42882292561097, '2': 300.428822925611}",No-Action
9,30,0x87,1,6.604736,Mismatch,Mismatch,ffffuulff,120,"{'1': 123.54031246384658, '2': 243.5403124638466}",No-Action
9,31,0x87,1,2.037354,Mismatch,Mismatch,lllbbbluu,60,"{'1': 46.12999662160868, '2': 106.12999662160868}",No-Action
9,32,0x87,1,6.729736,Mismatch,Mismatch,uuuubbbur,180,"{'1': 250.95775288655915, '2': 70.95775288655913}",No-Action
9,33,0x87,1,4.189697,Mismatch,Mismatch,lllbbbubb,60,"{'1': 251.94154247038333, '2': 311.9415424703833}",No-Action
9,34,0x87,1,3.986572,Mismatch,Mismatch,bbbdddrrb,180,"{'1': 324.9394843715521, '2': 144.9394843715521}",No-Action
9,35,0x87,1,4.445068,Mismatch,Mismatch,uubbbrrrb,180,"{'1': 133.55372738747295, '2': 313.5537273874729}",No-Action
9,36,0x87,1,5.641846,Mismatch,Mismatch,rrrbbbddb,180,"{'1': 319.0383982967115, '2': 139.03839829671148}",No-Action
9,37,0x87,1,3.49707,Mismatch,Mismatch,rbbbbbldd,60,"{'1': 301.1114318946326, '2': 241.11143189463255}",No-Action
9,38,0x87,1,7.64917,Mismatch,Mismatch,ffuubrrrr,120,"{'1': 71.06412712366583, '2': 311.0641271236658}",No-Action
9,39,0x87,1,0.1394043,Match,Mismatch,dbbbblllu,180,"{'1': 43.07744783552395, '2': 223.07744783552394}",No-Action
9,40,0x87,1,3.973633,Mismatch,Mismatch,llbbbbbru,60,"{'1': 226.38746715426137, '2': 166.38746715426137}",No-Action
9,41,0x87,1,3.848145,Mismatch,Mismatch,rrrrbbbdr,60,"{'1': 320.23845503998274, '2': 260.23845503998274}",No-Action
9,42,0x87,1,5.720703,Mismatch,Mismatch,ffuuuurrf,60,"{'1': 337.9353354365787, '2': 277.9353354365787}",No-Action
9,43,0x87,1,3.95752,Mismatch,Mismatch,bbbdddrrb,0,"{'1': 313.7327226811985, '2': 313.7327226811985}",No-Action
9,44,0x87,1,4.461914,Mismatch,Mismatch,llbbbbbru,60,"{'1': 23.32066732196461, '2': 323.3206673219646}",No-Action
9,45,0x87,1,3.846436,Mismatch,Mismatch,ffuubrrrr,0,"{'1': 215.3296192682413, '2': 215.3296192682413}",No-Action
9,46,0x87,1,4.683594,Mismatch,Mismatch,uuuubbbur,120,"{'1': 203.66296698343888, '2': 323.6629669834389}",No-Action
9,47,0x87,1,3.900146,Mismatch,Mismatch,lllbbbubb,0,"{'1': 143.35641650229175, '2': 143.35641650229175}",No-Action
9,48,0x87,1,2.537354,Mismatch,Mismatch,bddrbbbbb,180,"{'1': 338.63684917888776, '2': 158.6368491788878}",No-Action
9,49,0x87,1,4.313721,Match,Mismatch,dbbbblllu,180,"{'1': 35.33581675511868, '2': 215.33581675511869}",No-Action
10,0,0x16,2,2.701172,Match,Match,ffuubrrrr,60,"{'1': 195.70386133680432, '2': 255.70386133680432}",No-Action
10,1,0x16,2,2.140015,Match,Match,uuuubbbur,0,"{'1': 312.7701316383542, '2': 312.7701316383542}",No-Action
10,2,0x16,2,1.878235,Match,Match,lllllbbul,60,"{'1': 29.341280998280244, '2': 329.34128099828024}",No-Action
10,3,0x16,2,2.263245,Match,Match,ffuubrrrr,0,"{'1': 330.69031886933465, '2': 330.69031886933465}",No-Action
10,4,0x16,2,9.434662,Match,Match,ffuubrrrr,60,"{'1': 214.93411190802072, '2': 154.93411190802072}",No-Action
10,5,0x16,2,3.184296,Match,Match,lllbbbluu,60,"{'1': 239.73272467503972, '2': 179.73272467503972}",No-Action
10,6,0x16,2,2.583252,Match,Match,uubbbrrrb,60,"{'1': 244.97895433135304, '2': 304.97895433135307}",No-Action
10,7,0x16,2,9.436401,Match,Match,ffuulllbb,120,"{'1': 52.410378767534695, '2': 172.4103787675347}",No-Action
10,8,0x16,2,3.02005,Match,Match,bddrbbbbb,60,"{'1': 335.1505592833017, '2': 35.15055928330166}",No-Action
10,9,0x16,2,2.011749,Match,Match,ffuubllll,0,"{'1': 32.44403157116473, '2': 32.44403157116473}",No-Action
10,10,0x16,2,7.157471,Match,Match,lllbbbubb,120,"{'1': 290.95635263390704, '2': 50.95635263390707}",No-Action
10,11,0x16,2,17.24988,Match,Match,uubbbbruu,180,"{'1': 153.15034768376478, '2': 333.1503476837648}",No-Action
10,12,0x16,2,6.281769,Match,Match,llbbbbbru,60,"{'1': 195.74437998246947, '2': 255.74437998246947}",No-Action
10,13,0x16,2,1.764099,Match,Match,ffuubllll,0,"{'1': 241.0541589520444, '2': 241.0541589520444}",No-Action
10,14,0x16,2,2.401031,Match,Match,bbbdddrrb,60,"{'1': 107.48231495232719, '2': 47.48231495232719}",No-Action
10,15,0x16,2,20.68292,Match,Match,bbdddbrrr,120,"{'1': 249.4264059133822, '2': 129.4264059133822}",No-Action
10,16,0x16,2,2.183777,Match,Match,uuuuubbul,0,"{'1': 22.79566675332338, '2': 22.79566675332338}",No-Action
10,17,0x16,2,4.506653,Match,Match,rbbbbbbub,180,"{'1': 119.38859950122885, '2': 299.38859950122884}",No-Action
10,18,0x16,2,8.889923,Match,Match,ffuubrrrr,180,"{'1': 246.0631387963874, '2': 66.06313879638742}",No-Action
10,19,0x16,2,13.98712,Match,Match,lllbbbluu,180,"{'1': 321.44355220255096, '2': 141.44355220255096}",No-Action
10,20,0x16,2,3.030457,Match,Match,lbbddllll,60,"{'1': 290.0181337619581, '2': 350.0181337619581}",No-Action
10,21,0x16,2,2.711914,Match,Match,bdddbllll,60,"{'1': 110.46167343626001, '2': 50.461673436260014}",No-Action
10,22,0x16,2,9.84668,Match,Match,lbbddllll,120,"{'1': 313.4383765630722, '2': 193.43837656307218}",No-Action
10,23,0x16,2,12.85846,Match,Match,dbbbblllu,180,"{'1': 120.4475482455058, '2': 300.4475482455058}",No-Action
10,24,0x16,2,11.71185,Match,Match,ffuubllll,120,"{'1': 53.69971929843738, '2': 293.69971929843734}",No-Action
10,25,0x16,2,10.16141,Mismatch,Mismatch,ffuubllll,120,"{'1': 68.71080515486847, '2': 308.71080515486847}",No-Action
10,26,0x16,2,6.31073,Mismatch,Mismatch,bdddllbbb,60,"{'1': 317.4266219482024, '2': 257.4266219482024}",No-Action
10,27,0x16,2,3.476746,Mismatch,Mismatch,rbbbbbbub,180,"{'1': 287.98179334569033, '2': 107.9817933456903}",No-Action
10,28,0x16,2,4.754547,Mismatch,Mismatch,bdddbllll,120,"{'1': 150.3862870150383, '2': 270.3862870150383}",No-Action
10,29,0x16,2,11.74249,Mismatch,Mismatch,dbbbblllu,180,"{'1': 120.42882292561097, '2': 300.428822925611}",No-Action
10,30,0x16,2,7.124451,Mismatch,Mismatch,ffffuulff,120,"{'1': 123.54031246384658, '2': 243.5403124638466}",No-Action
10,31,0x16,2,4.279663,Mismatch,Mismatch,lllbbbluu,60,"{'1': 46.12999662160868, '2': 106.12999662160868}",No-Action
10,32,0x16,2,10.29507,Mismatch,Mismatch,uuuubbbur,180,"{'1': 250.95775288655915, '2': 70.95775288655913}",No-Action
10,33,0x16,2,5.0578,Mismatch,Mismatch,lllbbbubb,60,"{'1': 251.94154247038333, '2': 311.9415424703833}",No-Action
10,34,0x16,2,2.557495,Mismatch,Mismatch,bbbdddrrb,180,"{'1': 324.9394843715521, '2': 144.9394843715521}",No-Action
10,35,0x16,2,7.129059,Mismatch,Mismatch,uubbbrrrb,180,"{'1': 133.55372738747295, '2': 313.5537273874729}",No-Action
10,36,0x16,2,8.713806,Mismatch,Mismatch,rrrbbbddb,180,"{'1': 319.0383982967115, '2': 139.03839829671148}",No-Action
10,37,0x16,2,13.07532,Mismatch,Mismatch,rbbbbbldd,60,"{'1': 301.1114318946326, '2': 241.11143189463255}",No-Action
10,38,0x16,2,4.933716,Mismatch,Mismatch,ffuubrrrr,120,"{'1': 71.06412712366583, '2': 311.0641271236658}",No-Action
10,39,0x16,2,11.98853,Mismatch,Mismatch,dbbbblllu,180,"{'1': 43.07744783552395, '2': 223.07744783552394}",No-Action
10,40,0x16,2,10.19885,Mismatch,Mismatch,llbbbbbru,60,"{'1': 226.38746715426137, '2': 166.38746715426137}",No-Action
10,41,0x16,2,10.12433,Mismatch,Mismatch,rrrrbbbdr,60,"{'1': 320.23845503998274, '2': 260.23845503998274}",No-Action
10,42,0x16,2,3.39209,Mismatch,Mismatch,ffuuuurrf,60,"{'1': 337.9353354365787, '2': 277.9353354365787}",No-Action
10,43,0x16,2,23.03027,Mismatch,Mismatch,bbbdddrrb,0,"{'1': 313.7327226811985, '2': 313.7327226811985}",No-Action
10,44,0x16,2,10.20999,Mismatch,Mismatch,llbbbbbru,60,"{'1': 23.32066732196461, '2': 323.3206673219646}",No-Action
10,45,0x16,2,6.458221,Mismatch,Mismatch,ffuubrrrr,0,"{'1': 215.3296192682413, '2': 215.3296192682413}",No-Action
10,46,0x16,2,9.362793,Mismatch,Mismatch,uuuubbbur,120,"{'1': 203.66296698343888, '2': 323.6629669834389}",No-Action
10,47,0x16,2,8.617065,Mismatch,Mismatch,lllbbbubb,0,"{'1': 143.35641650229175, '2': 143.35641650229175}",No-Action
10,48,0x16,2,3.629883,Mismatch,Mismatch,bddrbbbbb,180,"{'1': 338.63684917888776, '2': 158.6368491788878}",No-Action
10,49,0x16,2,2.600922,Mismatch,Mismatch,dbbbblllu,180,"{'1': 35.33581675511868, '2': 215.33581675511869}",No-Action
11,0,0x16,1,7.656738,Match,Match,uuubbrrrf,180,"{'1': 217.2601210465354, '2': 37.2601210465354}",No-Action
11,1,0x16,1,4.126465,Match,Match,ffuulllbb,60,"{'1': 60.67147367605956, '2': 0.6714736760595628}",No-Action
11,2,0x16,1,7.131226,Match,Match,dbbbblllu,60,"{'1': 243.43067050945245, '2': 183.43067050945245}",No-Action
11,3,0x16,1,10.83667,Match,Match,bddrddddd,180,"{'1': 52.87628235785667, '2': 232.87628235785667}",No-Action
11,4,0x16,1,1.862305,Match,Match,bbbdddrrb,60,"{'1': 61.84319834537056, '2': 121.84319834537055}",No-Action
11,5,0x16,1,5.862915,Match,Match,dbbbblllu,120,"{'1': 62.77164809514352, '2': 302.7716480951435}",No-Action
11,6,0x16,1,3.378418,Match,Match,ffuulllbb,0,"{'1': 199.56797102015963, '2': 199.56797102015963}",No-Action
11,7,0x16,1,8.9198,Match,Match,uuubbrrrf,180,"{'1': 223.1896747808583, '2': 43.1896747808583}",No-Action
11,8,0x16,1,2.071289,Match,Match,lllllbbul,60,"{'1': 224.04015568621497, '2': 284.040155686215}",No-Action
11,9,0x16,1,7.990234,Match,Match,rbbbbbldd,180,"{'1': 55.35115654064422, '2': 235.3511565406442}",No-Action
11,10,0x16,1,13.29138,Match,Match,llbbbbbru,180,"{'1': 200.37032755351868, '2': 20.370327553518678}",No-Action
11,11,0x16,1,3.364624,Match,Match,ffuuuurrf,60,"{'1': 56.84556754884658, '2': 356.8455675488466}",No-Action
11,12,0x16,1,5.307617,Mismatch,Match,lllbbbluu,60,"{'1': 22.95292868073701, '2': 82.95292868073702}",No-Action
11,13,0x16,1,8.820557,Match,Match,bbddbblll,180,"{'1': 46.00488897920435, '2': 226.00488897920434}",No-Action
11,14,0x16,1,8.345215,Match,Match,bbddbblll,180,"{'1': 251.69266340852414, '2': 71.69266340852414}",No-Action
11,15,0x16,1,9.783203,Match,Match,bbddbblll,120,"{'1': 160.2379903242456, '2': 280.23799032424563}",No-Action
11,16,0x16,1,9.682617,Match,Match,lllbbbluu,60,"{'1': 122.50794918779356, '2': 62.50794918779356}",No-Action
11,17,0x16,1,5.475952,Match,Match,ddbbddddl,180,"{'1': 239.5046766855629, '2': 59.50467668556291}",No-Action
11,18,0x16,1,1.959351,Match,Match,bdddddfll,0,"{'1': 151.81176844913617, '2': 151.81176844913617}",No-Action
11,19,0x16,1,15.46045,Match,Match,bbddbblll,180,"{'1': 21.476201919829236, '2': 201.47620191982924}",No-Action
11,20,0x16,1,3.277344,Match,Match,rbbbdddff,120,"{'1': 38.70008044924079, '2': 278.7000804492408}",No-Action
11,21,0x16,1,24.30359,Match,Match,uubbbrrrb,180,"{'1': 18.09630436569893, '2': 198.09630436569893}",No-Action
11,22,0x16,1,5.195557,Match,Match,llbbbrruu,60,"{'1': 329.3282715335102, '2': 269.3282715335102}",No-Action
11,23,0x16,1,2.206177,Match,Match,uuuubbbur,60,"{'1': 198.4757137131881, '2': 138.4757137131881}",No-Action
11,24,0x16,1,3.015991,Match,Match,uuuuubbul,60,"{'1': 232.14120598327415, '2': 292.1412059832742}",No-Action
11,25,0x16,1,2.124512,Mismatch,Mismatch,rrrrbbbdr,60,"{'1': 297.8715068359218, '2': 357.8715068359218}",No-Action
11,26,0x16,1,3.126465,Mismatch,Mismatch,ffuubllll,60,"{'1': 244.25091033104428, '2': 304.2509103310443}",No-Action
11,27,0x16,1,5.35083,Mismatch,Mismatch,bbbdddrrb,0,"{'1': 215.06239967681267, '2': 215.06239967681267}",No-Action
11,28,0x16,1,3.334717,Mismatch,Mismatch,bbdddbrrr,120,"{'1': 243.75805400136827, '2': 123.75805400136827}",No-Action
11,29,0x16,1,6.043945,Mismatch,Mismatch,uubbbbruu,0,"{'1': 200.87502671914626, '2': 200.87502671914626}",No-Action
11,30,0x16,1,3.109619,Mismatch,Mismatch,bbbdddrrb,120,"{'1': 140.46271925381365, '2': 20.462719253813646}",No-Action
11,31,0x16,1,2.723511,Mismatch,Mismatch,bdddbllll,120,"{'1': 236.77556671541006, '2': 116.77556671541006}",No-Action
11,32,0x16,1,2.401733,Mismatch,Mismatch,bbbdddrrb,180,"{'1': 251.4990780690253, '2': 71.49907806902529}",No-Action
11,33,0x16,1,11.95825,Mismatch,Mismatch,lllbbbluu,180,"{'1': 22.946122691354294, '2': 202.9461226913543}",No-Action
11,34,0x16,1,2.028931,Mismatch,Mismatch,ddbbddddl,180,"{'1': 161.9683685505486, '2': 341.9683685505486}",No-Action
11,35,0x16,1,3.61438,Mismatch,Mismatch,bddrbbbbb,0,"{'1': 24.093263937777174, '2': 24.093263937777174}",No-Action
11,36,0x16,1,7.04126,Mismatch,Mismatch,dbbbblllu,60,"{'1': 339.0271974589384, '2': 39.0271974589384}",No-Action
11,37,0x16,1,1.819092,Mismatch,Mismatch,lllbbbubb,120,"{'1': 143.46738286072207, '2': 23.46738286072207}",No-Action
11,38,0x16,1,1.432129,Mismatch,Mismatch,uuuuubbul,0,"{'1': 59.6810896655205, '2': 59.6810896655205}",No-Action
11,39,0x16,1,7.087402,Mismatch,Mismatch,ffuulllbb,60,"{'1': 232.1359529567681, '2': 172.1359529567681}",No-Action
11,40,0x16,1,2.515015,Mismatch,Mismatch,ffuuuurrf,120,"{'1': 114.20773653644045, '2': 234.20773653644045}",No-Action
11,41,0x16,1,5.374268,Mismatch,Mismatch,dbbbblllu,120,"{'1': 213.0180290025716, '2': 93.01802900257161}",No-Action
11,42,0x16,1,4.793335,Mismatch,Mismatch,ddbbddddl,180,"{'1': 109.70371459658752, '2': 289.70371459658753}",No-Action
11,43,0x16,1,8.906494,Mismatch,Mismatch,uuubbrrrf,180,"{'1': 227.18196138578503, '2': 47.18196138578503}",No-Action
11,44,0x16,1,6.128174,Mismatch,Mismatch,bbdddbrrr,120,"{'1': 223.64366454463482, '2': 103.64366454463482}",No-Action
11,45,0x16,1,5.449219,Mismatch,Mismatch,rrrrbbbdr,180,"{'1': 71.86019701447307, '2': 251.86019701447307}",No-Action
11,46,0x16,1,3.240723,Mismatch,Mismatch,bddrddddd,120,"{'1': 22.720737489458664, '2': 262.72073748945866}",No-Action
11,47,0x16,1,6.266357,Mismatch,Mismatch,lllllbbul,0,"{'1': 42.69994123636518, '2': 42.69994123636518}",No-Action
11,48,0x16,1,2.401733,Mismatch,Mismatch,ffffuulff,120,"{'1': 38.65036846662754, '2': 278.6503684666275}",No-Action
11,49,0x16,1,2.472656,Mismatch,Mismatch,rbbbbbldd,180,"{'1': 25.6539646124735, '2': 205.6539646124735}",No-Action
12,0,0x4C,2,1.623779,Match,Match,uuubbrrrf,180,"{'1': 217.2601210465354, '2': 37.2601210465354}",No-Action
12,1,0x4C,2,2.564453,Match,Match,ffuulllbb,60,"{'1': 60.67147367605956, '2': 0.6714736760595628}",No-Action
12,2,0x4C,2,2.022949,Match,Match,dbbbblllu,60,"{'1': 243.43067050945245, '2': 183.43067050945245}",No-Action
12,3,0x4C,2,4.718262,Match,Match,bddrddddd,180,"{'1': 52.87628235785667, '2': 232.87628235785667}",No-Action
12,4,0x4C,2,1.613281,Match,Match,bbbdddrrb,60,"{'1': 61.84319834537056, '2': 121.84319834537055}",No-Action
12,5,0x4C,2,3.346191,Match,Match,dbbbblllu,120,"{'1': 62.77164809514352, '2': 302.7716480951435}",No-Action
12,6,0x4C,2,3.106445,Match,Match,ffuulllbb,0,"{'1': 199.56797102015963, '2': 199.56797102015963}",No-Action
12,7,0x4C,2,1.867188,Match,Match,uuubbrrrf,180,"{'1': 223.1896747808583, '2': 43.1896747808583}",No-Action
12,8,0x4C,2,1.658691,Match,Match,lllllbbul,60,"{'1': 224.04015568621497, '2': 284.040155686215}",No-Action
12,9,0x4C,2,1.985107,Match,Match,rbbbbbldd,180,"{'1': 55.35115654064422, '2': 235.3511565406442}",No-Action
12,10,0x4C,2,1.785645,Match,Match,llbbbbbru,180,"{'1': 200.37032755351868, '2': 20.370327553518678}",No-Action
12,11,0x4C,2,2.737793,Match,Match,ffuuuurrf,60,"{'1': 56.84556754884658, '2': 356.8455675488466}",No-Action
12,12,0x4C,2,1.184082,Match,Match,lllbbbluu,60,"{'1': 22.95292868073701, '2': 82.95292868073702}",No-Action
12,13,0x4C,2,4.109375,Match,Match,bbddbblll,180,"{'1': 46.00488897920435, '2': 226.00488897920434}",No-Action
12,14,0x4C,2,5.557617,Match,Match,bbddbblll,180,"{'1': 251.69266340852414, '2': 71.69266340852414}",No-Action
12,15,0x4C,2,3.053955,Match,Match,bbddbblll,120,"{'1': 160.2379903242456, '2': 280.23799032424563}",No-Action
12,16,0x4C,2,1.885498,Match,Match,lllbbbluu,60,"{'1': 122.50794918779356, '2': 62.50794918779356}",No-Action
12,17,0x4C,2,2.141357,Match,Match,ddbbddddl,180,"{'1': 239.5046766855629, '2': 59.50467668556291}",No-Action
12,18,0x4C,2,1.727051,Match,Match,bdddddfll,0,"{'1': 151.81176844913617, '2': 151.81176844913617}",No-Action
12,19,0x4C,2,7.60791,Mismatch,Match,bbddbblll,180,"{'1': 21.476201919829236, '2': 201.47620191982924}",No-Action
12,20,0x4C,2,2.178467,Match,Match,rbbbdddff,120,"{'1': 38.70008044924079, '2': 278.7000804492408}",No-Action
12,21,0x4C,2,4.029053,Mismatch,Match,uubbbrrrb,180,"{'1': 18.09630436569893, '2': 198.09630436569893}",No-Action
12,22,0x4C,2,1.589111,Match,Match,llbbbrruu,60,"{'1': 329.3282715335102, '2': 269.3282715335102}",No-Action
12,23,0x4C,2,2.040039,Match,Match,uuuubbbur,60,"{'1': 198.4757137131881, '2': 138.4757137131881}",No-Action
12,24,0x4C,2,1.571533,Match,Match,uuuuubbul,60,"{'1': 232.14120598327415, '2': 292.1412059832742}",No-Action
12,25,0x4C,2,5.157715,Mismatch,Mismatch,rrrrbbbdr,60,"{'1': 297.8715068359218, '2': 357.8715068359218}",No-Action
12,26,0x4C,2,1.564453,Mismatch,Mismatch,ffuubllll,60,"{'1': 244.25091033104428, '2': 304.2509103310443}",No-Action
12,27,0x4C,2,3.695557,Mismatch,Mismatch,bbbdddrrb,0,"{'1': 215.06239967681267, '2': 215.06239967681267}",No-Action
12,28,0x4C,2,3.347656,Mismatch,Mismatch,bbdddbrrr,120,"{'1': 243.75805400136827, '2': 123.75805400136827}",No-Action
12,29,0x4C,2,15.48291,Mismatch,Mismatch,uubbbbruu,0,"{'1': 200.87502671914626, '2': 200.87502671914626}",No-Action
12,30,0x4C,2,3.4021,Mismatch,Mismatch,bbbdddrrb,120,"{'1': 140.46271925381365, '2': 20.462719253813646}",No-Action
12,31,0x4C,2,1.813232,Mismatch,Mismatch,bdddbllll,120,"{'1': 236.77556671541006, '2': 116.77556671541006}",No-Action
12,32,0x4C,2,3.381836,Match,Mismatch,bbbdddrrb,180,"{'1': 251.4990780690253, '2': 71.49907806902529}",No-Action
12,33,0x4C,2,3.585205,Mismatch,Mismatch,lllbbbluu,180,"{'1': 22.946122691354294, '2': 202.9461226913543}",No-Action
12,34,0x4C,2,3.638428,Mismatch,Mismatch,ddbbddddl,180,"{'1': 161.9683685505486, '2': 341.9683685505486}",No-Action
12,35,0x4C,2,5.451172,Match,Mismatch,bddrbbbbb,0,"{'1': 24.093263937777174, '2': 24.093263937777174}",No-Action
12,36,0x4C,2,5.060303,Mismatch,Mismatch,dbbbblllu,60,"{'1': 339.0271974589384, '2': 39.0271974589384}",No-Action
12,37,0x4C,2,1.978271,Mismatch,Mismatch,lllbbbubb,120,"{'1': 143.46738286072207, '2': 23.46738286072207}",No-Action
12,38,0x4C,2,4.252441,Mismatch,Mismatch,uuuuubbul,0,"{'1': 59.6810896655205, '2': 59.6810896655205}",No-Action
12,39,0x4C,2,5.653076,Mismatch,Mismatch,ffuulllbb,60,"{'1': 232.1359529567681, '2': 172.1359529567681}",No-Action
12,40,0x4C,2,3.744385,Mismatch,Mismatch,ffuuuurrf,120,"{'1': 114.20773653644045, '2': 234.20773653644045}",No-Action
12,41,0x4C,2,1.562988,Match,Mismatch,dbbbblllu,120,"{'1': 213.0180290025716, '2': 93.01802900257161}",No-Action
12,42,0x4C,2,2.288086,Mismatch,Mismatch,ddbbddddl,180,"{'1': 109.70371459658752, '2': 289.70371459658753}",No-Action
12,43,0x4C,2,2.172363,Mismatch,Mismatch,uuubbrrrf,180,"{'1': 227.18196138578503, '2': 47.18196138578503}",No-Action
12,44,0x4C,2,8.561523,Mismatch,Mismatch,bbdddbrrr,120,"{'1': 223.64366454463482, '2': 103.64366454463482}",No-Action
12,45,0x4C,2,7.008789,Mismatch,Mismatch,rrrrbbbdr,180,"{'1': 71.86019701447307, '2': 251.86019701447307}",No-Action
12,46,0x4C,2,4.936523,Mismatch,Mismatch,bddrddddd,120,"{'1': 22.720737489458664, '2': 262.72073748945866}",No-Action
12,47,0x4C,2,10.99902,Mismatch,Mismatch,lllllbbul,0,"{'1': 42.69994123636518, '2': 42.69994123636518}",No-Action
12,48,0x4C,2,3.521484,Mismatch,Mismatch,ffffuulff,120,"{'1': 38.65036846662754, '2': 278.6503684666275}",No-Action
12,49,0x4C,2,2.89917,Mismatch,Mismatch,rbbbbbldd,180,"{'1': 25.6539646124735, '2': 205.6539646124735}",No-Action
13,0,0x4C,1,1.413086,Match,Match,rbbbdddff,60,"{'1': 200.46841334245798, '2': 140.46841334245798}",No-Action
13,1,0x4C,1,2.3125,Match,Match,rbbbbbbub,60,"{'1': 211.74261793725992, '2': 271.7426179372599}",No-Action
13,2,0x4C,1,2.017822,Match,Match,ffffuulff,0,"{'1': 325.8658761739532, '2': 325.8658761739532}",No-Action
13,3,0x4C,1,1.80835,Match,Match,uuuubbbur,180,"{'1': 22.283584768007913, '2': 202.28358476800793}",No-Action
13,4,0x4C,1,1.869385,Match,Match,rrrbbbddb,120,"{'1': 233.17388436426728, '2': 113.17388436426728}",No-Action
13,5,0x4C,1,3.497314,Match,Match,uuuuubbul,180,"{'1': 31.846249457154954, '2': 211.84624945715495}",No-Action
13,6,0x4C,1,1.702637,Match,Match,bddrddddd,60,"{'1': 237.2085733278458, '2': 297.2085733278458}",No-Action
13,7,0x4C,1,2.022705,Match,Match,rrrrbbbdr,0,"{'1': 30.299873700238173, '2': 30.299873700238173}",No-Action
13,8,0x4C,1,2.441162,Mismatch,Match,bbddbblll,120,"{'1': 34.78725763406786, '2': 274.7872576340678}",No-Action
13,9,0x4C,1,1.251465,Match,Match,bdddbllll,180,"{'1': 319.57779751647814, '2': 139.57779751647814}",No-Action
13,10,0x4C,1,1.591064,Match,Match,rrrbbbddb,180,"{'1': 59.79782365927629, '2': 239.79782365927628}",No-Action
13,11,0x4C,1,4.600342,Mismatch,Match,bbddbblll,60,"{'1': 114.17130518629921, '2': 54.17130518629921}",No-Action
13,12,0x4C,1,2.036133,Match,Match,dbbbblllu,60,"{'1': 71.40344591093177, '2': 11.403445910931765}",No-Action
13,13,0x4C,1,1.631348,Match,Match,uubbbrrrb,60,"{'1': 152.06334588955704, '2': 212.06334588955704}",No-Action
13,14,0x4C,1,1.980713,Match,Match,bddrddddd,120,"{'1': 245.2965112239426, '2': 5.296511223942588}",No-Action
13,15,0x4C,1,1.557861,Match,Match,ffuuuurrf,180,"{'1': 317.3365618009985, '2': 137.3365618009985}",No-Action
13,16,0x4C,1,3.137451,Match,Match,ffuuuurrf,120,"{'1': 162.1756481709551, '2': 282.1756481709551}",No-Action
13,17,0x4C,1,1.467773,Mismatch,Match,rrrrbbbdr,0,"{'1': 111.83661017528601, '2': 111.83661017528601}",No-Action
13,18,0x4C,1,3.760986,Match,Match,bdddllbbb,180,"{'1': 70.83012866834986, '2': 250.83012866834986}",No-Action
13,19,0x4C,1,7.948486,Match,Match,lllbbbluu,120,"{'1': 124.79517812586504, '2': 4.795178125865036}",No-Action
13,20,0x4C,1,6.961426,Match,Match,bdddllbbb,180,"{'1': 130.3271492656744, '2': 310.3271492656744}",No-Action
13,21,0x4C,1,2.66626,Match,Match,bdddbllll,180,"{'1': 232.17807634043834, '2': 52.17807634043834}",No-Action
13,22,0x4C,1,1.780762,Match,Match,ffuulllbb,60,"{'1': 114.8321781638573, '2': 54.83217816385729}",No-Action
13,23,0x4C,1,1.647949,Match,Match,rbbbbbbub,60,"{'1': 50.04073404308333, '2': 110.04073404308333}",No-Action
13,24,0x4C,1,8.188721,Match,Match,bbddbblll,180,"{'1': 74.79259828906683, '2': 254.79259828906683}",No-Action
13,25,0x4C,1,1.584961,Mismatch,Mismatch,rbbbbbbub,180,"{'1': 25.544602347334834, '2': 205.54460234733483}",No-Action
13,26,0x4C,1,4.37793,Mismatch,Mismatch,bddddddrd,0,"{'1': 136.96175576674432, '2': 136.96175576674432}",No-Action
13,27,0x4C,1,1.456055,Mismatch,Mismatch,ffuuuurrf,0,"{'1': 155.40169907698157, '2': 155.40169907698157}",No-Action
13,28,0x4C,1,4.123779,Mismatch,Mismatch,bdddllbbb,0,"{'1': 111.67377432265492, '2': 111.67377432265492}",No-Action
13,29,0x4C,1,2.124023,Mismatch,Mismatch,llbbbbbru,180,"{'1': 285.85479539572475, '2': 105.85479539572475}",No-Action
13,30,0x4C,1,2.203125,Mismatch,Mismatch,bbdddbrrr,180,"{'1': 322.31945152345475, '2': 142.31945152345477}",No-Action
13,31,0x4C,1,1.784912,Mismatch,Mismatch,lllllbbul,0,"{'1': 323.8306826964333, '2': 323.8306826964333}",No-Action
13,32,0x4C,1,6.55127,Mismatch,Mismatch,lllllbbul,0,"{'1': 44.83170296756913, '2': 44.83170296756913}",No-Action
13,33,0x4C,1,2.230713,Mismatch,Mismatch,ffuulllbb,0,"{'1': 316.23463686114036, '2': 316.23463686114036}",No-Action
13,34,0x4C,1,3.026123,Mismatch,Mismatch,ffuuuurrf,180,"{'1': 27.900846160553108, '2': 207.9008461605531}",No-Action
13,35,0x4C,1,1.317139,Mismatch,Mismatch,uubbbrrrb,180,"{'1': 16.772644557860264, '2': 196.77264455786027}",No-Action
13,36,0x4C,1,1.950684,Mismatch,Mismatch,bddrddddd,60,"{'1': 124.94403428537225, '2': 184.94403428537225}",No-Action
13,37,0x4C,1,2.912354,Mismatch,Mismatch,bbbdddrrb,0,"{'1': 286.7837823049215, '2': 286.7837823049215}",No-Action
13,38,0x4C,1,1.816406,Mismatch,Mismatch,rbbbbbldd,60,"{'1': 330.5624400015628, '2': 30.562440001562763}",No-Action
13,39,0x4C,1,5.980469,Mismatch,Mismatch,bbddbblll,180,"{'1': 115.67765407141891, '2': 295.67765407141894}",No-Action
13,40,0x4C,1,1.788818,Mismatch,Mismatch,rbbbbbldd,0,"{'1': 253.71458745796218, '2': 253.71458745796218}",No-Action
13,41,0x4C,1,4.208984,Mismatch,Mismatch,bdddddfll,180,"{'1': 231.7271989718929, '2': 51.7271989718929}",No-Action
13,42,0x4C,1,3.135498,Mismatch,Mismatch,bbddbblll,0,"{'1': 73.48919106518375, '2': 73.48919106518375}",No-Action
13,43,0x4C,1,1.610596,Mismatch,Mismatch,uuuubbbur,120,"{'1': 308.8200960962514, '2': 188.82009609625138}",No-Action
13,44,0x4C,1,3.203857,Mismatch,Mismatch,ffuulllbb,60,"{'1': 331.46080369408133, '2': 271.46080369408133}",No-Action
13,45,0x4C,1,2.774658,Mismatch,Mismatch,bdddddfll,60,"{'1': 114.99966345432588, '2': 174.99966345432588}",No-Action
13,46,0x4C,1,1.465088,Mismatch,Mismatch,ffuuuurrf,120,"{'1': 214.4600399441171, '2': 94.46003994411711}",No-Action
13,47,0x4C,1,1.576172,Mismatch,Mismatch,ddbbddddl,60,"{'1': 299.12800295763884, '2': 239.12800295763884}",No-Action
13,48,0x4C,1,1.556641,Match,Mismatch,bdddddfll,120,"{'1': 224.91485306237314, '2': 104.91485306237314}",No-Action
13,49,0x4C,1,1.909912,Mismatch,Mismatch,bddrbbbbb,0,"{'1': 149.27152010301435, '2': 149.27152010301435}",No-Action
14,0,0x19,2,3.003689,Match,Match,rbbbdddff,60,"{'1': 200.46841334245798, '2': 140.46841334245798}",No-Action
14,1,0x19,2,3.864868,Match,Match,rbbbbbbub,60,"{'1': 211.74261793725992, '2': 271.7426179372599}",No-Action
14,2,0x19,2,4.556717,Match,Match,ffffuulff,0,"{'1': 325.8658761739532, '2': 325.8658761739532}",No-Action
14,3,0x19,2,5.103065,Match,Match,uuuubbbur,180,"{'1': 22.283584768007913, '2': 202.28358476800793}",No-Action
14,4,0x19,2,5.112244,Match,Match,rrrbbbddb,120,"{'1': 233.17388436426728, '2': 113.17388436426728}",No-Action
14,5,0x19,2,1.94413,Match,Match,uuuuubbul,180,"{'1': 31.846249457154954, '2': 211.84624945715495}",No-Action
14,6,0x19,2,3.46154,Match,Match,bddrddddd,60,"{'1': 237.2085733278458, '2': 297.2085733278458}",No-Action
14,7,0x19,2,2.756565,Match,Match,rrrrbbbdr,0,"{'1': 30.299873700238173, '2': 30.299873700238173}",No-Action
14,8,0x19,2,6.292702,Match,Match,bbddbblll,120,"{'1': 34.78725763406786, '2': 274.7872576340678}",No-Action
14,9,0x19,2,3.914551,Match,Match,bdddbllll,180,"{'1': 319.57779751647814, '2': 139.57779751647814}",No-Action
14,10,0x19,2,2.612167,Mismatch,Match,rrrbbbddb,180,"{'1': 59.79782365927629, '2': 239.79782365927628}",No-Action
14,11,0x19,2,4.517914,Match,Match,bbddbblll,60,"{'1': 114.17130518629921, '2': 54.17130518629921}",No-Action
14,12,0x19,2,5.130913,Mismatch,Match,dbbbblllu,60,"{'1': 71.40344591093177, '2': 11.403445910931765}",No-Action
14,13,0x19,2,3.936195,Match,Match,uubbbrrrb,60,"{'1': 152.06334588955704, '2': 212.06334588955704}",No-Action
14,14,0x19,2,3.79084,Match,Match,bddrddddd,120,"{'1': 245.2965112239426, '2': 5.296511223942588}",No-Action
14,15,0x19,2,6.625717,Match,Match,ffuuuurrf,180,"{'1': 317.3365618009985, '2': 137.3365618009985}",No-Action
14,16,0x19,2,7.128326,Match,Match,ffuuuurrf,120,"{'1': 162.1756481709551, '2': 282.1756481709551}",No-Action
14,17,0x19,2,2.723244,Match,Match,rrrrbbbdr,0,"{'1': 111.83661017528601, '2': 111.83661017528601}",No-Action
14,18,0x19,2,7.212631,Match,Match,bdddllbbb,180,"{'1': 70.83012866834986, '2': 250.83012866834986}",No-Action
14,19,0x19,2,4.145195,Match,Match,lllbbbluu,120,"{'1': 124.79517812586504, '2': 4.795178125865036}",No-Action
14,20,0x19,2,5.394791,Match,Match,bdddllbbb,180,"{'1': 130.3271492656744, '2': 310.3271492656744}",No-Action
14,21,0x19,2,7.228043,Match,Match,bdddbllll,180,"{'1': 232.17807634043834, '2': 52.17807634043834}",No-Action
14,22,0x19,2,3.212524,Match,Match,ffuulllbb,60,"{'1': 114.8321781638573, '2': 54.83217816385729}",No-Action
14,23,0x19,2,4.268661,Match,Match,rbbbbbbub,60,"{'1': 50.04073404308333, '2': 110.04073404308333}",No-Action
14,24,0x19,2,2.878963,Match,Match,bbddbblll,180,"{'1': 74.79259828906683, '2': 254.79259828906683}",No-Action
14,25,0x19,2,2.500679,Mismatch,Mismatch,rbbbbbbub,180,"{'1': 25.544602347334834, '2': 205.54460234733483}",No-Action
14,26,0x19,2,4.894882,Mismatch,Mismatch,bddddddrd,0,"{'1': 136.96175576674432, '2': 136.96175576674432}",No-Action
14,27,0x19,2,3.782593,Mismatch,Mismatch,ffuuuurrf,0,"{'1': 155.40169907698157, '2': 155.40169907698157}",No-Action
14,28,0x19,2,3.469954,Mismatch,Mismatch,bdddllbbb,0,"{'1': 111.67377432265492, '2': 111.67377432265492}",No-Action
14,29,0x19,2,4.572826,Mismatch,Mismatch,llbbbbbru,180,"{'1': 285.85479539572475, '2': 105.85479539572475}",No-Action
14,30,0x19,2,5.750679,Mismatch,Mismatch,bbdddbrrr,180,"{'1': 322.31945152345475, '2': 142.31945152345477}",No-Action
14,31,0x19,2,3.254635,Mismatch,Mismatch,lllllbbul,0,"{'1': 323.8306826964333, '2': 323.8306826964333}",No-Action
14,32,0x19,2,8.788467,Mismatch,Mismatch,lllllbbul,0,"{'1': 44.83170296756913, '2': 44.83170296756913}",No-Action
14,33,0x19,2,4.866623,Mismatch,Mismatch,ffuulllbb,0,"{'1': 316.23463686114036, '2': 316.23463686114036}",No-Action
14,34,0x19,2,5.598434,Mismatch,Mismatch,ffuuuurrf,180,"{'1': 27.900846160553108, '2': 207.9008461605531}",No-Action
14,35,0x19,2,5.020493,Mismatch,Mismatch,uubbbrrrb,180,"{'1': 16.772644557860264, '2': 196.77264455786027}",No-Action
14,36,0x19,2,2.549896,Mismatch,Mismatch,bddrddddd,60,"{'1': 124.94403428537225, '2': 184.94403428537225}",No-Action
14,37,0x19,2,8.228378,Match,Mismatch,bbbdddrrb,0,"{'1': 286.7837823049215, '2': 286.7837823049215}",No-Action
14,38,0x19,2,5.045395,Mismatch,Mismatch,rbbbbbldd,60,"{'1': 330.5624400015628, '2': 30.562440001562763}",No-Action
14,39,0x19,2,4.284775,Mismatch,Mismatch,bbddbblll,180,"{'1': 115.67765407141891, '2': 295.67765407141894}",No-Action
14,40,0x19,2,5.366768,Mismatch,Mismatch,rbbbbbldd,0,"{'1': 253.71458745796218, '2': 253.71458745796218}",No-Action
14,41,0x19,2,4.684158,Mismatch,Mismatch,bdddddfll,180,"{'1': 231.7271989718929, '2': 51.7271989718929}",No-Action
14,42,0x19,2,4.337006,Mismatch,Mismatch,bbddbblll,0,"{'1': 73.48919106518375, '2': 73.48919106518375}",No-Action
14,43,0x19,2,3.141418,Mismatch,Mismatch,uuuubbbur,120,"{'1': 308.8200960962514, '2': 188.82009609625138}",No-Action
14,44,0x19,2,3.36227,Mismatch,Mismatch,ffuulllbb,60,"{'1': 331.46080369408133, '2': 271.46080369408133}",No-Action
14,45,0x19,2,6.284286,Mismatch,Mismatch,bdddddfll,60,"{'1': 114.99966345432588, '2': 174.99966345432588}",No-Action
14,46,0x19,2,3.808228,Mismatch,Mismatch,ffuuuurrf,120,"{'1': 214.4600399441171, '2': 94.46003994411711}",No-Action
14,47,0x19,2,3.403893,Mismatch,Mismatch,ddbbddddl,60,"{'1': 299.12800295763884, '2': 239.12800295763884}",No-Action
14,48,0x19,2,4.555756,Mismatch,Mismatch,bdddddfll,120,"{'1': 224.91485306237314, '2': 104.91485306237314}",No-Action
14,49,0x19,2,6.408386,Mismatch,Mismatch,bddrbbbbb,0,"{'1': 149.27152010301435, '2': 149.27152010301435}",No-Action
15,0,0x19,1,3.417297,Match,Match,lllbbbubb,120,"{'1': 48.38156622488646, '2': 288.38156622488646}",No-Action
15,1,0x19,1,3.894226,Match,Match,ffffuulff,120,"{'1': 297.5408891022496, '2': 177.54088910224957}",No-Action
15,2,0x19,1,3.416687,Mismatch,Match,ffuulllbb,180,"{'1': 330.1757915221256, '2': 150.17579152212562}",No-Action
15,3,0x19,1,3.679443,Mismatch,Match,bddddddrd,180,"{'1': 160.02499707334505, '2': 340.02499707334505}",No-Action
15,4,0x19,1,4.106384,Mismatch,Match,ffffuulff,180,"{'1': 313.7397035811324, '2': 133.73970358113243}",No-Action
15,5,0x19,1,3.988831,Mismatch,Match,rbbbdddff,120,"{'1': 293.50416937270836, '2': 53.50416937270836}",No-Action
15,6,0x19,1,2.554871,Match,Match,ffuubrrrr,60,"{'1': 319.5527096650253, '2': 19.552709665025297}",No-Action
15,7,0x19,1,2.280212,Match,Match,uubbbrrrb,120,"{'1': 116.97873408271494, '2': 356.97873408271494}",No-Action
15,8,0x19,1,4.042786,Mismatch,Match,rrrbbbddb,60,"{'1': 327.828022408333, '2': 267.828022408333}",No-Action
15,9,0x19,1,1.811523,Match,Match,uuuubbbur,0,"{'1': 311.720999252202, '2': 311.720999252202}",No-Action
15,10,0x19,1,1.64032,Match,Match,rrrrbbbdr,0,"{'1': 60.55956245155574, '2': 60.55956245155574}",No-Action
15,11,0x19,1,3.932007,Mismatch,Match,ffffuulff,120,"{'1': 140.56819771669913, '2': 260.56819771669916}",No-Action
15,12,0x19,1,6.163208,Mismatch,Match,bdddddfll,120,"{'1': 45.71605237324177, '2': 165.71605237324178}",No-Action
15,13,0x19,1,3.353516,Match,Match,bdddllbbb,0,"{'1': 319.5833637976533, '2': 319.5833637976533}",No-Action
15,14,0x19,1,2.15802,Match,Match,rbbbdddff,60,"{'1': 114.33822888007163, '2': 54.338228880071625}",No-Action
15,15,0x19,1,2.503174,Match,Match,bddddddrd,60,"{'1': 148.1295172972594, '2': 208.1295172972594}",No-Action
15,16,0x19,1,3.282715,Match,Match,bbdddbrrr,180,"{'1': 151.1915878323806, '2': 331.1915878323806}",No-Action
15,17,0x19,1,5.907471,Match,Match,uuuubbbur,0,"{'1': 73.35684643881032, '2': 73.35684643881032}",No-Action
15,18,0x19,1,2.571899,Match,Match,lllllbbul,60,"{'1': 21.56177042010947, '2': 81.56177042010947}",No-Action
15,19,0x19,1,2.362549,Match,Match,llbbbrruu,0,"{'1': 330.9857692533561, '2': 330.9857692533561}",No-Action
15,20,0x19,1,3.487915,Mismatch,Match,ffuubrrrr,180,"{'1': 304.01941384016175, '2': 124.01941384016175}",No-Action
15,21,0x19,1,3.584778,Match,Match,bbddbblll,0,"{'1': 240.34161902561647, '2': 240.34161902561647}",No-Action
15,22,0x19,1,1.449158,Match,Match,ffuulllbb,0,"{'1': 213.72986700080804, '2': 213.72986700080804}",No-Action
15,23,0x19,1,3.4776,Match,Match,lbbddllll,120,"{'1': 285.99622899969273, '2': 45.99622899969273}",No-Action
15,24,0x19,1,14.15674,Mismatch,Match,bbddbblll,60,"{'1': 72.44936171993061, '2': 12.449361719930607}",No-Action
15,25,0x19,1,3.320618,Mismatch,Mismatch,ddbbddddl,120,"{'1': 39.062583452168205, '2': 159.0625834521682}",No-Action
15,26,0x19,1,4.167297,Match,Mismatch,ddbbddddl,0,"{'1': 237.22949154803385, '2': 237.22949154803385}",No-Action
15,27,0x19,1,1.724976,Match,Mismatch,dbbbblllu,120,"{'1': 148.57931685215686, '2': 28.579316852156865}",No-Action
15,28,0x19,1,2.189392,Mismatch,Mismatch,lllllbbul,60,"{'1': 162.69810194921968, '2': 222.69810194921968}",No-Action
15,29,0x19,1,10.57086,Mismatch,Mismatch,bbbdddrrb,180,"{'1': 106.87489120228682, '2': 286.8748912022868}",No-Action
15,30,0x19,1,1.887878,Mismatch,Mismatch,ffuuuurrf,120,"{'1': 300.51629258113576, '2': 180.51629258113576}",No-Action
15,31,0x19,1,2.351379,Mismatch,Mismatch,bddddddrd,120,"{'1': 143.25859265589713, '2': 263.25859265589713}",No-Action
15,32,0x19,1,4.53241,Mismatch,Mismatch,bdddllbbb,0,"{'1': 327.35104805595415, '2': 327.35104805595415}",No-Action
15,33,0x19,1,3.949585,Mismatch,Mismatch,uubbbrrrb,0,"{'1': 305.32181504022583, '2': 305.32181504022583}",No-Action
15,34,0x19,1,2.419983,Mismatch,Mismatch,ffuuuurrf,60,"{'1': 246.67597189214007, '2': 186.67597189214007}",No-Action
15,35,0x19,1,3.545837,Mismatch,Mismatch,ffuubrrrr,120,"{'1': 60.31484073205433, '2': 300.31484073205434}",No-Action
15,36,0x19,1,2.250305,Mismatch,Mismatch,uuuubbbur,60,"{'1': 297.0449345488158, '2': 237.04493454881575}",No-Action
15,37,0x19,1,2.436096,Mismatch,Mismatch,uuuuubbul,120,"{'1': 37.52786872796199, '2': 277.52786872796196}",No-Action
15,38,0x19,1,2.521301,Mismatch,Mismatch,uuuuubbul,0,"{'1': 157.81106541547643, '2': 157.81106541547643}",No-Action
15,39,0x19,1,2.849792,Mismatch,Mismatch,llbbbbbru,60,"{'1': 44.21032944926067, '2': 344.21032944926066}",No-Action
15,40,0x19,1,2.623047,Mismatch,Mismatch,rbbbdddff,60,"{'1': 208.1662905911495, '2': 148.1662905911495}",No-Action
15,41,0x19,1,3.908997,Mismatch,Mismatch,rbbbdddff,180,"{'1': 16.64519352825595, '2': 196.64519352825596}",No-Action
15,42,0x19,1,1.822449,Mismatch,Mismatch,uuuuubbul,120,"{'1': 23.936643218485422, '2': 143.93664321848541}",No-Action
15,43,0x19,1,2.848145,Mismatch,Mismatch,bddrbbbbb,60,"{'1': 32.141247008901345, '2': 332.14124700890136}",No-Action
15,44,0x19,1,2.977539,Mismatch,Mismatch,bddddddrd,180,"{'1': 145.86785820030502, '2': 325.867858200305}",No-Action
15,45,0x19,1,3.483704,Mismatch,Mismatch,llbbbbbru,60,"{'1': 115.6707816584417, '2': 55.6707816584417}",No-Action
15,46,0x19,1,2.957886,Mismatch,Mismatch,bdddddfll,180,"{'1': 253.0788219560313, '2': 73.0788219560313}",No-Action
15,47,0x19,1,3.475769,Match,Mismatch,dbbbblllu,180,"{'1': 336.4782822655466, '2': 156.47828226554662}",No-Action
15,48,0x19,1,3.583252,Mismatch,Mismatch,uuubbrrrf,0,"{'1': 221.2588229142575, '2': 221.2588229142575}",No-Action
15,49,0x19,1,2.114258,Mismatch,Mismatch,bddrbbbbb,0,"{'1': 326.71596269915057, '2': 326.71596269915057}",No-Action
22,0,0x66,2,1.509338,Match,Match,lllllbbul,60,"{'1': 286.3139631871414, '2': 346.3139631871414}",No-Action
22,1,0x66,2,3.397827,Mismatch,Match,rbbbdddff,60,"{'1': 106.55160670497635, '2': 46.55160670497635}",No-Action
22,2,0x66,2,2.762329,Match,Match,bbdddbrrr,180,"{'1': 27.527655538151066, '2': 207.52765553815107}",No-Action
22,3,0x66,2,3.746307,Match,Match,llbbbbbru,120,"{'1': 252.0093622455621, '2': 12.009362245562102}",No-Action
22,4,0x66,2,4.441711,Mismatch,Match,ffuuuurrf,180,"{'1': 234.68915252874177, '2': 54.689152528741786}",No-Action
22,5,0x66,2,2.11911,Match,Match,rbbbbbbub,0,"{'1': 134.17510137303654, '2': 134.17510137303654}",No-Action
22,6,0x66,2,2.711395,Match,Match,uuuuubbul,180,"{'1': 71.42017063593104, '2': 251.42017063593104}",No-Action
22,7,0x66,2,3.424316,Match,Match,llbbbbbru,180,"{'1': 323.6733423400776, '2': 143.67334234007762}",No-Action
22,8,0x66,2,2.877686,Match,Match,bddrbbbbb,120,"{'1': 333.8343103460518, '2': 213.83431034605178}",No-Action
22,9,0x66,2,5.333801,Match,Match,lllllbbul,180,"{'1': 205.5984514023973, '2': 25.598451402397302}",No-Action
22,10,0x66,2,4.929993,Match,Match,ffffuulff,180,"{'1': 105.6263090371286, '2': 285.62630903712864}",No-Action
22,11,0x66,2,2.080505,Match,Match,ffffuulff,120,"{'1': 17.72955624871554, '2': 137.72955624871554}",No-Action
22,12,0x66,2,2.660553,Match,Match,dbbbblllu,0,"{'1': 159.41008806468335, '2': 159.41008806468335}",No-Action
22,13,0x66,2,1.381775,Match,Match,bdddbllll,0,"{'1': 113.36729326366782, '2': 113.36729326366782}",No-Action
22,14,0x66,2,4.826508,Mismatch,Match,ffuubllll,180,"{'1': 197.6159486272411, '2': 17.615948627241096}",No-Action
22,15,0x66,2,4.14679,Match,Match,rbbbbbldd,0,"{'1': 15.26692981919393, '2': 15.26692981919393}",No-Action
22,16,0x66,2,6.350281,Match,Match,ffuubllll,60,"{'1': 68.48769094485282, '2': 8.487690944852815}",No-Action
22,17,0x66,2,4.205536,Match,Match,bbbdddrrb,60,"{'1': 35.31439890238096, '2': 335.31439890238096}",No-Action
22,18,0x66,2,6.446411,Match,Match,bddddddrd,120,"{'1': 117.27508245732201, '2': 357.275082457322}",No-Action
22,19,0x66,2,2.464142,Match,Match,lbbddllll,0,"{'1': 49.95093791132378, '2': 49.95093791132378}",No-Action
22,20,0x66,2,3.287262,Match,Match,ffffuulff,180,"{'1': 227.01718802591347, '2': 47.01718802591347}",No-Action
22,21,0x66,2,3.157166,Match,Match,uuuuubbul,180,"{'1': 135.5909289679036, '2': 315.5909289679036}",No-Action
22,22,0x66,2,2.269348,Match,Match,bbdddbrrr,60,"{'1': 292.1193976950554, '2': 232.1193976950554}",No-Action
22,23,0x66,2,5.222198,Match,Match,uuubbrrrf,180,"{'1': 326.22291572063955, '2': 146.22291572063952}",No-Action
22,24,0x66,2,5.194611,Mismatch,Match,ddbbddddl,180,"{'1': 326.21249494290464, '2': 146.21249494290464}",No-Action
22,25,0x66,2,3.188812,Mismatch,Mismatch,uuuubbbur,0,"{'1': 291.4873886386936, '2': 291.4873886386936}",No-Action
22,26,0x66,2,2.671509,Mismatch,Mismatch,ffuulllbb,0,"{'1': 230.778299308678, '2': 230.778299308678}",No-Action
22,27,0x66,2,6.084381,Mismatch,Mismatch,bdddllbbb,120,"{'1': 116.04816564307694, '2': 236.04816564307694}",No-Action
22,28,0x66,2,5.409973,Mismatch,Mismatch,ffuulllbb,120,"{'1': 252.86912030903224, '2': 132.86912030903224}",No-Action
22,29,0x66,2,3.66571,Mismatch,Mismatch,ffffuulff,120,"{'1': 117.4167170006644, '2': 357.4167170006644}",No-Action
22,30,0x66,2,2.671234,Mismatch,Mismatch,bddrddddd,60,"{'1': 139.14013273435856, '2': 199.14013273435856}",No-Action
22,31,0x66,2,3.383606,Mismatch,Mismatch,ffuubllll,60,"{'1': 247.33774702335654, '2': 187.33774702335654}",No-Action
22,32,0x66,2,5.277893,Mismatch,Mismatch,uubbbbruu,180,"{'1': 142.35642531397463, '2': 322.3564253139746}",No-Action
22,33,0x66,2,3.943695,Mismatch,Mismatch,bbdddbrrr,60,"{'1': 26.14307205192634, '2': 86.14307205192634}",No-Action
22,34,0x66,2,2.56311,Mismatch,Mismatch,bbddbblll,180,"{'1': 53.90372555404596, '2': 233.90372555404596}",No-Action
22,35,0x66,2,3.662262,Mismatch,Mismatch,ffuubrrrr,60,"{'1': 301.0783627090495, '2': 241.0783627090495}",No-Action
22,36,0x66,2,5.03244,Mismatch,Mismatch,ffuulllbb,0,"{'1': 229.91178435253713, '2': 229.91178435253713}",No-Action
22,37,0x66,2,2.720215,Mismatch,Mismatch,bdddllbbb,0,"{'1': 25.490629253958023, '2': 25.490629253958023}",No-Action
22,38,0x66,2,8.440247,Mismatch,Mismatch,bddddddrd,120,"{'1': 149.1364000444297, '2': 29.136400044429706}",No-Action
22,39,0x66,2,2.951721,Mismatch,Mismatch,bdddbllll,60,"{'1': 133.4738681862974, '2': 73.47386818629741}",No-Action
22,40,0x66,2,4.231079,Mismatch,Mismatch,bbddbblll,120,"{'1': 64.90048177506822, '2': 184.90048177506822}",No-Action
22,41,0x66,2,4.177094,Mismatch,Mismatch,lllbbbubb,180,"{'1': 307.4284369147328, '2': 127.4284369147328}",No-Action
22,42,0x66,2,4.19455,Mismatch,Mismatch,bdddddfll,60,"{'1': 344.77392651817894, '2': 284.77392651817894}",No-Action
22,43,0x66,2,7.707825,Mismatch,Mismatch,rrrrbbbdr,120,"{'1': 294.7966450565814, '2': 54.796645056581355}",No-Action
22,44,0x66,2,5.234375,Mismatch,Mismatch,rrrbbbddb,180,"{'1': 239.3356410823706, '2': 59.335641082370614}",No-Action
22,45,0x66,2,4.744537,Mismatch,Mismatch,uubbbbruu,120,"{'1': 196.76535470141886, '2': 316.76535470141886}",No-Action
22,46,0x66,2,3.40155,Mismatch,Mismatch,lllbbbubb,60,"{'1': 151.2822174566801, '2': 211.2822174566801}",No-Action
22,47,0x66,2,5.277985,Mismatch,Mismatch,bdddbllll,0,"{'1': 228.09757093624302, '2': 228.09757093624302}",No-Action
22,48,0x66,2,5.570801,Match,Mismatch,bddrbbbbb,0,"{'1': 196.06288762011462, '2': 196.06288762011462}",No-Action
22,49,0x66,2,2.854401,Mismatch,Mismatch,rbbbbbldd,180,"{'1': 290.46916130859756, '2': 110.46916130859759}",No-Action
23,0,0x66,1,3.91272,Match,Match,lllbbbluu,60,"{'1': 109.04129201997216, '2': 49.04129201997216}",No-Action
23,1,0x66,1,6.643066,Mismatch,Match,rbbbbbldd,120,"{'1': 122.56615425412275, '2': 242.56615425412275}",No-Action
23,2,0x66,1,2.798218,Match,Match,ffuuuurrf,120,"{'1': 341.4879703630686, '2': 221.4879703630686}",No-Action
23,3,0x66,1,2.469971,Match,Match,bbddbblll,60,"{'1': 298.22643246554503, '2': 238.22643246554506}",No-Action
23,4,0x66,1,3.077393,Match,Match,uuuuubbul,60,"{'1': 125.01340932634498, '2': 65.01340932634498}",No-Action
23,5,0x66,1,2.720825,Match,Match,bdddllbbb,180,"{'1': 58.33189956779787, '2': 238.33189956779788}",No-Action
23,6,0x66,1,6.001831,Match,Match,bbdddbrrr,180,"{'1': 73.59493961998993, '2': 253.59493961998993}",No-Action
23,7,0x66,1,2.34314,Match,Match,lllbbbluu,60,"{'1': 29.003664093713457, '2': 329.00366409371344}",No-Action
23,8,0x66,1,2.829224,Match,Match,ffuulllbb,0,"{'1': 335.91892105326394, '2': 335.91892105326394}",No-Action
23,9,0x66,1,2.3396,Match,Match,rrrrbbbdr,60,"{'1': 130.8355546899995, '2': 190.8355546899995}",No-Action
23,10,0x66,1,4.011108,Mismatch,Match,uuuubbbur,60,"{'1': 223.36803060710025, '2': 283.36803060710025}",No-Action
23,11,0x66,1,7.436768,Match,Match,uuubbrrrf,120,"{'1': 303.3208207254718, '2': 63.320820725471805}",No-Action
23,12,0x66,1,3.202637,Mismatch,Match,ffuubrrrr,120,"{'1': 335.2636740423395, '2': 95.2636740423395}",No-Action
23,13,0x66,1,2.606689,Match,Match,dbbbblllu,60,"{'1': 246.073402327187, '2': 306.073402327187}",No-Action
23,14,0x66,1,2.422241,Match,Match,lllllbbul,60,"{'1': 202.42545246153847, '2': 142.42545246153847}",No-Action
23,15,0x66,1,2.157715,Match,Match,bbddbblll,120,"{'1': 198.2805088396299, '2': 78.28050883962987}",No-Action
23,16,0x66,1,1.300659,Match,Match,bdddbllll,0,"{'1': 154.37564176215216, '2': 154.37564176215216}",No-Action
23,17,0x66,1,4.744141,Match,Match,lllbbbluu,120,"{'1': 309.9688586261017, '2': 189.9688586261017}",No-Action
23,18,0x66,1,5.031006,Match,Match,bbbdddrrb,120,"{'1': 253.28894218236167, '2': 133.28894218236167}",No-Action
23,19,0x66,1,3.049438,Match,Match,uubbbbruu,120,"{'1': 108.89941308683474, '2': 228.89941308683473}",No-Action
23,20,0x66,1,5.595703,Match,Match,bbddbblll,120,"{'1': 234.33590575361313, '2': 114.33590575361313}",No-Action
23,21,0x66,1,1.933228,Match,Match,ffffuulff,120,"{'1': 159.00991851773608, '2': 39.00991851773608}",No-Action
23,22,0x66,1,4.652832,Match,Match,bbddbblll,180,"{'1': 203.52651445354192, '2': 23.52651445354195}",No-Action
23,23,0x66,1,2.547485,Match,Match,uuubbrrrf,60,"{'1': 109.28970074150992, '2': 49.28970074150992}",No-Action
23,24,0x66,1,6.784424,Match,Match,ffuuuurrf,120,"{'1': 227.56587542057133, '2': 347.56587542057133}",No-Action
23,25,0x66,1,4.646851,Match,Mismatch,uubbbbruu,0,"{'1': 152.82307783607772, '2': 152.82307783607772}",No-Action
23,26,0x66,1,2.720093,Mismatch,Mismatch,lllbbbubb,60,"{'1': 164.5814895806044, '2': 224.5814895806044}",No-Action
23,27,0x66,1,2.477173,Mismatch,Mismatch,bddddddrd,120,"{'1': 25.38259459926877, '2': 145.38259459926877}",No-Action
23,28,0x66,1,3.968628,Mismatch,Mismatch,bbbdddrrb,60,"{'1': 105.69400727606387, '2': 45.69400727606387}",No-Action
23,29,0x66,1,2.604614,Mismatch,Mismatch,ffffuulff,120,"{'1': 66.26859093692094, '2': 186.26859093692093}",No-Action
23,30,0x66,1,5.45459,Mismatch,Mismatch,rbbbbbldd,120,"{'1': 252.45480882577155, '2': 12.45480882577155}",No-Action
23,31,0x66,1,6.378784,Mismatch,Mismatch,ffuubllll,0,"{'1': 338.81452612666965, '2': 338.81452612666965}",No-Action
23,32,0x66,1,3.259521,Mismatch,Mismatch,ffuuuurrf,60,"{'1': 210.44420546385874, '2': 150.44420546385874}",No-Action
23,33,0x66,1,3.64856,Mismatch,Mismatch,uubbbbruu,120,"{'1': 126.14565713182895, '2': 246.14565713182895}",No-Action
23,34,0x66,1,3.887817,Mismatch,Mismatch,uuuuubbul,0,"{'1': 226.08960042227625, '2': 226.08960042227625}",No-Action
23,35,0x66,1,3.679443,Mismatch,Mismatch,bdddddfll,0,"{'1': 240.71818588710755, '2': 240.71818588710755}",No-Action
23,36,0x66,1,4.859375,Mismatch,Mismatch,rrrrbbbdr,0,"{'1': 129.38551795354732, '2': 129.38551795354732}",No-Action
23,37,0x66,1,2.826904,Mismatch,Mismatch,bdddllbbb,0,"{'1': 235.7481990099778, '2': 235.7481990099778}",No-Action
23,38,0x66,1,2.939941,Match,Mismatch,uuuubbbur,60,"{'1': 247.86600742365044, '2': 307.86600742365044}",No-Action
23,39,0x66,1,2.744629,Mismatch,Mismatch,ffuuuurrf,120,"{'1': 332.8593824392543, '2': 212.85938243925435}",No-Action
23,40,0x66,1,2.979126,Mismatch,Mismatch,uuubbrrrf,0,"{'1': 130.48257805420582, '2': 130.48257805420582}",No-Action
23,41,0x66,1,2.53186,Mismatch,Mismatch,rbbbbbldd,120,"{'1': 199.37282684294163, '2': 319.37282684294166}",No-Action
23,42,0x66,1,2.815308,Mismatch,Mismatch,bddrbbbbb,120,"{'1': 152.44465101465437, '2': 272.44465101465437}",No-Action
23,43,0x66,1,4.901855,Match,Mismatch,bddddddrd,180,"{'1': 105.58939026884474, '2': 285.58939026884474}",No-Action
23,44,0x66,1,4.344604,Mismatch,Mismatch,lllllbbul,120,"{'1': 222.9071856336368, '2': 342.9071856336368}",No-Action
23,45,0x66,1,2.666138,Mismatch,Mismatch,rrrbbbddb,180,"{'1': 239.38605794444993, '2': 59.38605794444992}",No-Action
23,46,0x66,1,3.270264,Mismatch,Mismatch,uubbbrrrb,60,"{'1': 336.0058570321069, '2': 36.00585703210692}",No-Action
23,47,0x66,1,3.451538,Mismatch,Mismatch,uuuubbbur,120,"{'1': 154.47688439157997, '2': 34.47688439157997}",No-Action
23,48,0x66,1,4.716553,Mismatch,Mismatch,bdddllbbb,0,"{'1': 321.7488399901926, '2': 321.7488399901926}",No-Action
23,49,0x66,1,4.889404,Mismatch,Mismatch,llbbbrruu,0,"{'1': 303.78990009888344, '2': 303.78990009888344}",No-Action
24,0,0x47,2,12.65845,Match,Match,lllbbbluu,60,"{'1': 109.04129201997216, '2': 49.04129201997216}",No-Action
24,1,0x47,2,4.727722,Match,Match,rbbbbbldd,120,"{'1': 122.56615425412275, '2': 242.56615425412275}",No-Action
24,2,0x47,2,8.769653,Match,Match,ffuuuurrf,120,"{'1': 341.4879703630686, '2': 221.4879703630686}",No-Action
24,3,0x47,2,3.964233,Match,Match,bbddbblll,60,"{'1': 298.22643246554503, '2': 238.22643246554506}",No-Action
24,4,0x47,2,7.712891,Match,Match,uuuuubbul,60,"{'1': 125.01340932634498, '2': 65.01340932634498}",No-Action
24,5,0x47,2,6.032043,Match,Match,bdddllbbb,180,"{'1': 58.33189956779787, '2': 238.33189956779788}",No-Action
24,6,0x47,2,7.88208,Match,Match,bbdddbrrr,180,"{'1': 73.59493961998993, '2': 253.59493961998993}",No-Action
24,7,0x47,2,4.441284,Match,Match,lllbbbluu,60,"{'1': 29.003664093713457, '2': 329.00366409371344}",No-Action
24,8,0x47,2,4.783386,Match,Match,ffuulllbb,0,"{'1': 335.91892105326394, '2': 335.91892105326394}",No-Action
24,9,0x47,2,9.532837,Match,Match,rrrrbbbdr,60,"{'1': 130.8355546899995, '2': 190.8355546899995}",No-Action
24,10,0x47,2,6.937927,Match,Match,uuuubbbur,60,"{'1': 223.36803060710025, '2': 283.36803060710025}",No-Action
24,11,0x47,2,4.963806,Match,Match,uuubbrrrf,120,"{'1': 303.3208207254718, '2': 63.320820725471805}",No-Action
24,12,0x47,2,5.395233,Match,Match,ffuubrrrr,120,"{'1': 335.2636740423395, '2': 95.2636740423395}",No-Action
24,13,0x47,2,7.499725,Match,Match,dbbbblllu,60,"{'1': 246.073402327187, '2': 306.073402327187}",No-Action
24,14,0x47,2,5.256012,Match,Match,lllllbbul,60,"{'1': 202.42545246153847, '2': 142.42545246153847}",No-Action
24,15,0x47,2,6.895081,Match,Match,bbddbblll,120,"{'1': 198.2805088396299, '2': 78.28050883962987}",No-Action
24,16,0x47,2,5.809296,Match,Match,bdddbllll,0,"{'1': 154.37564176215216, '2': 154.37564176215216}",No-Action
24,17,0x47,2,10.93402,Mismatch,Match,lllbbbluu,120,"{'1': 309.9688586261017, '2': 189.9688586261017}",No-Action
24,18,0x47,2,5.003632,Mismatch,Match,bbbdddrrb,120,"{'1': 253.28894218236167, '2': 133.28894218236167}",No-Action
24,19,0x47,2,8.546204,Match,Match,uubbbbruu,120,"{'1': 108.89941308683474, '2': 228.89941308683473}",No-Action
24,20,0x47,2,5.102722,Match,Match,bbddbblll,120,"{'1': 234.33590575361313, '2': 114.33590575361313}",No-Action
24,21,0x47,2,8.560669,Match,Match,ffffuulff,120,"{'1': 159.00991851773608, '2': 39.00991851773608}",No-Action
24,22,0x47,2,3.835632,Match,Match,bbddbblll,180,"{'1': 203.52651445354192, '2': 23.52651445354195}",No-Action
24,23,0x47,2,14.22498,Mismatch,Match,uuubbrrrf,60,"{'1': 109.28970074150992, '2': 49.28970074150992}",No-Action
24,24,0x47,2,4.630371,Match,Match,ffuuuurrf,120,"{'1': 227.56587542057133, '2': 347.56587542057133}",No-Action
24,25,0x47,2,8.384521,Mismatch,Mismatch,uubbbbruu,0,"{'1': 152.82307783607772, '2': 152.82307783607772}",No-Action
24,26,0x47,2,12.82315,Match,Mismatch,lllbbbubb,60,"{'1': 164.5814895806044, '2': 224.5814895806044}",No-Action
24,27,0x47,2,13.05862,Mismatch,Mismatch,bddddddrd,120,"{'1': 25.38259459926877, '2': 145.38259459926877}",No-Action
24,28,0x47,2,6.741455,Mismatch,Mismatch,bbbdddrrb,60,"{'1': 105.69400727606387, '2': 45.69400727606387}",No-Action
24,29,0x47,2,6.769226,Mismatch,Mismatch,ffffuulff,120,"{'1': 66.26859093692094, '2': 186.26859093692093}",No-Action
24,30,0x47,2,6.036774,Match,Mismatch,rbbbbbldd,120,"{'1': 252.45480882577155, '2': 12.45480882577155}",No-Action
24,31,0x47,2,8.823181,Match,Mismatch,ffuubllll,0,"{'1': 338.81452612666965, '2': 338.81452612666965}",No-Action
24,32,0x47,2,7.130676,Mismatch,Mismatch,ffuuuurrf,60,"{'1': 210.44420546385874, '2': 150.44420546385874}",No-Action
24,33,0x47,2,9.992004,Mismatch,Mismatch,uubbbbruu,120,"{'1': 126.14565713182895, '2': 246.14565713182895}",No-Action
24,34,0x47,2,7.100342,Mismatch,Mismatch,uuuuubbul,0,"{'1': 226.08960042227625, '2': 226.08960042227625}",No-Action
24,35,0x47,2,14.26624,Match,Mismatch,bdddddfll,0,"{'1': 240.71818588710755, '2': 240.71818588710755}",No-Action
24,36,0x47,2,9.783508,Mismatch,Mismatch,rrrrbbbdr,0,"{'1': 129.38551795354732, '2': 129.38551795354732}",No-Action
24,37,0x47,2,8.615723,Mismatch,Mismatch,bdddllbbb,0,"{'1': 235.7481990099778, '2': 235.7481990099778}",No-Action
24,38,0x47,2,11.44672,Mismatch,Mismatch,uuuubbbur,60,"{'1': 247.86600742365044, '2': 307.86600742365044}",No-Action
24,39,0x47,2,10.83954,Mismatch,Mismatch,ffuuuurrf,120,"{'1': 332.8593824392543, '2': 212.85938243925435}",No-Action
24,40,0x47,2,12.23053,Mismatch,Mismatch,uuubbrrrf,0,"{'1': 130.48257805420582, '2': 130.48257805420582}",No-Action
24,41,0x47,2,6.993195,Mismatch,Mismatch,rbbbbbldd,120,"{'1': 199.37282684294163, '2': 319.37282684294166}",No-Action
24,42,0x47,2,7.936768,Mismatch,Mismatch,bddrbbbbb,120,"{'1': 152.44465101465437, '2': 272.44465101465437}",No-Action
24,43,0x47,2,17.76984,Mismatch,Mismatch,bddddddrd,180,"{'1': 105.58939026884474, '2': 285.58939026884474}",No-Action
24,44,0x47,2,14.43762,Mismatch,Mismatch,lllllbbul,120,"{'1': 222.9071856336368, '2': 342.9071856336368}",No-Action
24,45,0x47,2,19.9187,Mismatch,Mismatch,rrrbbbddb,180,"{'1': 239.38605794444993, '2': 59.38605794444992}",No-Action
24,46,0x47,2,12.35254,Match,Mismatch,uubbbrrrb,60,"{'1': 336.0058570321069, '2': 36.00585703210692}",No-Action
24,47,0x47,2,12.3869,Mismatch,Mismatch,uuuubbbur,120,"{'1': 154.47688439157997, '2': 34.47688439157997}",No-Action
24,48,0x47,2,9.393921,Mismatch,Mismatch,bdddllbbb,0,"{'1': 321.7488399901926, '2': 321.7488399901926}",No-Action
24,49,0x47,2,8.251038,Mismatch,Mismatch,llbbbrruu,0,"{'1': 303.78990009888344, '2': 303.78990009888344}",No-Action
25,0,0x47,1,5.880859,Match,Match,ffuubllll,180,"{'1': 141.01252592521425, '2': 321.0125259252143}",No-Action
25,1,0x47,1,7.268066,Match,Match,ffffuulff,60,"{'1': 306.20710040785946, '2': 6.207100407859443}",No-Action
25,2,0x47,1,3.405762,Match,Match,uuuubbbur,120,"{'1': 61.2296761451497, '2': 301.2296761451497}",No-Action
25,3,0x47,1,13.33411,Match,Match,bdddbllll,180,"{'1': 207.7532784862651, '2': 27.75327848626509}",No-Action
25,4,0x47,1,1.690674,Match,Match,bbddbblll,0,"{'1': 139.45221934803715, '2': 139.45221934803715}",No-Action
25,5,0x47,1,4.861328,Match,Match,llbbbbbru,60,"{'1': 295.43970714397886, '2': 355.43970714397886}",No-Action
25,6,0x47,1,1.541016,Match,Match,uuubbrrrf,0,"{'1': 23.593775541817998, '2': 23.593775541817998}",No-Action
25,7,0x47,1,8.809937,Mismatch,Match,llbbbbbru,180,"{'1': 139.17132380017154, '2': 319.17132380017154}",No-Action
25,8,0x47,1,3.0448,Match,Match,uubbbbruu,0,"{'1': 73.06416690651355, '2': 73.06416690651355}",No-Action
25,9,0x47,1,6.473877,Match,Match,uuuuubbul,120,"{'1': 327.2815754248877, '2': 207.2815754248877}",No-Action
25,10,0x47,1,2.405518,Match,Match,lllbbbubb,120,"{'1': 211.65659816141226, '2': 331.65659816141226}",No-Action
25,11,0x47,1,2.058716,Match,Match,ffuuuurrf,0,"{'1': 163.4431493369379, '2': 163.4431493369379}",No-Action
25,12,0x47,1,11.26953,Match,Match,lllbbbluu,180,"{'1': 74.21164729227829, '2': 254.2116472922783}",No-Action
25,13,0x47,1,3.919434,Match,Match,lllbbbluu,120,"{'1': 49.06182814696495, '2': 289.06182814696496}",No-Action
25,14,0x47,1,3.015503,Match,Match,rrrbbbddb,60,"{'1': 301.61472286467193, '2': 241.61472286467193}",No-Action
25,15,0x47,1,7.378418,Match,Match,ffuulllbb,180,"{'1': 306.59847661183176, '2': 126.59847661183176}",No-Action
25,16,0x47,1,5.529419,Match,Match,uuuubbbur,0,"{'1': 144.69842768508727, '2': 144.69842768508727}",No-Action
25,17,0x47,1,2.751953,Match,Match,rrrrbbbdr,60,"{'1': 136.7754625777664, '2': 76.7754625777664}",No-Action
25,18,0x47,1,6.294678,Match,Match,rbbbbbbub,120,"{'1': 37.439543543513466, '2': 157.43954354351348}",No-Action
25,19,0x47,1,1.720215,Match,Match,lllllbbul,0,"{'1': 286.15315231327975, '2': 286.15315231327975}",No-Action
25,20,0x47,1,4.727295,Match,Match,uubbbrrrb,0,"{'1': 195.73192850291352, '2': 195.73192850291352}",No-Action
25,21,0x47,1,5.586426,Match,Match,bbddbblll,120,"{'1': 163.36054686919215, '2': 43.36054686919215}",No-Action
25,22,0x47,1,2.684082,Match,Match,llbbbbbru,60,"{'1': 195.36064137768687, '2': 135.36064137768687}",No-Action
25,23,0x47,1,2.557251,Match,Match,bddrddddd,0,"{'1': 287.6338668155782, '2': 287.6338668155782}",No-Action
25,24,0x47,1,2.086426,Match,Match,ffuubrrrr,0,"{'1': 47.724015528108644, '2': 47.724015528108644}",No-Action
25,25,0x47,1,8.795898,Mismatch,Mismatch,bddrbbbbb,0,"{'1': 47.51993589081801, '2': 47.51993589081801}",No-Action
25,26,0x47,1,8.725586,Mismatch,Mismatch,ffuulllbb,120,"{'1': 298.22332816260985, '2': 178.22332816260982}",No-Action
25,27,0x47,1,3.978271,Mismatch,Mismatch,bdddbllll,180,"{'1': 214.65576011787874, '2': 34.65576011787874}",No-Action
25,28,0x47,1,7.323608,Mismatch,Mismatch,lllbbbluu,180,"{'1': 122.8519640732085, '2': 302.8519640732085}",No-Action
25,29,0x47,1,9.917969,Mismatch,Mismatch,dbbbblllu,60,"{'1': 311.29176049123134, '2': 11.291760491231337}",No-Action
25,30,0x47,1,17.00256,Mismatch,Mismatch,ffuuuurrf,0,"{'1': 234.25728354991557, '2': 234.25728354991557}",No-Action
25,31,0x47,1,6.004028,Mismatch,Mismatch,lllllbbul,60,"{'1': 203.66426824050228, '2': 263.6642682405023}",No-Action
25,32,0x47,1,3.920654,Mismatch,Mismatch,ffuubllll,180,"{'1': 109.27914908410541, '2': 289.2791490841054}",No-Action
25,33,0x47,1,9.987793,Mismatch,Mismatch,ffuubrrrr,120,"{'1': 343.72926954266376, '2': 223.72926954266376}",No-Action
25,34,0x47,1,8.753052,Mismatch,Mismatch,rrrrbbbdr,180,"{'1': 317.7985342711035, '2': 137.7985342711035}",No-Action
25,35,0x47,1,6.686401,Mismatch,Mismatch,lllbbbluu,180,"{'1': 296.74488825665884, '2': 116.74488825665884}",No-Action
25,36,0x47,1,8.975952,Mismatch,Mismatch,ffuuuurrf,120,"{'1': 311.6612114464111, '2': 191.66121144641107}",No-Action
25,37,0x47,1,6.226807,Mismatch,Mismatch,uubbbbruu,180,"{'1': 154.99121044213612, '2': 334.9912104421361}",No-Action
25,38,0x47,1,17.82239,Mismatch,Mismatch,uuuubbbur,120,"{'1': 202.90282812361636, '2': 82.90282812361636}",No-Action
25,39,0x47,1,5.114624,Mismatch,Mismatch,ffuuuurrf,180,"{'1': 23.084144978593866, '2': 203.08414497859386}",No-Action
25,40,0x47,1,5.767822,Mismatch,Mismatch,ffuulllbb,120,"{'1': 227.59360058105278, '2': 107.59360058105278}",No-Action
25,41,0x47,1,4.89209,Mismatch,Mismatch,bddrbbbbb,180,"{'1': 233.6012371018068, '2': 53.60123710180679}",No-Action
25,42,0x47,1,7.18689,Mismatch,Mismatch,bbdddbrrr,120,"{'1': 164.13087193940714, '2': 44.13087193940714}",No-Action
25,43,0x47,1,8.877808,Mismatch,Mismatch,ddbbddddl,120,"{'1': 123.36232238432638, '2': 3.362322384326376}",No-Action
25,44,0x47,1,7.320068,Mismatch,Mismatch,bdddbllll,0,"{'1': 70.1480750699135, '2': 70.1480750699135}",No-Action
25,45,0x47,1,9.920044,Mismatch,Mismatch,ffuuuurrf,0,"{'1': 57.46423409253333, '2': 57.46423409253333}",No-Action
25,46,0x47,1,6.128784,Mismatch,Mismatch,ffuuuurrf,120,"{'1': 156.70546274155146, '2': 276.70546274155146}",No-Action
25,47,0x47,1,7.316895,Mismatch,Mismatch,lllbbbluu,60,"{'1': 134.81288844307005, '2': 74.81288844307005}",No-Action
25,48,0x47,1,11.72424,Mismatch,Mismatch,llbbbrruu,180,"{'1': 61.4030776607808, '2': 241.4030776607808}",No-Action
25,49,0x47,1,6.599854,Mismatch,Mismatch,rrrbbbddb,180,"{'1': 299.6112088373264, '2': 119.61120883732639}",No-Action
26,0,0xD0,2,9.617798,Match,Match,ffuubllll,180,"{'1': 141.01252592521425, '2': 321.0125259252143}",No-Action
26,1,0xD0,2,3.351456,Match,Match,ffffuulff,60,"{'1': 306.20710040785946, '2': 6.207100407859443}",No-Action
26,2,0xD0,2,2.892517,Mismatch,Match,uuuubbbur,120,"{'1': 61.2296761451497, '2': 301.2296761451497}",No-Action
26,3,0xD0,2,6.546753,Mismatch,Match,bdddbllll,180,"{'1': 207.7532784862651, '2': 27.75327848626509}",No-Action
26,4,0xD0,2,2.22345,Match,Match,bbddbblll,0,"{'1': 139.45221934803715, '2': 139.45221934803715}",No-Action
26,5,0xD0,2,2.895996,Match,Match,llbbbbbru,60,"{'1': 295.43970714397886, '2': 355.43970714397886}",No-Action
26,6,0xD0,2,1.668762,Match,Match,uuubbrrrf,0,"{'1': 23.593775541817998, '2': 23.593775541817998}",No-Action
26,7,0xD0,2,5.876419,Match,Match,llbbbbbru,180,"{'1': 139.17132380017154, '2': 319.17132380017154}",No-Action
26,8,0xD0,2,1.862228,Match,Match,uubbbbruu,0,"{'1': 73.06416690651355, '2': 73.06416690651355}",No-Action
26,9,0xD0,2,3.542938,Match,Match,uuuuubbul,120,"{'1': 327.2815754248877, '2': 207.2815754248877}",No-Action
26,10,0xD0,2,3.61261,Match,Match,lllbbbubb,120,"{'1': 211.65659816141226, '2': 331.65659816141226}",No-Action
26,11,0xD0,2,2.625641,Match,Match,ffuuuurrf,0,"{'1': 163.4431493369379, '2': 163.4431493369379}",No-Action
26,12,0xD0,2,6.686768,Match,Match,lllbbbluu,180,"{'1': 74.21164729227829, '2': 254.2116472922783}",No-Action
26,13,0xD0,2,4.629425,Mismatch,Match,lllbbbluu,120,"{'1': 49.06182814696495, '2': 289.06182814696496}",No-Action
26,14,0xD0,2,6.867523,Match,Match,rrrbbbddb,60,"{'1': 301.61472286467193, '2': 241.61472286467193}",No-Action
26,15,0xD0,2,5.32489,Match,Match,ffuulllbb,180,"{'1': 306.59847661183176, '2': 126.59847661183176}",No-Action
26,16,0xD0,2,6.490997,Mismatch,Match,uuuubbbur,0,"{'1': 144.69842768508727, '2': 144.69842768508727}",No-Action
26,17,0xD0,2,6.504807,Match,Match,rrrrbbbdr,60,"{'1': 136.7754625777664, '2': 76.7754625777664}",No-Action
26,18,0xD0,2,4.065735,Match,Match,rbbbbbbub,120,"{'1': 37.439543543513466, '2': 157.43954354351348}",No-Action
26,19,0xD0,2,2.406219,Match,Match,lllllbbul,0,"{'1': 286.15315231327975, '2': 286.15315231327975}",No-Action
26,20,0xD0,2,12.89587,Mismatch,Match,uubbbrrrb,0,"{'1': 195.73192850291352, '2': 195.73192850291352}",No-Action
26,21,0xD0,2,2.470917,Mismatch,Match,bbddbblll,120,"{'1': 163.36054686919215, '2': 43.36054686919215}",No-Action
26,22,0xD0,2,5.073792,Match,Match,llbbbbbru,60,"{'1': 195.36064137768687, '2': 135.36064137768687}",No-Action
26,23,0xD0,2,4.130737,Match,Match,bddrddddd,0,"{'1': 287.6338668155782, '2': 287.6338668155782}",No-Action
26,24,0xD0,2,2.26886,Match,Match,ffuubrrrr,0,"{'1': 47.724015528108644, '2': 47.724015528108644}",No-Action
26,25,0xD0,2,7.756378,Match,Mismatch,bddrbbbbb,0,"{'1': 47.51993589081801, '2': 47.51993589081801}",No-Action
26,26,0xD0,2,4.173004,Mismatch,Mismatch,ffuulllbb,120,"{'1': 298.22332816260985, '2': 178.22332816260982}",No-Action
26,27,0xD0,2,2.159454,Mismatch,Mismatch,bdddbllll,180,"{'1': 214.65576011787874, '2': 34.65576011787874}",No-Action
26,28,0xD0,2,6.128418,Match,Mismatch,lllbbbluu,180,"{'1': 122.8519640732085, '2': 302.8519640732085}",No-Action
26,29,0xD0,2,4.701019,Match,Mismatch,dbbbblllu,60,"{'1': 311.29176049123134, '2': 11.291760491231337}",No-Action
26,30,0xD0,2,4.157257,Mismatch,Mismatch,ffuuuurrf,0,"{'1': 234.25728354991557, '2': 234.25728354991557}",No-Action
26,31,0xD0,2,3.698944,Mismatch,Mismatch,lllllbbul,60,"{'1': 203.66426824050228, '2': 263.6642682405023}",No-Action
26,32,0xD0,2,3.657928,Mismatch,Mismatch,ffuubllll,180,"{'1': 109.27914908410541, '2': 289.2791490841054}",No-Action
26,33,0xD0,2,6.922913,Mismatch,Mismatch,ffuubrrrr,120,"{'1': 343.72926954266376, '2': 223.72926954266376}",No-Action
26,34,0xD0,2,4.962463,Mismatch,Mismatch,rrrrbbbdr,180,"{'1': 317.7985342711035, '2': 137.7985342711035}",No-Action
26,35,0xD0,2,4.674805,Mismatch,Mismatch,lllbbbluu,180,"{'1': 296.74488825665884, '2': 116.74488825665884}",No-Action
26,36,0xD0,2,3.336197,Mismatch,Mismatch,ffuuuurrf,120,"{'1': 311.6612114464111, '2': 191.66121144641107}",No-Action
26,37,0xD0,2,5.696381,Mismatch,Mismatch,uubbbbruu,180,"{'1': 154.99121044213612, '2': 334.9912104421361}",No-Action
26,38,0xD0,2,6.324036,Mismatch,Mismatch,uuuubbbur,120,"{'1': 202.90282812361636, '2': 82.90282812361636}",No-Action
26,39,0xD0,2,2.9487,Mismatch,Mismatch,ffuuuurrf,180,"{'1': 23.084144978593866, '2': 203.08414497859386}",No-Action
26,40,0xD0,2,7.059235,Mismatch,Mismatch,ffuulllbb,120,"{'1': 227.59360058105278, '2': 107.59360058105278}",No-Action
26,41,0xD0,2,2.631287,Mismatch,Mismatch,bddrbbbbb,180,"{'1': 233.6012371018068, '2': 53.60123710180679}",No-Action
26,42,0xD0,2,2.152069,Mismatch,Mismatch,bbdddbrrr,120,"{'1': 164.13087193940714, '2': 44.13087193940714}",No-Action
26,43,0xD0,2,4.241531,Mismatch,Mismatch,ddbbddddl,120,"{'1': 123.36232238432638, '2': 3.362322384326376}",No-Action
26,44,0xD0,2,3.379272,Mismatch,Mismatch,bdddbllll,0,"{'1': 70.1480750699135, '2': 70.1480750699135}",No-Action
26,45,0xD0,2,2.295044,Mismatch,Mismatch,ffuuuurrf,0,"{'1': 57.46423409253333, '2': 57.46423409253333}",No-Action
26,46,0xD0,2,5.63089,Mismatch,Mismatch,ffuuuurrf,120,"{'1': 156.70546274155146, '2': 276.70546274155146}",No-Action
26,47,0xD0,2,8.007172,Mismatch,Mismatch,lllbbbluu,60,"{'1': 134.81288844307005, '2': 74.81288844307005}",No-Action
26,48,0xD0,2,5.075684,Mismatch,Mismatch,llbbbrruu,180,"{'1': 61.4030776607808, '2': 241.4030776607808}",No-Action
26,49,0xD0,2,4.339478,Mismatch,Mismatch,rrrbbbddb,180,"{'1': 299.6112088373264, '2': 119.61120883732639}",No-Action
27,0,0xD0,-1,11.64246,Match,Match,ffuubrrrr,180,"{'1': 43.925605727791556, '2': 223.92560572779155}",No-Action
27,1,0xD0,-1,8.206909,Match,Match,ffffuulff,120,"{'1': 143.64389719690485, '2': 23.643897196904845}",No-Action
27,2,0xD0,-1,4.225098,Match,Match,ddbbddddl,180,"{'1': 67.52813154629905, '2': 247.52813154629905}",No-Action
27,3,0xD0,-1,1.625488,Match,Match,rbbbbbldd,0,"{'1': 231.69507444550453, '2': 231.69507444550453}",No-Action
27,4,0xD0,-1,3.113892,Match,Match,llbbbrruu,180,"{'1': 29.299831885440923, '2': 209.29983188544094}",No-Action
27,5,0xD0,-1,5.030884,Match,Match,ffuulllbb,60,"{'1': 307.28523175063077, '2': 247.28523175063077}",No-Action
27,6,0xD0,-1,4.072632,Match,Match,llbbbrruu,180,"{'1': 44.56235648915972, '2': 224.56235648915973}",No-Action
27,7,0xD0,-1,4.794189,Match,Match,ffuulllbb,60,"{'1': 19.486140821778704, '2': 79.4861408217787}",No-Action
27,8,0xD0,-1,14.41992,Mismatch,Match,bbbdddrrb,120,"{'1': 293.95829936674545, '2': 53.95829936674545}",No-Action
27,9,0xD0,-1,2.138062,Match,Match,uuuuubbul,60,"{'1': 293.62580378124915, '2': 233.62580378124915}",No-Action
27,10,0xD0,-1,1.946411,Match,Match,rrrbbbddb,0,"{'1': 223.53790288054762, '2': 223.53790288054762}",No-Action
27,11,0xD0,-1,2.554321,Match,Match,uubbbrrrb,0,"{'1': 141.11818853031912, '2': 141.11818853031912}",No-Action
27,12,0xD0,-1,2.472412,Match,Match,uubbbrrrb,60,"{'1': 343.00843012210436, '2': 43.00843012210436}",No-Action
27,13,0xD0,-1,5.475952,Match,Match,bdddddfll,60,"{'1': 330.88557685587443, '2': 30.885576855874458}",No-Action
27,14,0xD0,-1,1.504517,Match,Match,uuuubbbur,60,"{'1': 334.4512081936936, '2': 34.45120819369362}",No-Action
27,15,0xD0,-1,4.020386,Match,Match,uubbbbruu,120,"{'1': 221.6577671939678, '2': 341.6577671939678}",No-Action
27,16,0xD0,-1,3.055664,Match,Match,rbbbbbldd,60,"{'1': 105.06104073035958, '2': 45.06104073035958}",No-Action
27,17,0xD0,-1,1.916016,Match,Match,uuubbrrrf,0,"{'1': 252.73003733197783, '2': 252.73003733197783}",No-Action
27,18,0xD0,-1,1.97583,Match,Match,bddrddddd,0,"{'1': 130.39509640625164, '2': 130.39509640625164}",No-Action
27,19,0xD0,-1,3.777344,Match,Match,uuubbrrrf,60,"{'1': 143.30392059052593, '2': 83.30392059052593}",No-Action
27,20,0xD0,-1,3.892578,Match,Match,uuubbrrrf,120,"{'1': 16.35665315955761, '2': 256.3566531595576}",No-Action
27,21,0xD0,-1,4.654907,Match,Match,ddbbddddl,60,"{'1': 292.36198817673267, '2': 232.36198817673267}",No-Action
27,22,0xD0,-1,7.490112,Mismatch,Match,uubbbrrrb,180,"{'1': 249.91452010032071, '2': 69.91452010032073}",No-Action
27,23,0xD0,-1,2.809692,Match,Match,ddbbddddl,0,"{'1': 225.0668746383628, '2': 225.0668746383628}",No-Action
27,24,0xD0,-1,3.547485,Match,Match,uuuuubbul,120,"{'1': 331.74419785260517, '2': 211.74419785260517}",No-Action
27,25,0xD0,-1,3.795044,Mismatch,Mismatch,lllllbbul,120,"{'1': 69.67863812849642, '2': 309.6786381284964}",No-Action
27,26,0xD0,-1,2.835815,Match,Mismatch,llbbbrruu,120,"{'1': 136.56037732352206, '2': 256.56037732352206}",No-Action
27,27,0xD0,-1,3.392212,Mismatch,Mismatch,bddddddrd,180,"{'1': 209.22680912379508, '2': 29.22680912379508}",No-Action
27,28,0xD0,-1,7.974121,Mismatch,Mismatch,bddrddddd,60,"{'1': 138.81569004914957, '2': 78.81569004914957}",No-Action
27,29,0xD0,-1,6.266479,Mismatch,Mismatch,lllbbbubb,0,"{'1': 133.77517338965436, '2': 133.77517338965436}",No-Action
27,30,0xD0,-1,9.457825,Mismatch,Mismatch,ffuubrrrr,120,"{'1': 213.3000194088031, '2': 93.30001940880311}",No-Action
27,31,0xD0,-1,1.489624,Mismatch,Mismatch,ffuubrrrr,120,"{'1': 325.45782959826, '2': 205.45782959826}",No-Action
27,32,0xD0,-1,6.461792,Match,Mismatch,ffffuulff,0,"{'1': 124.53773309096051, '2': 124.53773309096051}",No-Action
27,33,0xD0,-1,8.947998,Mismatch,Mismatch,rrrrbbbdr,0,"{'1': 332.901993874017, '2': 332.901993874017}",No-Action
27,34,0xD0,-1,4.363525,Match,Mismatch,uubbbbruu,0,"{'1': 37.14174779987822, '2': 37.14174779987822}",No-Action
27,35,0xD0,-1,3.431702,Mismatch,Mismatch,bdddbllll,60,"{'1': 142.41044685041496, '2': 82.41044685041496}",No-Action
27,36,0xD0,-1,8.836304,Mismatch,Mismatch,lllbbbluu,60,"{'1': 202.99487436706576, '2': 262.9948743670658}",No-Action
27,37,0xD0,-1,3.656372,Mismatch,Mismatch,lllbbbluu,0,"{'1': 233.89370302558456, '2': 233.89370302558456}",No-Action
27,38,0xD0,-1,5.433838,Mismatch,Mismatch,bddrbbbbb,180,"{'1': 107.86832492201711, '2': 287.8683249220171}",No-Action
27,39,0xD0,-1,1.541504,Mismatch,Mismatch,rbbbdddff,60,"{'1': 242.48500456382936, '2': 182.48500456382936}",No-Action
27,40,0xD0,-1,3.352417,Mismatch,Mismatch,bbddbblll,120,"{'1': 230.07222090841356, '2': 350.07222090841356}",No-Action
27,41,0xD0,-1,5.94751,Mismatch,Mismatch,bddddddrd,0,"{'1': 344.8148692707027, '2': 344.8148692707027}",No-Action
27,42,0xD0,-1,5.968628,Mismatch,Mismatch,lllbbbubb,120,"{'1': 323.6038841909504, '2': 203.6038841909504}",No-Action
27,43,0xD0,-1,2.974976,Mismatch,Mismatch,bdddbllll,120,"{'1': 324.8371830853158, '2': 204.83718308531581}",No-Action
27,44,0xD0,-1,2.654541,Mismatch,Mismatch,rbbbdddff,0,"{'1': 248.50041282544151, '2': 248.50041282544151}",No-Action
27,45,0xD0,-1,2.040405,Match,Mismatch,dbbbblllu,60,"{'1': 39.554253688180744, '2': 339.5542536881807}",No-Action
27,46,0xD0,-1,4.334595,Mismatch,Mismatch,bbddbblll,180,"{'1': 309.0100657073902, '2': 129.01006570739017}",No-Action
27,47,0xD0,-1,8.642822,Mismatch,Mismatch,bddrddddd,180,"{'1': 35.03309576048505, '2': 215.03309576048505}",No-Action
27,48,0xD0,-1,2.405396,Mismatch,Mismatch,uubbbbruu,60,"{'1': 115.7910030035887, '2': 55.7910030035887}",No-Action
27,49,0xD0,-1,4.044067,Mismatch,Mismatch,dbbbblllu,60,"{'1': 134.42436349210726, '2': 74.42436349210726}",No-Action
1,0,0x4B,,1.669769,Match,Match,bbbdddrrb,0,"{'1': 217.10683158902316, '2': 217.10683158902316}",No-Action
1,1,0x4B,,1.449585,Match,Match,uuuuubbul,0,"{'1': 334.0002298146077, '2': 334.0002298146077}",No-Action
1,2,0x4B,,2.562622,Match,Match,lbbddllll,120,"{'1': 147.56902852488014, '2': 27.56902852488014}",No-Action
1,3,0x4B,,5.354431,Mismatch,Match,bdddllbbb,120,"{'1': 131.9737633310424, '2': 251.9737633310424}",No-Action
1,4,0x4B,,2.449951,Match,Match,bddrddddd,120,"{'1': 156.52053618903795, '2': 36.520536189037955}",No-Action
1,5,0x4B,,5.158691,Match,Match,lbbddllll,60,"{'1': 74.39855280945892, '2': 14.39855280945892}",No-Action
1,6,0x4B,,5.077759,Match,Match,bddddddrd,120,"{'1': 69.21344489697128, '2': 189.21344489697128}",No-Action
1,7,0x4B,,2.967773,Match,Match,uubbbbruu,60,"{'1': 206.58551918301131, '2': 146.58551918301131}",No-Action
1,8,0x4B,,2.912781,Match,Match,rrrbbbddb,60,"{'1': 55.77940051323838, '2': 115.77940051323839}",No-Action
1,9,0x4B,,1.887146,Match,Match,ffuuuurrf,0,"{'1': 344.3973199539442, '2': 344.3973199539442}",No-Action
1,10,0x4B,,1.342041,Match,Match,lllllbbul,0,"{'1': 48.88592489101419, '2': 48.88592489101419}",No-Action
1,11,0x4B,,2.761475,Match,Match,bdddllbbb,60,"{'1': 36.15915843374441, '2': 336.15915843374444}",No-Action
1,12,0x4B,,1.412476,Match,Match,rrrrbbbdr,0,"{'1': 67.90641730513417, '2': 67.90641730513417}",No-Action
1,13,0x4B,,1.672729,Match,Match,dbbbblllu,60,"{'1': 288.08002615997464, '2': 228.08002615997466}",No-Action
1,14,0x4B,,2.062988,Match,Match,bddrddddd,60,"{'1': 314.37211754166, '2': 14.372117541659968}",No-Action
1,15,0x4B,,3.844971,Match,Match,ffuulllbb,180,"{'1': 313.7304945010443, '2': 133.7304945010443}",No-Action
1,16,0x4B,,4.409271,Match,Match,uuuuubbul,60,"{'1': 40.43748436218127, '2': 100.43748436218127}",No-Action
1,17,0x4B,,2.839966,Match,Match,uubbbbruu,60,"{'1': 214.38208170396663, '2': 154.38208170396663}",No-Action
1,18,0x4B,,1.452087,Match,Match,dbbbblllu,0,"{'1': 148.45875498110837, '2': 148.45875498110837}",No-Action
1,19,0x4B,,4.673279,Match,Match,bdddbllll,180,"{'1': 118.33444845966783, '2': 298.33444845966784}",No-Action
1,20,0x4B,,1.269592,Match,Match,bbbdddrrb,0,"{'1': 223.81530946512058, '2': 223.81530946512058}",No-Action
1,21,0x4B,,2.897217,Match,Match,uuuuubbul,180,"{'1': 240.83319332182907, '2': 60.833193321829086}",No-Action
1,22,0x4B,,2.64563,Match,Match,uuuubbbur,0,"{'1': 238.85679465416692, '2': 238.85679465416692}",No-Action
1,23,0x4B,,6.090759,Match,Match,bdddbllll,180,"{'1': 232.8212418432721, '2': 52.821241843272105}",No-Action
1,24,0x4B,,3.066895,Match,Match,uuubbrrrf,60,"{'1': 150.00883209073515, '2': 90.00883209073515}",No-Action
1,25,0x4B,,1.324738,Match,Mismatch,uubbbbruu,120,"{'1': 52.57266050221438, '2': 292.5726605022144}",No-Action
1,26,0x4B,,2.949371,Mismatch,Mismatch,rbbbbbldd,0,"{'1': 343.83454466454566, '2': 343.83454466454566}",No-Action
1,27,0x4B,,4.78656,Mismatch,Mismatch,rbbbbbbub,120,"{'1': 161.73957628770705, '2': 41.73957628770705}",No-Action
1,28,0x4B,,4.056824,Match,Mismatch,ffffuulff,60,"{'1': 299.5500606228896, '2': 359.5500606228896}",No-Action
1,29,0x4B,,2.316101,Mismatch,Mismatch,bbddbblll,60,"{'1': 21.984312631901275, '2': 321.9843126319013}",No-Action
1,30,0x4B,,3.07843,Match,Mismatch,llbbbrruu,0,"{'1': 324.7645386565817, '2': 324.7645386565817}",No-Action
1,31,0x4B,,5.358459,Mismatch,Mismatch,ffuubrrrr,60,"{'1': 39.45211153867348, '2': 99.45211153867348}",No-Action
1,32,0x4B,,3.22757,Match,Mismatch,ddbbddddl,120,"{'1': 300.9607029537999, '2': 180.9607029537999}",No-Action
1,33,0x4B,,4.762085,Mismatch,Mismatch,bbbdddrrb,0,"{'1': 311.07339910705457, '2': 311.07339910705457}",No-Action
1,34,0x4B,,5.772339,Mismatch,Mismatch,bddrddddd,60,"{'1': 334.75424494544546, '2': 274.75424494544546}",No-Action
1,35,0x4B,,3.396606,Mismatch,Mismatch,bdddllbbb,0,"{'1': 158.66733192120256, '2': 158.66733192120256}",No-Action
1,36,0x4B,,5.673035,Match,Mismatch,rbbbbbbub,0,"{'1': 155.13026934030677, '2': 155.13026934030677}",No-Action
1,37,0x4B,,5.033997,Match,Mismatch,uuubbrrrf,180,"{'1': 152.58248904596337, '2': 332.58248904596337}",No-Action
1,38,0x4B,,1.657288,Match,Mismatch,lllbbbubb,60,"{'1': 54.775586312017374, '2': 114.77558631201737}",No-Action
1,39,0x4B,,5.870819,Match,Mismatch,uuuuubbul,60,"{'1': 253.04931586615646, '2': 193.04931586615646}",No-Action
1,40,0x4B,,2.142517,Mismatch,Mismatch,bbbdddrrb,180,"{'1': 294.278615462114, '2': 114.27861546211398}",No-Action
1,41,0x4B,,2.163025,Match,Mismatch,llbbbrruu,180,"{'1': 286.9098219050356, '2': 106.90982190503559}",No-Action
1,42,0x4B,,3.827087,Mismatch,Mismatch,ffuuuurrf,180,"{'1': 221.09142116161618, '2': 41.09142116161618}",No-Action
1,43,0x4B,,5.673431,Mismatch,Mismatch,ffuulllbb,0,"{'1': 47.84840650985955, '2': 47.84840650985955}",No-Action
1,44,0x4B,,2.924744,Mismatch,Mismatch,uuubbrrrf,180,"{'1': 303.2958236702114, '2': 123.29582367021138}",No-Action
1,45,0x4B,,3.517517,Mismatch,Mismatch,bdddllbbb,60,"{'1': 162.30384336327114, '2': 222.30384336327114}",No-Action
1,46,0x4B,,3.119995,Match,Mismatch,ddbbddddl,60,"{'1': 20.532961757513526, '2': 80.53296175751353}",No-Action
1,47,0x4B,,2.881592,Mismatch,Mismatch,bbddbblll,0,"{'1': 117.10174008489184, '2': 117.10174008489184}",No-Action
1,48,0x4B,,2.713684,Match,Mismatch,ddbbddddl,180,"{'1': 21.67230921467345, '2': 201.67230921467345}",No-Action
1,49,0x4B,,3.106934,Mismatch,Mismatch,ffffuulff,180,"{'1': 333.8587752913037, '2': 153.8587752913037}",No-Action
2,0,0x4B,-1,1.197266,Match,Match,bbbdddrrb,0,"{'1': 217.10683158902316, '2': 217.10683158902316}",No-Action
2,1,0x4B,-1,1.296387,Match,Match,uuuuubbul,0,"{'1': 334.0002298146077, '2': 334.0002298146077}",No-Action
2,2,0x4B,-1,2.071777,Match,Match,lbbddllll,120,"{'1': 147.56902852488014, '2': 27.56902852488014}",No-Action
2,3,0x4B,-1,5.439453,Match,Match,bdddllbbb,120,"{'1': 131.9737633310424, '2': 251.9737633310424}",No-Action
2,4,0x4B,-1,2.563721,Match,Match,bddrddddd,120,"{'1': 156.52053618903795, '2': 36.520536189037955}",No-Action
2,5,0x4B,-1,1.741211,Match,Match,lbbddllll,60,"{'1': 74.39855280945892, '2': 14.39855280945892}",No-Action
2,6,0x4B,-1,4.077881,Match,Match,bddddddrd,120,"{'1': 69.21344489697128, '2': 189.21344489697128}",No-Action
2,7,0x4B,-1,2.00708,Match,Match,uubbbbruu,60,"{'1': 206.58551918301131, '2': 146.58551918301131}",No-Action
2,8,0x4B,-1,2.018555,Match,Match,rrrbbbddb,60,"{'1': 55.77940051323838, '2': 115.77940051323839}",No-Action
2,9,0x4B,-1,1.272949,Match,Match,ffuuuurrf,0,"{'1': 344.3973199539442, '2': 344.3973199539442}",No-Action
2,10,0x4B,-1,1.538086,Match,Match,lllllbbul,0,"{'1': 48.88592489101419, '2': 48.88592489101419}",No-Action
2,11,0x4B,-1,4.102539,Match,Match,bdddllbbb,60,"{'1': 36.15915843374441, '2': 336.15915843374444}",No-Action
2,12,0x4B,-1,1.182617,Match,Match,rrrrbbbdr,0,"{'1': 67.90641730513417, '2': 67.90641730513417}",No-Action
2,13,0x4B,-1,2.233398,Match,Match,dbbbblllu,60,"{'1': 288.08002615997464, '2': 228.08002615997466}",No-Action
2,14,0x4B,-1,1.615479,Match,Match,bddrddddd,60,"{'1': 314.37211754166, '2': 14.372117541659968}",No-Action
2,15,0x4B,-1,2.588623,Match,Match,ffuulllbb,180,"{'1': 313.7304945010443, '2': 133.7304945010443}",No-Action
2,16,0x4B,-1,1.480225,Match,Match,uuuuubbul,60,"{'1': 40.43748436218127, '2': 100.43748436218127}",No-Action
2,17,0x4B,-1,2.519043,Mismatch,Match,uubbbbruu,60,"{'1': 214.38208170396663, '2': 154.38208170396663}",No-Action
2,18,0x4B,-1,2.018066,Match,Match,dbbbblllu,0,"{'1': 148.45875498110837, '2': 148.45875498110837}",No-Action
2,19,0x4B,-1,3.007813,Match,Match,bdddbllll,180,"{'1': 118.33444845966783, '2': 298.33444845966784}",No-Action
2,20,0x4B,-1,1.056641,Match,Match,bbbdddrrb,0,"{'1': 223.81530946512058, '2': 223.81530946512058}",No-Action
2,21,0x4B,-1,1.347168,Match,Match,uuuuubbul,180,"{'1': 240.83319332182907, '2': 60.833193321829086}",No-Action
2,22,0x4B,-1,1.460449,Match,Match,uuuubbbur,0,"{'1': 238.85679465416692, '2': 238.85679465416692}",No-Action
2,23,0x4B,-1,1.946777,Mismatch,Match,bdddbllll,180,"{'1': 232.8212418432721, '2': 52.821241843272105}",No-Action
2,24,0x4B,-1,1.605469,Match,Match,uuubbrrrf,60,"{'1': 150.00883209073515, '2': 90.00883209073515}",No-Action
2,25,0x4B,-1,2.289551,Mismatch,Mismatch,uubbbbruu,120,"{'1': 52.57266050221438, '2': 292.5726605022144}",No-Action
2,26,0x4B,-1,2.020508,Mismatch,Mismatch,rbbbbbldd,0,"{'1': 343.83454466454566, '2': 343.83454466454566}",No-Action
2,27,0x4B,-1,2.94873,Mismatch,Mismatch,rbbbbbbub,120,"{'1': 161.73957628770705, '2': 41.73957628770705}",No-Action
2,28,0x4B,-1,2.075195,Mismatch,Mismatch,ffffuulff,60,"{'1': 299.5500606228896, '2': 359.5500606228896}",No-Action
2,29,0x4B,-1,1.662598,Mismatch,Mismatch,bbddbblll,60,"{'1': 21.984312631901275, '2': 321.9843126319013}",No-Action
2,30,0x4B,-1,1.827881,Mismatch,Mismatch,llbbbrruu,0,"{'1': 324.7645386565817, '2': 324.7645386565817}",No-Action
2,31,0x4B,-1,2.21167,Mismatch,Mismatch,ffuubrrrr,60,"{'1': 39.45211153867348, '2': 99.45211153867348}",No-Action
2,32,0x4B,-1,2.507813,Mismatch,Mismatch,ddbbddddl,120,"{'1': 300.9607029537999, '2': 180.9607029537999}",No-Action
2,33,0x4B,-1,2.836426,Mismatch,Mismatch,bbbdddrrb,0,"{'1': 311.07339910705457, '2': 311.07339910705457}",No-Action
2,34,0x4B,-1,2.709473,Mismatch,Mismatch,bddrddddd,60,"{'1': 334.75424494544546, '2': 274.75424494544546}",No-Action
2,35,0x4B,-1,3.248291,Mismatch,Mismatch,bdddllbbb,0,"{'1': 158.66733192120256, '2': 158.66733192120256}",No-Action
2,36,0x4B,-1,2.391113,Mismatch,Mismatch,rbbbbbbub,0,"{'1': 155.13026934030677, '2': 155.13026934030677}",No-Action
2,37,0x4B,-1,1.758789,Mismatch,Mismatch,uuubbrrrf,180,"{'1': 152.58248904596337, '2': 332.58248904596337}",No-Action
2,38,0x4B,-1,1.476807,Mismatch,Mismatch,lllbbbubb,60,"{'1': 54.775586312017374, '2': 114.77558631201737}",No-Action
2,39,0x4B,-1,3.01001,Mismatch,Mismatch,uuuuubbul,60,"{'1': 253.04931586615646, '2': 193.04931586615646}",No-Action
2,40,0x4B,-1,1.953125,Mismatch,Mismatch,bbbdddrrb,180,"{'1': 294.278615462114, '2': 114.27861546211398}",No-Action
2,41,0x4B,-1,2.100586,Mismatch,Mismatch,llbbbrruu,180,"{'1': 286.9098219050356, '2': 106.90982190503559}",No-Action
2,42,0x4B,-1,2.490967,Mismatch,Mismatch,ffuuuurrf,180,"{'1': 221.09142116161618, '2': 41.09142116161618}",No-Action
2,43,0x4B,-1,3.782959,Match,Mismatch,ffuulllbb,0,"{'1': 47.84840650985955, '2': 47.84840650985955}",No-Action
2,44,0x4B,-1,2.274658,Mismatch,Mismatch,uuubbrrrf,180,"{'1': 303.2958236702114, '2': 123.29582367021138}",No-Action
2,45,0x4B,-1,1.915283,Mismatch,Mismatch,bdddllbbb,60,"{'1': 162.30384336327114, '2': 222.30384336327114}",No-Action
2,46,0x4B,-1,2.654419,Mismatch,Mismatch,ddbbddddl,60,"{'1': 20.532961757513526, '2': 80.53296175751353}",No-Action
2,47,0x4B,-1,2.062744,Mismatch,Mismatch,bbddbblll,0,"{'1': 117.10174008489184, '2': 117.10174008489184}",No-Action
2,48,0x4B,-1,1.641602,Mismatch,Mismatch,ddbbddddl,180,"{'1': 21.67230921467345, '2': 201.67230921467345}",No-Action
2,49,0x4B,-1,1.528809,Mismatch,Mismatch,ffffuulff,180,"{'1': 333.8587752913037, '2': 153.8587752913037}",No-Action
3,0,0xF2,1,1.76062,Mismatch,Match,bdddbllll,0,"{'1': 52.91861761483567, '2': 52.91861761483567}",No-Action
3,1,0xF2,1,2.918945,Mismatch,Match,lllbbbubb,120,"{'1': 17.648447864990295, '2': 137.6484478649903}",No-Action
3,2,0xF2,1,2.092651,Match,Match,bdddllbbb,0,"{'1': 323.68654722111233, '2': 323.68654722111233}",No-Action
3,3,0xF2,1,1.884155,Match,Match,rbbbdddff,0,"{'1': 209.7655225309319, '2': 209.7655225309319}",No-Action
3,4,0xF2,1,3.150024,Mismatch,Match,rrrrbbbdr,180,"{'1': 304.09194055990326, '2': 124.09194055990326}",No-Action
3,5,0xF2,1,2.855957,Match,Match,ddbbddddl,60,"{'1': 51.39973507264532, '2': 351.39973507264534}",No-Action
3,6,0xF2,1,1.574707,Match,Match,rrrrbbbdr,0,"{'1': 128.50402536639388, '2': 128.50402536639388}",No-Action
3,7,0xF2,1,1.223511,Match,Match,ffuulllbb,0,"{'1': 151.05211282187008, '2': 151.05211282187008}",No-Action
3,8,0xF2,1,1.760864,Match,Match,rbbbbbbub,0,"{'1': 67.47656459594786, '2': 67.47656459594786}",No-Action
3,9,0xF2,1,5.450073,Mismatch,Match,lllbbbluu,180,"{'1': 223.27059667450027, '2': 43.27059667450027}",No-Action
3,10,0xF2,1,1.560669,Match,Match,rrrrbbbdr,0,"{'1': 119.39171623680613, '2': 119.39171623680613}",No-Action
3,11,0xF2,1,3.267944,Match,Match,llbbbbbru,180,"{'1': 320.5405542825008, '2': 140.5405542825008}",No-Action
3,12,0xF2,1,2.397705,Match,Match,bbbdddrrb,0,"{'1': 339.6540141721071, '2': 339.6540141721071}",No-Action
3,13,0xF2,1,2.370972,Match,Match,ffuulllbb,60,"{'1': 238.25576979704107, '2': 298.25576979704107}",No-Action
3,14,0xF2,1,1.420898,Match,Match,bbddbblll,0,"{'1': 56.46258018039333, '2': 56.46258018039333}",No-Action
3,15,0xF2,1,3.600952,Match,Match,ffuulllbb,180,"{'1': 324.4405639480044, '2': 144.4405639480044}",No-Action
3,16,0xF2,1,1.46875,Match,Match,llbbbbbru,0,"{'1': 59.737230314385215, '2': 59.737230314385215}",No-Action
3,17,0xF2,1,1.871094,Mismatch,Match,ffffuulff,60,"{'1': 128.11380594667577, '2': 68.11380594667577}",No-Action
3,18,0xF2,1,1.765747,Match,Match,bbbdddrrb,0,"{'1': 62.962237572266424, '2': 62.962237572266424}",No-Action
3,19,0xF2,1,2.260742,Match,Match,bdddbllll,120,"{'1': 105.49823388367147, '2': 225.49823388367147}",No-Action
3,20,0xF2,1,3.002319,Mismatch,Match,bbbdddrrb,180,"{'1': 198.73080974903075, '2': 18.730809749030755}",No-Action
3,21,0xF2,1,3.905029,Mismatch,Match,rrrbbbddb,120,"{'1': 74.4947671598909, '2': 314.4947671598909}",No-Action
3,22,0xF2,1,2.536865,Match,Match,rbbbbbbub,120,"{'1': 72.4788232515303, '2': 312.4788232515303}",No-Action
3,23,0xF2,1,2.196411,Match,Match,bbbdddrrb,60,"{'1': 33.12076335100871, '2': 93.12076335100872}",No-Action
3,24,0xF2,1,1.989868,Match,Match,ffuubllll,0,"{'1': 206.2812260441882, '2': 206.2812260441882}",No-Action
3,25,0xF2,1,3.839966,Mismatch,Mismatch,uuubbrrrf,120,"{'1': 213.93424797895204, '2': 333.93424797895204}",No-Action
3,26,0xF2,1,2.057251,Match,Mismatch,ddbbddddl,120,"{'1': 160.85579308718528, '2': 280.85579308718525}",No-Action
3,27,0xF2,1,2.795166,Mismatch,Mismatch,uuubbrrrf,180,"{'1': 144.22180622868865, '2': 324.22180622868865}",No-Action
3,28,0xF2,1,3.205444,Mismatch,Mismatch,rbbbbbbub,0,"{'1': 322.20147016789804, '2': 322.20147016789804}",No-Action
3,29,0xF2,1,2.146118,Mismatch,Mismatch,bbdddbrrr,180,"{'1': 55.07087187033835, '2': 235.07087187033835}",No-Action
3,30,0xF2,1,2.085815,Mismatch,Mismatch,llbbbbbru,60,"{'1': 292.7549137362043, '2': 232.7549137362043}",No-Action
3,31,0xF2,1,2.62146,Mismatch,Mismatch,ffuulllbb,0,"{'1': 216.3213066188214, '2': 216.3213066188214}",No-Action
3,32,0xF2,1,4.184204,Mismatch,Mismatch,bddrddddd,0,"{'1': 304.54398590382146, '2': 304.54398590382146}",No-Action
3,33,0xF2,1,2.889648,Mismatch,Mismatch,ffuubrrrr,60,"{'1': 138.43345805264732, '2': 198.43345805264732}",No-Action
3,34,0xF2,1,2.296387,Mismatch,Mismatch,uubbbbruu,180,"{'1': 72.32518596984758, '2': 252.32518596984758}",No-Action
3,35,0xF2,1,3.188599,Mismatch,Mismatch,ffuubrrrr,0,"{'1': 250.0897994531973, '2': 250.0897994531973}",No-Action
3,36,0xF2,1,2.62854,Mismatch,Mismatch,dbbbblllu,180,"{'1': 58.95692502486601, '2': 238.956925024866}",No-Action
3,37,0xF2,1,1.779663,Mismatch,Mismatch,bbbdddrrb,180,"{'1': 331.09243267668626, '2': 151.09243267668626}",No-Action
3,38,0xF2,1,3.787964,Mismatch,Mismatch,ffuubrrrr,180,"{'1': 290.2919120531361, '2': 110.29191205313612}",No-Action
3,39,0xF2,1,2.728271,Mismatch,Mismatch,uuuubbbur,0,"{'1': 217.9391467494666, '2': 217.9391467494666}",No-Action
3,40,0xF2,1,3.742432,Mismatch,Mismatch,bdddddfll,60,"{'1': 29.99475420499872, '2': 329.99475420499874}",No-Action
3,41,0xF2,1,3.311035,Mismatch,Mismatch,rrrbbbddb,0,"{'1': 286.7657186054479, '2': 286.7657186054479}",No-Action
3,42,0xF2,1,2.035034,Mismatch,Mismatch,rrrrbbbdr,120,"{'1': 340.8552567991119, '2': 220.8552567991119}",No-Action
3,43,0xF2,1,1.902954,Mismatch,Mismatch,bbdddbrrr,180,"{'1': 162.4504655746141, '2': 342.4504655746141}",No-Action
3,44,0xF2,1,3.322144,Mismatch,Mismatch,lllllbbul,180,"{'1': 203.17578337818736, '2': 23.17578337818736}",No-Action
3,45,0xF2,1,2.310059,Mismatch,Mismatch,lllbbbubb,180,"{'1': 337.03440975231257, '2': 157.03440975231257}",No-Action
3,46,0xF2,1,4.343628,Mismatch,Mismatch,ffffuulff,60,"{'1': 134.33201062548548, '2': 74.33201062548548}",No-Action
3,47,0xF2,1,2.32666,Mismatch,Mismatch,dbbbblllu,60,"{'1': 201.79349342356906, '2': 261.7934934235691}",No-Action
3,48,0xF2,1,4.189819,Mismatch,Mismatch,bddddddrd,60,"{'1': 200.01843252943627, '2': 260.01843252943627}",No-Action
3,49,0xF2,1,2.797729,Mismatch,Mismatch,rbbbbbbub,120,"{'1': 328.5853477843259, '2': 88.5853477843259}",No-Action
4,0,0xF2,2,1.486816,Match,Match,bdddbllll,0,"{'1': 52.91861761483567, '2': 52.91861761483567}",No-Action
4,1,0xF2,2,2.344635,Match,Match,lllbbbubb,120,"{'1': 17.648447864990295, '2': 137.6484478649903}",No-Action
4,2,0xF2,2,1.021606,Match,Match,bdddllbbb,0,"{'1': 323.68654722111233, '2': 323.68654722111233}",No-Action
4,3,0xF2,2,1.271545,Match,Match,rbbbdddff,0,"{'1': 209.7655225309319, '2': 209.7655225309319}",No-Action
4,4,0xF2,2,3.996399,Match,Match,rrrrbbbdr,180,"{'1': 304.09194055990326, '2': 124.09194055990326}",No-Action
4,5,0xF2,2,2.258026,Match,Match,ddbbddddl,60,"{'1': 51.39973507264532, '2': 351.39973507264534}",No-Action
4,6,0xF2,2,1.154861,Match,Match,rrrrbbbdr,0,"{'1': 128.50402536639388, '2': 128.50402536639388}",No-Action
4,7,0xF2,2,1.019806,Match,Match,ffuulllbb,0,"{'1': 151.05211282187008, '2': 151.05211282187008}",No-Action
4,8,0xF2,2,1.647079,Match,Match,rbbbbbbub,0,"{'1': 67.47656459594786, '2': 67.47656459594786}",No-Action
4,9,0xF2,2,3.414215,Match,Match,lllbbbluu,180,"{'1': 223.27059667450027, '2': 43.27059667450027}",No-Action
4,10,0xF2,2,1.229401,Match,Match,rrrrbbbdr,0,"{'1': 119.39171623680613, '2': 119.39171623680613}",No-Action
4,11,0xF2,2,3.626343,Match,Match,llbbbbbru,180,"{'1': 320.5405542825008, '2': 140.5405542825008}",No-Action
4,12,0xF2,2,1.54776,Match,Match,bbbdddrrb,0,"{'1': 339.6540141721071, '2': 339.6540141721071}",No-Action
4,13,0xF2,2,1.686584,Match,Match,ffuulllbb,60,"{'1': 238.25576979704107, '2': 298.25576979704107}",No-Action
4,14,0xF2,2,1.398834,Match,Match,bbddbblll,0,"{'1': 56.46258018039333, '2': 56.46258018039333}",No-Action
4,15,0xF2,2,2.072464,Match,Match,ffuulllbb,180,"{'1': 324.4405639480044, '2': 144.4405639480044}",No-Action
4,16,0xF2,2,1.435242,Match,Match,llbbbbbru,0,"{'1': 59.737230314385215, '2': 59.737230314385215}",No-Action
4,17,0xF2,2,2.346237,Mismatch,Match,ffffuulff,60,"{'1': 128.11380594667577, '2': 68.11380594667577}",No-Action
4,18,0xF2,2,1.227539,Match,Match,bbbdddrrb,0,"{'1': 62.962237572266424, '2': 62.962237572266424}",No-Action
4,19,0xF2,2,1.682938,Match,Match,bdddbllll,120,"{'1': 105.49823388367147, '2': 225.49823388367147}",No-Action
4,20,0xF2,2,2.82431,Match,Match,bbbdddrrb,180,"{'1': 198.73080974903075, '2': 18.730809749030755}",No-Action
4,21,0xF2,2,2.798965,Match,Match,rrrbbbddb,120,"{'1': 74.4947671598909, '2': 314.4947671598909}",No-Action
4,22,0xF2,2,2.073196,Match,Match,rbbbbbbub,120,"{'1': 72.4788232515303, '2': 312.4788232515303}",No-Action
4,23,0xF2,2,1.47197,Match,Match,bbbdddrrb,60,"{'1': 33.12076335100871, '2': 93.12076335100872}",No-Action
4,24,0xF2,2,1.183929,Match,Match,ffuubllll,0,"{'1': 206.2812260441882, '2': 206.2812260441882}",No-Action
4,25,0xF2,2,2.147797,Mismatch,Mismatch,uuubbrrrf,120,"{'1': 213.93424797895204, '2': 333.93424797895204}",No-Action
4,26,0xF2,2,1.525452,Mismatch,Mismatch,ddbbddddl,120,"{'1': 160.85579308718528, '2': 280.85579308718525}",No-Action
4,27,0xF2,2,1.589005,Mismatch,Mismatch,uuubbrrrf,180,"{'1': 144.22180622868865, '2': 324.22180622868865}",No-Action
4,28,0xF2,2,2.203339,Mismatch,Mismatch,rbbbbbbub,0,"{'1': 322.20147016789804, '2': 322.20147016789804}",No-Action
4,29,0xF2,2,2.560165,Mismatch,Mismatch,bbdddbrrr,180,"{'1': 55.07087187033835, '2': 235.07087187033835}",No-Action
4,30,0xF2,2,2.229752,Mismatch,Mismatch,llbbbbbru,60,"{'1': 292.7549137362043, '2': 232.7549137362043}",No-Action
4,31,0xF2,2,2.20108,Mismatch,Mismatch,ffuulllbb,0,"{'1': 216.3213066188214, '2': 216.3213066188214}",No-Action
4,32,0xF2,2,2.534943,Mismatch,Mismatch,bddrddddd,0,"{'1': 304.54398590382146, '2': 304.54398590382146}",No-Action
4,33,0xF2,2,3.339706,Mismatch,Mismatch,ffuubrrrr,60,"{'1': 138.43345805264732, '2': 198.43345805264732}",No-Action
4,34,0xF2,2,1.582611,Mismatch,Mismatch,uubbbbruu,180,"{'1': 72.32518596984758, '2': 252.32518596984758}",No-Action
4,35,0xF2,2,2.171509,Mismatch,Mismatch,ffuubrrrr,0,"{'1': 250.0897994531973, '2': 250.0897994531973}",No-Action
4,36,0xF2,2,2.809662,Mismatch,Mismatch,dbbbblllu,180,"{'1': 58.95692502486601, '2': 238.956925024866}",No-Action
4,37,0xF2,2,2.865982,Mismatch,Mismatch,bbbdddrrb,180,"{'1': 331.09243267668626, '2': 151.09243267668626}",No-Action
4,38,0xF2,2,3.56192,Mismatch,Mismatch,ffuubrrrr,180,"{'1': 290.2919120531361, '2': 110.29191205313612}",No-Action
4,39,0xF2,2,1.995056,Match,Mismatch,uuuubbbur,0,"{'1': 217.9391467494666, '2': 217.9391467494666}",No-Action
4,40,0xF2,2,2.13205,Mismatch,Mismatch,bdddddfll,60,"{'1': 29.99475420499872, '2': 329.99475420499874}",No-Action
4,41,0xF2,2,1.492279,Mismatch,Mismatch,rrrbbbddb,0,"{'1': 286.7657186054479, '2': 286.7657186054479}",No-Action
4,42,0xF2,2,3.990814,Mismatch,Mismatch,rrrrbbbdr,120,"{'1': 340.8552567991119, '2': 220.8552567991119}",No-Action
4,43,0xF2,2,2.312561,Mismatch,Mismatch,bbdddbrrr,180,"{'1': 162.4504655746141, '2': 342.4504655746141}",No-Action
4,44,0xF2,2,2.35231,Mismatch,Mismatch,lllllbbul,180,"{'1': 203.17578337818736, '2': 23.17578337818736}",No-Action
4,45,0xF2,2,1.62915,Mismatch,Mismatch,lllbbbubb,180,"{'1': 337.03440975231257, '2': 157.03440975231257}",No-Action
4,46,0xF2,2,2.184601,Mismatch,Mismatch,ffffuulff,60,"{'1': 134.33201062548548, '2': 74.33201062548548}",No-Action
4,47,0xF2,2,4.336395,Mismatch,Mismatch,dbbbblllu,60,"{'1': 201.79349342356906, '2': 261.7934934235691}",No-Action
4,48,0xF2,2,1.836365,Mismatch,Mismatch,bddddddrd,60,"{'1': 200.01843252943627, '2': 260.01843252943627}",No-Action
4,49,0xF2,2,1.542358,Mismatch,Mismatch,rbbbbbbub,120,"{'1': 328.5853477843259, '2': 88.5853477843259}",No-Action
5,0,0xFD,1,2.215027,Match,Match,bbddbblll,180,"{'1': 315.30876705875914, '2': 135.30876705875914}",No-Action
5,1,0xFD,1,2.530212,Match,Match,ffuulllbb,120,"{'1': 197.3107371694543, '2': 77.31073716945434}",No-Action
5,2,0xFD,1,2.263977,Match,Match,uuuubbbur,60,"{'1': 231.27511620163756, '2': 291.27511620163756}",No-Action
5,3,0xFD,1,3.434692,Match,Match,lbbddllll,60,"{'1': 40.56839166257606, '2': 340.56839166257606}",No-Action
5,4,0xFD,1,2.933167,Match,Match,lbbddllll,0,"{'1': 50.10220194008181, '2': 50.10220194008181}",No-Action
5,5,0xFD,1,3.854248,Match,Match,bddrddddd,120,"{'1': 66.78189000657758, '2': 306.78189000657756}",No-Action
5,6,0xFD,1,1.980927,Match,Match,ffuulllbb,60,"{'1': 109.34564071492241, '2': 169.3456407149224}",No-Action
5,7,0xFD,1,1.861572,Match,Match,rbbbdddff,120,"{'1': 130.49995340204288, '2': 10.499953402042877}",No-Action
5,8,0xFD,1,2.321167,Match,Match,rrrbbbddb,0,"{'1': 74.03304278999094, '2': 74.03304278999094}",No-Action
5,9,0xFD,1,3.932983,Match,Match,bdddddfll,60,"{'1': 124.18790901317558, '2': 64.18790901317558}",No-Action
5,10,0xFD,1,1.245056,Match,Match,rbbbbbldd,0,"{'1': 204.65238846055797, '2': 204.65238846055797}",No-Action
5,11,0xFD,1,2.045654,Match,Match,ffuuuurrf,60,"{'1': 339.30144148243784, '2': 279.30144148243784}",No-Action
5,12,0xFD,1,1.346863,Match,Match,bdddbllll,0,"{'1': 227.23092463341032, '2': 227.23092463341032}",No-Action
5,13,0xFD,1,2.291504,Match,Match,ffuuuurrf,120,"{'1': 66.24986329575583, '2': 186.24986329575583}",No-Action
5,14,0xFD,1,4.426697,Match,Match,bddrddddd,180,"{'1': 324.1287128877964, '2': 144.12871288779638}",No-Action
5,15,0xFD,1,4.74231,Match,Match,rrrbbbddb,60,"{'1': 20.78654450879716, '2': 320.7865445087972}",No-Action
5,16,0xFD,1,4.829285,Match,Match,llbbbbbru,120,"{'1': 337.1362721077407, '2': 217.13627210774067}",No-Action
5,17,0xFD,1,2.286865,Match,Match,ffuubrrrr,60,"{'1': 222.1015434796796, '2': 282.1015434796796}",No-Action
5,18,0xFD,1,2.853027,Match,Match,bbddbblll,180,"{'1': 323.8362123068004, '2': 143.8362123068004}",No-Action
5,19,0xFD,1,3.144257,Match,Match,ffuuuurrf,120,"{'1': 299.1264029932808, '2': 59.12640299328079}",No-Action
5,20,0xFD,1,5.218994,Match,Match,rbbbbbbub,120,"{'1': 161.8952181803216, '2': 41.89521818032159}",No-Action
5,21,0xFD,1,3.114075,Mismatch,Match,llbbbbbru,120,"{'1': 344.9475495811423, '2': 224.94754958114234}",No-Action
5,22,0xFD,1,2.572083,Match,Match,bddddddrd,0,"{'1': 50.36266026622357, '2': 50.36266026622357}",No-Action
5,23,0xFD,1,2.647705,Match,Match,bbbdddrrb,0,"{'1': 201.43893210030396, '2': 201.43893210030396}",No-Action
5,24,0xFD,1,2.598358,Mismatch,Match,uubbbrrrb,180,"{'1': 55.070875370514074, '2': 235.07087537051407}",No-Action
5,25,0xFD,1,5.367432,Mismatch,Mismatch,bddddddrd,180,"{'1': 128.12205955971416, '2': 308.12205955971416}",No-Action
5,26,0xFD,1,3.68512,Mismatch,Mismatch,rrrrbbbdr,0,"{'1': 124.92721490562091, '2': 124.92721490562091}",No-Action
5,27,0xFD,1,2.222961,Mismatch,Mismatch,ffuubrrrr,60,"{'1': 206.20660411733138, '2': 266.2066041173314}",No-Action
5,28,0xFD,1,4.747253,Mismatch,Mismatch,rbbbdddff,60,"{'1': 289.5332092130355, '2': 349.5332092130355}",No-Action
5,29,0xFD,1,4.312561,Match,Mismatch,uubbbbruu,0,"{'1': 62.74224955292495, '2': 62.74224955292495}",No-Action
5,30,0xFD,1,3.309814,Mismatch,Mismatch,rrrrbbbdr,120,"{'1': 246.8747450391303, '2': 6.874745039130275}",No-Action
5,31,0xFD,1,3.473328,Mismatch,Mismatch,bbdddbrrr,180,"{'1': 242.4605042219436, '2': 62.46050422194361}",No-Action
5,32,0xFD,1,1.873901,Mismatch,Mismatch,lllllbbul,0,"{'1': 226.33120364797915, '2': 226.33120364797915}",No-Action
5,33,0xFD,1,4.26535,Mismatch,Mismatch,ffuubrrrr,0,"{'1': 113.72457940279365, '2': 113.72457940279365}",No-Action
5,34,0xFD,1,4.385437,Mismatch,Mismatch,bddrddddd,120,"{'1': 65.08273868907158, '2': 185.08273868907156}",No-Action
5,35,0xFD,1,1.316956,Mismatch,Mismatch,bdddllbbb,60,"{'1': 308.5883654121912, '2': 248.58836541219117}",No-Action
5,36,0xFD,1,3.113434,Mismatch,Mismatch,ddbbddddl,0,"{'1': 125.21857502276171, '2': 125.21857502276171}",No-Action
5,37,0xFD,1,1.690918,Mismatch,Mismatch,bddrbbbbb,60,"{'1': 314.67934070945427, '2': 254.67934070945427}",No-Action
5,38,0xFD,1,4.397827,Mismatch,Mismatch,ffuulllbb,0,"{'1': 142.60164994117167, '2': 142.60164994117167}",No-Action
5,39,0xFD,1,2.379181,Mismatch,Mismatch,bddrbbbbb,60,"{'1': 297.9093840424906, '2': 237.90938404249061}",No-Action
5,40,0xFD,1,3.042847,Mismatch,Mismatch,bddddddrd,120,"{'1': 130.6822540982511, '2': 250.6822540982511}",No-Action
5,41,0xFD,1,2.31076,Mismatch,Mismatch,ddbbddddl,0,"{'1': 147.1610739618407, '2': 147.1610739618407}",No-Action
5,42,0xFD,1,3.575317,Mismatch,Mismatch,lllbbbluu,60,"{'1': 148.3178032386795, '2': 88.31780323867949}",No-Action
5,43,0xFD,1,5.885101,Mismatch,Mismatch,bdddddfll,120,"{'1': 32.4001609445189, '2': 152.40016094451892}",No-Action
5,44,0xFD,1,2.501129,Mismatch,Mismatch,bddddddrd,60,"{'1': 247.26635162871762, '2': 187.26635162871762}",No-Action
5,45,0xFD,1,2.226379,Mismatch,Mismatch,bbddbblll,180,"{'1': 299.70333809089504, '2': 119.70333809089502}",No-Action
5,46,0xFD,1,1.883667,Mismatch,Mismatch,bdddbllll,60,"{'1': 120.74459856735571, '2': 60.74459856735571}",No-Action
5,47,0xFD,1,2.502319,Mismatch,Mismatch,bdddllbbb,180,"{'1': 29.840007912279223, '2': 209.84000791227922}",No-Action
5,48,0xFD,1,4.065186,Mismatch,Mismatch,bbdddbrrr,120,"{'1': 115.24259211799024, '2': 355.2425921179902}",No-Action
5,49,0xFD,1,3.841736,Mismatch,Mismatch,uuuuubbul,60,"{'1': 66.18386454615198, '2': 126.18386454615198}",No-Action
6,0,0xFD,2,4.657593,Match,Match,bbddbblll,180,"{'1': 315.30876705875914, '2': 135.30876705875914}",No-Action
6,1,0xFD,2,3.622253,Match,Match,ffuulllbb,120,"{'1': 197.3107371694543, '2': 77.31073716945434}",No-Action
6,2,0xFD,2,3.759583,Match,Match,uuuubbbur,60,"{'1': 231.27511620163756, '2': 291.27511620163756}",No-Action
6,3,0xFD,2,4.767639,Match,Match,lbbddllll,60,"{'1': 40.56839166257606, '2': 340.56839166257606}",No-Action
6,4,0xFD,2,4.506836,Match,Match,lbbddllll,0,"{'1': 50.10220194008181, '2': 50.10220194008181}",No-Action
6,5,0xFD,2,3.449951,Match,Match,bddrddddd,120,"{'1': 66.78189000657758, '2': 306.78189000657756}",No-Action
6,6,0xFD,2,2.887207,Match,Match,ffuulllbb,60,"{'1': 109.34564071492241, '2': 169.3456407149224}",No-Action
6,7,0xFD,2,5.655518,Match,Match,rbbbdddff,120,"{'1': 130.49995340204288, '2': 10.499953402042877}",No-Action
6,8,0xFD,2,3.669189,Match,Match,rrrbbbddb,0,"{'1': 74.03304278999094, '2': 74.03304278999094}",No-Action
6,9,0xFD,2,3.830811,Match,Match,bdddddfll,60,"{'1': 124.18790901317558, '2': 64.18790901317558}",No-Action
6,10,0xFD,2,2.951721,Match,Match,rbbbbbldd,0,"{'1': 204.65238846055797, '2': 204.65238846055797}",No-Action
6,11,0xFD,2,3.141663,Match,Match,ffuuuurrf,60,"{'1': 339.30144148243784, '2': 279.30144148243784}",No-Action
6,12,0xFD,2,2.863464,Match,Match,bdddbllll,0,"{'1': 227.23092463341032, '2': 227.23092463341032}",No-Action
6,13,0xFD,2,6.390137,Match,Match,ffuuuurrf,120,"{'1': 66.24986329575583, '2': 186.24986329575583}",No-Action
6,14,0xFD,2,10.47888,Match,Match,bddrddddd,180,"{'1': 324.1287128877964, '2': 144.12871288779638}",No-Action
6,15,0xFD,2,3.192932,Match,Match,rrrbbbddb,60,"{'1': 20.78654450879716, '2': 320.7865445087972}",No-Action
6,16,0xFD,2,3.657104,Match,Match,llbbbbbru,120,"{'1': 337.1362721077407, '2': 217.13627210774067}",No-Action
6,17,0xFD,2,3.410522,Match,Match,ffuubrrrr,60,"{'1': 222.1015434796796, '2': 282.1015434796796}",No-Action
6,18,0xFD,2,5.034302,Match,Match,bbddbblll,180,"{'1': 323.8362123068004, '2': 143.8362123068004}",No-Action
6,19,0xFD,2,3.458801,Match,Match,ffuuuurrf,120,"{'1': 299.1264029932808, '2': 59.12640299328079}",No-Action
6,20,0xFD,2,6.645325,Match,Match,rbbbbbbub,120,"{'1': 161.8952181803216, '2': 41.89521818032159}",No-Action
6,21,0xFD,2,3.705383,Match,Match,llbbbbbru,120,"{'1': 344.9475495811423, '2': 224.94754958114234}",No-Action
6,22,0xFD,2,2.96106,Match,Match,bddddddrd,0,"{'1': 50.36266026622357, '2': 50.36266026622357}",No-Action
6,23,0xFD,2,2.45105,Match,Match,bbbdddrrb,0,"{'1': 201.43893210030396, '2': 201.43893210030396}",No-Action
6,24,0xFD,2,7.909302,Match,Match,uubbbrrrb,180,"{'1': 55.070875370514074, '2': 235.07087537051407}",No-Action
6,25,0xFD,2,2.930481,Mismatch,Mismatch,bddddddrd,180,"{'1': 128.12205955971416, '2': 308.12205955971416}",No-Action
6,26,0xFD,2,3.642456,Mismatch,Mismatch,rrrrbbbdr,0,"{'1': 124.92721490562091, '2': 124.92721490562091}",No-Action
6,27,0xFD,2,5.663635,Mismatch,Mismatch,ffuubrrrr,60,"{'1': 206.20660411733138, '2': 266.2066041173314}",No-Action
6,28,0xFD,2,4.894897,Mismatch,Mismatch,rbbbdddff,60,"{'1': 289.5332092130355, '2': 349.5332092130355}",No-Action
6,29,0xFD,2,7.251953,Mismatch,Mismatch,uubbbbruu,0,"{'1': 62.74224955292495, '2': 62.74224955292495}",No-Action
6,30,0xFD,2,11.05933,Mismatch,Mismatch,rrrrbbbdr,120,"{'1': 246.8747450391303, '2': 6.874745039130275}",No-Action
6,31,0xFD,2,4.048523,Mismatch,Mismatch,bbdddbrrr,180,"{'1': 242.4605042219436, '2': 62.46050422194361}",No-Action
6,32,0xFD,2,4.118225,Mismatch,Mismatch,lllllbbul,0,"{'1': 226.33120364797915, '2': 226.33120364797915}",No-Action
6,33,0xFD,2,4.328125,Mismatch,Mismatch,ffuubrrrr,0,"{'1': 113.72457940279365, '2': 113.72457940279365}",No-Action
6,34,0xFD,2,4.42572,Mismatch,Mismatch,bddrddddd,120,"{'1': 65.08273868907158, '2': 185.08273868907156}",No-Action
6,35,0xFD,2,5.698059,Mismatch,Mismatch,bdddllbbb,60,"{'1': 308.5883654121912, '2': 248.58836541219117}",No-Action
6,36,0xFD,2,6.242615,Mismatch,Mismatch,ddbbddddl,0,"{'1': 125.21857502276171, '2': 125.21857502276171}",No-Action
6,37,0xFD,2,8.664063,Mismatch,Mismatch,bddrbbbbb,60,"{'1': 314.67934070945427, '2': 254.67934070945427}",No-Action
6,38,0xFD,2,7.810486,Mismatch,Mismatch,ffuulllbb,0,"{'1': 142.60164994117167, '2': 142.60164994117167}",No-Action
6,39,0xFD,2,6.136597,Mismatch,Mismatch,bddrbbbbb,60,"{'1': 297.9093840424906, '2': 237.90938404249061}",No-Action
6,40,0xFD,2,6.767761,Mismatch,Mismatch,bddddddrd,120,"{'1': 130.6822540982511, '2': 250.6822540982511}",No-Action
6,41,0xFD,2,7.103027,Mismatch,Mismatch,ddbbddddl,0,"{'1': 147.1610739618407, '2': 147.1610739618407}",No-Action
6,42,0xFD,2,5.355652,Mismatch,Mismatch,lllbbbluu,60,"{'1': 148.3178032386795, '2': 88.31780323867949}",No-Action
6,43,0xFD,2,4.920166,Mismatch,Mismatch,bdddddfll,120,"{'1': 32.4001609445189, '2': 152.40016094451892}",No-Action
6,44,0xFD,2,5.661316,Mismatch,Mismatch,bddddddrd,60,"{'1': 247.26635162871762, '2': 187.26635162871762}",No-Action
6,45,0xFD,2,5.131775,Mismatch,Mismatch,bbddbblll,180,"{'1': 299.70333809089504, '2': 119.70333809089502}",No-Action
6,46,0xFD,2,3.160889,Mismatch,Mismatch,bdddbllll,60,"{'1': 120.74459856735571, '2': 60.74459856735571}",No-Action
6,47,0xFD,2,3.981262,Mismatch,Mismatch,bdddllbbb,180,"{'1': 29.840007912279223, '2': 209.84000791227922}",No-Action
6,48,0xFD,2,2.541077,Mismatch,Mismatch,bbdddbrrr,120,"{'1': 115.24259211799024, '2': 355.2425921179902}",No-Action
6,49,0xFD,2,3.486206,Mismatch,Mismatch,uuuuubbul,60,"{'1': 66.18386454615198, '2': 126.18386454615198}",No-Action
7,0,0x53,1,2.180908,Mismatch,Match,uubbbrrrb,180,"{'1': 160.83256037875475, '2': 340.83256037875475}",No-Action
7,1,0x53,1,1.811279,Match,Match,bbbdddrrb,60,"{'1': 297.0526715508145, '2': 237.05267155081452}",No-Action
7,2,0x53,1,2.266602,Match,Match,lllbbbubb,180,"{'1': 73.56548998781912, '2': 253.56548998781912}",No-Action
7,3,0x53,1,1.574707,Match,Match,ffuuuurrf,0,"{'1': 23.282554720997183, '2': 23.282554720997183}",No-Action
7,4,0x53,1,1.9646,Match,Match,bdddddfll,60,"{'1': 320.8989396087263, '2': 260.8989396087263}",No-Action
7,5,0x53,1,1.546143,Match,Match,llbbbbbru,60,"{'1': 154.53545241524535, '2': 94.53545241524535}",No-Action
7,6,0x53,1,1.786621,Match,Match,lllllbbul,0,"{'1': 235.19481536945403, '2': 235.19481536945403}",No-Action
7,7,0x53,1,1.61084,Match,Match,bddrbbbbb,0,"{'1': 293.9502017183571, '2': 293.9502017183571}",No-Action
7,8,0x53,1,1.963867,Match,Match,lllbbbluu,120,"{'1': 49.004933720925365, '2': 169.00493372092535}",No-Action
7,9,0x53,1,2.356934,Match,Match,lllbbbubb,180,"{'1': 312.57481992843844, '2': 132.57481992843842}",No-Action
7,10,0x53,1,2.896973,Match,Match,rrrbbbddb,180,"{'1': 130.03348319557549, '2': 310.0334831955755}",No-Action
7,11,0x53,1,1.887207,Match,Match,rbbbbbldd,120,"{'1': 333.4370891178977, '2': 93.43708911789771}",No-Action
7,12,0x53,1,1.979492,Match,Match,llbbbrruu,180,"{'1': 48.150524802825046, '2': 228.15052480282503}",No-Action
7,13,0x53,1,1.385742,Match,Match,lllllbbul,60,"{'1': 117.20635363661125, '2': 57.206353636611254}",No-Action
7,14,0x53,1,3.699219,Match,Match,lllllbbul,180,"{'1': 247.03421990315496, '2': 67.03421990315496}",No-Action
7,15,0x53,1,1.898193,Match,Match,rrrrbbbdr,60,"{'1': 60.6720246388287, '2': 0.6720246388287023}",No-Action
7,16,0x53,1,2.661865,Match,Match,uuuuubbul,60,"{'1': 206.5426578330488, '2': 266.5426578330488}",No-Action
7,17,0x53,1,1.781738,Match,Match,bddrbbbbb,120,"{'1': 288.7000593936109, '2': 48.7000593936109}",No-Action
7,18,0x53,1,1.436523,Match,Match,rrrrbbbdr,0,"{'1': 22.276631744938747, '2': 22.276631744938747}",No-Action
7,19,0x53,1,2.006592,Match,Match,bdddbllll,120,"{'1': 120.91586715760242, '2': 0.9158671576024204}",No-Action
7,20,0x53,1,2.832031,Match,Match,uubbbrrrb,120,"{'1': 236.45600181787148, '2': 116.45600181787148}",No-Action
7,21,0x53,1,1.681885,Match,Match,bdddbllll,120,"{'1': 297.9629521630802, '2': 177.96295216308025}",No-Action
7,22,0x53,1,2.02124,Match,Match,lbbddllll,120,"{'1': 328.42560545831884, '2': 208.42560545831884}",No-Action
7,23,0x53,1,1.802246,Match,Match,bdddbllll,0,"{'1': 117.94234251970374, '2': 117.94234251970374}",No-Action
7,24,0x53,1,2.121094,Match,Match,ffuuuurrf,60,"{'1': 238.03031525122972, '2': 178.03031525122972}",No-Action
7,25,0x53,1,2.491455,Mismatch,Mismatch,rbbbbbbub,60,"{'1': 343.43492894494125, '2': 43.43492894494126}",No-Action
7,26,0x53,1,2.485352,Mismatch,Mismatch,lllllbbul,60,"{'1': 207.31121944602046, '2': 147.31121944602046}",No-Action
7,27,0x53,1,2.231445,Mismatch,Mismatch,ddbbddddl,180,"{'1': 286.02115239405117, '2': 106.02115239405117}",No-Action
7,28,0x53,1,2.366211,Mismatch,Mismatch,llbbbbbru,120,"{'1': 59.32949026541962, '2': 179.32949026541962}",No-Action
7,29,0x53,1,1.852539,Mismatch,Mismatch,uuuubbbur,60,"{'1': 53.50236138222004, '2': 113.50236138222004}",No-Action
7,30,0x53,1,2.632813,Mismatch,Mismatch,dbbbblllu,60,"{'1': 232.97719760635076, '2': 292.9771976063507}",No-Action
7,31,0x53,1,5.142578,Mismatch,Mismatch,uubbbrrrb,180,"{'1': 211.45138783587447, '2': 31.45138783587447}",No-Action
7,32,0x53,1,3.228027,Mismatch,Mismatch,lbbddllll,180,"{'1': 131.31629236446844, '2': 311.31629236446844}",No-Action
7,33,0x53,1,2.883789,Mismatch,Mismatch,ffuubllll,120,"{'1': 246.59987517738313, '2': 6.599875177383112}",No-Action
7,34,0x53,1,2.993652,Mismatch,Mismatch,bbdddbrrr,120,"{'1': 51.1903238702573, '2': 171.19032387025732}",No-Action
7,35,0x53,1,3.000244,Mismatch,Mismatch,bbddbblll,120,"{'1': 292.0774989103786, '2': 52.07749891037858}",No-Action
7,36,0x53,1,2.453125,Mismatch,Mismatch,bddrddddd,60,"{'1': 110.418110027414, '2': 50.418110027414}",No-Action
7,37,0x53,1,2.920654,Mismatch,Mismatch,ffffuulff,180,"{'1': 112.1103209577726, '2': 292.1103209577726}",No-Action
7,38,0x53,1,5.522705,Mismatch,Mismatch,ddbbddddl,120,"{'1': 116.64804906440489, '2': 236.6480490644049}",No-Action
7,39,0x53,1,2.507324,Mismatch,Mismatch,rrrrbbbdr,120,"{'1': 325.1474160676428, '2': 205.14741606764278}",No-Action
7,40,0x53,1,1.670898,Mismatch,Mismatch,lllbbbubb,120,"{'1': 44.909780615892714, '2': 164.9097806158927}",No-Action
7,41,0x53,1,3.24707,Mismatch,Mismatch,lllbbbluu,180,"{'1': 204.88606613223055, '2': 24.886066132230553}",No-Action
7,42,0x53,1,2.995117,Mismatch,Mismatch,uuubbrrrf,0,"{'1': 65.34944784418846, '2': 65.34944784418846}",No-Action
7,43,0x53,1,2.224609,Mismatch,Mismatch,rbbbdddff,120,"{'1': 226.29585152890144, '2': 346.29585152890144}",No-Action
7,44,0x53,1,1.982178,Mismatch,Mismatch,uuuuubbul,60,"{'1': 295.1931645100793, '2': 235.19316451007936}",No-Action
7,45,0x53,1,1.8396,Mismatch,Mismatch,uuuuubbul,0,"{'1': 223.99012792039952, '2': 223.99012792039952}",No-Action
7,46,0x53,1,3.503662,Mismatch,Mismatch,llbbbrruu,0,"{'1': 312.87503941977366, '2': 312.87503941977366}",No-Action
7,47,0x53,1,2.047852,Mismatch,Mismatch,lllbbbubb,180,"{'1': 49.8443240651041, '2': 229.8443240651041}",No-Action
7,48,0x53,1,3.23291,Mismatch,Mismatch,rbbbbbbub,0,"{'1': 210.27064945180683, '2': 210.27064945180683}",No-Action
7,49,0x53,1,1.813477,Mismatch,Mismatch,ddbbddddl,180,"{'1': 226.14754278696023, '2': 46.14754278696023}",No-Action
8,0,0x53,2,4.04277,Mismatch,Match,uubbbrrrb,180,"{'1': 160.83256037875475, '2': 340.83256037875475}",No-Action
8,1,0x53,2,4.081604,Match,Match,bbbdddrrb,60,"{'1': 297.0526715508145, '2': 237.05267155081452}",No-Action
8,2,0x53,2,2.101654,Match,Match,lllbbbubb,180,"{'1': 73.56548998781912, '2': 253.56548998781912}",No-Action
8,3,0x53,2,1.94751,Match,Match,ffuuuurrf,0,"{'1': 23.282554720997183, '2': 23.282554720997183}",No-Action
8,4,0x53,2,1.703384,Match,Match,bdddddfll,60,"{'1': 320.8989396087263, '2': 260.8989396087263}",No-Action
8,5,0x53,2,2.751099,Match,Match,llbbbbbru,60,"{'1': 154.53545241524535, '2': 94.53545241524535}",No-Action
8,6,0x53,2,2.66745,Match,Match,lllllbbul,0,"{'1': 235.19481536945403, '2': 235.19481536945403}",No-Action
8,7,0x53,2,2.633331,Match,Match,bddrbbbbb,0,"{'1': 293.9502017183571, '2': 293.9502017183571}",No-Action
8,8,0x53,2,4.810822,Match,Match,lllbbbluu,120,"{'1': 49.004933720925365, '2': 169.00493372092535}",No-Action
8,9,0x53,2,2.536896,Match,Match,lllbbbubb,180,"{'1': 312.57481992843844, '2': 132.57481992843842}",No-Action
8,10,0x53,2,2.476196,Match,Match,rrrbbbddb,180,"{'1': 130.03348319557549, '2': 310.0334831955755}",No-Action
8,11,0x53,2,2.327576,Match,Match,rbbbbbldd,120,"{'1': 333.4370891178977, '2': 93.43708911789771}",No-Action
8,12,0x53,2,1.858093,Match,Match,llbbbrruu,180,"{'1': 48.150524802825046, '2': 228.15052480282503}",No-Action
8,13,0x53,2,2.642151,Match,Match,lllllbbul,60,"{'1': 117.20635363661125, '2': 57.206353636611254}",No-Action
8,14,0x53,2,3.59845,Match,Match,lllllbbul,180,"{'1': 247.03421990315496, '2': 67.03421990315496}",No-Action
8,15,0x53,2,2.572693,Match,Match,rrrrbbbdr,60,"{'1': 60.6720246388287, '2': 0.6720246388287023}",No-Action
8,16,0x53,2,1.600616,Match,Match,uuuuubbul,60,"{'1': 206.5426578330488, '2': 266.5426578330488}",No-Action
8,17,0x53,2,2.053314,Match,Match,bddrbbbbb,120,"{'1': 288.7000593936109, '2': 48.7000593936109}",No-Action
8,18,0x53,2,1.425964,Match,Match,rrrrbbbdr,0,"{'1': 22.276631744938747, '2': 22.276631744938747}",No-Action
8,19,0x53,2,5.314941,Match,Match,bdddbllll,120,"{'1': 120.91586715760242, '2': 0.9158671576024204}",No-Action
8,20,0x53,2,1.84285,Mismatch,Match,uubbbrrrb,120,"{'1': 236.45600181787148, '2': 116.45600181787148}",No-Action
8,21,0x53,2,1.934021,Match,Match,bdddbllll,120,"{'1': 297.9629521630802, '2': 177.96295216308025}",No-Action
8,22,0x53,2,1.766235,Mismatch,Match,lbbddllll,120,"{'1': 328.42560545831884, '2': 208.42560545831884}",No-Action
8,23,0x53,2,1.586426,Match,Match,bdddbllll,0,"{'1': 117.94234251970374, '2': 117.94234251970374}",No-Action
8,24,0x53,2,2.707886,Match,Match,ffuuuurrf,60,"{'1': 238.03031525122972, '2': 178.03031525122972}",No-Action
8,25,0x53,2,3.174225,Match,Mismatch,rbbbbbbub,60,"{'1': 343.43492894494125, '2': 43.43492894494126}",No-Action
8,26,0x53,2,3.118469,Mismatch,Mismatch,lllllbbul,60,"{'1': 207.31121944602046, '2': 147.31121944602046}",No-Action
8,27,0x53,2,2.214401,Mismatch,Mismatch,ddbbddddl,180,"{'1': 286.02115239405117, '2': 106.02115239405117}",No-Action
8,28,0x53,2,2.825363,Mismatch,Mismatch,llbbbbbru,120,"{'1': 59.32949026541962, '2': 179.32949026541962}",No-Action
8,29,0x53,2,1.391693,Mismatch,Mismatch,uuuubbbur,60,"{'1': 53.50236138222004, '2': 113.50236138222004}",No-Action
8,30,0x53,2,3.030609,Mismatch,Mismatch,dbbbblllu,60,"{'1': 232.97719760635076, '2': 292.9771976063507}",No-Action
8,31,0x53,2,3.781067,Mismatch,Mismatch,uubbbrrrb,180,"{'1': 211.45138783587447, '2': 31.45138783587447}",No-Action
8,32,0x53,2,4.352814,Mismatch,Mismatch,lbbddllll,180,"{'1': 131.31629236446844, '2': 311.31629236446844}",No-Action
8,33,0x53,2,4.288895,Match,Mismatch,ffuubllll,120,"{'1': 246.59987517738313, '2': 6.599875177383112}",No-Action
8,34,0x53,2,1.933624,Mismatch,Mismatch,bbdddbrrr,120,"{'1': 51.1903238702573, '2': 171.19032387025732}",No-Action
8,35,0x53,2,3.662872,Mismatch,Mismatch,bbddbblll,120,"{'1': 292.0774989103786, '2': 52.07749891037858}",No-Action
8,36,0x53,2,2.326813,Mismatch,Mismatch,bddrddddd,60,"{'1': 110.418110027414, '2': 50.418110027414}",No-Action
8,37,0x53,2,1.571686,Mismatch,Mismatch,ffffuulff,180,"{'1': 112.1103209577726, '2': 292.1103209577726}",No-Action
8,38,0x53,2,3.106995,Mismatch,Mismatch,ddbbddddl,120,"{'1': 116.64804906440489, '2': 236.6480490644049}",No-Action
8,39,0x53,2,4.109528,Match,Mismatch,rrrrbbbdr,120,"{'1': 325.1474160676428, '2': 205.14741606764278}",No-Action
8,40,0x53,2,2.371597,Mismatch,Mismatch,lllbbbubb,120,"{'1': 44.909780615892714, '2': 164.9097806158927}",No-Action
8,41,0x53,2,1.515076,Mismatch,Mismatch,lllbbbluu,180,"{'1': 204.88606613223055, '2': 24.886066132230553}",No-Action
8,42,0x53,2,1.758682,Mismatch,Mismatch,uuubbrrrf,0,"{'1': 65.34944784418846, '2': 65.34944784418846}",No-Action
8,43,0x53,2,1.710358,Mismatch,Mismatch,rbbbdddff,120,"{'1': 226.29585152890144, '2': 346.29585152890144}",No-Action
8,44,0x53,2,2.070953,Mismatch,Mismatch,uuuuubbul,60,"{'1': 295.1931645100793, '2': 235.19316451007936}",No-Action
8,45,0x53,2,3.009674,Mismatch,Mismatch,uuuuubbul,0,"{'1': 223.99012792039952, '2': 223.99012792039952}",No-Action
8,46,0x53,2,7.474609,Match,Mismatch,llbbbrruu,0,"{'1': 312.87503941977366, '2': 312.87503941977366}",No-Action
8,47,0x53,2,2.0495,Mismatch,Mismatch,lllbbbubb,180,"{'1': 49.8443240651041, '2': 229.8443240651041}",No-Action
8,48,0x53,2,3.892822,Mismatch,Mismatch,rbbbbbbub,0,"{'1': 210.27064945180683, '2': 210.27064945180683}",No-Action
8,49,0x53,2,2.063354,Mismatch,Mismatch,ddbbddddl,180,"{'1': 226.14754278696023, '2': 46.14754278696023}",No-Action
9,0,0x51,1,1.732681,Match,Match,ffuubrrrr,60,"{'1': 195.70386133680432, '2': 255.70386133680432}",No-Action
9,1,0x51,1,1.60849,Match,Match,uuuubbbur,0,"{'1': 312.7701316383542, '2': 312.7701316383542}",No-Action
9,2,0x51,1,1.172073,Match,Match,lllllbbul,60,"{'1': 29.341280998280244, '2': 329.34128099828024}",No-Action
9,3,0x51,1,1.28714,Match,Match,ffuubrrrr,0,"{'1': 330.69031886933465, '2': 330.69031886933465}",No-Action
9,4,0x51,1,1.80249,Match,Match,ffuubrrrr,60,"{'1': 214.93411190802072, '2': 154.93411190802072}",No-Action
9,5,0x51,1,2.175446,Match,Match,lllbbbluu,60,"{'1': 239.73272467503972, '2': 179.73272467503972}",No-Action
9,6,0x51,1,2.188782,Match,Match,uubbbrrrb,60,"{'1': 244.97895433135304, '2': 304.97895433135307}",No-Action
9,7,0x51,1,2.108856,Match,Match,ffuulllbb,120,"{'1': 52.410378767534695, '2': 172.4103787675347}",No-Action
9,8,0x51,1,3.052856,Match,Match,bddrbbbbb,60,"{'1': 335.1505592833017, '2': 35.15055928330166}",No-Action
9,9,0x51,1,2.117798,Match,Match,ffuubllll,0,"{'1': 32.44403157116473, '2': 32.44403157116473}",No-Action
9,10,0x51,1,1.658478,Match,Match,lllbbbubb,120,"{'1': 290.95635263390704, '2': 50.95635263390707}",No-Action
9,11,0x51,1,3.538712,Match,Match,uubbbbruu,180,"{'1': 153.15034768376478, '2': 333.1503476837648}",No-Action
9,12,0x51,1,1.916718,Match,Match,llbbbbbru,60,"{'1': 195.74437998246947, '2': 255.74437998246947}",No-Action
9,13,0x51,1,1.549088,Match,Match,ffuubllll,0,"{'1': 241.0541589520444, '2': 241.0541589520444}",No-Action
9,14,0x51,1,1.72757,Match,Match,bbbdddrrb,60,"{'1': 107.48231495232719, '2': 47.48231495232719}",No-Action
9,15,0x51,1,2.311935,Match,Match,bbdddbrrr,120,"{'1': 249.4264059133822, '2': 129.4264059133822}",No-Action
9,16,0x51,1,1.154572,Match,Match,uuuuubbul,0,"{'1': 22.79566675332338, '2': 22.79566675332338}",No-Action
9,17,0x51,1,1.816772,Match,Match,rbbbbbbub,180,"{'1': 119.38859950122885, '2': 299.38859950122884}",No-Action
9,18,0x51,1,2.367615,Mismatch,Match,ffuubrrrr,180,"{'1': 246.0631387963874, '2': 66.06313879638742}",No-Action
9,19,0x51,1,2.635361,Mismatch,Match,lllbbbluu,180,"{'1': 321.44355220255096, '2': 141.44355220255096}",No-Action
9,20,0x51,1,1.594513,Match,Match,lbbddllll,60,"{'1': 290.0181337619581, '2': 350.0181337619581}",No-Action
9,21,0x51,1,2.471268,Mismatch,Match,bdddbllll,60,"{'1': 110.46167343626001, '2': 50.461673436260014}",No-Action
9,22,0x51,1,2.467987,Match,Match,lbbddllll,120,"{'1': 313.4383765630722, '2': 193.43837656307218}",No-Action
9,23,0x51,1,1.804047,Mismatch,Match,dbbbblllu,180,"{'1': 120.4475482455058, '2': 300.4475482455058}",No-Action
9,24,0x51,1,2.332306,Match,Match,ffuubllll,120,"{'1': 53.69971929843738, '2': 293.69971929843734}",No-Action
9,25,0x51,1,1.607422,Mismatch,Mismatch,ffuubllll,120,"{'1': 68.71080515486847, '2': 308.71080515486847}",No-Action
9,26,0x51,1,1.311829,Mismatch,Mismatch,bdddllbbb,60,"{'1': 317.4266219482024, '2': 257.4266219482024}",No-Action
9,27,0x51,1,1.884476,Mismatch,Mismatch,rbbbbbbub,180,"{'1': 287.98179334569033, '2': 107.9817933456903}",No-Action
9,28,0x51,1,2.140045,Mismatch,Mismatch,bdddbllll,120,"{'1': 150.3862870150383, '2': 270.3862870150383}",No-Action
9,29,0x51,1,2.567429,Match,Mismatch,dbbbblllu,180,"{'1': 120.42882292561097, '2': 300.428822925611}",No-Action
9,30,0x51,1,1.609161,Mismatch,Mismatch,ffffuulff,120,"{'1': 123.54031246384658, '2': 243.5403124638466}",No-Action
9,31,0x51,1,1.384048,Match,Mismatch,lllbbbluu,60,"{'1': 46.12999662160868, '2': 106.12999662160868}",No-Action
9,32,0x51,1,2.701477,Mismatch,Mismatch,uuuubbbur,180,"{'1': 250.95775288655915, '2': 70.95775288655913}",No-Action
9,33,0x51,1,1.910461,Mismatch,Mismatch,lllbbbubb,60,"{'1': 251.94154247038333, '2': 311.9415424703833}",No-Action
9,34,0x51,1,3.440048,Mismatch,Mismatch,bbbdddrrb,180,"{'1': 324.9394843715521, '2': 144.9394843715521}",No-Action
9,35,0x51,1,2.047989,Mismatch,Mismatch,uubbbrrrb,180,"{'1': 133.55372738747295, '2': 313.5537273874729}",No-Action
9,36,0x51,1,2.398224,Mismatch,Mismatch,rrrbbbddb,180,"{'1': 319.0383982967115, '2': 139.03839829671148}",No-Action
9,37,0x51,1,1.58017,Mismatch,Mismatch,rbbbbbldd,60,"{'1': 301.1114318946326, '2': 241.11143189463255}",No-Action
9,38,0x51,1,1.510681,Mismatch,Mismatch,ffuubrrrr,120,"{'1': 71.06412712366583, '2': 311.0641271236658}",No-Action
9,39,0x51,1,2.662064,Match,Mismatch,dbbbblllu,180,"{'1': 43.07744783552395, '2': 223.07744783552394}",No-Action
9,40,0x51,1,2.70697,Mismatch,Mismatch,llbbbbbru,60,"{'1': 226.38746715426137, '2': 166.38746715426137}",No-Action
9,41,0x51,1,2.161591,Mismatch,Mismatch,rrrrbbbdr,60,"{'1': 320.23845503998274, '2': 260.23845503998274}",No-Action
9,42,0x51,1,3.063797,Mismatch,Mismatch,ffuuuurrf,60,"{'1': 337.9353354365787, '2': 277.9353354365787}",No-Action
9,43,0x51,1,2.05101,Mismatch,Mismatch,bbbdddrrb,0,"{'1': 313.7327226811985, '2': 313.7327226811985}",No-Action
9,44,0x51,1,1.955551,Mismatch,Mismatch,llbbbbbru,60,"{'1': 23.32066732196461, '2': 323.3206673219646}",No-Action
9,45,0x51,1,1.886627,Mismatch,Mismatch,ffuubrrrr,0,"{'1': 215.3296192682413, '2': 215.3296192682413}",No-Action
9,46,0x51,1,3.596039,Mismatch,Mismatch,uuuubbbur,120,"{'1': 203.66296698343888, '2': 323.6629669834389}",No-Action
9,47,0x51,1,1.663361,Mismatch,Mismatch,lllbbbubb,0,"{'1': 143.35641650229175, '2': 143.35641650229175}",No-Action
9,48,0x51,1,1.56308,Mismatch,Mismatch,bddrbbbbb,180,"{'1': 338.63684917888776, '2': 158.6368491788878}",No-Action
9,49,0x51,1,3.815857,Mismatch,Mismatch,dbbbblllu,180,"{'1': 35.33581675511868, '2': 215.33581675511869}",No-Action
10,0,0x51,2,2.148926,Match,Match,ffuubrrrr,60,"{'1': 195.70386133680432, '2': 255.70386133680432}",No-Action
10,1,0x51,2,1.448776,Match,Match,uuuubbbur,0,"{'1': 312.7701316383542, '2': 312.7701316383542}",No-Action
10,2,0x51,2,1.40683,Match,Match,lllllbbul,60,"{'1': 29.341280998280244, '2': 329.34128099828024}",No-Action
10,3,0x51,2,1.449219,Match,Match,ffuubrrrr,0,"{'1': 330.69031886933465, '2': 330.69031886933465}",No-Action
10,4,0x51,2,1.69516,Match,Match,ffuubrrrr,60,"{'1': 214.93411190802072, '2': 154.93411190802072}",No-Action
10,5,0x51,2,3.239868,Match,Match,lllbbbluu,60,"{'1': 239.73272467503972, '2': 179.73272467503972}",No-Action
10,6,0x51,2,2.412903,Match,Match,uubbbrrrb,60,"{'1': 244.97895433135304, '2': 304.97895433135307}",No-Action
10,7,0x51,2,3.867859,Match,Match,ffuulllbb,120,"{'1': 52.410378767534695, '2': 172.4103787675347}",No-Action
10,8,0x51,2,2.211884,Match,Match,bddrbbbbb,60,"{'1': 335.1505592833017, '2': 35.15055928330166}",No-Action
10,9,0x51,2,1.546326,Match,Match,ffuubllll,0,"{'1': 32.44403157116473, '2': 32.44403157116473}",No-Action
10,10,0x51,2,2.525177,Match,Match,lllbbbubb,120,"{'1': 290.95635263390704, '2': 50.95635263390707}",No-Action
10,11,0x51,2,3.896667,Match,Match,uubbbbruu,180,"{'1': 153.15034768376478, '2': 333.1503476837648}",No-Action
10,12,0x51,2,3.185577,Match,Match,llbbbbbru,60,"{'1': 195.74437998246947, '2': 255.74437998246947}",No-Action
10,13,0x51,2,2.519913,Match,Match,ffuubllll,0,"{'1': 241.0541589520444, '2': 241.0541589520444}",No-Action
10,14,0x51,2,1.886719,Match,Match,bbbdddrrb,60,"{'1': 107.48231495232719, '2': 47.48231495232719}",No-Action
10,15,0x51,2,2.986145,Match,Match,bbdddbrrr,120,"{'1': 249.4264059133822, '2': 129.4264059133822}",No-Action
10,16,0x51,2,1.269409,Match,Match,uuuuubbul,0,"{'1': 22.79566675332338, '2': 22.79566675332338}",No-Action
10,17,0x51,2,2.360687,Match,Match,rbbbbbbub,180,"{'1': 119.38859950122885, '2': 299.38859950122884}",No-Action
10,18,0x51,2,3.231232,Match,Match,ffuubrrrr,180,"{'1': 246.0631387963874, '2': 66.06313879638742}",No-Action
10,19,0x51,2,3.126022,Match,Match,lllbbbluu,180,"{'1': 321.44355220255096, '2': 141.44355220255096}",No-Action
10,20,0x51,2,1.910339,Match,Match,lbbddllll,60,"{'1': 290.0181337619581, '2': 350.0181337619581}",No-Action
10,21,0x51,2,1.883255,Match,Match,bdddbllll,60,"{'1': 110.46167343626001, '2': 50.461673436260014}",No-Action
10,22,0x51,2,3.114899,Match,Match,lbbddllll,120,"{'1': 313.4383765630722, '2': 193.43837656307218}",No-Action
10,23,0x51,2,5.101608,Match,Match,dbbbblllu,180,"{'1': 120.4475482455058, '2': 300.4475482455058}",No-Action
10,24,0x51,2,2.75296,Match,Match,ffuubllll,120,"{'1': 53.69971929843738, '2': 293.69971929843734}",No-Action
10,25,0x51,2,2.005371,Mismatch,Mismatch,ffuubllll,120,"{'1': 68.71080515486847, '2': 308.71080515486847}",No-Action
10,26,0x51,2,3.395203,Mismatch,Mismatch,bdddllbbb,60,"{'1': 317.4266219482024, '2': 257.4266219482024}",No-Action
10,27,0x51,2,3.891312,Mismatch,Mismatch,rbbbbbbub,180,"{'1': 287.98179334569033, '2': 107.9817933456903}",No-Action
10,28,0x51,2,1.93866,Mismatch,Mismatch,bdddbllll,120,"{'1': 150.3862870150383, '2': 270.3862870150383}",No-Action
10,29,0x51,2,2.701294,Match,Mismatch,dbbbblllu,180,"{'1': 120.42882292561097, '2': 300.428822925611}",No-Action
10,30,0x51,2,2.586411,Mismatch,Mismatch,ffffuulff,120,"{'1': 123.54031246384658, '2': 243.5403124638466}",No-Action
10,31,0x51,2,3.281952,Match,Mismatch,lllbbbluu,60,"{'1': 46.12999662160868, '2': 106.12999662160868}",No-Action
10,32,0x51,2,3.765579,Mismatch,Mismatch,uuuubbbur,180,"{'1': 250.95775288655915, '2': 70.95775288655913}",No-Action
10,33,0x51,2,3.189545,Mismatch,Mismatch,lllbbbubb,60,"{'1': 251.94154247038333, '2': 311.9415424703833}",No-Action
10,34,0x51,2,4.627533,Mismatch,Mismatch,bbbdddrrb,180,"{'1': 324.9394843715521, '2': 144.9394843715521}",No-Action
10,35,0x51,2,5.591003,Mismatch,Mismatch,uubbbrrrb,180,"{'1': 133.55372738747295, '2': 313.5537273874729}",No-Action
10,36,0x51,2,3.142761,Mismatch,Mismatch,rrrbbbddb,180,"{'1': 319.0383982967115, '2': 139.03839829671148}",No-Action
10,37,0x51,2,2.112717,Mismatch,Mismatch,rbbbbbldd,60,"{'1': 301.1114318946326, '2': 241.11143189463255}",No-Action
10,38,0x51,2,4.794968,Mismatch,Mismatch,ffuubrrrr,120,"{'1': 71.06412712366583, '2': 311.0641271236658}",No-Action
10,39,0x51,2,4.676727,Mismatch,Mismatch,dbbbblllu,180,"{'1': 43.07744783552395, '2': 223.07744783552394}",No-Action
10,40,0x51,2,4.182892,Mismatch,Mismatch,llbbbbbru,60,"{'1': 226.38746715426137, '2': 166.38746715426137}",No-Action
10,41,0x51,2,3.599792,Mismatch,Mismatch,rrrrbbbdr,60,"{'1': 320.23845503998274, '2': 260.23845503998274}",No-Action
10,42,0x51,2,2.238892,Mismatch,Mismatch,ffuuuurrf,60,"{'1': 337.9353354365787, '2': 277.9353354365787}",No-Action
10,43,0x51,2,5.187439,Mismatch,Mismatch,bbbdddrrb,0,"{'1': 313.7327226811985, '2': 313.7327226811985}",No-Action
10,44,0x51,2,2.974747,Mismatch,Mismatch,llbbbbbru,60,"{'1': 23.32066732196461, '2': 323.3206673219646}",No-Action
10,45,0x51,2,3.539001,Mismatch,Mismatch,ffuubrrrr,0,"{'1': 215.3296192682413, '2': 215.3296192682413}",No-Action
10,46,0x51,2,2.125,Mismatch,Mismatch,uuuubbbur,120,"{'1': 203.66296698343888, '2': 323.6629669834389}",No-Action
10,47,0x51,2,2.570465,Mismatch,Mismatch,lllbbbubb,0,"{'1': 143.35641650229175, '2': 143.35641650229175}",No-Action
10,48,0x51,2,2.104309,Mismatch,Mismatch,bddrbbbbb,180,"{'1': 338.63684917888776, '2': 158.6368491788878}",No-Action
10,49,0x51,2,3.6409,Match,Mismatch,dbbbblllu,180,"{'1': 35.33581675511868, '2': 215.33581675511869}",No-Action
11,0,0x5E,1,4.703033,Match,Match,uuubbrrrf,180,"{'1': 217.2601210465354, '2': 37.2601210465354}",No-Action
11,1,0x5E,1,1.826416,Match,Match,ffuulllbb,60,"{'1': 60.67147367605956, '2': 0.6714736760595628}",No-Action
11,2,0x5E,1,2.557404,Match,Match,dbbbblllu,60,"{'1': 243.43067050945245, '2': 183.43067050945245}",No-Action
11,3,0x5E,1,2.557159,Match,Match,bddrddddd,180,"{'1': 52.87628235785667, '2': 232.87628235785667}",No-Action
11,4,0x5E,1,1.540863,Match,Match,bbbdddrrb,60,"{'1': 61.84319834537056, '2': 121.84319834537055}",No-Action
11,5,0x5E,1,5.203888,Match,Match,dbbbblllu,120,"{'1': 62.77164809514352, '2': 302.7716480951435}",No-Action
11,6,0x5E,1,2.128601,Match,Match,ffuulllbb,0,"{'1': 199.56797102015963, '2': 199.56797102015963}",No-Action
11,7,0x5E,1,3.116425,Match,Match,uuubbrrrf,180,"{'1': 223.1896747808583, '2': 43.1896747808583}",No-Action
11,8,0x5E,1,2.420654,Match,Match,lllllbbul,60,"{'1': 224.04015568621497, '2': 284.040155686215}",No-Action
11,9,0x5E,1,5.747223,Match,Match,rbbbbbldd,180,"{'1': 55.35115654064422, '2': 235.3511565406442}",No-Action
11,10,0x5E,1,3.56398,Match,Match,llbbbbbru,180,"{'1': 200.37032755351868, '2': 20.370327553518678}",No-Action
11,11,0x5E,1,3.939484,Mismatch,Match,ffuuuurrf,60,"{'1': 56.84556754884658, '2': 356.8455675488466}",No-Action
11,12,0x5E,1,4.871033,Match,Match,lllbbbluu,60,"{'1': 22.95292868073701, '2': 82.95292868073702}",No-Action
11,13,0x5E,1,5.414642,Match,Match,bbddbblll,180,"{'1': 46.00488897920435, '2': 226.00488897920434}",No-Action
11,14,0x5E,1,3.799469,Match,Match,bbddbblll,180,"{'1': 251.69266340852414, '2': 71.69266340852414}",No-Action
11,15,0x5E,1,5.689789,Match,Match,bbddbblll,120,"{'1': 160.2379903242456, '2': 280.23799032424563}",No-Action
11,16,0x5E,1,3.965179,Mismatch,Match,lllbbbluu,60,"{'1': 122.50794918779356, '2': 62.50794918779356}",No-Action
11,17,0x5E,1,3.979401,Match,Match,ddbbddddl,180,"{'1': 239.5046766855629, '2': 59.50467668556291}",No-Action
11,18,0x5E,1,2.945709,Match,Match,bdddddfll,0,"{'1': 151.81176844913617, '2': 151.81176844913617}",No-Action
11,19,0x5E,1,4.064148,Match,Match,bbddbblll,180,"{'1': 21.476201919829236, '2': 201.47620191982924}",No-Action
11,20,0x5E,1,2.043793,Match,Match,rbbbdddff,120,"{'1': 38.70008044924079, '2': 278.7000804492408}",No-Action
11,21,0x5E,1,4.214539,Match,Match,uubbbrrrb,180,"{'1': 18.09630436569893, '2': 198.09630436569893}",No-Action
11,22,0x5E,1,2.094849,Match,Match,llbbbrruu,60,"{'1': 329.3282715335102, '2': 269.3282715335102}",No-Action
11,23,0x5E,1,1.845337,Match,Match,uuuubbbur,60,"{'1': 198.4757137131881, '2': 138.4757137131881}",No-Action
11,24,0x5E,1,1.70929,Match,Match,uuuuubbul,60,"{'1': 232.14120598327415, '2': 292.1412059832742}",No-Action
11,25,0x5E,1,4.064911,Mismatch,Mismatch,rrrrbbbdr,60,"{'1': 297.8715068359218, '2': 357.8715068359218}",No-Action
11,26,0x5E,1,6.75174,Mismatch,Mismatch,ffuubllll,60,"{'1': 244.25091033104428, '2': 304.2509103310443}",No-Action
11,27,0x5E,1,6.555603,Match,Mismatch,bbbdddrrb,0,"{'1': 215.06239967681267, '2': 215.06239967681267}",No-Action
11,28,0x5E,1,5.416046,Mismatch,Mismatch,bbdddbrrr,120,"{'1': 243.75805400136827, '2': 123.75805400136827}",No-Action
11,29,0x5E,1,3.031464,Mismatch,Mismatch,uubbbbruu,0,"{'1': 200.87502671914626, '2': 200.87502671914626}",No-Action
11,30,0x5E,1,3.546387,Mismatch,Mismatch,bbbdddrrb,120,"{'1': 140.46271925381365, '2': 20.462719253813646}",No-Action
11,31,0x5E,1,5.497131,Mismatch,Mismatch,bdddbllll,120,"{'1': 236.77556671541006, '2': 116.77556671541006}",No-Action
11,32,0x5E,1,4.059372,Mismatch,Mismatch,bbbdddrrb,180,"{'1': 251.4990780690253, '2': 71.49907806902529}",No-Action
11,33,0x5E,1,3.757462,Match,Mismatch,lllbbbluu,180,"{'1': 22.946122691354294, '2': 202.9461226913543}",No-Action
11,34,0x5E,1,3.296448,Mismatch,Mismatch,ddbbddddl,180,"{'1': 161.9683685505486, '2': 341.9683685505486}",No-Action
11,35,0x5E,1,4.774353,Mismatch,Mismatch,bddrbbbbb,0,"{'1': 24.093263937777174, '2': 24.093263937777174}",No-Action
11,36,0x5E,1,7.184631,Match,Mismatch,dbbbblllu,60,"{'1': 339.0271974589384, '2': 39.0271974589384}",No-Action
11,37,0x5E,1,2.208801,Mismatch,Mismatch,lllbbbubb,120,"{'1': 143.46738286072207, '2': 23.46738286072207}",No-Action
11,38,0x5E,1,3.602997,Mismatch,Mismatch,uuuuubbul,0,"{'1': 59.6810896655205, '2': 59.6810896655205}",No-Action
11,39,0x5E,1,7.154175,Mismatch,Mismatch,ffuulllbb,60,"{'1': 232.1359529567681, '2': 172.1359529567681}",No-Action
11,40,0x5E,1,4.354797,Mismatch,Mismatch,ffuuuurrf,120,"{'1': 114.20773653644045, '2': 234.20773653644045}",No-Action
11,41,0x5E,1,3.267288,Match,Mismatch,dbbbblllu,120,"{'1': 213.0180290025716, '2': 93.01802900257161}",No-Action
11,42,0x5E,1,2.095886,Mismatch,Mismatch,ddbbddddl,180,"{'1': 109.70371459658752, '2': 289.70371459658753}",No-Action
11,43,0x5E,1,7.951111,Mismatch,Mismatch,uuubbrrrf,180,"{'1': 227.18196138578503, '2': 47.18196138578503}",No-Action
11,44,0x5E,1,5.99823,Mismatch,Mismatch,bbdddbrrr,120,"{'1': 223.64366454463482, '2': 103.64366454463482}",No-Action
11,45,0x5E,1,3.170135,Mismatch,Mismatch,rrrrbbbdr,180,"{'1': 71.86019701447307, '2': 251.86019701447307}",No-Action
11,46,0x5E,1,3.29834,Match,Mismatch,bddrddddd,120,"{'1': 22.720737489458664, '2': 262.72073748945866}",No-Action
11,47,0x5E,1,2.474182,Mismatch,Mismatch,lllllbbul,0,"{'1': 42.69994123636518, '2': 42.69994123636518}",No-Action
11,48,0x5E,1,4.229004,Mismatch,Mismatch,ffffuulff,120,"{'1': 38.65036846662754, '2': 278.6503684666275}",No-Action
11,49,0x5E,1,3.926193,Mismatch,Mismatch,rbbbbbldd,180,"{'1': 25.6539646124735, '2': 205.6539646124735}",No-Action
12,0,0x5E,2,2.191101,Match,Match,uuubbrrrf,180,"{'1': 217.2601210465354, '2': 37.2601210465354}",No-Action
12,1,0x5E,2,2.514404,Match,Match,ffuulllbb,60,"{'1': 60.67147367605956, '2': 0.6714736760595628}",No-Action
12,2,0x5E,2,3.178925,Match,Match,dbbbblllu,60,"{'1': 243.43067050945245, '2': 183.43067050945245}",No-Action
12,3,0x5E,2,2.719879,Match,Match,bddrddddd,180,"{'1': 52.87628235785667, '2': 232.87628235785667}",No-Action
12,4,0x5E,2,2.831512,Match,Match,bbbdddrrb,60,"{'1': 61.84319834537056, '2': 121.84319834537055}",No-Action
12,5,0x5E,2,2.204346,Match,Match,dbbbblllu,120,"{'1': 62.77164809514352, '2': 302.7716480951435}",No-Action
12,6,0x5E,2,1.188202,Match,Match,ffuulllbb,0,"{'1': 199.56797102015963, '2': 199.56797102015963}",No-Action
12,7,0x5E,2,1.905518,Match,Match,uuubbrrrf,180,"{'1': 223.1896747808583, '2': 43.1896747808583}",No-Action
12,8,0x5E,2,1.941833,Match,Match,lllllbbul,60,"{'1': 224.04015568621497, '2': 284.040155686215}",No-Action
12,9,0x5E,2,2.974213,Match,Match,rbbbbbldd,180,"{'1': 55.35115654064422, '2': 235.3511565406442}",No-Action
12,10,0x5E,2,2.034393,Match,Match,llbbbbbru,180,"{'1': 200.37032755351868, '2': 20.370327553518678}",No-Action
12,11,0x5E,2,2.660828,Match,Match,ffuuuurrf,60,"{'1': 56.84556754884658, '2': 356.8455675488466}",No-Action
12,12,0x5E,2,1.853821,Match,Match,lllbbbluu,60,"{'1': 22.95292868073701, '2': 82.95292868073702}",No-Action
12,13,0x5E,2,3.555542,Match,Match,bbddbblll,180,"{'1': 46.00488897920435, '2': 226.00488897920434}",No-Action
12,14,0x5E,2,2.578827,Match,Match,bbddbblll,180,"{'1': 251.69266340852414, '2': 71.69266340852414}",No-Action
12,15,0x5E,2,2.60788,Match,Match,bbddbblll,120,"{'1': 160.2379903242456, '2': 280.23799032424563}",No-Action
12,16,0x5E,2,3.248688,Match,Match,lllbbbluu,60,"{'1': 122.50794918779356, '2': 62.50794918779356}",No-Action
12,17,0x5E,2,2.680206,Match,Match,ddbbddddl,180,"{'1': 239.5046766855629, '2': 59.50467668556291}",No-Action
12,18,0x5E,2,1.880829,Match,Match,bdddddfll,0,"{'1': 151.81176844913617, '2': 151.81176844913617}",No-Action
12,19,0x5E,2,3.280182,Match,Match,bbddbblll,180,"{'1': 21.476201919829236, '2': 201.47620191982924}",No-Action
12,20,0x5E,2,2.705933,Match,Match,rbbbdddff,120,"{'1': 38.70008044924079, '2': 278.7000804492408}",No-Action
12,21,0x5E,2,3.405121,Match,Match,uubbbrrrb,180,"{'1': 18.09630436569893, '2': 198.09630436569893}",No-Action
12,22,0x5E,2,1.674316,Match,Match,llbbbrruu,60,"{'1': 329.3282715335102, '2': 269.3282715335102}",No-Action
12,23,0x5E,2,1.563477,Match,Match,uuuubbbur,60,"{'1': 198.4757137131881, '2': 138.4757137131881}",No-Action
12,24,0x5E,2,3.233795,Match,Match,uuuuubbul,60,"{'1': 232.14120598327415, '2': 292.1412059832742}",No-Action
12,25,0x5E,2,1.51889,Mismatch,Mismatch,rrrrbbbdr,60,"{'1': 297.8715068359218, '2': 357.8715068359218}",No-Action
12,26,0x5E,2,3.249725,Mismatch,Mismatch,ffuubllll,60,"{'1': 244.25091033104428, '2': 304.2509103310443}",No-Action
12,27,0x5E,2,2.569427,Mismatch,Mismatch,bbbdddrrb,0,"{'1': 215.06239967681267, '2': 215.06239967681267}",No-Action
12,28,0x5E,2,1.624786,Mismatch,Mismatch,bbdddbrrr,120,"{'1': 243.75805400136827, '2': 123.75805400136827}",No-Action
12,29,0x5E,2,4.071991,Mismatch,Mismatch,uubbbbruu,0,"{'1': 200.87502671914626, '2': 200.87502671914626}",No-Action
12,30,0x5E,2,1.493988,Mismatch,Mismatch,bbbdddrrb,120,"{'1': 140.46271925381365, '2': 20.462719253813646}",No-Action
12,31,0x5E,2,2.329254,Mismatch,Mismatch,bdddbllll,120,"{'1': 236.77556671541006, '2': 116.77556671541006}",No-Action
12,32,0x5E,2,2.594421,Mismatch,Mismatch,bbbdddrrb,180,"{'1': 251.4990780690253, '2': 71.49907806902529}",No-Action
12,33,0x5E,2,2.51416,Mismatch,Mismatch,lllbbbluu,180,"{'1': 22.946122691354294, '2': 202.9461226913543}",No-Action
12,34,0x5E,2,1.824738,Mismatch,Mismatch,ddbbddddl,180,"{'1': 161.9683685505486, '2': 341.9683685505486}",No-Action
12,35,0x5E,2,3.011383,Mismatch,Mismatch,bddrbbbbb,0,"{'1': 24.093263937777174, '2': 24.093263937777174}",No-Action
12,36,0x5E,2,3.564911,Mismatch,Mismatch,dbbbblllu,60,"{'1': 339.0271974589384, '2': 39.0271974589384}",No-Action
12,37,0x5E,2,1.370697,Mismatch,Mismatch,lllbbbubb,120,"{'1': 143.46738286072207, '2': 23.46738286072207}",No-Action
12,38,0x5E,2,1.875671,Mismatch,Mismatch,uuuuubbul,0,"{'1': 59.6810896655205, '2': 59.6810896655205}",No-Action
12,39,0x5E,2,3.726074,Mismatch,Mismatch,ffuulllbb,60,"{'1': 232.1359529567681, '2': 172.1359529567681}",No-Action
12,40,0x5E,2,1.640869,Mismatch,Mismatch,ffuuuurrf,120,"{'1': 114.20773653644045, '2': 234.20773653644045}",No-Action
12,41,0x5E,2,2.688538,Mismatch,Mismatch,dbbbblllu,120,"{'1': 213.0180290025716, '2': 93.01802900257161}",No-Action
12,42,0x5E,2,1.337372,Mismatch,Mismatch,ddbbddddl,180,"{'1': 109.70371459658752, '2': 289.70371459658753}",No-Action
12,43,0x5E,2,2.410645,Mismatch,Mismatch,uuubbrrrf,180,"{'1': 227.18196138578503, '2': 47.18196138578503}",No-Action
12,44,0x5E,2,2.5271,Mismatch,Mismatch,bbdddbrrr,120,"{'1': 223.64366454463482, '2': 103.64366454463482}",No-Action
12,45,0x5E,2,4.028107,Mismatch,Mismatch,rrrrbbbdr,180,"{'1': 71.86019701447307, '2': 251.86019701447307}",No-Action
12,46,0x5E,2,1.589478,Mismatch,Mismatch,bddrddddd,120,"{'1': 22.720737489458664, '2': 262.72073748945866}",No-Action
12,47,0x5E,2,1.638458,Mismatch,Mismatch,lllllbbul,0,"{'1': 42.69994123636518, '2': 42.69994123636518}",No-Action
12,48,0x5E,2,1.184235,Mismatch,Mismatch,ffffuulff,120,"{'1': 38.65036846662754, '2': 278.6503684666275}",No-Action
12,49,0x5E,2,1.460815,Mismatch,Mismatch,rbbbbbldd,180,"{'1': 25.6539646124735, '2': 205.6539646124735}",No-Action
